class_no,sect_no,class_number,class_name,place,entry_no,horse,rider,owner,score,prize
33493,11990,13,"$400 High Perf 4'/Perf Hunter 3'6""",1,3018,Corzico Melloni Z,Dorothy Douglas,Brody Sporthorses,76.00,$120
33493,11990,13,"$400 High Perf 4'/Perf Hunter 3'6""",2,2827,Lord Carlino,Alexandra Hird,Mad Maple Farm LLC,,$88
33493,11990,13,"$400 High Perf 4'/Perf Hunter 3'6""",3,1790,Cataumet,Lauren Schweppe,Cynthia Boudreau,68.00,$88
33493,11990,13,"$400 High Perf 4'/Perf Hunter 3'6""",4,1082,Skat 15,Laura Linback,Woodrun,65.00,$60
33493,11990,13,"$400 High Perf 4'/Perf Hunter 3'6""",5,1854,Keira Usa,Madison Wayda Smith,Julie P. Montgomery,45.00,$48
33494,11990,14,"$400 High Perf 4'/Perf Hunter 3'6""",1,1790,Cataumet,Lauren Schweppe,Cynthia Boudreau,84.00,$120
33494,11990,14,"$400 High Perf 4'/Perf Hunter 3'6""",2,3018,Corzico Melloni Z,Dorothy Douglas,Brody Sporthorses,82.00,$88
33494,11990,14,"$400 High Perf 4'/Perf Hunter 3'6""",3,2827,Lord Carlino,Alexandra Hird,Mad Maple Farm LLC,,$60
33494,11990,14,"$400 High Perf 4'/Perf Hunter 3'6""",4,1854,Keira Usa,Madison Wayda Smith,Julie P. Montgomery,46.00,$60
33494,11990,14,"$400 High Perf 4'/Perf Hunter 3'6""",5,1082,Skat 15,Laura Linback,Woodrun,45.00,$48
33495,11990,15,"$400 High Perf 4'/Perf Hunter 3'6""",1,1790,Cataumet,Lauren Schweppe,Cynthia Boudreau,88.00,$120
33495,11990,15,"$400 High Perf 4'/Perf Hunter 3'6""",2,2736,Olimpink Melloni,Timothy Maddrix,Kristina L. Groselle,87.00,$88
33495,11990,15,"$400 High Perf 4'/Perf Hunter 3'6""",3,2612,Marshall,Timothy Maddrix,Missy R. Nolen,86.00,$60
33495,11990,15,"$400 High Perf 4'/Perf Hunter 3'6""",4,3018,Corzico Melloni Z,Dorothy Douglas,Brody Sporthorses,85.00,$48
33495,11990,15,"$400 High Perf 4'/Perf Hunter 3'6""",5,2926,Clever,Jake Evans,Isltime LLC,84.00,$44
33495,11990,15,"$400 High Perf 4'/Perf Hunter 3'6""",6,2827,Lord Carlino,Alexandra Hird,Mad Maple Farm LLC,81.00,$40
33495,11990,15,"$400 High Perf 4'/Perf Hunter 3'6""",7,2011,Fpf First Edition,Jenny Miller,Jenny Miller,77.00,
33495,11990,15,"$400 High Perf 4'/Perf Hunter 3'6""",8,1577,Game Day,Audrey Haywood,Audrey Haywood,76.00,
33495,11990,15,"$400 High Perf 4'/Perf Hunter 3'6""",,1082,Skat 15,Laura Linback,Woodrun,75.00,
33495,11990,15,"$400 High Perf 4'/Perf Hunter 3'6""",,2303,Nielson Wh,Margaret L. Swanson,Mike Holtkamp,69.00,
33496,11990,16,"$400 High Perf 4' / Perf Hunter-Handy 3'6""",1,2736,Olimpink Melloni,Timothy Maddrix,Kristina L. Groselle,87.00,$120
33496,11990,16,"$400 High Perf 4' / Perf Hunter-Handy 3'6""",2,2612,Marshall,Timothy Maddrix,Missy R. Nolen,86.00,$88
33496,11990,16,"$400 High Perf 4' / Perf Hunter-Handy 3'6""",3,3018,Corzico Melloni Z,Dorothy Douglas,Brody Sporthorses,85.00,$60
33496,11990,16,"$400 High Perf 4' / Perf Hunter-Handy 3'6""",4,1790,Cataumet,Lauren Schweppe,Cynthia Boudreau,84.00,$48
33496,11990,16,"$400 High Perf 4' / Perf Hunter-Handy 3'6""",5,1082,Skat 15,Laura Linback,Woodrun,81.00,$44
33496,11990,16,"$400 High Perf 4' / Perf Hunter-Handy 3'6""",6,2926,Clever,Jake Evans,Isltime LLC,76.00,$40
33496,11990,16,"$400 High Perf 4' / Perf Hunter-Handy 3'6""",7,2303,Nielson Wh,Margaret L. Swanson,Mike Holtkamp,74.00,
33496,11990,16,"$400 High Perf 4' / Perf Hunter-Handy 3'6""",8,2827,Lord Carlino,Alexandra Hird,Mad Maple Farm LLC,45.00,
33496,11990,16,"$400 High Perf 4' / Perf Hunter-Handy 3'6""",,1577,Game Day,Audrey Haywood,Audrey Haywood,44.00,
33497,11990,17,"$150 High Perf 4'/Perf Hunter 3'6"" U/S",1,3018,Corzico Melloni Z,Dorothy Douglas,Brody Sporthorses,0.00,$45
33497,11990,17,"$150 High Perf 4'/Perf Hunter 3'6"" U/S",2,1082,Skat 15,Laura Linback,Woodrun,,$33
33497,11990,17,"$150 High Perf 4'/Perf Hunter 3'6"" U/S",3,2736,Olimpink Melloni,Timothy Maddrix,Kristina L. Groselle,0.00,$22.5
33497,11990,17,"$150 High Perf 4'/Perf Hunter 3'6"" U/S",,1577,Game Day,Audrey Haywood,Audrey Haywood,,
29297,10465,28,"$350 Green Hunter 3'3""",1,3022,Netezwiggy Vd Watermolen,Dorothy Douglas,"Yellowstone, LLC",83.00,$105
29297,10465,28,"$350 Green Hunter 3'3""",2,2182,Outlaw,Robert P. Stucky,Isabella Agliano,76.00,$77
29297,10465,28,"$350 Green Hunter 3'3""",3,1760,Pistachio,Stephanie Frey,Tarrin Kirby,75.50,$52.5
29297,10465,28,"$350 Green Hunter 3'3""",4,2867,Chef Special,Tracy Fenney,John R. French,75.00,$42
29297,10465,28,"$350 Green Hunter 3'3""",5,1576,Cadenza,Kelsey Duffy,Amelia Ruth,74.00,$38.5
29297,10465,28,"$350 Green Hunter 3'3""",6,2720,Espresso,Molly Frei,Frei Equestrian LLC,70.00,$35
29297,10465,28,"$350 Green Hunter 3'3""",7,2927,Dexter,Jake Evans,Isltime LLC,50.00,
29297,10465,28,"$350 Green Hunter 3'3""",8,2329,Mtm Rico Suave,Tracy Fenney,Mtm Farm,45.00,
29298,10465,29,"$350 Green Hunter 3'3""",1,2182,Outlaw,Robert P. Stucky,Isabella Agliano,84.00,$105
29298,10465,29,"$350 Green Hunter 3'3""",2,2867,Chef Special,Tracy Fenney,John R. French,83.00,$77
29298,10465,29,"$350 Green Hunter 3'3""",3,3022,Netezwiggy Vd Watermolen,Dorothy Douglas,"Yellowstone, LLC",82.00,$52.5
29298,10465,29,"$350 Green Hunter 3'3""",4,2329,Mtm Rico Suave,Tracy Fenney,Mtm Farm,81.00,$42
29298,10465,29,"$350 Green Hunter 3'3""",5,1760,Pistachio,Stephanie Frey,Tarrin Kirby,80.00,$38.5
29298,10465,29,"$350 Green Hunter 3'3""",6,2927,Dexter,Jake Evans,Isltime LLC,78.00,$35
29298,10465,29,"$350 Green Hunter 3'3""",7,1576,Cadenza,Kelsey Duffy,Amelia Ruth,77.00,
29298,10465,29,"$350 Green Hunter 3'3""",8,2720,Espresso,Molly Frei,Frei Equestrian LLC,73.00,
29299,10465,30,"$350 Green Hunter 3'3"" (Incentive Score)",1,2182,Outlaw,Robert P. Stucky,Isabella Agliano,89.00,$105
29299,10465,30,"$350 Green Hunter 3'3"" (Incentive Score)",2,3022,Netezwiggy Vd Watermolen,Dorothy Douglas,"Yellowstone, LLC",86.00,$77
29299,10465,30,"$350 Green Hunter 3'3"" (Incentive Score)",3,1576,Cadenza,Kelsey Duffy,Amelia Ruth,85.00,$52.5
29299,10465,30,"$350 Green Hunter 3'3"" (Incentive Score)",4,2329,Mtm Rico Suave,Tracy Fenney,Mtm Farm,79.00,$42
29299,10465,30,"$350 Green Hunter 3'3"" (Incentive Score)",5,2867,Chef Special,Tracy Fenney,John R. French,77.00,$38.5
29299,10465,30,"$350 Green Hunter 3'3"" (Incentive Score)",6,2720,Espresso,Molly Frei,Frei Equestrian LLC,76.00,$35
29299,10465,30,"$350 Green Hunter 3'3"" (Incentive Score)",7,2927,Dexter,Jake Evans,Isltime LLC,74.00,
29299,10465,30,"$350 Green Hunter 3'3"" (Incentive Score)",8,1760,Pistachio,Stephanie Frey,Tarrin Kirby,44.00,
29300,10465,31,"$350 Green Hunter 3'3""",1,2182,Outlaw,Robert P. Stucky,Isabella Agliano,90.00,$105
29300,10465,31,"$350 Green Hunter 3'3""",2,1576,Cadenza,Kelsey Duffy,Amelia Ruth,85.00,$77
29300,10465,31,"$350 Green Hunter 3'3""",3,2720,Espresso,Molly Frei,Frei Equestrian LLC,82.00,$52.5
29300,10465,31,"$350 Green Hunter 3'3""",4,2329,Mtm Rico Suave,Tracy Fenney,Mtm Farm,80.00,$42
29300,10465,31,"$350 Green Hunter 3'3""",5,2927,Dexter,Jake Evans,Isltime LLC,77.00,$38.5
29300,10465,31,"$350 Green Hunter 3'3""",6,1760,Pistachio,Stephanie Frey,Tarrin Kirby,76.00,$35
29300,10465,31,"$350 Green Hunter 3'3""",7,2867,Chef Special,Tracy Fenney,John R. French,75.00,
29300,10465,31,"$350 Green Hunter 3'3""",8,3022,Netezwiggy Vd Watermolen,Dorothy Douglas,"Yellowstone, LLC",74.00,
29301,10465,32,"$150 Green Hunter 3'3"" U/S",1,2867,Chef Special,Tracy Fenney,John R. French,0.00,$45
29301,10465,32,"$150 Green Hunter 3'3"" U/S",2,1760,Pistachio,Stephanie Frey,Tarrin Kirby,0.00,$33
29301,10465,32,"$150 Green Hunter 3'3"" U/S",3,2720,Espresso,Molly Frei,Frei Equestrian LLC,0.00,$22.5
29301,10465,32,"$150 Green Hunter 3'3"" U/S",4,2182,Outlaw,Robert P. Stucky,Isabella Agliano,0.00,$18
29301,10465,32,"$150 Green Hunter 3'3"" U/S",5,2329,Mtm Rico Suave,Tracy Fenney,Mtm Farm,0.00,$16.5
29301,10465,32,"$150 Green Hunter 3'3"" U/S",6,1576,Cadenza,Kelsey Duffy,Amelia Ruth,0.00,$15
29302,10461,33,"$350 Green Hunter 3'0""",1,1728,Simpatico,Stephanie Frey,Joe Nash,,$105
29302,10461,33,"$350 Green Hunter 3'0""",2,1522,Calid 3,Jake Evans,Summer Smith,,$77
29302,10461,33,"$350 Green Hunter 3'0""",3,1217,Dream Boat,Megan Wexler,Meg Atkinson,,$52.5
29302,10461,33,"$350 Green Hunter 3'0""",4,1823,Aperture Vf,Lia Screnci,Volado Farms,,$42
29302,10461,33,"$350 Green Hunter 3'0""",5,2868,Mtm Drop The Mic,Tracy Fenney,Tracy Fenney,,$38.5
29302,10461,33,"$350 Green Hunter 3'0""",6,1665,Salt Spring,Kyle Dewar,Kyle Dewar,,$35
29302,10461,33,"$350 Green Hunter 3'0""",7,2608,Vincent Van Gough,Jasmine Walsh,Gabriella Vitale,,
29302,10461,33,"$350 Green Hunter 3'0""",8,2393,United's Choice,Dana Ventrice,Dana Ventrice,,
29303,10461,34,"$350 Green Hunter 3'0""",1,2868,Mtm Drop The Mic,Tracy Fenney,Tracy Fenney,,$105
29303,10461,34,"$350 Green Hunter 3'0""",2,1728,Simpatico,Stephanie Frey,Joe Nash,,$77
29303,10461,34,"$350 Green Hunter 3'0""",3,1665,Salt Spring,Kyle Dewar,Kyle Dewar,,$52.5
29303,10461,34,"$350 Green Hunter 3'0""",4,2393,United's Choice,Dana Ventrice,Dana Ventrice,,$42
29303,10461,34,"$350 Green Hunter 3'0""",5,1522,Calid 3,Jake Evans,Summer Smith,,$38.5
29303,10461,34,"$350 Green Hunter 3'0""",6,1823,Aperture Vf,Lia Screnci,Volado Farms,,$35
29303,10461,34,"$350 Green Hunter 3'0""",7,2608,Vincent Van Gough,Jasmine Walsh,Gabriella Vitale,,
29303,10461,34,"$350 Green Hunter 3'0""",8,1217,Dream Boat,Megan Wexler,Meg Atkinson,,
29304,10461,35,"$350 Green Hunter 3'0"" (Incentive Score)",1,1728,Simpatico,Stephanie Frey,Joe Nash,,$105
29304,10461,35,"$350 Green Hunter 3'0"" (Incentive Score)",2,2608,Vincent Van Gough,Jasmine Walsh,Gabriella Vitale,,$77
29304,10461,35,"$350 Green Hunter 3'0"" (Incentive Score)",3,1217,Dream Boat,Megan Wexler,Meg Atkinson,,$52.5
29304,10461,35,"$350 Green Hunter 3'0"" (Incentive Score)",4,2049,Top Secret Hk,Helen Goddard,Leslie Chapman,,$42
29304,10461,35,"$350 Green Hunter 3'0"" (Incentive Score)",5,1665,Salt Spring,Kyle Dewar,Kyle Dewar,,$38.5
29304,10461,35,"$350 Green Hunter 3'0"" (Incentive Score)",6,2868,Mtm Drop The Mic,Tracy Fenney,Tracy Fenney,,$35
29304,10461,35,"$350 Green Hunter 3'0"" (Incentive Score)",7,2393,United's Choice,Dana Ventrice,Dana Ventrice,,
29304,10461,35,"$350 Green Hunter 3'0"" (Incentive Score)",8,1522,Calid 3,Jake Evans,Summer Smith,,
29304,10461,35,"$350 Green Hunter 3'0"" (Incentive Score)",,1823,Aperture Vf,Lia Screnci,Volado Farms,,
29305,10461,36,"$350 Green Hunter 3'0""",1,2868,Mtm Drop The Mic,Tracy Fenney,Tracy Fenney,,$105
29305,10461,36,"$350 Green Hunter 3'0""",2,1217,Dream Boat,Megan Wexler,Meg Atkinson,,$77
29305,10461,36,"$350 Green Hunter 3'0""",3,1728,Simpatico,Stephanie Frey,Joe Nash,,$52.5
29305,10461,36,"$350 Green Hunter 3'0""",4,2608,Vincent Van Gough,Jasmine Walsh,Gabriella Vitale,,$42
29305,10461,36,"$350 Green Hunter 3'0""",5,1823,Aperture Vf,Lia Screnci,Volado Farms,,$38.5
29305,10461,36,"$350 Green Hunter 3'0""",6,2049,Top Secret Hk,Helen Goddard,Leslie Chapman,,$35
29305,10461,36,"$350 Green Hunter 3'0""",7,1522,Calid 3,Jake Evans,Summer Smith,,
29305,10461,36,"$350 Green Hunter 3'0""",8,2393,United's Choice,Dana Ventrice,Dana Ventrice,,
29305,10461,36,"$350 Green Hunter 3'0""",,1665,Salt Spring,Kyle Dewar,Kyle Dewar,,
29306,10461,37,"$150 Green Hunter 3'0"" U/S",1,2608,Vincent Van Gough,Jasmine Walsh,Gabriella Vitale,,$45
29306,10461,37,"$150 Green Hunter 3'0"" U/S",2,1217,Dream Boat,Megan Wexler,Meg Atkinson,,$33
29306,10461,37,"$150 Green Hunter 3'0"" U/S",3,1728,Simpatico,Stephanie Frey,Joe Nash,,$22.5
29306,10461,37,"$150 Green Hunter 3'0"" U/S",4,2868,Mtm Drop The Mic,Tracy Fenney,Tracy Fenney,,$18
29306,10461,37,"$150 Green Hunter 3'0"" U/S",5,1522,Calid 3,Jake Evans,Summer Smith,,$16.5
29306,10461,37,"$150 Green Hunter 3'0"" U/S",6,2393,United's Choice,Dana Ventrice,Dana Ventrice,,$15
29306,10461,37,"$150 Green Hunter 3'0"" U/S",7,1823,Aperture Vf,Lia Screnci,Volado Farms,,
29306,10461,37,"$150 Green Hunter 3'0"" U/S",,1665,Salt Spring,Kyle Dewar,Kyle Dewar,,
29327,10452,43,"$350 Performance Hunter 3'3""",1,3030,Missy Vd Vosberg,Stacey L. Reser,Surya Ravi,85.00,$105
29327,10452,43,"$350 Performance Hunter 3'3""",2,1095,Cabana Boy,Isaac Leffkowitz,Sherri R. Geddes,80.00,$77
29327,10452,43,"$350 Performance Hunter 3'3""",3,2368,Cheque,Jake Evans,Isltime LLC,79.00,$52.5
29327,10452,43,"$350 Performance Hunter 3'3""",4,1098,Royal Mark,Isaac Leffkowitz,Sherri R. Geddes,77.00,$42
29327,10452,43,"$350 Performance Hunter 3'3""",5,2986,Maui,Eva Bernstein,Michael B. Bertozzi,74.00,$38.5
29327,10452,43,"$350 Performance Hunter 3'3""",6,1428,Insightful,Lanie Nash,Kendall Bland,73.00,$35
29327,10452,43,"$350 Performance Hunter 3'3""",7,1521,Ziggy Stardust,Bowers A. Cone,Lisa Howard,72.00,
29327,10452,43,"$350 Performance Hunter 3'3""",8,1749,Coffee,Kirsten L. Malacarne,Kirsten L. Malacarne,70.00,
29327,10452,43,"$350 Performance Hunter 3'3""",,1926,Costello,Allison Beck,Allison Beck,67.00,
29327,10452,43,"$350 Performance Hunter 3'3""",,1976,Debonair,Jennifer Tate,Barbara E. Kravetz,45.00,
29327,10452,43,"$350 Performance Hunter 3'3""",,2634,Mtm Nutmeg,Rachel Zaluski,Moody Sport Horses,68.00,
29327,10452,43,"$350 Performance Hunter 3'3""",,2664,Callisto,Angela Gais,Angela Gais,60.00,
29328,10452,44,"$350 Performance Hunter 3'3""",1,2368,Cheque,Jake Evans,Isltime LLC,85.00,$105
29328,10452,44,"$350 Performance Hunter 3'3""",2,3030,Missy Vd Vosberg,Stacey L. Reser,Surya Ravi,84.00,$77
29328,10452,44,"$350 Performance Hunter 3'3""",3,1095,Cabana Boy,Isaac Leffkowitz,Sherri R. Geddes,82.00,$52.5
29328,10452,44,"$350 Performance Hunter 3'3""",4,1098,Royal Mark,Isaac Leffkowitz,Sherri R. Geddes,80.00,$42
29328,10452,44,"$350 Performance Hunter 3'3""",5,1428,Insightful,Lanie Nash,Kendall Bland,79.00,$38.5
29328,10452,44,"$350 Performance Hunter 3'3""",6,1521,Ziggy Stardust,Bowers A. Cone,Lisa Howard,78.00,$35
29328,10452,44,"$350 Performance Hunter 3'3""",7,2986,Maui,Eva Bernstein,Michael B. Bertozzi,77.00,
29328,10452,44,"$350 Performance Hunter 3'3""",8,2634,Mtm Nutmeg,Rachel Zaluski,Moody Sport Horses,76.00,
29328,10452,44,"$350 Performance Hunter 3'3""",,1749,Coffee,Kirsten L. Malacarne,Kirsten L. Malacarne,73.00,
29328,10452,44,"$350 Performance Hunter 3'3""",,1976,Debonair,Jennifer Tate,Barbara E. Kravetz,75.00,
29328,10452,44,"$350 Performance Hunter 3'3""",,2664,Callisto,Angela Gais,Angela Gais,0.00,
29329,10452,45,"$350 Performance Hunter 3'3""",1,1662,Miles Ahead,Katherine F. Dewar,Katherine F. Dewar,84.00,$105
29329,10452,45,"$350 Performance Hunter 3'3""",2,1428,Insightful,Lanie Nash,Kendall Bland,82.00,$77
29329,10452,45,"$350 Performance Hunter 3'3""",3,1095,Cabana Boy,Isaac Leffkowitz,Sherri R. Geddes,81.00,$52.5
29329,10452,45,"$350 Performance Hunter 3'3""",4,2986,Maui,Eva Bernstein,Michael B. Bertozzi,80.50,$42
29329,10452,45,"$350 Performance Hunter 3'3""",5,2475,Colmans Blue,Jake Evans,Maurah Burkholder,80.00,$38.5
29329,10452,45,"$350 Performance Hunter 3'3""",6,3030,Missy Vd Vosberg,Stacey L. Reser,Surya Ravi,77.00,$35
29329,10452,45,"$350 Performance Hunter 3'3""",7,1521,Ziggy Stardust,Bowers A. Cone,Lisa Howard,76.00,
29329,10452,45,"$350 Performance Hunter 3'3""",8,1749,Coffee,Kirsten L. Malacarne,Kirsten L. Malacarne,72.00,
29329,10452,45,"$350 Performance Hunter 3'3""",,1190,Talk To Me,Kendall King,Kendall King,68.00,
29329,10452,45,"$350 Performance Hunter 3'3""",,1976,Debonair,Jennifer Tate,Barbara E. Kravetz,40.00,
29329,10452,45,"$350 Performance Hunter 3'3""",,2366,Kandoo Pj,Jake Evans,Equestrian Dreams LLC,67.00,
29329,10452,45,"$350 Performance Hunter 3'3""",,2368,Cheque,Jake Evans,Isltime LLC,69.00,
29329,10452,45,"$350 Performance Hunter 3'3""",,2664,Callisto,Angela Gais,Angela Gais,36.00,
29330,10452,46,"$350 Performance Hunter 3'3""-Handy",1,1095,Cabana Boy,Isaac Leffkowitz,Sherri R. Geddes,85.00,$105
29330,10452,46,"$350 Performance Hunter 3'3""-Handy",2,3030,Missy Vd Vosberg,Stacey L. Reser,Surya Ravi,84.00,$77
29330,10452,46,"$350 Performance Hunter 3'3""-Handy",3,2368,Cheque,Jake Evans,Isltime LLC,79.00,$52.5
29330,10452,46,"$350 Performance Hunter 3'3""-Handy",4,1190,Talk To Me,Kendall King,Kendall King,78.00,$42
29330,10452,46,"$350 Performance Hunter 3'3""-Handy",5,1521,Ziggy Stardust,Bowers A. Cone,Lisa Howard,77.00,$38.5
29330,10452,46,"$350 Performance Hunter 3'3""-Handy",6,2664,Callisto,Angela Gais,Angela Gais,74.00,$35
29330,10452,46,"$350 Performance Hunter 3'3""-Handy",7,1749,Coffee,Kirsten L. Malacarne,Kirsten L. Malacarne,73.00,
29330,10452,46,"$350 Performance Hunter 3'3""-Handy",8,2366,Kandoo Pj,Jake Evans,Equestrian Dreams LLC,67.00,
29330,10452,46,"$350 Performance Hunter 3'3""-Handy",,1662,Miles Ahead,Katherine F. Dewar,Katherine F. Dewar,41.00,
29330,10452,46,"$350 Performance Hunter 3'3""-Handy",,1976,Debonair,Jennifer Tate,Barbara E. Kravetz,40.00,
29330,10452,46,"$350 Performance Hunter 3'3""-Handy",,2986,Maui,Eva Bernstein,Michael B. Bertozzi,66.00,
29331,10452,47,"$150 Performance Hunter 3'3"" U/S",1,1095,Cabana Boy,Isaac Leffkowitz,Sherri R. Geddes,0.00,$45
29331,10452,47,"$150 Performance Hunter 3'3"" U/S",2,2368,Cheque,Jake Evans,Isltime LLC,0.00,$33
29331,10452,47,"$150 Performance Hunter 3'3"" U/S",3,3030,Missy Vd Vosberg,Stacey L. Reser,Surya Ravi,0.00,$22.5
29331,10452,47,"$150 Performance Hunter 3'3"" U/S",4,2664,Callisto,Angela Gais,Angela Gais,0.00,$18
29331,10452,47,"$150 Performance Hunter 3'3"" U/S",,1098,Royal Mark,Isaac Leffkowitz,Sherri R. Geddes,,
29312,10474,48,"$350 Young Hunter 2'9""",1,2120,Freeman,Caroline Willard Briles,Linda E. Vellman,,$105
29312,10474,48,"$350 Young Hunter 2'9""",2,2969,Kismet,Joshua Tabor,Gunnar P. Roeer,,$77
29312,10474,48,"$350 Young Hunter 2'9""",3,1483,Thunder Shark,Fabian Herrera,Fabian Herrera,,$52.5
29312,10474,48,"$350 Young Hunter 2'9""",4,2066,Red Admiral,Elizabeth C. de Golian,Eyckenhoeve Group Inc,,$42
29313,10474,49,"$350 Young Hunter 2'9""",1,2120,Freeman,Caroline Willard Briles,Linda E. Vellman,,$105
29313,10474,49,"$350 Young Hunter 2'9""",2,1483,Thunder Shark,Fabian Herrera,Fabian Herrera,,$77
29313,10474,49,"$350 Young Hunter 2'9""",3,2066,Red Admiral,Elizabeth C. de Golian,Eyckenhoeve Group Inc,,$52.5
29313,10474,49,"$350 Young Hunter 2'9""",4,2969,Kismet,Joshua Tabor,Gunnar P. Roeer,,$42
29314,10474,50,"$350 Young Hunter 2'9""",1,2120,Freeman,Caroline Willard Briles,Linda E. Vellman,,$105
29314,10474,50,"$350 Young Hunter 2'9""",2,2969,Kismet,Joshua Tabor,Gunnar P. Roeer,,$77
29314,10474,50,"$350 Young Hunter 2'9""",3,2066,Red Admiral,Elizabeth C. de Golian,Eyckenhoeve Group Inc,,$52.5
29314,10474,50,"$350 Young Hunter 2'9""",4,1483,Thunder Shark,Fabian Herrera,Fabian Herrera,,$42
29315,10474,51,"$350 Young Hunter 2'9""",1,2120,Freeman,Caroline Willard Briles,Linda E. Vellman,,$105
29315,10474,51,"$350 Young Hunter 2'9""",2,2066,Red Admiral,Elizabeth C. de Golian,Eyckenhoeve Group Inc,,$77
29315,10474,51,"$350 Young Hunter 2'9""",3,2969,Kismet,Joshua Tabor,Gunnar P. Roeer,,$52.5
29315,10474,51,"$350 Young Hunter 2'9""",4,1483,Thunder Shark,Fabian Herrera,Fabian Herrera,,$42
29316,10474,52,"$150 Young Hunter 2'9"" U/S",1,1483,Thunder Shark,Fabian Herrera,Fabian Herrera,,$45
29316,10474,52,"$150 Young Hunter 2'9"" U/S",2,2969,Kismet,Joshua Tabor,Gunnar P. Roeer,,$33
29316,10474,52,"$150 Young Hunter 2'9"" U/S",3,2120,Freeman,Caroline Willard Briles,Linda E. Vellman,,$22.5
29316,10474,52,"$150 Young Hunter 2'9"" U/S",4,2066,Red Admiral,Elizabeth C. de Golian,Eyckenhoeve Group Inc,,$18
33500,11991,53,"$350 Young Hunter 3'/3'3""",1,1582,Harmony De Muze,Jake Evans,Melissa Mcmullen Swiler,,$105
33500,11991,53,"$350 Young Hunter 3'/3'3""",2,1221,Kobalt Des Vk,Megan Wexler,Mackenzie R. McGehee,,$77
33500,11991,53,"$350 Young Hunter 3'/3'3""",3,2945,Koletta,Stephanie Frey,Ann Mallen,,$52.5
33500,11991,53,"$350 Young Hunter 3'/3'3""",4,2972,Cartier De Muze,Lincoln Russell,Aig Consultants,,$42
33500,11991,53,"$350 Young Hunter 3'/3'3""",5,2865,Ewsz Chardonnay,Kalli Core,Bobby Boulger,,$38.5
33500,11991,53,"$350 Young Hunter 3'/3'3""",6,2348,Cupido De Jolie Z,Katlynn Butler,Caroline Warren,,$35
33501,11991,54,"$350 Young Hunter 3'/3'3""",1,2348,Cupido De Jolie Z,Katlynn Butler,Caroline Warren,,$105
33501,11991,54,"$350 Young Hunter 3'/3'3""",2,1221,Kobalt Des Vk,Megan Wexler,Mackenzie R. McGehee,,$77
33501,11991,54,"$350 Young Hunter 3'/3'3""",3,2972,Cartier De Muze,Lincoln Russell,Aig Consultants,,$52.5
33501,11991,54,"$350 Young Hunter 3'/3'3""",4,2865,Ewsz Chardonnay,Kalli Core,Bobby Boulger,,$42
33501,11991,54,"$350 Young Hunter 3'/3'3""",5,2945,Koletta,Stephanie Frey,Ann Mallen,,$38.5
33501,11991,54,"$350 Young Hunter 3'/3'3""",6,1582,Harmony De Muze,Jake Evans,Melissa Mcmullen Swiler,,$35
33502,11991,55,"$350 Young Hunter 3'/3'3""",1,1582,Harmony De Muze,Jake Evans,Melissa Mcmullen Swiler,,$105
33502,11991,55,"$350 Young Hunter 3'/3'3""",2,2972,Cartier De Muze,Lincoln Russell,Aig Consultants,,$77
33502,11991,55,"$350 Young Hunter 3'/3'3""",3,2945,Koletta,Stephanie Frey,Ann Mallen,,$52.5
33502,11991,55,"$350 Young Hunter 3'/3'3""",4,2865,Ewsz Chardonnay,Kalli Core,Bobby Boulger,,$42
33502,11991,55,"$350 Young Hunter 3'/3'3""",5,2348,Cupido De Jolie Z,Katlynn Butler,Caroline Warren,,$38.5
33503,11991,56,"$350 Young Hunter 3'/3'3""",1,1582,Harmony De Muze,Jake Evans,Melissa Mcmullen Swiler,,$105
33503,11991,56,"$350 Young Hunter 3'/3'3""",2,2348,Cupido De Jolie Z,Katlynn Butler,Caroline Warren,,$77
33503,11991,56,"$350 Young Hunter 3'/3'3""",3,2945,Koletta,Stephanie Frey,Ann Mallen,,$52.5
33503,11991,56,"$350 Young Hunter 3'/3'3""",4,2972,Cartier De Muze,Lincoln Russell,Aig Consultants,,$42
33503,11991,56,"$350 Young Hunter 3'/3'3""",5,2865,Ewsz Chardonnay,Kalli Core,Bobby Boulger,,$38.5
33504,11991,57,"$150 Young Hunter 3'/3'3"" U/S",1,2348,Cupido De Jolie Z,Katlynn Butler,Caroline Warren,,$45
33504,11991,57,"$150 Young Hunter 3'/3'3"" U/S",2,1582,Harmony De Muze,Jake Evans,Melissa Mcmullen Swiler,,$33
33504,11991,57,"$150 Young Hunter 3'/3'3"" U/S",3,2945,Koletta,Stephanie Frey,Ann Mallen,,$22.5
33504,11991,57,"$150 Young Hunter 3'/3'3"" U/S",4,2865,Ewsz Chardonnay,Kalli Core,Bobby Boulger,,$18
33504,11991,57,"$150 Young Hunter 3'/3'3"" U/S",5,1221,Kobalt Des Vk,Megan Wexler,Mackenzie R. McGehee,,$16.5
33516,12046,80,"$600 AO Hunter 3'6""",1,2703,Genuine,Hayley G. Waters Wear,Mr. & Mrs. Chuck Waters,88.00,$180
33516,12046,80,"$600 AO Hunter 3'6""",2,2176,Novio,Sydney Shelby,Sydney Shelby,83.00,$132
33516,12046,80,"$600 AO Hunter 3'6""",3,1079,Grande Dame,Laura Linback,Woodrun,82.00,$90
33516,12046,80,"$600 AO Hunter 3'6""",4,2701,Bull Run's Luminous,Hayley G. Waters Wear,Mr. & Mrs. Chuck Waters,80.00,$72
33516,12046,80,"$600 AO Hunter 3'6""",5,1926,Costello,Allison Beck,Allison Beck,76.00,$66
33517,12046,81,"$600 AO Hunter 3'6"" (1st rnd Classic)",1,2703,Genuine,Hayley G. Waters Wear,Mr. & Mrs. Chuck Waters,90.00,$180
33517,12046,81,"$600 AO Hunter 3'6"" (1st rnd Classic)",2,1079,Grande Dame,Laura Linback,Woodrun,86.00,$132
33517,12046,81,"$600 AO Hunter 3'6"" (1st rnd Classic)",3,2701,Bull Run's Luminous,Hayley G. Waters Wear,Mr. & Mrs. Chuck Waters,85.00,$90
33517,12046,81,"$600 AO Hunter 3'6"" (1st rnd Classic)",4,1926,Costello,Allison Beck,Allison Beck,80.00,$72
33517,12046,81,"$600 AO Hunter 3'6"" (1st rnd Classic)",5,2176,Novio,Sydney Shelby,Sydney Shelby,79.00,$66
33518,12046,82,"$600 AO Hunter 3'6""",1,1079,Grande Dame,Laura Linback,Woodrun,89.00,$180
33518,12046,82,"$600 AO Hunter 3'6""",2,2703,Genuine,Hayley G. Waters Wear,Mr. & Mrs. Chuck Waters,87.00,$132
33518,12046,82,"$600 AO Hunter 3'6""",3,2701,Bull Run's Luminous,Hayley G. Waters Wear,Mr. & Mrs. Chuck Waters,83.00,$90
33518,12046,82,"$600 AO Hunter 3'6""",4,2176,Novio,Sydney Shelby,Sydney Shelby,77.00,$72
33518,12046,82,"$600 AO Hunter 3'6""",5,1926,Costello,Allison Beck,Allison Beck,70.00,$66
33519,12046,83,"$600 AO Hunter 3'6"" Handy",1,2701,Bull Run's Luminous,Hayley G. Waters Wear,Mr. & Mrs. Chuck Waters,90.00,$180
33519,12046,83,"$600 AO Hunter 3'6"" Handy",2,1079,Grande Dame,Laura Linback,Woodrun,82.00,$132
33519,12046,83,"$600 AO Hunter 3'6"" Handy",3,1926,Costello,Allison Beck,Allison Beck,73.00,$90
33519,12046,83,"$600 AO Hunter 3'6"" Handy",4,2703,Genuine,Hayley G. Waters Wear,Mr. & Mrs. Chuck Waters,40.00,$72
33519,12046,83,"$600 AO Hunter 3'6"" Handy",5,2176,Novio,Sydney Shelby,Sydney Shelby,0.00,$66
33520,12046,84,"$350 AO Hunter 3'6"" U/S",1,1079,Grande Dame,Laura Linback,Woodrun,0.00,$105
33520,12046,84,"$350 AO Hunter 3'6"" U/S",2,2703,Genuine,Hayley G. Waters Wear,Mr. & Mrs. Chuck Waters,0.00,$77
33520,12046,84,"$350 AO Hunter 3'6"" U/S",3,2176,Novio,Sydney Shelby,Sydney Shelby,0.00,$52.5
33520,12046,84,"$350 AO Hunter 3'6"" U/S",4,2701,Bull Run's Luminous,Hayley G. Waters Wear,Mr. & Mrs. Chuck Waters,0.00,$42
33520,12046,84,"$350 AO Hunter 3'6"" U/S",5,1926,Costello,Allison Beck,Allison Beck,0.00,$38.5
29340,10492,90,"$400 Amateur Owner Hunter 3'3"" 18-35",1,2705,Nitemoves,Hayley G. Waters Wear,Mr. & Mrs. Chuck Waters,88.00,$120
29340,10492,90,"$400 Amateur Owner Hunter 3'3"" 18-35",2,1876,Churchill Blue,Reagan Williams,"Rpw Show Horses, LLC",80.50,$88
29340,10492,90,"$400 Amateur Owner Hunter 3'3"" 18-35",3,2475,Colmans Blue,Maurah Burkholder,Maurah Burkholder,79.00,$60
29340,10492,90,"$400 Amateur Owner Hunter 3'3"" 18-35",4,2720,Espresso,Molly Frei,Frei Equestrian LLC,45.00,$48
29341,10492,91,"$400 Amateur Owner Hunter 3'3"" 18-35 Years (1st rnd Classic",1,2705,Nitemoves,Hayley G. Waters Wear,Mr. & Mrs. Chuck Waters,88.00,$120
29341,10492,91,"$400 Amateur Owner Hunter 3'3"" 18-35 Years (1st rnd Classic",2,2720,Espresso,Molly Frei,Frei Equestrian LLC,84.50,$88
29341,10492,91,"$400 Amateur Owner Hunter 3'3"" 18-35 Years (1st rnd Classic",3,2475,Colmans Blue,Maurah Burkholder,Maurah Burkholder,80.00,$60
29341,10492,91,"$400 Amateur Owner Hunter 3'3"" 18-35 Years (1st rnd Classic",4,1876,Churchill Blue,Reagan Williams,"Rpw Show Horses, LLC",72.00,$48
29342,10492,92,"$400 Amateur Owner Hunter 3'3"" 18-35",1,2705,Nitemoves,Hayley G. Waters Wear,Mr. & Mrs. Chuck Waters,87.00,$120
29342,10492,92,"$400 Amateur Owner Hunter 3'3"" 18-35",2,2720,Espresso,Molly Frei,Frei Equestrian LLC,80.00,$88
29342,10492,92,"$400 Amateur Owner Hunter 3'3"" 18-35",3,1876,Churchill Blue,Reagan Williams,"Rpw Show Horses, LLC",68.00,$60
29342,10492,92,"$400 Amateur Owner Hunter 3'3"" 18-35",4,2475,Colmans Blue,Maurah Burkholder,Maurah Burkholder,45.00,$48
29343,10492,93,"$400 Amateur Owner Hunter 3'3"" 18-35 Years-Handy",1,2705,Nitemoves,Hayley G. Waters Wear,Mr. & Mrs. Chuck Waters,88.00,$120
29343,10492,93,"$400 Amateur Owner Hunter 3'3"" 18-35 Years-Handy",2,1876,Churchill Blue,Reagan Williams,"Rpw Show Horses, LLC",81.00,$88
29343,10492,93,"$400 Amateur Owner Hunter 3'3"" 18-35 Years-Handy",3,2475,Colmans Blue,Maurah Burkholder,Maurah Burkholder,80.00,$60
29343,10492,93,"$400 Amateur Owner Hunter 3'3"" 18-35 Years-Handy",4,2720,Espresso,Molly Frei,Frei Equestrian LLC,45.00,$48
29344,10492,94,"$200 Amateur Owner Hunter 3'3"" 18-35 Years U/S",1,2705,Nitemoves,Hayley G. Waters Wear,Mr. & Mrs. Chuck Waters,0.00,$60
29344,10492,94,"$200 Amateur Owner Hunter 3'3"" 18-35 Years U/S",2,2720,Espresso,Molly Frei,Frei Equestrian LLC,0.00,$44
29344,10492,94,"$200 Amateur Owner Hunter 3'3"" 18-35 Years U/S",3,1876,Churchill Blue,Reagan Williams,"Rpw Show Horses, LLC",0.00,$30
29344,10492,94,"$200 Amateur Owner Hunter 3'3"" 18-35 Years U/S",,2475,Colmans Blue,Maurah Burkholder,Maurah Burkholder,,
29345,10494,95,"$400 Amateur Owner Hunter 3'3"" 36+",1,1008,Lost Boy,Kimberly S. Maloomian,Terry S Maloomian,83.00,$120
29345,10494,95,"$400 Amateur Owner Hunter 3'3"" 36+",2,2990,High Renaissance,Elizabeth D. Blaisdell,Della Equestrian,76.00,$88
29345,10494,95,"$400 Amateur Owner Hunter 3'3"" 36+",3,1009,Only Always,Kimberly S. Maloomian,Kimberly S. Maloomian,40.00,$60
29345,10494,95,"$400 Amateur Owner Hunter 3'3"" 36+",4,1081,Main Squeeze,Laura Linback,Woodrun,30.00,$48
29346,10494,96,"$400 Amateur Owner Hunter 3'3"" 36+ (1st rnd Classic)",1,1008,Lost Boy,Kimberly S. Maloomian,Terry S Maloomian,87.00,$120
29346,10494,96,"$400 Amateur Owner Hunter 3'3"" 36+ (1st rnd Classic)",2,1009,Only Always,Kimberly S. Maloomian,Kimberly S. Maloomian,86.50,$88
29346,10494,96,"$400 Amateur Owner Hunter 3'3"" 36+ (1st rnd Classic)",3,1081,Main Squeeze,Laura Linback,Woodrun,81.00,$60
29346,10494,96,"$400 Amateur Owner Hunter 3'3"" 36+ (1st rnd Classic)",4,2990,High Renaissance,Elizabeth D. Blaisdell,Della Equestrian,40.00,$48
29347,10494,97,"$400 Amateur Owner Hunter 3'3"" 36+",1,1008,Lost Boy,Kimberly S. Maloomian,Terry S Maloomian,88.00,$120
29347,10494,97,"$400 Amateur Owner Hunter 3'3"" 36+",2,2990,High Renaissance,Elizabeth D. Blaisdell,Della Equestrian,85.00,$88
29347,10494,97,"$400 Amateur Owner Hunter 3'3"" 36+",3,1081,Main Squeeze,Laura Linback,Woodrun,83.00,$60
29347,10494,97,"$400 Amateur Owner Hunter 3'3"" 36+",4,1009,Only Always,Kimberly S. Maloomian,Kimberly S. Maloomian,68.00,$48
29348,10494,98,"$400 Amateur Owner Hunter 3'3"" 36+-Handy",1,1081,Main Squeeze,Laura Linback,Woodrun,84.00,$120
29348,10494,98,"$400 Amateur Owner Hunter 3'3"" 36+-Handy",2,2990,High Renaissance,Elizabeth D. Blaisdell,Della Equestrian,81.00,$88
29348,10494,98,"$400 Amateur Owner Hunter 3'3"" 36+-Handy",3,1008,Lost Boy,Kimberly S. Maloomian,Terry S Maloomian,80.00,$60
29348,10494,98,"$400 Amateur Owner Hunter 3'3"" 36+-Handy",4,1009,Only Always,Kimberly S. Maloomian,Kimberly S. Maloomian,76.00,$48
29349,10494,99,"$200 Amateur Owner Hunter 3'3"" 36+ U/S",1,1008,Lost Boy,Kimberly S. Maloomian,Terry S Maloomian,0.00,$60
29349,10494,99,"$200 Amateur Owner Hunter 3'3"" 36+ U/S",2,1081,Main Squeeze,Laura Linback,Woodrun,0.00,$44
29349,10494,99,"$200 Amateur Owner Hunter 3'3"" 36+ U/S",3,1009,Only Always,Kimberly S. Maloomian,Kimberly S. Maloomian,0.00,$30
29349,10494,99,"$200 Amateur Owner Hunter 3'3"" 36+ U/S",4,2990,High Renaissance,Elizabeth D. Blaisdell,Della Equestrian,0.00,$24
33521,12047,100,"$600 Junior Hunter 3'6""",1,1577,Game Day,Audrey Haywood,Audrey Haywood,84.00,$180
33521,12047,100,"$600 Junior Hunter 3'6""",2,2210,Ascott,Currie Cooper,"Triple C Equestrian, LLC",81.00,$132
33521,12047,100,"$600 Junior Hunter 3'6""",3,1028,Forte,Carsyn Korotkin,"Castlewood Farm, Inc.",80.00,$90
33521,12047,100,"$600 Junior Hunter 3'6""",4,1089,Changes In Latitude,Ava Parker,Amy Brammer,62.00,$72
33523,12047,102,"$600 Junior Hunter 3'6""",1,2210,Ascott,Currie Cooper,"Triple C Equestrian, LLC",84.00,$180
33523,12047,102,"$600 Junior Hunter 3'6""",2,1028,Forte,Carsyn Korotkin,"Castlewood Farm, Inc.",81.00,$132
33523,12047,102,"$600 Junior Hunter 3'6""",3,1577,Game Day,Audrey Haywood,Audrey Haywood,80.00,$90
33523,12047,102,"$600 Junior Hunter 3'6""",4,1089,Changes In Latitude,Ava Parker,Amy Brammer,72.00,$72
33524,12047,103,"$600 Junior Hunter 3'6"" Handy",1,2210,Ascott,Currie Cooper,"Triple C Equestrian, LLC",86.00,$180
33524,12047,103,"$600 Junior Hunter 3'6"" Handy",2,1028,Forte,Carsyn Korotkin,"Castlewood Farm, Inc.",78.00,$132
33524,12047,103,"$600 Junior Hunter 3'6"" Handy",3,1577,Game Day,Audrey Haywood,Audrey Haywood,68.00,$90
33524,12047,103,"$600 Junior Hunter 3'6"" Handy",4,1089,Changes In Latitude,Ava Parker,Amy Brammer,45.00,$72
33525,12047,104,"$350 Junior Hunter 3'6"" U/S",1,1089,Changes In Latitude,Ava Parker,Amy Brammer,0.00,$105
33525,12047,104,"$350 Junior Hunter 3'6"" U/S",2,2210,Ascott,Currie Cooper,"Triple C Equestrian, LLC",0.00,$77
33525,12047,104,"$350 Junior Hunter 3'6"" U/S",3,1028,Forte,Carsyn Korotkin,"Castlewood Farm, Inc.",0.00,$52.5
33525,12047,104,"$350 Junior Hunter 3'6"" U/S",4,1577,Game Day,Audrey Haywood,Audrey Haywood,0.00,$42
33526,12048,120,"$400 Junior Hunter 3'3""",1,2383,A La Quattro S,Vivian Heyer,Vivian Heyer,84.00,$120
33526,12048,120,"$400 Junior Hunter 3'3""",2,1428,Insightful,Kendall Bland,Kendall Bland,82.00,$88
33526,12048,120,"$400 Junior Hunter 3'3""",3,2619,Copernicus Z,Grace Phan,Grace Phan,76.00,$60
33526,12048,120,"$400 Junior Hunter 3'3""",4,1594,Nibolensky,Brinley Farr,"Go Buck Yourself, LLC",68.00,$48
33526,12048,120,"$400 Junior Hunter 3'3""",5,1457,Kamilla,Olivia Planer,Olivia Planer,66.00,$44
33526,12048,120,"$400 Junior Hunter 3'3""",6,1883,Untouchable's Unique,Dominic Arnold,Dominic Arnold,64.00,$40
33526,12048,120,"$400 Junior Hunter 3'3""",7,1520,Verdi,Scarlett Yana,Scarlett Yana,41.00,
33527,12048,121,"$400 Junior Hunter 3'3"" (1st rnd Classic)",1,2383,A La Quattro S,Vivian Heyer,Vivian Heyer,77.00,$120
33527,12048,121,"$400 Junior Hunter 3'3"" (1st rnd Classic)",2,1428,Insightful,Kendall Bland,Kendall Bland,75.00,$88
33527,12048,121,"$400 Junior Hunter 3'3"" (1st rnd Classic)",3,1520,Verdi,Scarlett Yana,Scarlett Yana,74.00,$60
33527,12048,121,"$400 Junior Hunter 3'3"" (1st rnd Classic)",4,2619,Copernicus Z,Grace Phan,Grace Phan,72.00,$48
33527,12048,121,"$400 Junior Hunter 3'3"" (1st rnd Classic)",5,1594,Nibolensky,Brinley Farr,"Go Buck Yourself, LLC",70.00,$44
33527,12048,121,"$400 Junior Hunter 3'3"" (1st rnd Classic)",6,1457,Kamilla,Olivia Planer,Olivia Planer,68.00,$40
33527,12048,121,"$400 Junior Hunter 3'3"" (1st rnd Classic)",7,1883,Untouchable's Unique,Dominic Arnold,Dominic Arnold,45.00,
33528,12048,122,"$400 Junior Hunter 3'3""",1,1520,Verdi,Scarlett Yana,Scarlett Yana,80.00,$120
33528,12048,122,"$400 Junior Hunter 3'3""",2,2383,A La Quattro S,Vivian Heyer,Vivian Heyer,75.00,$88
33528,12048,122,"$400 Junior Hunter 3'3""",3,1428,Insightful,Kendall Bland,Kendall Bland,48.00,$60
33528,12048,122,"$400 Junior Hunter 3'3""",4,1457,Kamilla,Olivia Planer,Olivia Planer,47.00,$48
33528,12048,122,"$400 Junior Hunter 3'3""",5,1594,Nibolensky,Brinley Farr,"Go Buck Yourself, LLC",46.00,$44
33528,12048,122,"$400 Junior Hunter 3'3""",6,2619,Copernicus Z,Grace Phan,Grace Phan,45.00,$40
33529,12048,123,"$400 Junior Hunter 3'3"" - Handy",1,2619,Copernicus Z,Grace Phan,Grace Phan,80.00,$120
33529,12048,123,"$400 Junior Hunter 3'3"" - Handy",2,1520,Verdi,Scarlett Yana,Scarlett Yana,76.00,$88
33529,12048,123,"$400 Junior Hunter 3'3"" - Handy",3,1457,Kamilla,Olivia Planer,Olivia Planer,62.00,$60
33529,12048,123,"$400 Junior Hunter 3'3"" - Handy",4,1594,Nibolensky,Brinley Farr,"Go Buck Yourself, LLC",50.00,$48
33529,12048,123,"$400 Junior Hunter 3'3"" - Handy",5,2383,A La Quattro S,Vivian Heyer,Vivian Heyer,46.00,$44
33529,12048,123,"$400 Junior Hunter 3'3"" - Handy",6,1428,Insightful,Kendall Bland,Kendall Bland,30.00,$40
33530,12048,124,"$200 Junior Hunter 3'3"" - U/S",1,2383,A La Quattro S,Vivian Heyer,Vivian Heyer,0.00,$60
33530,12048,124,"$200 Junior Hunter 3'3"" - U/S",2,1457,Kamilla,Olivia Planer,Olivia Planer,0.00,$44
33530,12048,124,"$200 Junior Hunter 3'3"" - U/S",3,2619,Copernicus Z,Grace Phan,Grace Phan,0.00,$30
33530,12048,124,"$200 Junior Hunter 3'3"" - U/S",4,1428,Insightful,Kendall Bland,Kendall Bland,0.00,$24
33530,12048,124,"$200 Junior Hunter 3'3"" - U/S",5,1883,Untouchable's Unique,Dominic Arnold,Dominic Arnold,0.00,$22
33530,12048,124,"$200 Junior Hunter 3'3"" - U/S",6,1520,Verdi,Scarlett Yana,Scarlett Yana,0.00,$20
33530,12048,124,"$200 Junior Hunter 3'3"" - U/S",,1594,Nibolensky,Brinley Farr,"Go Buck Yourself, LLC",,
33536,12050,150,"$250 Green Pony Conf Hunter- Med/Sm 2'6""/2'3""",1,2626,Quicksilver Hercules,Ella Clark,Piper Wise,,$75
33536,12050,150,"$250 Green Pony Conf Hunter- Med/Sm 2'6""/2'3""",2,1496,Somermist Secret Admirer,Linden Nguyen,Daniel King,,$55
33536,12050,150,"$250 Green Pony Conf Hunter- Med/Sm 2'6""/2'3""",3,1027,Fort Knox,Lainey Posa,Jessica Heap,,$37.5
33536,12050,150,"$250 Green Pony Conf Hunter- Med/Sm 2'6""/2'3""",,1489,Crown Ridge Footloose,Bay Hammer,Bibby F. Hill,,
33536,12050,150,"$250 Green Pony Conf Hunter- Med/Sm 2'6""/2'3""",,2622,Rosmel's Silver Rose,Madelyn Oster,Abigail Wiemer,,
33537,12050,151,"$250 Green Pony Hunter Med/Sm 2'6""/2'3"" (1st rnd Classic)",1,2626,Quicksilver Hercules,Ella Clark,Piper Wise,,$75
33537,12050,151,"$250 Green Pony Hunter Med/Sm 2'6""/2'3"" (1st rnd Classic)",2,1496,Somermist Secret Admirer,Linden Nguyen,Daniel King,,$55
33537,12050,151,"$250 Green Pony Hunter Med/Sm 2'6""/2'3"" (1st rnd Classic)",3,1027,Fort Knox,Jessica Heap,Jessica Heap,,$37.5
33537,12050,151,"$250 Green Pony Hunter Med/Sm 2'6""/2'3"" (1st rnd Classic)",4,2622,Rosmel's Silver Rose,Madelyn Oster,Abigail Wiemer,,$30
33537,12050,151,"$250 Green Pony Hunter Med/Sm 2'6""/2'3"" (1st rnd Classic)",,1489,Crown Ridge Footloose,Bay Hammer,Bibby F. Hill,,
33538,12050,152,"$250 Green Pony Hunter Med/Sm 2'6""/2'3""",1,1496,Somermist Secret Admirer,Linden Nguyen,Daniel King,,$75
33538,12050,152,"$250 Green Pony Hunter Med/Sm 2'6""/2'3""",2,2622,Rosmel's Silver Rose,Madelyn Oster,Abigail Wiemer,,$55
33538,12050,152,"$250 Green Pony Hunter Med/Sm 2'6""/2'3""",3,1027,Fort Knox,Jessica Heap,Jessica Heap,,$37.5
33538,12050,152,"$250 Green Pony Hunter Med/Sm 2'6""/2'3""",4,2626,Quicksilver Hercules,Ella Clark,Piper Wise,,$30
33539,12050,153,"$250 Green Pony Hunter Med/Sm 2'6""/2'3""",1,1027,Fort Knox,Jessica Heap,Jessica Heap,,$75
33539,12050,153,"$250 Green Pony Hunter Med/Sm 2'6""/2'3""",2,2622,Rosmel's Silver Rose,Madelyn Oster,Abigail Wiemer,,$55
33539,12050,153,"$250 Green Pony Hunter Med/Sm 2'6""/2'3""",3,2626,Quicksilver Hercules,Ella Clark,Piper Wise,,$37.5
33539,12050,153,"$250 Green Pony Hunter Med/Sm 2'6""/2'3""",,1496,Somermist Secret Admirer,Linden Nguyen,Daniel King,,
33540,12050,154,"$100 Green Pony Hunter Med/Sm 2'6""/2'3"" U/S",1,1027,Fort Knox,Jessica Heap,Jessica Heap,,$30
33540,12050,154,"$100 Green Pony Hunter Med/Sm 2'6""/2'3"" U/S",2,1496,Somermist Secret Admirer,Linden Nguyen,Daniel King,,$22
33540,12050,154,"$100 Green Pony Hunter Med/Sm 2'6""/2'3"" U/S",3,1489,Crown Ridge Footloose,Bay Hammer,Bibby F. Hill,,$15
33540,12050,154,"$100 Green Pony Hunter Med/Sm 2'6""/2'3"" U/S",4,2626,Quicksilver Hercules,Ella Clark,Piper Wise,,$12
33540,12050,154,"$100 Green Pony Hunter Med/Sm 2'6""/2'3"" U/S",,2622,Rosmel's Silver Rose,Madelyn Oster,Abigail Wiemer,,
28954,10512,162,"$250 Green Pony Conf Hunter- Lg 2'9""",1,2145,Greymeadows Pinot Noir,Zoie Davis,Christine Davis,,$75
28954,10512,162,"$250 Green Pony Conf Hunter- Lg 2'9""",2,1698,Orchard Hills Best Dressed,Ryan Haselden,Stephanie I Sakata,,$55
28954,10512,162,"$250 Green Pony Conf Hunter- Lg 2'9""",3,1580,Won To Love,Audrey Haywood,Anna Dryden,,$37.5
28954,10512,162,"$250 Green Pony Conf Hunter- Lg 2'9""",4,1458,Sweeter Than Fiction,Addy Dewalt,Addy Dewalt,,$30
28955,10512,163,"$250 Green Pony Hunter Lg 2'9"" (1st rnd Classic)",1,1698,Orchard Hills Best Dressed,Ryan Haselden,Stephanie I Sakata,,$75
28955,10512,163,"$250 Green Pony Hunter Lg 2'9"" (1st rnd Classic)",2,1580,Won To Love,Audrey Haywood,Anna Dryden,,$55
28955,10512,163,"$250 Green Pony Hunter Lg 2'9"" (1st rnd Classic)",3,2145,Greymeadows Pinot Noir,Zoie Davis,Christine Davis,,$37.5
28955,10512,163,"$250 Green Pony Hunter Lg 2'9"" (1st rnd Classic)",4,1458,Sweeter Than Fiction,Addy Dewalt,Addy Dewalt,,$30
28956,10512,164,"$250 Green Pony Hunter Lg 2'9""",1,2145,Greymeadows Pinot Noir,Zoie Davis,Christine Davis,,$75
28956,10512,164,"$250 Green Pony Hunter Lg 2'9""",2,1580,Won To Love,Audrey Haywood,Anna Dryden,,$55
28956,10512,164,"$250 Green Pony Hunter Lg 2'9""",3,1698,Orchard Hills Best Dressed,Ryan Haselden,Stephanie I Sakata,,$37.5
28956,10512,164,"$250 Green Pony Hunter Lg 2'9""",4,1458,Sweeter Than Fiction,Addy Dewalt,Addy Dewalt,,$30
28957,10512,165,"$250 Green Pony Hunter Lg 2'9""",1,2145,Greymeadows Pinot Noir,Zoie Davis,Christine Davis,,$75
28957,10512,165,"$250 Green Pony Hunter Lg 2'9""",2,1698,Orchard Hills Best Dressed,Ryan Haselden,Stephanie I Sakata,,$55
28957,10512,165,"$250 Green Pony Hunter Lg 2'9""",3,1580,Won To Love,Audrey Haywood,Anna Dryden,,$37.5
28957,10512,165,"$250 Green Pony Hunter Lg 2'9""",4,1458,Sweeter Than Fiction,Addy Dewalt,Addy Dewalt,,$30
28958,10512,166,"$100 Green Pony Hunter Lg 2'9"" U/S",1,2145,Greymeadows Pinot Noir,Zoie Davis,Christine Davis,,$30
28958,10512,166,"$100 Green Pony Hunter Lg 2'9"" U/S",2,1458,Sweeter Than Fiction,Addy Dewalt,Addy Dewalt,,$22
28958,10512,166,"$100 Green Pony Hunter Lg 2'9"" U/S",3,1698,Orchard Hills Best Dressed,Ryan Haselden,Stephanie I Sakata,,$15
28958,10512,166,"$100 Green Pony Hunter Lg 2'9"" U/S",4,1580,Won To Love,Audrey Haywood,Anna Dryden,,$12
33548,12052,170,"$375 Pony Conf Hunter- Sm/Med 2'3""/2'6""",1,2212,Down To A T,Annie Cooper,Katherine F. Dewar,,$112.5
33548,12052,170,"$375 Pony Conf Hunter- Sm/Med 2'3""/2'6""",2,2988,Hidden Springs Star Attraction,Bay Hammer,Zoie Davis,,$82.5
33548,12052,170,"$375 Pony Conf Hunter- Sm/Med 2'3""/2'6""",3,1254,Howie Do It,Claire de Hechavarria,Finley Morgan,,$56.25
33548,12052,170,"$375 Pony Conf Hunter- Sm/Med 2'3""/2'6""",4,1255,Nr Golden Graham,Ella de Hechavarria,Courtney de Hechavarria,,$45
33548,12052,170,"$375 Pony Conf Hunter- Sm/Med 2'3""/2'6""",5,1027,Fort Knox,Jessica Heap,Jessica Heap,,$41.25
33548,12052,170,"$375 Pony Conf Hunter- Sm/Med 2'3""/2'6""",,1579,V.h. Paris Fox,Marlow Rickun,Foxleigh LLC,,
33549,12052,171,"$375 Pony Hunter Sm/Med 2'3""/2'6"" (1st rnd Classic)",1,2212,Down To A T,Annie Cooper,Katherine F. Dewar,,$112.5
33549,12052,171,"$375 Pony Hunter Sm/Med 2'3""/2'6"" (1st rnd Classic)",2,1255,Nr Golden Graham,Ella de Hechavarria,Courtney de Hechavarria,,$82.5
33549,12052,171,"$375 Pony Hunter Sm/Med 2'3""/2'6"" (1st rnd Classic)",3,1254,Howie Do It,Claire de Hechavarria,Finley Morgan,,$56.25
33549,12052,171,"$375 Pony Hunter Sm/Med 2'3""/2'6"" (1st rnd Classic)",4,2988,Hidden Springs Star Attraction,Bay Hammer,Zoie Davis,,$45
33549,12052,171,"$375 Pony Hunter Sm/Med 2'3""/2'6"" (1st rnd Classic)",5,1027,Fort Knox,Jessica Heap,Jessica Heap,,$41.25
33549,12052,171,"$375 Pony Hunter Sm/Med 2'3""/2'6"" (1st rnd Classic)",6,1579,V.h. Paris Fox,Marlow Rickun,Foxleigh LLC,,$37.5
33550,12052,172,"$375 Pony Hunter Sm/Med 2'3""/2'6""",1,2212,Down To A T,Annie Cooper,"Triple C Equestrian, LLC",,$112.5
33550,12052,172,"$375 Pony Hunter Sm/Med 2'3""/2'6""",2,1027,Fort Knox,Jessica Heap,Jessica Heap,,$82.5
33550,12052,172,"$375 Pony Hunter Sm/Med 2'3""/2'6""",3,1254,Howie Do It,Claire de Hechavarria,Finley Morgan,,$56.25
33550,12052,172,"$375 Pony Hunter Sm/Med 2'3""/2'6""",4,2988,Hidden Springs Star Attraction,Bay Hammer,Zoie Davis,,$45
33550,12052,172,"$375 Pony Hunter Sm/Med 2'3""/2'6""",5,1255,Nr Golden Graham,Ella de Hechavarria,Courtney de Hechavarria,,$41.25
33551,12052,173,"$375 Pony Hunter Sm/Med 2'3""/2'6"" Handy",1,2212,Down To A T,Annie Cooper,"Triple C Equestrian, LLC",,$112.5
33551,12052,173,"$375 Pony Hunter Sm/Med 2'3""/2'6"" Handy",2,2988,Hidden Springs Star Attraction,Bay Hammer,Zoie Davis,,$82.5
33551,12052,173,"$375 Pony Hunter Sm/Med 2'3""/2'6"" Handy",3,1254,Howie Do It,Claire de Hechavarria,Finley Morgan,,$56.25
33552,12052,174,"$150 Pony Hunter Sm/Med 2'3""/2'6"" U/S",1,2212,Down To A T,Annie Cooper,Katherine F. Dewar,,$45
33552,12052,174,"$150 Pony Hunter Sm/Med 2'3""/2'6"" U/S",2,1255,Nr Golden Graham,Ella de Hechavarria,Courtney de Hechavarria,,$33
33552,12052,174,"$150 Pony Hunter Sm/Med 2'3""/2'6"" U/S",3,1027,Fort Knox,Jessica Heap,Jessica Heap,,$22.5
33552,12052,174,"$150 Pony Hunter Sm/Med 2'3""/2'6"" U/S",4,2988,Hidden Springs Star Attraction,Bay Hammer,Zoie Davis,,$18
33552,12052,174,"$150 Pony Hunter Sm/Med 2'3""/2'6"" U/S",5,1254,Howie Do It,Claire de Hechavarria,Finley Morgan,,$16.5
33552,12052,174,"$150 Pony Hunter Sm/Med 2'3""/2'6"" U/S",6,1579,V.h. Paris Fox,Marlow Rickun,Foxleigh LLC,,$15
28970,10509,182,"$375 Pony Conf Hunter- Lg 2'9""",1,2146,Haymar's Scho Me Dragons,Ella Davis,Cali Davis,,$112.5
28970,10509,182,"$375 Pony Conf Hunter- Lg 2'9""",2,2800,Watchusayin,Grayson Moore,Grayson Moore,,$82.5
28970,10509,182,"$375 Pony Conf Hunter- Lg 2'9""",3,2392,Lady Glitter Sparkles,Cassie Gil,Cassie Gil,,$56.25
28970,10509,182,"$375 Pony Conf Hunter- Lg 2'9""",4,2211,Chapeau,Annie Cooper,"Monarch Farms, LLC",,$45
28970,10509,182,"$375 Pony Conf Hunter- Lg 2'9""",5,2019,Bss Prince Charming,Sophia Oosthuizen,Jasoma57 LLC,,$41.25
28971,10509,183,"$375 Pony Hunter Lg 2'9"" (1st rnd Classic)",1,2211,Chapeau,Annie Cooper,"Monarch Farms, LLC",,$112.5
28971,10509,183,"$375 Pony Hunter Lg 2'9"" (1st rnd Classic)",2,2800,Watchusayin,Grayson Moore,Grayson Moore,,$82.5
28971,10509,183,"$375 Pony Hunter Lg 2'9"" (1st rnd Classic)",3,2392,Lady Glitter Sparkles,Cassie Gil,Cassie Gil,,$56.25
28971,10509,183,"$375 Pony Hunter Lg 2'9"" (1st rnd Classic)",4,2019,Bss Prince Charming,Sophia Oosthuizen,Jasoma57 LLC,,$45
28971,10509,183,"$375 Pony Hunter Lg 2'9"" (1st rnd Classic)",5,2146,Haymar's Scho Me Dragons,Ella Davis,Cali Davis,,$41.25
28972,10509,184,"$375 Pony Hunter Lg 2'9""",1,2146,Haymar's Scho Me Dragons,Ella Davis,Cali Davis,,$112.5
28972,10509,184,"$375 Pony Hunter Lg 2'9""",2,2019,Bss Prince Charming,Sophia Oosthuizen,Jasoma57 LLC,,$82.5
28972,10509,184,"$375 Pony Hunter Lg 2'9""",3,2800,Watchusayin,Grayson Moore,Grayson Moore,,$56.25
28972,10509,184,"$375 Pony Hunter Lg 2'9""",4,2392,Lady Glitter Sparkles,Cassie Gil,Cassie Gil,,$45
28972,10509,184,"$375 Pony Hunter Lg 2'9""",5,2211,Chapeau,Annie Cooper,"Monarch Farms, LLC",,$41.25
28973,10509,185,"$375 Pony Hunter Lg 2'9""-Handy",1,2800,Watchusayin,Grayson Moore,Grayson Moore,,$112.5
28973,10509,185,"$375 Pony Hunter Lg 2'9""-Handy",2,2146,Haymar's Scho Me Dragons,Ella Davis,Cali Davis,,$82.5
28973,10509,185,"$375 Pony Hunter Lg 2'9""-Handy",3,2019,Bss Prince Charming,Sophia Oosthuizen,Jasoma57 LLC,,$56.25
28973,10509,185,"$375 Pony Hunter Lg 2'9""-Handy",4,2211,Chapeau,Annie Cooper,"Monarch Farms, LLC",,$45
28973,10509,185,"$375 Pony Hunter Lg 2'9""-Handy",5,2392,Lady Glitter Sparkles,Cassie Gil,Cassie Gil,,$41.25
28974,10509,186,"$150 Pony Hunter Lg 2'9"" U/S",1,2211,Chapeau,Annie Cooper,"Monarch Farms, LLC",,$45
28974,10509,186,"$150 Pony Hunter Lg 2'9"" U/S",2,2019,Bss Prince Charming,Sophia Oosthuizen,Jasoma57 LLC,,$33
28974,10509,186,"$150 Pony Hunter Lg 2'9"" U/S",3,2146,Haymar's Scho Me Dragons,Ella Davis,Cali Davis,,$22.5
28974,10509,186,"$150 Pony Hunter Lg 2'9"" U/S",4,2800,Watchusayin,Grayson Moore,Grayson Moore,,$18
28974,10509,186,"$150 Pony Hunter Lg 2'9"" U/S",5,2392,Lady Glitter Sparkles,Cassie Gil,Cassie Gil,,$16.5
28974,10509,186,"$150 Pony Hunter Lg 2'9"" U/S",,1698,Orchard Hills Best Dressed,Ryan Haselden,Stephanie I Sakata,,
28984,10515,200,$300 Child Hunter 14/U 3',1,2603,Dominus Z,Emery Kobel,Jennifer Kobel,82.00,$90
28984,10515,200,$300 Child Hunter 14/U 3',2,1488,Crown,Sofia Fayad,Beyaert Farm Inc,81.00,$66
28984,10515,200,$300 Child Hunter 14/U 3',3,2986,Maui,Autumn Farr,Michael B. Bertozzi,80.00,$45
28984,10515,200,$300 Child Hunter 14/U 3',4,1930,Champ,Windsor Ryan,Windsor Stables LLC,79.00,$36
28984,10515,200,$300 Child Hunter 14/U 3',5,1048,Specialist,Kate Marisch,Kate Marisch,74.00,$33
28984,10515,200,$300 Child Hunter 14/U 3',6,2794,Joylon Gb,Brinley Farr,Cane Creek LLC,66.00,$30
28984,10515,200,$300 Child Hunter 14/U 3',7,1772,Harbor Boy,Fallon Badini,Fallon Badini,64.00,
28984,10515,200,$300 Child Hunter 14/U 3',8,1197,Code Of Honor,Sofia Parise,Sofia Parise,62.00,
28984,10515,200,$300 Child Hunter 14/U 3',,1049,Vote For Pedro,Aria Waxman,Linda Lauper-Polk,55.00,
28985,10515,201,$300 Child Hunter 14/U (1st rnd Classic) 3',1,1049,Vote For Pedro,Aria Waxman,Linda Lauper-Polk,86.00,$90
28985,10515,201,$300 Child Hunter 14/U (1st rnd Classic) 3',2,1488,Crown,Sofia Fayad,Beyaert Farm Inc,84.00,$66
28985,10515,201,$300 Child Hunter 14/U (1st rnd Classic) 3',3,1930,Champ,Windsor Ryan,Windsor Stables LLC,82.00,$45
28985,10515,201,$300 Child Hunter 14/U (1st rnd Classic) 3',4,2603,Dominus Z,Emery Kobel,Jennifer Kobel,72.00,$36
28985,10515,201,$300 Child Hunter 14/U (1st rnd Classic) 3',5,2986,Maui,Autumn Farr,Michael B. Bertozzi,67.00,$33
28985,10515,201,$300 Child Hunter 14/U (1st rnd Classic) 3',6,1197,Code Of Honor,Sofia Parise,Sofia Parise,65.00,$30
28985,10515,201,$300 Child Hunter 14/U (1st rnd Classic) 3',7,2794,Joylon Gb,Brinley Farr,Cane Creek LLC,52.00,
28985,10515,201,$300 Child Hunter 14/U (1st rnd Classic) 3',8,1772,Harbor Boy,Fallon Badini,Fallon Badini,50.00,
28985,10515,201,$300 Child Hunter 14/U (1st rnd Classic) 3',,1048,Specialist,Kate Marisch,Kate Marisch,45.00,
28986,10515,202,$300 Child Hunter 14/U 3',1,1488,Crown,Sofia Fayad,Beyaert Farm Inc,,$90
28986,10515,202,$300 Child Hunter 14/U 3',2,1930,Champ,Windsor Ryan,Windsor Stables LLC,,$66
28986,10515,202,$300 Child Hunter 14/U 3',3,2986,Maui,Autumn Farr,Michael B. Bertozzi,,$45
28986,10515,202,$300 Child Hunter 14/U 3',4,1048,Specialist,Kate Marisch,Kate Marisch,,$36
28986,10515,202,$300 Child Hunter 14/U 3',5,2794,Joylon Gb,Brinley Farr,Cane Creek LLC,,$33
28986,10515,202,$300 Child Hunter 14/U 3',6,1197,Code Of Honor,Sofia Parise,Sofia Parise,,$30
28986,10515,202,$300 Child Hunter 14/U 3',7,2603,Dominus Z,Emery Kobel,Jennifer Kobel,,
28986,10515,202,$300 Child Hunter 14/U 3',8,1049,Vote For Pedro,Aria Waxman,Aria Waxman,,
28987,10515,203,$300 Child Hunter 14/U 3',1,2986,Maui,Autumn Farr,Michael B. Bertozzi,,$90
28987,10515,203,$300 Child Hunter 14/U 3',2,1930,Champ,Windsor Ryan,Windsor Stables LLC,,$66
28987,10515,203,$300 Child Hunter 14/U 3',3,2603,Dominus Z,Emery Kobel,Jennifer Kobel,,$45
28987,10515,203,$300 Child Hunter 14/U 3',4,1049,Vote For Pedro,Aria Waxman,Aria Waxman,,$36
28987,10515,203,$300 Child Hunter 14/U 3',5,1488,Crown,Sofia Fayad,Beyaert Farm Inc,,$33
28987,10515,203,$300 Child Hunter 14/U 3',6,1197,Code Of Honor,Sofia Parise,Sofia Parise,,$30
28987,10515,203,$300 Child Hunter 14/U 3',7,2794,Joylon Gb,Brinley Farr,Cane Creek LLC,,
28987,10515,203,$300 Child Hunter 14/U 3',8,1048,Specialist,Kate Marisch,Kate Marisch,,
28988,10515,204,$200 Child Hunter 14/U U/S 3',1,2941,Nightfall,Windsor Ryan,Windsor Stables LLC,0.00,$60
28988,10515,204,$200 Child Hunter 14/U U/S 3',2,1488,Crown,Sofia Fayad,Beyaert Farm Inc,0.00,$44
28988,10515,204,$200 Child Hunter 14/U U/S 3',3,1197,Code Of Honor,Sofia Parise,Sofia Parise,0.00,$30
28988,10515,204,$200 Child Hunter 14/U U/S 3',4,2603,Dominus Z,Emery Kobel,Jennifer Kobel,0.00,$24
28988,10515,204,$200 Child Hunter 14/U U/S 3',5,2794,Joylon Gb,Brinley Farr,Cane Creek LLC,0.00,$22
28988,10515,204,$200 Child Hunter 14/U U/S 3',6,1049,Vote For Pedro,Aria Waxman,Linda Lauper-Polk,0.00,$20
28988,10515,204,$200 Child Hunter 14/U U/S 3',7,2986,Maui,Autumn Farr,Michael B. Bertozzi,0.00,
28988,10515,204,$200 Child Hunter 14/U U/S 3',8,1048,Specialist,Kate Marisch,Kate Marisch,0.00,
28988,10515,204,$200 Child Hunter 14/U U/S 3',,1930,Champ,Windsor Ryan,Windsor Stables LLC,,
28989,10516,205,$300 Child Hunter 15-17 3',1,2623,Sophistakkato,Katherine Nunez,Katherine Nunez,76.00,$90
28989,10516,205,$300 Child Hunter 15-17 3',2,2991,San Cristobal,Ella Jane Blaisdell,Della Equestrian,65.00,$66
28989,10516,205,$300 Child Hunter 15-17 3',3,2182,Outlaw,Isabella Agliano,Isabella Agliano,63.00,$45
28989,10516,205,$300 Child Hunter 15-17 3',4,2305,Eye Of The Tiger,Lillian Hardman,Kerri Gantt,60.00,$36
28990,10516,206,$300 Child Hunter 15-17 (1st rnd Classic) 3',1,2623,Sophistakkato,Katherine Nunez,Katherine Nunez,75.00,$90
28990,10516,206,$300 Child Hunter 15-17 (1st rnd Classic) 3',2,2182,Outlaw,Isabella Agliano,Isabella Agliano,68.00,$66
28990,10516,206,$300 Child Hunter 15-17 (1st rnd Classic) 3',3,2305,Eye Of The Tiger,Lillian Hardman,Kerri Gantt,65.00,$45
28990,10516,206,$300 Child Hunter 15-17 (1st rnd Classic) 3',4,2991,San Cristobal,Ella Jane Blaisdell,Della Equestrian,45.00,$36
28991,10516,207,$300 Child Hunter 15-17 3',1,2991,San Cristobal,Ella Jane Blaisdell,Della Equestrian,0.00,$90
28991,10516,207,$300 Child Hunter 15-17 3',2,2182,Outlaw,Isabella Agliano,Isabella Agliano,0.00,$66
28991,10516,207,$300 Child Hunter 15-17 3',3,2623,Sophistakkato,Katherine Nunez,Katherine Nunez,0.00,$45
28991,10516,207,$300 Child Hunter 15-17 3',4,2305,Eye Of The Tiger,Lillian Hardman,Kerri Gantt,0.00,$36
28992,10516,208,$300 Child Hunter 15-17 3',1,2991,San Cristobal,Ella Jane Blaisdell,Della Equestrian,0.00,$90
28992,10516,208,$300 Child Hunter 15-17 3',2,2182,Outlaw,Isabella Agliano,Isabella Agliano,0.00,$66
28992,10516,208,$300 Child Hunter 15-17 3',3,2623,Sophistakkato,Katherine Nunez,Katherine Nunez,0.00,$45
28992,10516,208,$300 Child Hunter 15-17 3',4,2305,Eye Of The Tiger,Lillian Hardman,Kerri Gantt,0.00,$36
28993,10516,209,$200 Child Hunter 15-17 U/S 3',1,2991,San Cristobal,Ella Jane Blaisdell,Della Equestrian,0.00,$60
28993,10516,209,$200 Child Hunter 15-17 U/S 3',2,2182,Outlaw,Isabella Agliano,Isabella Agliano,0.00,$44
28993,10516,209,$200 Child Hunter 15-17 U/S 3',3,2305,Eye Of The Tiger,Lillian Hardman,Kerri Gantt,0.00,$30
28993,10516,209,$200 Child Hunter 15-17 U/S 3',4,2623,Sophistakkato,Katherine Nunez,Katherine Nunez,0.00,$24
33531,12049,210,"$100 Child Pony Hunter 2'/2'6""",1,2137,Falling Moon Front Page,Kennedy Kluber,Kennedy Kluber,,$30
33531,12049,210,"$100 Child Pony Hunter 2'/2'6""",2,1788,Confidentially,Lucy Wexler,Lakeview Farm,,$22
33531,12049,210,"$100 Child Pony Hunter 2'/2'6""",3,1544,Prince Henry,Jackson Callahan,"Greystone Equine, Inc.",,$15
33531,12049,210,"$100 Child Pony Hunter 2'/2'6""",4,1487,Annandale Sherlock,Linden Nguyen,Linden Nguyen,,$12
33531,12049,210,"$100 Child Pony Hunter 2'/2'6""",5,1871,Cherrybrook Valentino,Shelby Romp,Shelby Romp,,$11
33531,12049,210,"$100 Child Pony Hunter 2'/2'6""",6,1575,Bellefour's Steel Fox,Marlow Rickun,Marlow Rickun,,$10
33531,12049,210,"$100 Child Pony Hunter 2'/2'6""",7,2980,Gayfields Tickety Boo,Sophia Sankowski,Casey Johns,,
33532,12049,211,"$100 Child Pony Hunter 2'/2'6"" (1st rnd Classic)",1,1788,Confidentially,Lucy Wexler,Lakeview Farm,,$30
33532,12049,211,"$100 Child Pony Hunter 2'/2'6"" (1st rnd Classic)",2,1487,Annandale Sherlock,Linden Nguyen,Linden Nguyen,,$22
33532,12049,211,"$100 Child Pony Hunter 2'/2'6"" (1st rnd Classic)",3,2137,Falling Moon Front Page,Kennedy Kluber,Kennedy Kluber,,$15
33532,12049,211,"$100 Child Pony Hunter 2'/2'6"" (1st rnd Classic)",4,2980,Gayfields Tickety Boo,Sophia Sankowski,Casey Johns,,$12
33532,12049,211,"$100 Child Pony Hunter 2'/2'6"" (1st rnd Classic)",5,1871,Cherrybrook Valentino,Shelby Romp,Shelby Romp,,$11
33532,12049,211,"$100 Child Pony Hunter 2'/2'6"" (1st rnd Classic)",6,1575,Bellefour's Steel Fox,Marlow Rickun,Marlow Rickun,,$10
33532,12049,211,"$100 Child Pony Hunter 2'/2'6"" (1st rnd Classic)",7,1544,Prince Henry,Jackson Callahan,"Greystone Equine, Inc.",,
33533,12049,212,"$100 Child Pony Hunter 2'/2'6""",1,1487,Annandale Sherlock,Linden Nguyen,Linden Nguyen,0.00,$30
33533,12049,212,"$100 Child Pony Hunter 2'/2'6""",2,1871,Cherrybrook Valentino,Shelby Romp,Shelby Romp,0.00,$22
33533,12049,212,"$100 Child Pony Hunter 2'/2'6""",3,1788,Confidentially,Lucy Wexler,Lakeview Farm,0.00,$15
33533,12049,212,"$100 Child Pony Hunter 2'/2'6""",4,2137,Falling Moon Front Page,Kennedy Kluber,Kennedy Kluber,0.00,$12
33533,12049,212,"$100 Child Pony Hunter 2'/2'6""",5,1544,Prince Henry,Jackson Callahan,"Greystone Equine, Inc.",0.00,$11
33533,12049,212,"$100 Child Pony Hunter 2'/2'6""",6,1575,Bellefour's Steel Fox,Marlow Rickun,Marlow Rickun,0.00,$10
33533,12049,212,"$100 Child Pony Hunter 2'/2'6""",,2980,Gayfields Tickety Boo,Sophia Sankowski,Casey Johns,,
33534,12049,213,"$100 Child Pony Hunter 2'/2'6""",1,1788,Confidentially,Lucy Wexler,Lakeview Farm,0.00,$30
33534,12049,213,"$100 Child Pony Hunter 2'/2'6""",2,1544,Prince Henry,Jackson Callahan,"Greystone Equine, Inc.",0.00,$22
33534,12049,213,"$100 Child Pony Hunter 2'/2'6""",3,2137,Falling Moon Front Page,Kennedy Kluber,Kennedy Kluber,0.00,$15
33534,12049,213,"$100 Child Pony Hunter 2'/2'6""",4,1871,Cherrybrook Valentino,Shelby Romp,Shelby Romp,0.00,$12
33534,12049,213,"$100 Child Pony Hunter 2'/2'6""",5,2980,Gayfields Tickety Boo,Sophia Sankowski,Casey Johns,0.00,$11
33534,12049,213,"$100 Child Pony Hunter 2'/2'6""",6,1487,Annandale Sherlock,Linden Nguyen,Linden Nguyen,0.00,$10
33534,12049,213,"$100 Child Pony Hunter 2'/2'6""",,1575,Bellefour's Steel Fox,Marlow Rickun,Marlow Rickun,,
33535,12049,214,"$50 Child Pony Hunter 2'/2'6"" U/S",1,1487,Annandale Sherlock,Linden Nguyen,Linden Nguyen,,$15
33535,12049,214,"$50 Child Pony Hunter 2'/2'6"" U/S",2,1871,Cherrybrook Valentino,Shelby Romp,Shelby Romp,,$11
33535,12049,214,"$50 Child Pony Hunter 2'/2'6"" U/S",3,2980,Gayfields Tickety Boo,Sophia Sankowski,Casey Johns,,$7.5
33535,12049,214,"$50 Child Pony Hunter 2'/2'6"" U/S",4,1544,Prince Henry,Jackson Callahan,"Greystone Equine, Inc.",,$6
33535,12049,214,"$50 Child Pony Hunter 2'/2'6"" U/S",5,2137,Falling Moon Front Page,Kennedy Kluber,Kennedy Kluber,,$5.5
33535,12049,214,"$50 Child Pony Hunter 2'/2'6"" U/S",6,1575,Bellefour's Steel Fox,Marlow Rickun,Marlow Rickun,,$5
33535,12049,214,"$50 Child Pony Hunter 2'/2'6"" U/S",7,1788,Confidentially,Lucy Wexler,Lakeview Farm,,
28994,10519,220,$300 Adult Hunter 18-35 3',1,3030,Missy Vd Vosberg,Seanna Reser,Surya Ravi,77.00,$90
28994,10519,220,$300 Adult Hunter 18-35 3',2,2819,Mattador,Allison Beck,Mybailey Properies LLC,76.25,$66
28994,10519,220,$300 Adult Hunter 18-35 3',3,2366,Kandoo Pj,Maurah Burkholder,Equestrian Dreams LLC,76.00,$45
28994,10519,220,$300 Adult Hunter 18-35 3',4,1221,Kobalt Des Vk,Mackenzie R. McGehee,Mackenzie R. McGehee,74.00,$36
28994,10519,220,$300 Adult Hunter 18-35 3',5,1191,Wordsmith,Heidi White,Allison Wise,70.00,$33
28994,10519,220,$300 Adult Hunter 18-35 3',6,1927,Hicorino,Brooke Borges,Ann Fletcher Easley,67.00,$30
28994,10519,220,$300 Adult Hunter 18-35 3',7,1933,Caligua,Janie Stevenson,Janie Stevenson,66.00,
28994,10519,220,$300 Adult Hunter 18-35 3',8,3167,Sunday Rose,Shiloh Roseboom,Ashley Pysarevska,64.00,
28994,10519,220,$300 Adult Hunter 18-35 3',,1199,All Class,Samantha Delany,Samantha Delany,62.00,
28994,10519,220,$300 Adult Hunter 18-35 3',,1525,Checkmate,Gabriella Savettiere,Empire Lane LLC,38.00,
28994,10519,220,$300 Adult Hunter 18-35 3',,1576,Cadenza,Amelia Ruth,Amelia Ruth,30.00,
28994,10519,220,$300 Adult Hunter 18-35 3',,2668,Curtis 89,Josephine Demmo,Josephine Demmo,43.00,
28994,10519,220,$300 Adult Hunter 18-35 3',,3006,Surely,Audrey Turner,Abigail Huang,45.00,
28994,10519,220,$300 Adult Hunter 18-35 3',,3100,Navigator,Taylor Oakvik,Sandalwood Farms,50.00,
28995,10519,221,$300 Adult Hunter 18-35 (1st rnd Classic) 3',1,1191,Wordsmith,Heidi White,Allison Wise,83.50,$90
28995,10519,221,$300 Adult Hunter 18-35 (1st rnd Classic) 3',2,1576,Cadenza,Amelia Ruth,Amelia Ruth,82.50,$66
28995,10519,221,$300 Adult Hunter 18-35 (1st rnd Classic) 3',3,1525,Checkmate,Gabriella Savettiere,Empire Lane LLC,81.50,$45
28995,10519,221,$300 Adult Hunter 18-35 (1st rnd Classic) 3',4,3006,Surely,Audrey Turner,Abigail Huang,80.50,$36
28995,10519,221,$300 Adult Hunter 18-35 (1st rnd Classic) 3',5,1221,Kobalt Des Vk,Mackenzie R. McGehee,Mackenzie R. McGehee,80.00,$33
28995,10519,221,$300 Adult Hunter 18-35 (1st rnd Classic) 3',6,3100,Navigator,Taylor Oakvik,Sandalwood Farms,79.00,$30
28995,10519,221,$300 Adult Hunter 18-35 (1st rnd Classic) 3',7,2366,Kandoo Pj,Maurah Burkholder,Equestrian Dreams LLC,77.00,
28995,10519,221,$300 Adult Hunter 18-35 (1st rnd Classic) 3',8,3030,Missy Vd Vosberg,Seanna Reser,Surya Ravi,76.00,
28995,10519,221,$300 Adult Hunter 18-35 (1st rnd Classic) 3',,1199,All Class,Samantha Delany,Samantha Delany,62.00,
28995,10519,221,$300 Adult Hunter 18-35 (1st rnd Classic) 3',,1927,Hicorino,Brooke Borges,Ann Fletcher Easley,67.00,
28995,10519,221,$300 Adult Hunter 18-35 (1st rnd Classic) 3',,1933,Caligua,Janie Stevenson,Janie Stevenson,70.00,
28995,10519,221,$300 Adult Hunter 18-35 (1st rnd Classic) 3',,2668,Curtis 89,Josephine Demmo,Josephine Demmo,68.00,
28995,10519,221,$300 Adult Hunter 18-35 (1st rnd Classic) 3',,2819,Mattador,Allison Beck,Mybailey Properies LLC,66.00,
28995,10519,221,$300 Adult Hunter 18-35 (1st rnd Classic) 3',,3167,Sunday Rose,Shiloh Roseboom,Ashley Pysarevska,46.00,
28996,10519,222,$300 Adult Hunter 18-35 3',1,3167,Sunday Rose,Shiloh Roseboom,Ashley Pysarevska,85.00,$90
28996,10519,222,$300 Adult Hunter 18-35 3',2,1191,Wordsmith,Heidi White,Allison Wise,84.00,$66
28996,10519,222,$300 Adult Hunter 18-35 3',3,3030,Missy Vd Vosberg,Seanna Reser,Surya Ravi,82.00,$45
28996,10519,222,$300 Adult Hunter 18-35 3',4,2668,Curtis 89,Josephine Demmo,Josephine Demmo,81.00,$36
28996,10519,222,$300 Adult Hunter 18-35 3',5,2819,Mattador,Allison Beck,Mybailey Properies LLC,79.00,$33
28996,10519,222,$300 Adult Hunter 18-35 3',6,2366,Kandoo Pj,Maurah Burkholder,Equestrian Dreams LLC,77.00,$30
28996,10519,222,$300 Adult Hunter 18-35 3',7,1927,Hicorino,Brooke Borges,Ann Fletcher Easley,75.00,
28996,10519,222,$300 Adult Hunter 18-35 3',8,1221,Kobalt Des Vk,Mackenzie R. McGehee,Mackenzie R. McGehee,73.00,
28996,10519,222,$300 Adult Hunter 18-35 3',,1199,All Class,Samantha Delany,Samantha Delany,70.00,
28996,10519,222,$300 Adult Hunter 18-35 3',,1525,Checkmate,Gabriella Savettiere,Empire Lane LLC,72.00,
28996,10519,222,$300 Adult Hunter 18-35 3',,1576,Cadenza,Amelia Ruth,Amelia Ruth,0.00,
28996,10519,222,$300 Adult Hunter 18-35 3',,1933,Caligua,Janie Stevenson,Janie Stevenson,0.00,
28996,10519,222,$300 Adult Hunter 18-35 3',,3006,Surely,Audrey Turner,Abigail Huang,71.00,
28996,10519,222,$300 Adult Hunter 18-35 3',,3100,Navigator,Taylor Oakvik,Sandalwood Farms,68.00,
28998,10519,223,$300 Adult Hunter 18-35 3',1,1191,Wordsmith,Heidi White,Allison Wise,86.00,$90
28998,10519,223,$300 Adult Hunter 18-35 3',2,3167,Sunday Rose,Shiloh Roseboom,Ashley Pysarevska,84.00,$66
28998,10519,223,$300 Adult Hunter 18-35 3',3,1933,Caligua,Janie Stevenson,Janie Stevenson,83.00,$45
28998,10519,223,$300 Adult Hunter 18-35 3',4,2668,Curtis 89,Josephine Demmo,Josephine Demmo,82.50,$36
28998,10519,223,$300 Adult Hunter 18-35 3',5,2366,Kandoo Pj,Maurah Burkholder,Equestrian Dreams LLC,82.00,$33
28998,10519,223,$300 Adult Hunter 18-35 3',6,3030,Missy Vd Vosberg,Seanna Reser,Surya Ravi,81.00,$30
28998,10519,223,$300 Adult Hunter 18-35 3',7,1221,Kobalt Des Vk,Mackenzie R. McGehee,Mackenzie R. McGehee,80.00,
28998,10519,223,$300 Adult Hunter 18-35 3',8,3006,Surely,Audrey Turner,Abigail Huang,77.00,
28998,10519,223,$300 Adult Hunter 18-35 3',,1199,All Class,Samantha Delany,Samantha Delany,68.00,
28998,10519,223,$300 Adult Hunter 18-35 3',,1525,Checkmate,Gabriella Savettiere,Empire Lane LLC,64.00,
28998,10519,223,$300 Adult Hunter 18-35 3',,1576,Cadenza,Amelia Ruth,Amelia Ruth,40.00,
28998,10519,223,$300 Adult Hunter 18-35 3',,1927,Hicorino,Brooke Borges,Ann Fletcher Easley,65.00,
28998,10519,223,$300 Adult Hunter 18-35 3',,2819,Mattador,Allison Beck,Mybailey Properies LLC,60.00,
28998,10519,223,$300 Adult Hunter 18-35 3',,3100,Navigator,Taylor Oakvik,Sandalwood Farms,67.00,
28999,10519,224,$200 Adult Hunter 18-35 U/S 3',1,3167,Sunday Rose,Shiloh Roseboom,Ashley Pysarevska,0.00,$60
28999,10519,224,$200 Adult Hunter 18-35 U/S 3',2,1191,Wordsmith,Heidi White,Allison Wise,0.00,$44
28999,10519,224,$200 Adult Hunter 18-35 U/S 3',3,1199,All Class,Samantha Delany,Samantha Delany,0.00,$30
28999,10519,224,$200 Adult Hunter 18-35 U/S 3',4,2819,Mattador,Allison Beck,Mybailey Properies LLC,0.00,$24
28999,10519,224,$200 Adult Hunter 18-35 U/S 3',5,1576,Cadenza,Amelia Ruth,Amelia Ruth,0.00,$22
28999,10519,224,$200 Adult Hunter 18-35 U/S 3',6,3006,Surely,Audrey Turner,Abigail Huang,0.00,$20
28999,10519,224,$200 Adult Hunter 18-35 U/S 3',7,1927,Hicorino,Brooke Borges,Ann Fletcher Easley,0.00,
28999,10519,224,$200 Adult Hunter 18-35 U/S 3',8,3030,Missy Vd Vosberg,Seanna Reser,Surya Ravi,0.00,
28999,10519,224,$200 Adult Hunter 18-35 U/S 3',,1221,Kobalt Des Vk,Mackenzie R. McGehee,Mackenzie R. McGehee,,
28999,10519,224,$200 Adult Hunter 18-35 U/S 3',,1933,Caligua,Janie Stevenson,Janie Stevenson,,
28999,10519,224,$200 Adult Hunter 18-35 U/S 3',,2668,Curtis 89,Josephine Demmo,Josephine Demmo,,
28999,10519,224,$200 Adult Hunter 18-35 U/S 3',,3100,Navigator,Taylor Oakvik,Sandalwood Farms,,
29000,10521,225,$300 Adult Hunter 36-54 3',1,1760,Pistachio,Tarrin Kirby,Tarrin Kirby,80.00,$90
29000,10521,225,$300 Adult Hunter 36-54 3',2,2723,Limitless,Stephanie King,Stephanie King,77.00,$66
29000,10521,225,$300 Adult Hunter 36-54 3',3,2724,Play Maker,Stephanie King,Stephanie King,73.00,$45
29000,10521,225,$300 Adult Hunter 36-54 3',4,2614,Naton Wi Ro Z,Laura Sherren,Laura Sherren,63.00,$36
29001,10521,226,$300 Adult Hunter 36-54(1st rnd Classic) 3',1,2723,Limitless,Stephanie King,Stephanie King,85.00,$90
29001,10521,226,$300 Adult Hunter 36-54(1st rnd Classic) 3',2,1760,Pistachio,Tarrin Kirby,Tarrin Kirby,81.00,$66
29001,10521,226,$300 Adult Hunter 36-54(1st rnd Classic) 3',3,2724,Play Maker,Stephanie King,Stephanie King,77.00,$45
29001,10521,226,$300 Adult Hunter 36-54(1st rnd Classic) 3',4,2614,Naton Wi Ro Z,Laura Sherren,Laura Sherren,64.00,$36
29002,10521,227,$300 Adult Hunter 36-54 3',1,1760,Pistachio,Tarrin Kirby,Tarrin Kirby,84.00,$90
29002,10521,227,$300 Adult Hunter 36-54 3',2,2723,Limitless,Stephanie King,Stephanie King,81.00,$66
29002,10521,227,$300 Adult Hunter 36-54 3',3,2614,Naton Wi Ro Z,Laura Sherren,Laura Sherren,67.00,$45
29003,10521,228,$300 Adult Hunter 36-54 3',1,2723,Limitless,Stephanie King,Stephanie King,83.00,$90
29003,10521,228,$300 Adult Hunter 36-54 3',2,2614,Naton Wi Ro Z,Laura Sherren,Laura Sherren,76.00,$66
29003,10521,228,$300 Adult Hunter 36-54 3',3,1760,Pistachio,Tarrin Kirby,Tarrin Kirby,62.00,$45
29004,10521,229,$200 Adult Hunter 36-54 U/S 3',1,1760,Pistachio,Tarrin Kirby,Tarrin Kirby,0.00,$60
29004,10521,229,$200 Adult Hunter 36-54 U/S 3',2,2724,Play Maker,Stephanie King,Stephanie King,0.00,$44
29004,10521,229,$200 Adult Hunter 36-54 U/S 3',3,2723,Limitless,Stephanie King,Stephanie King,0.00,$30
29004,10521,229,$200 Adult Hunter 36-54 U/S 3',4,2614,Naton Wi Ro Z,Laura Sherren,Laura Sherren,0.00,$24
29005,10522,230,$300 Adult Hunter 55+ 3',1,1080,Khinula Wb,Laura Linback,Woodrun,82.00,$90
29005,10522,230,$300 Adult Hunter 55+ 3',2,2847,Jurrney,Wendy B. Rice,Wendy B. Rice,72.00,$66
29005,10522,230,$300 Adult Hunter 55+ 3',3,1564,Mtm Silhouette,Leslie S. Prinz,Leslie S. Prinz,61.00,$45
29005,10522,230,$300 Adult Hunter 55+ 3',4,2032,Novel-T,Lee D. Cesery,Lee D. Cesery,60.00,$36
29005,10522,230,$300 Adult Hunter 55+ 3',5,2542,Sunkist,Holly K. Sims,Holly K. Sims,44.00,$33
29006,10522,231,$300 Adult Hunter 55+ (1st rnd Classic) 3',1,1080,Khinula Wb,Laura Linback,Woodrun,86.00,$90
29006,10522,231,$300 Adult Hunter 55+ (1st rnd Classic) 3',2,2847,Jurrney,Wendy B. Rice,Wendy B. Rice,84.00,$66
29006,10522,231,$300 Adult Hunter 55+ (1st rnd Classic) 3',3,1564,Mtm Silhouette,Leslie S. Prinz,Leslie S. Prinz,82.00,$45
29006,10522,231,$300 Adult Hunter 55+ (1st rnd Classic) 3',4,2032,Novel-T,Lee D. Cesery,Lee D. Cesery,40.00,$36
29006,10522,231,$300 Adult Hunter 55+ (1st rnd Classic) 3',,2542,Sunkist,Holly K. Sims,Holly K. Sims,0.00,
29007,10522,232,$300 Adult Hunter 55+ 3',1,2032,Novel-T,Lee D. Cesery,Lee D. Cesery,84.00,$90
29007,10522,232,$300 Adult Hunter 55+ 3',2,2542,Sunkist,Holly K. Sims,Holly K. Sims,83.00,$66
29007,10522,232,$300 Adult Hunter 55+ 3',3,1080,Khinula Wb,Laura Linback,Woodrun,82.00,$45
29007,10522,232,$300 Adult Hunter 55+ 3',4,2847,Jurrney,Wendy B. Rice,Wendy B. Rice,72.00,$36
29007,10522,232,$300 Adult Hunter 55+ 3',5,1564,Mtm Silhouette,Leslie S. Prinz,Leslie S. Prinz,65.00,$33
29008,10522,233,$300 Adult Hunter 55+ 3',1,1080,Khinula Wb,Laura Linback,Woodrun,88.00,$90
29008,10522,233,$300 Adult Hunter 55+ 3',2,2032,Novel-T,Lee D. Cesery,Lee D. Cesery,86.00,$66
29008,10522,233,$300 Adult Hunter 55+ 3',3,2542,Sunkist,Holly K. Sims,Holly K. Sims,82.00,$45
29008,10522,233,$300 Adult Hunter 55+ 3',4,2847,Jurrney,Wendy B. Rice,Wendy B. Rice,80.00,$36
29008,10522,233,$300 Adult Hunter 55+ 3',5,1564,Mtm Silhouette,Leslie S. Prinz,Leslie S. Prinz,72.00,$33
29009,10522,234,$200 Adult Hunter 55+ U/S 3',1,2032,Novel-T,Lee D. Cesery,Lee D. Cesery,0.00,$60
29009,10522,234,$200 Adult Hunter 55+ U/S 3',2,1080,Khinula Wb,Laura Linback,Woodrun,0.00,$44
29009,10522,234,$200 Adult Hunter 55+ U/S 3',3,1564,Mtm Silhouette,Leslie S. Prinz,Leslie S. Prinz,0.00,$30
29009,10522,234,$200 Adult Hunter 55+ U/S 3',4,2542,Sunkist,Holly K. Sims,Holly K. Sims,0.00,$24
29009,10522,234,$200 Adult Hunter 55+ U/S 3',5,2847,Jurrney,Wendy B. Rice,Wendy B. Rice,0.00,$22
29071,10438,245,"USHJA Hunter 3'3""",1,2329,Mtm Rico Suave,Tracy Fenney,Mtm Farm,83.00,
29071,10438,245,"USHJA Hunter 3'3""",2,1555,Katch Can-Do,Olivia Israel,Hill House Farm LLC,79.00,
29071,10438,245,"USHJA Hunter 3'3""",3,3022,Netezwiggy Vd Watermolen,Dorothy Douglas,"Yellowstone, LLC",75.00,
29071,10438,245,"USHJA Hunter 3'3""",4,2361,Casuall,John Michael Durr,Ava Hicks,73.00,
29071,10438,245,"USHJA Hunter 3'3""",5,1846,Carlos He’las,Evana Somareddy,Adair Moses,72.00,
29071,10438,245,"USHJA Hunter 3'3""",6,1183,Mastermind,Naomi Selleck,Naomi Selleck,70.00,
29071,10438,245,"USHJA Hunter 3'3""",7,2383,A La Quattro S,Vivian Heyer,Vivian Heyer,69.00,
29071,10438,245,"USHJA Hunter 3'3""",8,2867,Chef Special,Tracy Fenney,John R. French,68.00,
29071,10438,245,"USHJA Hunter 3'3""",,1564,Mtm Silhouette,Bowers A. Cone,Leslie S. Prinz,62.00,
29071,10438,245,"USHJA Hunter 3'3""",,1749,Coffee,Kirsten L. Malacarne,Kirsten L. Malacarne,65.00,
29071,10438,245,"USHJA Hunter 3'3""",,1876,Churchill Blue,Dorothy Douglas,"Rpw Show Horses, LLC",45.00,
29071,10438,245,"USHJA Hunter 3'3""",,2182,Outlaw,Robert P. Stucky,Isabella Agliano,60.00,
29071,10438,245,"USHJA Hunter 3'3""",,2720,Espresso,Molly Frei,Frei Equestrian LLC,66.00,
29072,10438,246,"USHJA Hunter 3'3""",1,1564,Mtm Silhouette,Bowers A. Cone,Leslie S. Prinz,79.00,
29072,10438,246,"USHJA Hunter 3'3""",2,1876,Churchill Blue,Reagan Williams,"Rpw Show Horses, LLC",78.50,
29072,10438,246,"USHJA Hunter 3'3""",3,2182,Outlaw,Robert P. Stucky,Isabella Agliano,78.00,
29072,10438,246,"USHJA Hunter 3'3""",4,1846,Carlos He’las,Evana Somareddy,Adair Moses,77.00,
29072,10438,246,"USHJA Hunter 3'3""",5,2361,Casuall,John Michael Durr,Ava Hicks,75.00,
29072,10438,246,"USHJA Hunter 3'3""",6,1749,Coffee,Kirsten L. Malacarne,Kirsten L. Malacarne,70.00,
29072,10438,246,"USHJA Hunter 3'3""",7,1555,Katch Can-Do,Olivia Israel,Hill House Farm LLC,68.00,
29072,10438,246,"USHJA Hunter 3'3""",8,2383,A La Quattro S,Vivian Heyer,Vivian Heyer,65.00,
29072,10438,246,"USHJA Hunter 3'3""",,1183,Mastermind,Naomi Selleck,Naomi Selleck,45.00,
29072,10438,246,"USHJA Hunter 3'3""",,1576,Cadenza,Kelsey Duffy,Amelia Ruth,35.00,
29072,10438,246,"USHJA Hunter 3'3""",,2720,Espresso,Molly Frei,Frei Equestrian LLC,60.00,
29074,10438,247,"USHJA Hunter 3'3""",1,2705,Nitemoves,Hayley G. Waters Wear,Mr. & Mrs. Chuck Waters,88.00,
29074,10438,247,"USHJA Hunter 3'3""",2,2182,Outlaw,Robert P. Stucky,Isabella Agliano,86.00,
29074,10438,247,"USHJA Hunter 3'3""",3,1028,Forte,Carsyn Korotkin,"Castlewood Farm, Inc.",82.00,
29074,10438,247,"USHJA Hunter 3'3""",4,1564,Mtm Silhouette,Bowers A. Cone,Leslie S. Prinz,81.50,
29074,10438,247,"USHJA Hunter 3'3""",5,2703,Genuine,Hayley G. Waters Wear,Mr. & Mrs. Chuck Waters,81.00,
29074,10438,247,"USHJA Hunter 3'3""",6,2614,Naton Wi Ro Z,Jessica Cross,Laura Sherren,80.00,
29074,10438,247,"USHJA Hunter 3'3""",7,2329,Mtm Rico Suave,Tracy Fenney,Mtm Farm,79.00,
29074,10438,247,"USHJA Hunter 3'3""",8,2701,Bull Run's Luminous,Hayley G. Waters Wear,Mr. & Mrs. Chuck Waters,78.00,
29074,10438,247,"USHJA Hunter 3'3""",,1031,Hurricane,Taylor Oakvik,Cavalieres Sporthorses LLC,76.00,
29074,10438,247,"USHJA Hunter 3'3""",,1043,Markanto A,Carsyn Korotkin,"Castlewood Farm, Inc.",76.50,
29074,10438,247,"USHJA Hunter 3'3""",,1183,Mastermind,Naomi Selleck,Naomi Selleck,75.00,
29074,10438,247,"USHJA Hunter 3'3""",,1185,Macallan,Reagan Brown,Reagan Brown,0.00,
29074,10438,247,"USHJA Hunter 3'3""",,1525,Checkmate,Gabriella Savettiere,Empire Lane LLC,40.00,
29074,10438,247,"USHJA Hunter 3'3""",,1555,Katch Can-Do,Olivia Israel,Hill House Farm LLC,43.00,
29074,10438,247,"USHJA Hunter 3'3""",,1576,Cadenza,Kelsey Duffy,Amelia Ruth,44.00,
29074,10438,247,"USHJA Hunter 3'3""",,1749,Coffee,Kirsten L. Malacarne,Kirsten L. Malacarne,77.00,
29074,10438,247,"USHJA Hunter 3'3""",,2361,Casuall,John Michael Durr,Ava Hicks,45.00,
29074,10438,247,"USHJA Hunter 3'3""",,2383,A La Quattro S,Vivian Heyer,Vivian Heyer,68.00,
29074,10438,247,"USHJA Hunter 3'3""",,2720,Espresso,Molly Frei,Frei Equestrian LLC,74.00,
29074,10438,247,"USHJA Hunter 3'3""",,2867,Chef Special,Tracy Fenney,John R. French,73.00,
29075,10438,248,"USHJA Hunter 3'3""",1,2182,Outlaw,Robert P. Stucky,Isabella Agliano,89.00,
29075,10438,248,"USHJA Hunter 3'3""",2,2705,Nitemoves,Hayley G. Waters Wear,Mr. & Mrs. Chuck Waters,88.00,
29075,10438,248,"USHJA Hunter 3'3""",3,2701,Bull Run's Luminous,Hayley G. Waters Wear,Mr. & Mrs. Chuck Waters,83.00,
29075,10438,248,"USHJA Hunter 3'3""",4,1564,Mtm Silhouette,Bowers A. Cone,Leslie S. Prinz,80.00,
29075,10438,248,"USHJA Hunter 3'3""",5,2383,A La Quattro S,Vivian Heyer,Vivian Heyer,79.00,
29075,10438,248,"USHJA Hunter 3'3""",6,2361,Casuall,John Michael Durr,Ava Hicks,77.00,
29075,10438,248,"USHJA Hunter 3'3""",7,1043,Markanto A,Carsyn Korotkin,"Castlewood Farm, Inc.",76.50,
29075,10438,248,"USHJA Hunter 3'3""",8,1028,Forte,Carsyn Korotkin,"Castlewood Farm, Inc.",76.00,
29075,10438,248,"USHJA Hunter 3'3""",,1031,Hurricane,Taylor Oakvik,Cavalieres Sporthorses LLC,66.00,
29075,10438,248,"USHJA Hunter 3'3""",,1183,Mastermind,Naomi Selleck,Naomi Selleck,75.50,
29075,10438,248,"USHJA Hunter 3'3""",,1185,Macallan,Reagan Brown,Reagan Brown,68.00,
29075,10438,248,"USHJA Hunter 3'3""",,1525,Checkmate,Gabriella Savettiere,Empire Lane LLC,44.00,
29075,10438,248,"USHJA Hunter 3'3""",,1555,Katch Can-Do,Olivia Israel,Hill House Farm LLC,74.00,
29075,10438,248,"USHJA Hunter 3'3""",,1576,Cadenza,Kelsey Duffy,Amelia Ruth,46.00,
29075,10438,248,"USHJA Hunter 3'3""",,1749,Coffee,Kirsten L. Malacarne,Kirsten L. Malacarne,75.00,
29075,10438,248,"USHJA Hunter 3'3""",,2614,Naton Wi Ro Z,Jessica Cross,Laura Sherren,45.00,
29075,10438,248,"USHJA Hunter 3'3""",,2703,Genuine,Hayley G. Waters Wear,Mr. & Mrs. Chuck Waters,39.00,
29076,10438,249,"USHJA Hunter 3'3"" U/S",1,2361,Casuall,John Michael Durr,Ava Hicks,0.00,
29076,10438,249,"USHJA Hunter 3'3"" U/S",2,1185,Macallan,Reagan Brown,Reagan Brown,0.00,
29076,10438,249,"USHJA Hunter 3'3"" U/S",3,1576,Cadenza,Kelsey Duffy,Amelia Ruth,0.00,
29076,10438,249,"USHJA Hunter 3'3"" U/S",4,2182,Outlaw,Robert P. Stucky,Isabella Agliano,0.00,
29041,10535,250,Future Hunter 2',1,1491,Dunkin Donuts,Katherine Addington,Canterbury Farm,,
29041,10535,250,Future Hunter 2',2,1497,True Love's Kiss,Katherine Addington,Caitlin Weaver,,
29041,10535,250,Future Hunter 2',3,1543,Ironclad's Fairmont,Randi Callahan,Jacaranda Farms LLC,,
29041,10535,250,Future Hunter 2',4,1881,Bff Signatures Holy Ghost,Alyson Jones,Kim Taylor,,
29041,10535,250,Future Hunter 2',,2110,Forget Me Not,Annaliz Alberts,"Capall Stables, LLC",,
29041,10535,250,Future Hunter 2',,2535,Lucky Lakota,Audrey Price,Guiliana Itzo,,
29042,10535,251,Future Hunter 2',1,1491,Dunkin Donuts,Katherine Addington,Canterbury Farm,,
29042,10535,251,Future Hunter 2',2,1497,True Love's Kiss,Katherine Addington,Caitlin Weaver,,
29042,10535,251,Future Hunter 2',3,1543,Ironclad's Fairmont,Randi Callahan,Jacaranda Farms LLC,,
29042,10535,251,Future Hunter 2',4,1881,Bff Signatures Holy Ghost,Alyson Jones,Kim Taylor,,
29042,10535,251,Future Hunter 2',5,2535,Lucky Lakota,Guiliana Itzo,Guiliana Itzo,,
29042,10535,251,Future Hunter 2',6,2110,Forget Me Not,Annaliz Alberts,"Capall Stables, LLC",,
29043,10535,252,Future Hunter 2',1,1497,True Love's Kiss,Katherine Addington,Caitlin Weaver,,
29043,10535,252,Future Hunter 2',2,1881,Bff Signatures Holy Ghost,Alyson Jones,Kim Taylor,,
29043,10535,252,Future Hunter 2',3,1543,Ironclad's Fairmont,Randi Callahan,Jacaranda Farms LLC,,
29043,10535,252,Future Hunter 2',4,2535,Lucky Lakota,Guiliana Itzo,Guiliana Itzo,,
29043,10535,252,Future Hunter 2',5,1491,Dunkin Donuts,Katherine Addington,Canterbury Farm,,
29043,10535,252,Future Hunter 2',,2110,Forget Me Not,Annaliz Alberts,"Capall Stables, LLC",,
29043,10535,252,Future Hunter 2',,2625,Pie In The Sky,Ella Clark,Ally Tyre,,
29044,10535,253,Future Hunter 2',1,1497,True Love's Kiss,Katherine Addington,Caitlin Weaver,,
29044,10535,253,Future Hunter 2',2,1543,Ironclad's Fairmont,Randi Callahan,Jacaranda Farms LLC,,
29044,10535,253,Future Hunter 2',3,1881,Bff Signatures Holy Ghost,Alyson Jones,Kim Taylor,,
29044,10535,253,Future Hunter 2',4,1491,Dunkin Donuts,Katherine Addington,Canterbury Farm,,
29044,10535,253,Future Hunter 2',5,2535,Lucky Lakota,Guiliana Itzo,Guiliana Itzo,,
29044,10535,253,Future Hunter 2',6,2625,Pie In The Sky,Ella Clark,Ally Tyre,,
29044,10535,253,Future Hunter 2',,2110,Forget Me Not,Annaliz Alberts,"Capall Stables, LLC",,
29045,10535,254,Future Hunter 2' U/S,1,1491,Dunkin Donuts,Katherine Addington,Canterbury Farm,,
29045,10535,254,Future Hunter 2' U/S,2,1881,Bff Signatures Holy Ghost,Alyson Jones,Kim Taylor,,
29045,10535,254,Future Hunter 2' U/S,3,2625,Pie In The Sky,Ella Clark,Ally Tyre,,
29045,10535,254,Future Hunter 2' U/S,4,2110,Forget Me Not,Annaliz Alberts,"Capall Stables, LLC",,
29045,10535,254,Future Hunter 2' U/S,5,2535,Lucky Lakota,Guiliana Itzo,Guiliana Itzo,,
29051,10534,255,USHJA Hunter 2',1,2138,Madhappy,Joan V. Ehrhart,Allrsfarm LLC,,
29051,10534,255,USHJA Hunter 2',2,1496,Somermist Secret Admirer,Katherine Addington,Daniel King,,
29051,10534,255,USHJA Hunter 2',3,1489,Crown Ridge Footloose,Bay Hammer,Bibby F. Hill,,
29051,10534,255,USHJA Hunter 2',4,3038,Scarlett O'hara,Katherine Addington,James E. York,,
29051,10534,255,USHJA Hunter 2',5,1487,Annandale Sherlock,Katherine Addington,Linden Nguyen,,
29051,10534,255,USHJA Hunter 2',6,1509,Amuze Bouche,Wendy J. Hechler,Valentini Equestrian LLC,,
29051,10534,255,USHJA Hunter 2',7,1788,Confidentially,Charlotte Mack,Lakeview Farm,,
29051,10534,255,USHJA Hunter 2',8,2137,Falling Moon Front Page,Kennedy Kluber,Kennedy Kluber,,
29051,10534,255,USHJA Hunter 2',,1090,City Of Angels,Sabine Clark,Sabine Clark,,
29051,10534,255,USHJA Hunter 2',,1196,Carolina Bay,Emily Mckendry,Tonya Brown,,
29051,10534,255,USHJA Hunter 2',,1491,Dunkin Donuts,Katherine Addington,Canterbury Farm,,
29051,10534,255,USHJA Hunter 2',,1497,True Love's Kiss,Katherine Addington,Caitlin Weaver,,
29051,10534,255,USHJA Hunter 2',,1836,Cento Forever,Rebecca Warth,Pamela Mattel,,
29051,10534,255,USHJA Hunter 2',,2141,So Dashing,Joan V. Ehrhart,Sprucedale Inc,,
29051,10534,255,USHJA Hunter 2',,2386,Marvick,Sierra Montgomery,Kevin C. Eufemia,,
29051,10534,255,USHJA Hunter 2',,3033,Mr. Ed,Robert P. Stucky,Sharrone Peters,,
29052,10534,256,USHJA Hunter 2',1,1496,Somermist Secret Admirer,Katherine Addington,Daniel King,,
29052,10534,256,USHJA Hunter 2',2,3038,Scarlett O'hara,Katherine Addington,James E. York,,
29052,10534,256,USHJA Hunter 2',3,1487,Annandale Sherlock,Katherine Addington,Linden Nguyen,,
29052,10534,256,USHJA Hunter 2',4,1196,Carolina Bay,Emily Mckendry,Tonya Brown,,
29052,10534,256,USHJA Hunter 2',5,1489,Crown Ridge Footloose,Bay Hammer,Bibby F. Hill,,
29052,10534,256,USHJA Hunter 2',6,1836,Cento Forever,Rebecca Warth,Pamela Mattel,,
29052,10534,256,USHJA Hunter 2',7,2386,Marvick,Sierra Montgomery,Kevin C. Eufemia,,
29052,10534,256,USHJA Hunter 2',8,1090,City Of Angels,Sabine Clark,Sabine Clark,,
29052,10534,256,USHJA Hunter 2',,1491,Dunkin Donuts,Katherine Addington,Canterbury Farm,,
29052,10534,256,USHJA Hunter 2',,1509,Amuze Bouche,Annastasia Valentine,Valentini Equestrian LLC,,
29052,10534,256,USHJA Hunter 2',,1788,Confidentially,Charlotte Mack,Lakeview Farm,,
29052,10534,256,USHJA Hunter 2',,2141,So Dashing,Joan V. Ehrhart,Sprucedale Inc,,
29052,10534,256,USHJA Hunter 2',,3033,Mr. Ed,Robert P. Stucky,Sharrone Peters,,
29053,10534,257,USHJA Hunter 2',1,1496,Somermist Secret Admirer,Katherine Addington,Daniel King,,
29053,10534,257,USHJA Hunter 2',2,3038,Scarlett O'hara,Katherine Addington,James E. York,,
29053,10534,257,USHJA Hunter 2',3,2141,So Dashing,Joan V. Ehrhart,Sprucedale Inc,,
29053,10534,257,USHJA Hunter 2',4,2626,Quicksilver Hercules,Ella Clark,Piper Wise,,
29053,10534,257,USHJA Hunter 2',5,2386,Marvick,Sierra Montgomery,Kevin C. Eufemia,,
29053,10534,257,USHJA Hunter 2',6,2137,Falling Moon Front Page,Kennedy Kluber,Kennedy Kluber,,
29053,10534,257,USHJA Hunter 2',7,1836,Cento Forever,Pamela Mattel,Pamela Mattel,,
29053,10534,257,USHJA Hunter 2',8,1871,Cherrybrook Valentino,Olivia Johnson,Shelby Romp,,
29053,10534,257,USHJA Hunter 2',,1090,City Of Angels,Sabine Clark,Sabine Clark,,
29053,10534,257,USHJA Hunter 2',,1093,Worth The Wait,Kennedy Morrison,Faith E. Harrell,,
29053,10534,257,USHJA Hunter 2',,1202,Quizmaster,Lainey Lovell,Kacey Conway,,
29053,10534,257,USHJA Hunter 2',,1487,Annandale Sherlock,Katherine Addington,Linden Nguyen,,
29053,10534,257,USHJA Hunter 2',,1491,Dunkin Donuts,Katherine Addington,Canterbury Farm,,
29053,10534,257,USHJA Hunter 2',,1497,True Love's Kiss,Katherine Addington,Caitlin Weaver,,
29053,10534,257,USHJA Hunter 2',,1554,Going Global,Lindsay Meyer,Kendall Lacy,,
29053,10534,257,USHJA Hunter 2',,1874,Icandy,Olivia Johnson,Ariel J. Fletcher,,
29053,10534,257,USHJA Hunter 2',,1881,Bff Signatures Holy Ghost,Alyson Jones,Kim Taylor,,
29053,10534,257,USHJA Hunter 2',,2138,Madhappy,Joan V. Ehrhart,Allrsfarm LLC,,
29053,10534,257,USHJA Hunter 2',,2387,Winterfells Castle Black,Grace Harrison,Sierra Montgomery,,
29053,10534,257,USHJA Hunter 2',,2392,Lady Glitter Sparkles,Cassie Gil,Cassie Gil,,
29053,10534,257,USHJA Hunter 2',,2522,Remix De Ganad,Wendell Abraham,Mad Maple Farm LLC,,
29053,10534,257,USHJA Hunter 2',,2661,Ustina,Isaac Leffkowitz,Isaac Leffkowitz,,
29053,10534,257,USHJA Hunter 2',,2838,Delisa Gp,Elaina Davis,T.e.k. Show Horses LLC,,
29053,10534,257,USHJA Hunter 2',,3033,Mr. Ed,Robert P. Stucky,Sharrone Peters,,
29054,10534,258,USHJA Hunter 2',1,3038,Scarlett O'hara,Katherine Addington,James E. York,,
29054,10534,258,USHJA Hunter 2',2,2141,So Dashing,Joan V. Ehrhart,Sprucedale Inc,,
29054,10534,258,USHJA Hunter 2',3,2138,Madhappy,Joan V. Ehrhart,Allrsfarm LLC,,
29054,10534,258,USHJA Hunter 2',4,2386,Marvick,Sierra Montgomery,Kevin C. Eufemia,,
29054,10534,258,USHJA Hunter 2',5,2387,Winterfells Castle Black,Grace Harrison,Sierra Montgomery,,
29054,10534,258,USHJA Hunter 2',6,2626,Quicksilver Hercules,Ella Clark,Piper Wise,,
29054,10534,258,USHJA Hunter 2',7,1836,Cento Forever,Pamela Mattel,Pamela Mattel,,
29054,10534,258,USHJA Hunter 2',8,1874,Icandy,Olivia Johnson,Ariel J. Fletcher,,
29054,10534,258,USHJA Hunter 2',,1090,City Of Angels,Sabine Clark,Sabine Clark,,
29054,10534,258,USHJA Hunter 2',,1093,Worth The Wait,Kennedy Morrison,Faith E. Harrell,,
29054,10534,258,USHJA Hunter 2',,1202,Quizmaster,Lainey Lovell,Kacey Conway,,
29054,10534,258,USHJA Hunter 2',,1487,Annandale Sherlock,Katherine Addington,Linden Nguyen,,
29054,10534,258,USHJA Hunter 2',,1491,Dunkin Donuts,Katherine Addington,Canterbury Farm,,
29054,10534,258,USHJA Hunter 2',,1871,Cherrybrook Valentino,Olivia Johnson,Shelby Romp,,
29054,10534,258,USHJA Hunter 2',,2137,Falling Moon Front Page,Kennedy Kluber,Kennedy Kluber,,
29054,10534,258,USHJA Hunter 2',,2392,Lady Glitter Sparkles,Cassie Gil,Cassie Gil,,
29054,10534,258,USHJA Hunter 2',,2522,Remix De Ganad,Wendell Abraham,Mad Maple Farm LLC,,
29054,10534,258,USHJA Hunter 2',,2661,Ustina,Isaac Leffkowitz,Isaac Leffkowitz,,
29054,10534,258,USHJA Hunter 2',,2838,Delisa Gp,Elaina Davis,T.e.k. Show Horses LLC,,
29054,10534,258,USHJA Hunter 2',,3033,Mr. Ed,Robert P. Stucky,Sharrone Peters,,
29055,10534,259,USHJA Hunter 2 U/S,1,1496,Somermist Secret Admirer,Linden Nguyen,Daniel King,,
29055,10534,259,USHJA Hunter 2 U/S,2,3038,Scarlett O'hara,Katherine Addington,James E. York,,
29055,10534,259,USHJA Hunter 2 U/S,3,3033,Mr. Ed,Robert P. Stucky,Sharrone Peters,,
29055,10534,259,USHJA Hunter 2 U/S,4,2141,So Dashing,Joan V. Ehrhart,Sprucedale Inc,,
29055,10534,259,USHJA Hunter 2 U/S,5,1881,Bff Signatures Holy Ghost,Alyson Jones,Kim Taylor,,
29055,10534,259,USHJA Hunter 2 U/S,6,2138,Madhappy,Jane C. Ehrhart,Allrsfarm LLC,,
29055,10534,259,USHJA Hunter 2 U/S,7,2626,Quicksilver Hercules,Ella Clark,Piper Wise,,
29055,10534,259,USHJA Hunter 2 U/S,8,2386,Marvick,Sierra Montgomery,Kevin C. Eufemia,,
29055,10534,259,USHJA Hunter 2 U/S,,1491,Dunkin Donuts,Katherine Addington,Canterbury Farm,,
29055,10534,259,USHJA Hunter 2 U/S,,2110,Forget Me Not,Annaliz Alberts,"Capall Stables, LLC",,
29055,10534,259,USHJA Hunter 2 U/S,,2387,Winterfells Castle Black,Grace Harrison,Sierra Montgomery,,
29055,10534,259,USHJA Hunter 2 U/S,,2535,Lucky Lakota,Guiliana Itzo,Guiliana Itzo,,
29055,10534,259,USHJA Hunter 2 U/S,,2625,Pie In The Sky,Ella Clark,Ally Tyre,,
29055,10534,259,USHJA Hunter 2 U/S,,2838,Delisa Gp,Elaina Davis,T.e.k. Show Horses LLC,,
29056,10441,260,"USHJA Hunter 2'3""",1,2183,Follow Me Home,Caitlin Maloney,Louise L. Petz,,
29056,10441,260,"USHJA Hunter 2'3""",2,1495,Parade,Devin A. Seek,Wild Sky Farm,,
29056,10441,260,"USHJA Hunter 2'3""",3,1498,Untitled,Katherine Addington,Wild Sky Farm,,
29056,10441,260,"USHJA Hunter 2'3""",4,1966,Carli De Sabette,Vannakay Hurnevich,Vannakay Hurnevich,,
29056,10441,260,"USHJA Hunter 2'3""",5,1029,Halo,Kate Marisch,Kate Marisch,,
29056,10441,260,"USHJA Hunter 2'3""",6,2391,Benlea Magic Dragon,Noemi Varela,Tartan Equestrian,,
29056,10441,260,"USHJA Hunter 2'3""",7,2973,Khan Of Ballmore,Mari Gromkowski,Angela R. Calkins,,
29056,10441,260,"USHJA Hunter 2'3""",8,1027,Fort Knox,Lainey Posa,Jessica Heap,,
29056,10441,260,"USHJA Hunter 2'3""",,1509,Amuze Bouche,Wendy J. Hechler,Valentini Equestrian LLC,,
29056,10441,260,"USHJA Hunter 2'3""",,1554,Going Global,Lindsay Meyer,Kendall Lacy,,
29056,10441,260,"USHJA Hunter 2'3""",,2390,Poptart,Jessica Heap,Jessica Heap,,
29057,10441,261,"USHJA Hunter 2'3""",1,1498,Untitled,Katherine Addington,Wild Sky Farm,,
29057,10441,261,"USHJA Hunter 2'3""",2,2183,Follow Me Home,Caitlin Maloney,Louise L. Petz,,
29057,10441,261,"USHJA Hunter 2'3""",3,1495,Parade,Devin A. Seek,Wild Sky Farm,,
29057,10441,261,"USHJA Hunter 2'3""",4,1966,Carli De Sabette,Vannakay Hurnevich,Vannakay Hurnevich,,
29057,10441,261,"USHJA Hunter 2'3""",5,1509,Amuze Bouche,Wendy J. Hechler,Valentini Equestrian LLC,,
29057,10441,261,"USHJA Hunter 2'3""",6,2391,Benlea Magic Dragon,Noemi Varela,Tartan Equestrian,,
29057,10441,261,"USHJA Hunter 2'3""",7,2390,Poptart,Jessica Heap,Jessica Heap,,
29057,10441,261,"USHJA Hunter 2'3""",8,1027,Fort Knox,Jessica Heap,Jessica Heap,,
29057,10441,261,"USHJA Hunter 2'3""",,1554,Going Global,Lindsay Meyer,Kendall Lacy,,
29057,10441,261,"USHJA Hunter 2'3""",,2973,Khan Of Ballmore,Angela R. Calkins,Angela R. Calkins,,
29058,10441,262,"USHJA Hunter 2'3""",1,2141,So Dashing,Jane C. Ehrhart,Sprucedale Inc,,
29058,10441,262,"USHJA Hunter 2'3""",2,2138,Madhappy,Joan V. Ehrhart,Allrsfarm LLC,,
29058,10441,262,"USHJA Hunter 2'3""",3,1495,Parade,Devin A. Seek,Wild Sky Farm,,
29058,10441,262,"USHJA Hunter 2'3""",4,1498,Untitled,Katherine Addington,Wild Sky Farm,,
29058,10441,262,"USHJA Hunter 2'3""",5,2973,Khan Of Ballmore,Mari Gromkowski,Angela R. Calkins,,
29058,10441,262,"USHJA Hunter 2'3""",6,2183,Follow Me Home,Caitlin Maloney,Louise L. Petz,,
29058,10441,262,"USHJA Hunter 2'3""",7,1966,Carli De Sabette,Maya Fischl,Vannakay Hurnevich,,
29058,10441,262,"USHJA Hunter 2'3""",8,1554,Going Global,Lindsay Meyer,Kendall Lacy,,
29058,10441,262,"USHJA Hunter 2'3""",,2391,Benlea Magic Dragon,Noemi Varela,Tartan Equestrian,,
29058,10441,262,"USHJA Hunter 2'3""",,2730,Striking Elsa,Phillipa Greenberg,Jennifer Phethean,,
29059,10441,263,"USHJA Hunter 2'3""",1,2141,So Dashing,Jane C. Ehrhart,Sprucedale Inc,,
29059,10441,263,"USHJA Hunter 2'3""",2,2973,Khan Of Ballmore,Angela R. Calkins,Angela R. Calkins,,
29059,10441,263,"USHJA Hunter 2'3""",3,1495,Parade,Devin A. Seek,Wild Sky Farm,,
29059,10441,263,"USHJA Hunter 2'3""",4,1498,Untitled,Katherine Addington,Wild Sky Farm,,
29059,10441,263,"USHJA Hunter 2'3""",5,1966,Carli De Sabette,Maya Fischl,Vannakay Hurnevich,,
29059,10441,263,"USHJA Hunter 2'3""",6,2183,Follow Me Home,Caitlin Maloney,Louise L. Petz,,
29059,10441,263,"USHJA Hunter 2'3""",7,2730,Striking Elsa,Jennifer Phethean,Jennifer Phethean,,
29059,10441,263,"USHJA Hunter 2'3""",8,1554,Going Global,Lindsay Meyer,Kendall Lacy,,
29059,10441,263,"USHJA Hunter 2'3""",,2391,Benlea Magic Dragon,Noemi Varela,Tartan Equestrian,,
29060,10441,264,"USHJA Hunter 2'3"" U/S",1,2141,So Dashing,Jane C. Ehrhart,Sprucedale Inc,,
29060,10441,264,"USHJA Hunter 2'3"" U/S",2,2607,Santino,Jasmine Walsh,Jole Kosloske,,
29060,10441,264,"USHJA Hunter 2'3"" U/S",3,1495,Parade,Devin A. Seek,Wild Sky Farm,,
29060,10441,264,"USHJA Hunter 2'3"" U/S",4,2183,Follow Me Home,Caitlin Maloney,Louise L. Petz,,
29060,10441,264,"USHJA Hunter 2'3"" U/S",5,2138,Madhappy,Joan V. Ehrhart,Allrsfarm LLC,,
29060,10441,264,"USHJA Hunter 2'3"" U/S",6,2391,Benlea Magic Dragon,Noemi Varela,Tartan Equestrian,,
29060,10441,264,"USHJA Hunter 2'3"" U/S",,1498,Untitled,Katherine Addington,Wild Sky Farm,,
29061,10533,265,"USHJA Hunter 2'6""",1,1301,Quatro,Lanie Nash,Jackie Sawyer,,
29061,10533,265,"USHJA Hunter 2'6""",2,1493,Lyon,Katherine Addington,Elevated Performance Horses LLC,,
29061,10533,265,"USHJA Hunter 2'6""",3,2161,Astronaut H Z,Teresa Pompay,Teresa Pompay,,
29061,10533,265,"USHJA Hunter 2'6""",4,1924,Argento 2,Aubrey Frank,Aubrey Frank,,
29061,10533,265,"USHJA Hunter 2'6""",5,2940,Obora’s Sandman,Marissa Creviston,"Alw Eq, LLC",,
29061,10533,265,"USHJA Hunter 2'6""",6,2610,Starridor,Charlotte H. Wiese,Stefano Baruzzo LLC,,
29061,10533,265,"USHJA Hunter 2'6""",7,1222,Ladies Night,Megan Wexler,Catherine Merrill,,
29061,10533,265,"USHJA Hunter 2'6""",8,1698,Orchard Hills Best Dressed,Ryan Haselden,Stephanie I Sakata,,
29061,10533,265,"USHJA Hunter 2'6""",,1458,Sweeter Than Fiction,Addy Dewalt,Addy Dewalt,,
29061,10533,265,"USHJA Hunter 2'6""",,1554,Going Global,Jenny Miller,Kendall Lacy,,
29061,10533,265,"USHJA Hunter 2'6""",,1748,Center Stage,Kirsten L. Malacarne,Catherine Souza,,
29061,10533,265,"USHJA Hunter 2'6""",,1983,Koh I Knoor,Natalie Johnson Russell,Issabella Malherbe,,
29061,10533,265,"USHJA Hunter 2'6""",,2097,Cleveland 42,Isaac Leffkowitz,Phillipa Greenberg,,
29061,10533,265,"USHJA Hunter 2'6""",,2099,Loire,Isaac Leffkowitz,Kelsie Brittan,,
29061,10533,265,"USHJA Hunter 2'6""",,2304,Camden Street,Phillipa Greenberg,Lana Tomlinson,,
29061,10533,265,"USHJA Hunter 2'6""",,2668,Curtis 89,Josephine Demmo,Josephine Demmo,,
29061,10533,265,"USHJA Hunter 2'6""",,2725,Coeur D'honneur,Jennifer Phethean,Jennifer Phethean,,
29061,10533,265,"USHJA Hunter 2'6""",,2937,Follow Me,Marissa Creviston,"Alw Eq, LLC",,
29061,10533,265,"USHJA Hunter 2'6""",,2974,St. Nick,Kalli Core,Vivian Downes,,
29061,10533,265,"USHJA Hunter 2'6""",,3034,Napoleon,Robert P. Stucky,Sharrone Peters,,
29062,10533,266,"USHJA Hunter 2'6""",1,1493,Lyon,Katherine Addington,Elevated Performance Horses LLC,,
29062,10533,266,"USHJA Hunter 2'6""",2,1554,Going Global,Jenny Miller,Kendall Lacy,,
29062,10533,266,"USHJA Hunter 2'6""",3,2940,Obora’s Sandman,Marissa Creviston,"Alw Eq, LLC",,
29062,10533,266,"USHJA Hunter 2'6""",4,1748,Center Stage,Kirsten L. Malacarne,Catherine Souza,,
29062,10533,266,"USHJA Hunter 2'6""",5,3034,Napoleon,Robert P. Stucky,Sharrone Peters,,
29062,10533,266,"USHJA Hunter 2'6""",6,2304,Camden Street,Phillipa Greenberg,Lana Tomlinson,,
29062,10533,266,"USHJA Hunter 2'6""",7,2937,Follow Me,Marissa Creviston,"Alw Eq, LLC",,
29062,10533,266,"USHJA Hunter 2'6""",8,1698,Orchard Hills Best Dressed,Ryan Haselden,Stephanie I Sakata,,
29062,10533,266,"USHJA Hunter 2'6""",,1222,Ladies Night,Megan Wexler,Catherine Merrill,,
29062,10533,266,"USHJA Hunter 2'6""",,1458,Sweeter Than Fiction,Addy Dewalt,Addy Dewalt,,
29062,10533,266,"USHJA Hunter 2'6""",,1924,Argento 2,Aubrey Frank,Aubrey Frank,,
29062,10533,266,"USHJA Hunter 2'6""",,1983,Koh I Knoor,Natalie Johnson Russell,Issabella Malherbe,,
29062,10533,266,"USHJA Hunter 2'6""",,2099,Loire,Isaac Leffkowitz,Kelsie Brittan,,
29062,10533,266,"USHJA Hunter 2'6""",,2610,Starridor,Charlotte H. Wiese,Stefano Baruzzo LLC,,
29062,10533,266,"USHJA Hunter 2'6""",,2668,Curtis 89,Josephine Demmo,Josephine Demmo,,
29062,10533,266,"USHJA Hunter 2'6""",,2725,Coeur D'honneur,Jennifer Phethean,Jennifer Phethean,,
29062,10533,266,"USHJA Hunter 2'6""",,2974,St. Nick,Kalli Core,Vivian Downes,,
29063,10533,267,"USHJA Hunter 2'6""",1,1493,Lyon,Katherine Addington,Elevated Performance Horses LLC,,
29063,10533,267,"USHJA Hunter 2'6""",2,2937,Follow Me,Marissa Creviston,"Alw Eq, LLC",,
29063,10533,267,"USHJA Hunter 2'6""",3,2940,Obora's Sandman,Marissa Creviston,"Alw Eq, LLC",,
29063,10533,267,"USHJA Hunter 2'6""",4,1983,Koh I Knoor,Natalie Johnson Russell,Issabella Malherbe,,
29063,10533,267,"USHJA Hunter 2'6""",5,1915,Fbf Sundrop,Stacy A. Ryback,Stacy A. Ryback,,
29063,10533,267,"USHJA Hunter 2'6""",6,1748,Center Stage,Kirsten L. Malacarne,Catherine Souza,,
29063,10533,267,"USHJA Hunter 2'6""",7,2021,Crescendo 55,Andrea Clark,Andrea Clark,,
29063,10533,267,"USHJA Hunter 2'6""",8,1838,Pursuit Of Honor,Josh Dolan,Shannon Mcmasters,,
29063,10533,267,"USHJA Hunter 2'6""",,1092,Over Ruled,Isabella Keyman,Jennie Keyman,,
29063,10533,267,"USHJA Hunter 2'6""",,1222,Ladies Night,Megan Wexler,Catherine Merrill,,
29063,10533,267,"USHJA Hunter 2'6""",,1554,Going Global,Jenny Miller,Kendall Lacy,,
29063,10533,267,"USHJA Hunter 2'6""",,1698,Orchard Hills Best Dressed,Ryan Haselden,Stephanie I Sakata,,
29063,10533,267,"USHJA Hunter 2'6""",,1924,Argento 2,Aubrey Frank,Aubrey Frank,,
29063,10533,267,"USHJA Hunter 2'6""",,2031,Menlo Park,Jake Evans,Margot Hirsch,,
29063,10533,267,"USHJA Hunter 2'6""",,2099,Loire,Isaac Leffkowitz,Kelsie Brittan,,
29063,10533,267,"USHJA Hunter 2'6""",,2567,Voyou De Tiji Z,Jamie Ricciardi,Jamie Ricciardi,,
29063,10533,267,"USHJA Hunter 2'6""",,2610,Starridor,Charlotte H. Wiese,Stefano Baruzzo LLC,,
29063,10533,267,"USHJA Hunter 2'6""",,2661,Ustina,Sage Bain,Isaac Leffkowitz,,
29063,10533,267,"USHJA Hunter 2'6""",,2668,Curtis 89,Josephine Demmo,Josephine Demmo,,
29063,10533,267,"USHJA Hunter 2'6""",,2725,Coeur D'honneur,Jennifer Phethean,Jennifer Phethean,,
29063,10533,267,"USHJA Hunter 2'6""",,2729,Clearville,Emily Kowit,T.e.k. Show Horses LLC,,
29063,10533,267,"USHJA Hunter 2'6""",,2974,St. Nick,Kalli Core,Vivian Downes,,
29063,10533,267,"USHJA Hunter 2'6""",,3034,Napoleon,Robert P. Stucky,Sharrone Peters,,
29064,10533,268,"USHJA Hunter 2'6""",1,1222,Ladies Night,Megan Wexler,Catherine Merrill,,
29064,10533,268,"USHJA Hunter 2'6""",2,1493,Lyon,Katherine Addington,Elevated Performance Horses LLC,,
29064,10533,268,"USHJA Hunter 2'6""",3,2021,Crescendo 55,Andrea Clark,Andrea Clark,,
29064,10533,268,"USHJA Hunter 2'6""",4,1983,Koh I Knoor,Natalie Johnson Russell,Issabella Malherbe,,
29064,10533,268,"USHJA Hunter 2'6""",5,1838,Pursuit Of Honor,Josh Dolan,Shannon Mcmasters,,
29064,10533,268,"USHJA Hunter 2'6""",6,1698,Orchard Hills Best Dressed,Ryan Haselden,Stephanie I Sakata,,
29064,10533,268,"USHJA Hunter 2'6""",7,2974,St. Nick,Kalli Core,Vivian Downes,,
29064,10533,268,"USHJA Hunter 2'6""",8,2668,Curtis 89,Josephine Demmo,Josephine Demmo,,
29064,10533,268,"USHJA Hunter 2'6""",,1092,Over Ruled,Isabella Keyman,Jennie Keyman,,
29064,10533,268,"USHJA Hunter 2'6""",,1915,Fbf Sundrop,Stacy A. Ryback,Stacy A. Ryback,,
29064,10533,268,"USHJA Hunter 2'6""",,1924,Argento 2,Aubrey Frank,Aubrey Frank,,
29064,10533,268,"USHJA Hunter 2'6""",,2031,Menlo Park,Jake Evans,Margot Hirsch,,
29064,10533,268,"USHJA Hunter 2'6""",,2099,Loire,Isaac Leffkowitz,Kelsie Brittan,,
29064,10533,268,"USHJA Hunter 2'6""",,2610,Starridor,Charlotte H. Wiese,Stefano Baruzzo LLC,,
29064,10533,268,"USHJA Hunter 2'6""",,2661,Ustina,Isaac Leffkowitz,Isaac Leffkowitz,,
29064,10533,268,"USHJA Hunter 2'6""",,2725,Coeur D'honneur,Jennifer Phethean,Jennifer Phethean,,
29064,10533,268,"USHJA Hunter 2'6""",,2729,Clearville,Emily Kowit,T.e.k. Show Horses LLC,,
29064,10533,268,"USHJA Hunter 2'6""",,2937,Follow Me,Marissa Creviston,"Alw Eq, LLC",,
29064,10533,268,"USHJA Hunter 2'6""",,2940,Obora's Sandman,Marissa Creviston,"Alw Eq, LLC",,
29064,10533,268,"USHJA Hunter 2'6""",,3034,Napoleon,Robert P. Stucky,Sharrone Peters,,
29065,10533,269,"USHJA Hunter 2'6"" U/S",1,2607,Santino,Jasmine Walsh,Jole Kosloske,,
29065,10533,269,"USHJA Hunter 2'6"" U/S",2,1222,Ladies Night,Megan Wexler,Catherine Merrill,,
29065,10533,269,"USHJA Hunter 2'6"" U/S",3,1493,Lyon,Katherine Addington,Elevated Performance Horses LLC,,
29065,10533,269,"USHJA Hunter 2'6"" U/S",4,1924,Argento 2,Aubrey Frank,Aubrey Frank,,
29065,10533,269,"USHJA Hunter 2'6"" U/S",5,1698,Orchard Hills Best Dressed,Ryan Haselden,Stephanie I Sakata,,
29065,10533,269,"USHJA Hunter 2'6"" U/S",6,1458,Sweeter Than Fiction,Addy Dewalt,Addy Dewalt,,
29065,10533,269,"USHJA Hunter 2'6"" U/S",7,3034,Napoleon,Robert P. Stucky,Sharrone Peters,,
29065,10533,269,"USHJA Hunter 2'6"" U/S",8,2304,Camden Street,Phillipa Greenberg,Lana Tomlinson,,
29065,10533,269,"USHJA Hunter 2'6"" U/S",,1983,Koh I Knoor,Natalie Johnson Russell,Issabella Malherbe,,
29065,10533,269,"USHJA Hunter 2'6"" U/S",,2725,Coeur D'honneur,Jennifer Phethean,Jennifer Phethean,,
29065,10533,269,"USHJA Hunter 2'6"" U/S",,2974,St. Nick,Kalli Core,Vivian Downes,,
29264,10532,270,"USHJA Hunter 2'9""",1,1453,Childhood Dream,Lanie Nash,Jackie Sawyer,,
29264,10532,270,"USHJA Hunter 2'9""",2,1049,Vote For Pedro,Carsyn Korotkin,Linda Lauper-Polk,,
29264,10532,270,"USHJA Hunter 2'9""",3,2943,Gladrags,Stephanie Frey,Leslie B. Kramer,,
29264,10532,270,"USHJA Hunter 2'9""",4,2820,Peyton Cm Kapade,Angelina M Palmeri,Angelina M Palmeri,,
29264,10532,270,"USHJA Hunter 2'9""",5,2978,Toussant,Helen Goddard,Laura V. Ganny,,
29264,10532,270,"USHJA Hunter 2'9""",6,2066,Red Admiral,Elizabeth C. de Golian,Eyckenhoeve Group Inc,,
29264,10532,270,"USHJA Hunter 2'9""",7,2623,Sophistakkato,Katherine Nunez,Katherine Nunez,,
29264,10532,270,"USHJA Hunter 2'9""",8,1774,Endeavor In His Name,Alyson Jones,Alyson Jones,,
29264,10532,270,"USHJA Hunter 2'9""",,1628,Milas D,Jennifer Strickland,Annabelle Campbell,,
29264,10532,270,"USHJA Hunter 2'9""",,1848,Mystery Man,Schuyler Dayner,Schuyler Dayner,,
29264,10532,270,"USHJA Hunter 2'9""",,1977,Just A Gentleman,Brittany G. Wyatt,Brittany G. Wyatt,,
29264,10532,270,"USHJA Hunter 2'9""",,2120,Freeman,Caroline Willard Briles,Linda E. Vellman,,
29264,10532,270,"USHJA Hunter 2'9""",,2969,Kismet,Joshua Tabor,Gunnar P. Roeer,,
29264,10532,270,"USHJA Hunter 2'9""",,2977,Dialey Ak,Helen Goddard,Stacy A. Ryback,,
29263,10532,271,"USHJA Hunter 2'9""",1,1848,Mystery Man,Schuyler Dayner,Schuyler Dayner,,
29263,10532,271,"USHJA Hunter 2'9""",2,1453,Childhood Dream,Lanie Nash,Jackie Sawyer,,
29263,10532,271,"USHJA Hunter 2'9""",3,1628,Milas D,Jennifer Strickland,Annabelle Campbell,,
29263,10532,271,"USHJA Hunter 2'9""",4,2066,Red Admiral,Elizabeth C. de Golian,Eyckenhoeve Group Inc,,
29263,10532,271,"USHJA Hunter 2'9""",5,2978,Toussant,Helen Goddard,Laura V. Ganny,,
29263,10532,271,"USHJA Hunter 2'9""",6,2943,Gladrags,Stephanie Frey,Leslie B. Kramer,,
29263,10532,271,"USHJA Hunter 2'9""",7,1049,Vote For Pedro,Carsyn Korotkin,Linda Lauper-Polk,,
29263,10532,271,"USHJA Hunter 2'9""",8,2120,Freeman,Caroline Willard Briles,Linda E. Vellman,,
29263,10532,271,"USHJA Hunter 2'9""",,1748,Center Stage,Kirsten L. Malacarne,Catherine Souza,,
29263,10532,271,"USHJA Hunter 2'9""",,1774,Endeavor In His Name,Alyson Jones,Alyson Jones,,
29263,10532,271,"USHJA Hunter 2'9""",,1977,Just A Gentleman,Brittany G. Wyatt,Brittany G. Wyatt,,
29263,10532,271,"USHJA Hunter 2'9""",,2623,Sophistakkato,Katherine Nunez,Katherine Nunez,,
29263,10532,271,"USHJA Hunter 2'9""",,2969,Kismet,Joshua Tabor,Gunnar P. Roeer,,
29263,10532,271,"USHJA Hunter 2'9""",,2977,Dialey Ak,Helen Goddard,Stacy A. Ryback,,
29262,10532,272,"USHJA Hunter 2'9""",1,1222,Ladies Night,Megan Wexler,Catherine Merrill,,
29262,10532,272,"USHJA Hunter 2'9""",2,1488,Crown,Katherine Addington,Beyaert Farm Inc,,
29262,10532,272,"USHJA Hunter 2'9""",3,2120,Freeman,Caroline Willard Briles,Linda E. Vellman,,
29262,10532,272,"USHJA Hunter 2'9""",4,1453,Childhood Dream,Lanie Nash,Jackie Sawyer,,
29262,10532,272,"USHJA Hunter 2'9""",5,2943,Gladrags,Stephanie Frey,Leslie B. Kramer,,
29262,10532,272,"USHJA Hunter 2'9""",6,1628,Milas D,Jennifer Strickland,Annabelle Campbell,,
29262,10532,272,"USHJA Hunter 2'9""",7,2066,Red Admiral,Elizabeth C. de Golian,Eyckenhoeve Group Inc,,
29262,10532,272,"USHJA Hunter 2'9""",8,1848,Mystery Man,Schuyler Dayner,Schuyler Dayner,,
29262,10532,272,"USHJA Hunter 2'9""",,1977,Just A Gentleman,Brittany G. Wyatt,Brittany G. Wyatt,,
29262,10532,272,"USHJA Hunter 2'9""",,2978,Toussant,Helen Goddard,Laura V. Ganny,,
29261,10532,273,"USHJA Hunter 2'9""",1,1222,Ladies Night,Megan Wexler,Catherine Merrill,,
29261,10532,273,"USHJA Hunter 2'9""",2,2978,Toussant,Helen Goddard,Laura V. Ganny,,
29261,10532,273,"USHJA Hunter 2'9""",3,1453,Childhood Dream,Lanie Nash,Jackie Sawyer,,
29261,10532,273,"USHJA Hunter 2'9""",4,1977,Just A Gentleman,Brittany G. Wyatt,Brittany G. Wyatt,,
29261,10532,273,"USHJA Hunter 2'9""",5,2943,Gladrags,Stephanie Frey,Leslie B. Kramer,,
29261,10532,273,"USHJA Hunter 2'9""",6,1628,Milas D,Jennifer Strickland,Annabelle Campbell,,
29261,10532,273,"USHJA Hunter 2'9""",7,1848,Mystery Man,Schuyler Dayner,Schuyler Dayner,,
29260,10532,274,"USHJA Hunter 2'9"" U/S",1,1453,Childhood Dream,Lanie Nash,Jackie Sawyer,,
29260,10532,274,"USHJA Hunter 2'9"" U/S",2,2978,Toussant,Helen Goddard,Laura V. Ganny,,
29260,10532,274,"USHJA Hunter 2'9"" U/S",3,1977,Just A Gentleman,Brittany G. Wyatt,Brittany G. Wyatt,,
29260,10532,274,"USHJA Hunter 2'9"" U/S",4,1848,Mystery Man,Schuyler Dayner,Schuyler Dayner,,
29260,10532,274,"USHJA Hunter 2'9"" U/S",5,2941,Nightfall,Windsor Ryan,Windsor Stables LLC,,
29260,10532,274,"USHJA Hunter 2'9"" U/S",,1222,Ladies Night,Megan Wexler,Catherine Merrill,,
29066,10531,275,USHJA Hunter 3',1,1728,Simpatico,Stephanie Frey,Joe Nash,,
29066,10531,275,USHJA Hunter 3',2,1249,Colombiana,Erica Robson,Amy Freund,,
29066,10531,275,USHJA Hunter 3',3,1522,Calid 3,Jake Evans,Summer Smith,,
29066,10531,275,USHJA Hunter 3',4,2604,Hand Painted,Jasmine Walsh,Nikki Baroso,,
29066,10531,275,USHJA Hunter 3',5,2603,Dominus Z,Charlotte H. Wiese,Jennifer Kobel,,
29066,10531,275,USHJA Hunter 3',6,1041,Luminosity Class,Tanner Korotkin,Cavalieres Sporthorses LLC,,
29066,10531,275,USHJA Hunter 3',7,2049,Top Secret Hk,Helen Goddard,Leslie Chapman,,
29066,10531,275,USHJA Hunter 3',8,3043,Playground,Dorothy Douglas,"Bright Shade Farm Stables, Inc.",,
29066,10531,275,USHJA Hunter 3',9,2868,Mtm Drop The Mic,Tracy Fenney,Tracy Fenney,,
29066,10531,275,USHJA Hunter 3',,2608,Vincent Van Gough,Jasmine Walsh,Gabriella Vitale,,
29066,10531,275,USHJA Hunter 3',,2794,Joylon Gb,Eva Bernstein,Cane Creek LLC,,
29067,10531,276,USHJA Hunter 3',1,2868,Mtm Drop The Mic,Tracy Fenney,Tracy Fenney,,
29067,10531,276,USHJA Hunter 3',2,1041,Luminosity Class,Tanner Korotkin,Cavalieres Sporthorses LLC,,
29067,10531,276,USHJA Hunter 3',3,2604,Hand Painted,Jasmine Walsh,Nikki Baroso,,
29067,10531,276,USHJA Hunter 3',4,2794,Joylon Gb,Eva Bernstein,Cane Creek LLC,,
29067,10531,276,USHJA Hunter 3',5,3043,Playground,Dorothy Douglas,"Bright Shade Farm Stables, Inc.",,
29067,10531,276,USHJA Hunter 3',6,2603,Dominus Z,Charlotte H. Wiese,Jennifer Kobel,,
29067,10531,276,USHJA Hunter 3',7,2049,Top Secret Hk,Helen Goddard,Leslie Chapman,,
29067,10531,276,USHJA Hunter 3',8,1249,Colombiana,Erica Robson,Amy Freund,,
29068,10531,277,USHJA Hunter 3',1,2604,Hand Painted,Jasmine Walsh,Nikki Baroso,,
29068,10531,277,USHJA Hunter 3',2,1728,Simpatico,Stephanie Frey,Joe Nash,,
29068,10531,277,USHJA Hunter 3',3,3043,Playground,Dorothy Douglas,"Bright Shade Farm Stables, Inc.",,
29068,10531,277,USHJA Hunter 3',4,1448,Cattrepel,Elle Bassion,Elle Bassion,,
29068,10531,277,USHJA Hunter 3',5,1049,Vote For Pedro,Aria Waxman,Linda Lauper-Polk,,
29068,10531,277,USHJA Hunter 3',6,2624,Tavish,Debra L. Ward,Cinthia Ane' Mcgreevy,,
29068,10531,277,USHJA Hunter 3',7,2608,Vincent Van Gough,Jasmine Walsh,Gabriella Vitale,,
29068,10531,277,USHJA Hunter 3',8,1249,Colombiana,Erica Robson,Amy Freund,,
29068,10531,277,USHJA Hunter 3',,1048,Specialist,Kate Marisch,Kate Marisch,,
29068,10531,277,USHJA Hunter 3',,1094,Bella Vida,Isaac Leffkowitz,Geddaway Farm,,
29068,10531,277,USHJA Hunter 3',,1199,All Class,Samantha Delany,Samantha Delany,,
29068,10531,277,USHJA Hunter 3',,1217,Dream Boat,Megan Wexler,Meg Atkinson,,
29068,10531,277,USHJA Hunter 3',,1457,Kamilla,Olivia Planer,Olivia Planer,,
29068,10531,277,USHJA Hunter 3',,1823,Aperture Vf,Lia Screnci,Volado Farms,,
29068,10531,277,USHJA Hunter 3',,2049,Top Secret Hk,Helen Goddard,Leslie Chapman,,
29068,10531,277,USHJA Hunter 3',,2623,Sophistakkato,Katherine Nunez,Katherine Nunez,,
29068,10531,277,USHJA Hunter 3',,2794,Joylon Gb,Eva Bernstein,Cane Creek LLC,,
29068,10531,277,USHJA Hunter 3',,2828,Conlondino Ps,Evelyn Byron,"Showcase 81, LLC",,
29068,10531,277,USHJA Hunter 3',,2831,Mugano D'augustijn Z,Chiara Zuccolotto,Cavaletti Equestrian,,
29068,10531,277,USHJA Hunter 3',,2868,Mtm Drop The Mic,Tracy Fenney,Tracy Fenney,,
29068,10531,277,USHJA Hunter 3',,3100,Navigator,Lainey Posa,Sandalwood Farms,,
29069,10531,278,USHJA Hunter 3',1,3043,Playground,Dorothy Douglas,"Bright Shade Farm Stables, Inc.",,
29069,10531,278,USHJA Hunter 3',2,2868,Mtm Drop The Mic,Tracy Fenney,Tracy Fenney,,
29069,10531,278,USHJA Hunter 3',3,1249,Colombiana,Erica Robson,Amy Freund,,
29069,10531,278,USHJA Hunter 3',4,1094,Bella Vida,Isaac Leffkowitz,Geddaway Farm,,
29069,10531,278,USHJA Hunter 3',5,2794,Joylon Gb,Eva Bernstein,Cane Creek LLC,,
29069,10531,278,USHJA Hunter 3',6,2049,Top Secret Hk,Helen Goddard,Leslie Chapman,,
29069,10531,278,USHJA Hunter 3',7,2624,Tavish,Debra L. Ward,Cinthia Ane' Mcgreevy,,
29069,10531,278,USHJA Hunter 3',8,1448,Cattrepel,Elle Bassion,Elle Bassion,,
29069,10531,278,USHJA Hunter 3',,1048,Specialist,Kate Marisch,Kate Marisch,,
29069,10531,278,USHJA Hunter 3',,1049,Vote For Pedro,Aria Waxman,Linda Lauper-Polk,,
29069,10531,278,USHJA Hunter 3',,1199,All Class,Samantha Delany,Samantha Delany,,
29069,10531,278,USHJA Hunter 3',,2604,Hand Painted,Jasmine Walsh,Nikki Baroso,,
29069,10531,278,USHJA Hunter 3',,2623,Sophistakkato,Katherine Nunez,Katherine Nunez,,
29069,10531,278,USHJA Hunter 3',,2828,Conlondino Ps,Evelyn Byron,"Showcase 81, LLC",,
29069,10531,278,USHJA Hunter 3',,2831,Mugano D'augustijn Z,Chiara Zuccolotto,Cavaletti Equestrian,,
29069,10531,278,USHJA Hunter 3',,3100,Navigator,Taylor Oakvik,Sandalwood Farms,,
29070,10531,279,USHJA Hunter 3'' U/S,1,3043,Playground,Dorothy Douglas,"Bright Shade Farm Stables, Inc.",,
29070,10531,279,USHJA Hunter 3'' U/S,2,2049,Top Secret Hk,Helen Goddard,Leslie Chapman,,
29070,10531,279,USHJA Hunter 3'' U/S,3,1249,Colombiana,Erica Robson,Amy Freund,,
29070,10531,279,USHJA Hunter 3'' U/S,4,1199,All Class,Samantha Delany,Samantha Delany,,
29070,10531,279,USHJA Hunter 3'' U/S,5,2794,Joylon Gb,Eva Bernstein,Cane Creek LLC,,
29070,10531,279,USHJA Hunter 3'' U/S,6,2604,Hand Painted,Jasmine Walsh,Nikki Baroso,,
29070,10531,279,USHJA Hunter 3'' U/S,7,2831,Mugano D'augustijn Z,Chiara Zuccolotto,Cavaletti Equestrian,,
29046,10526,280,"Baby Green Hunter 2'6""",1,2097,Cleveland 42,Isaac Leffkowitz,Phillipa Greenberg,,
29046,10526,280,"Baby Green Hunter 2'6""",2,2838,Delisa Gp,Heather Froehlich Cortell,T.e.k. Show Horses LLC,,
29046,10526,280,"Baby Green Hunter 2'6""",3,2715,Living The Dream,Aidan Murphy,Linda Murphy,,
29046,10526,280,"Baby Green Hunter 2'6""",4,2949,Nadia I,Daina Greene,Daina Greene,,
29046,10526,280,"Baby Green Hunter 2'6""",5,2099,Loire,Isaac Leffkowitz,Kelsie Brittan,,
29046,10526,280,"Baby Green Hunter 2'6""",6,2730,Striking Elsa,Phillipa Greenberg,Jennifer Phethean,,
29047,10526,281,Baby Green Hunter 2'6',1,2097,Cleveland 42,Isaac Leffkowitz,Phillipa Greenberg,,
29047,10526,281,Baby Green Hunter 2'6',2,2715,Living The Dream,Aidan Murphy,Linda Murphy,,
29047,10526,281,Baby Green Hunter 2'6',3,2838,Delisa Gp,Heather Froehlich Cortell,T.e.k. Show Horses LLC,,
29047,10526,281,Baby Green Hunter 2'6',4,2949,Nadia I,Daina Greene,Daina Greene,,
29047,10526,281,Baby Green Hunter 2'6',5,2099,Loire,Isaac Leffkowitz,Kelsie Brittan,,
29047,10526,281,Baby Green Hunter 2'6',6,2730,Striking Elsa,Phillipa Greenberg,Jennifer Phethean,,
29048,10526,282,Baby Green Hunter 2'6',1,2099,Loire,Isaac Leffkowitz,Kelsie Brittan,,
29048,10526,282,Baby Green Hunter 2'6',2,2097,Cleveland 42,Isaac Leffkowitz,Phillipa Greenberg,,
29048,10526,282,Baby Green Hunter 2'6',3,2838,Delisa Gp,Heather Froehlich Cortell,T.e.k. Show Horses LLC,,
29048,10526,282,Baby Green Hunter 2'6',4,2715,Living The Dream,Aidan Murphy,Linda Murphy,,
29048,10526,282,Baby Green Hunter 2'6',,2730,Striking Elsa,Phillipa Greenberg,Jennifer Phethean,,
29049,10526,283,"Baby Green Hunter 2'6""",1,2097,Cleveland 42,Isaac Leffkowitz,Phillipa Greenberg,,
29049,10526,283,"Baby Green Hunter 2'6""",2,2099,Loire,Isaac Leffkowitz,Kelsie Brittan,,
29049,10526,283,"Baby Green Hunter 2'6""",3,2838,Delisa Gp,Heather Froehlich Cortell,T.e.k. Show Horses LLC,,
29049,10526,283,"Baby Green Hunter 2'6""",4,2715,Living The Dream,Aidan Murphy,Linda Murphy,,
29049,10526,283,"Baby Green Hunter 2'6""",5,2730,Striking Elsa,Jennifer Phethean,Jennifer Phethean,,
29050,10526,284,Baby Green Hunter U/S,1,2097,Cleveland 42,Isaac Leffkowitz,Phillipa Greenberg,,
29050,10526,284,Baby Green Hunter U/S,2,2838,Delisa Gp,Heather Froehlich Cortell,T.e.k. Show Horses LLC,,
29050,10526,284,Baby Green Hunter U/S,3,2715,Living The Dream,Aidan Murphy,Linda Murphy,,
33543,12051,305,$100 Low Children's Hunter 2'/6',1,2610,Starridor,Peyton Krumin,Stefano Baruzzo LLC,,$30
33543,12051,305,$100 Low Children's Hunter 2'/6',2,1873,Fletcher W,Shelby Romp,Shelby Romp,,$22
33543,12051,305,$100 Low Children's Hunter 2'/6',3,3169,Roc N' Rose,Ellery Winkler,Ellery Winkler,,$15
33543,12051,305,$100 Low Children's Hunter 2'/6',4,2799,Steely Dan,Kendall Crowell,Cathy Sweezey,,$12
33543,12051,305,$100 Low Children's Hunter 2'/6',5,2820,Peyton Cm Kapade,Angelina M Palmeri,Angelina M Palmeri,,$11
33543,12051,305,$100 Low Children's Hunter 2'/6',6,2385,Casa Quo Vadis,Grace Harrison,Dreams Come True Horses LLC,,$10
33543,12051,305,$100 Low Children's Hunter 2'/6',7,2114,Picture Me,Marli Scott,Marli Scott,,
33543,12051,305,$100 Low Children's Hunter 2'/6',8,1874,Icandy,Sophia Myers,Ariel J. Fletcher,,
33543,12051,305,$100 Low Children's Hunter 2'/6',,1092,Over Ruled,Isabella Keyman,Jennie Keyman,,
33543,12051,305,$100 Low Children's Hunter 2'/6',,1459,Voyageur,Marie Lawlor,Olivia Landsberg,,
33543,12051,305,$100 Low Children's Hunter 2'/6',,2387,Winterfells Castle Black,Grace Harrison,Sierra Montgomery,,
33543,12051,305,$100 Low Children's Hunter 2'/6',,2661,Ustina,Sage Bain,Isaac Leffkowitz,,
33544,12051,306,"$100 Low Children's Hunter (1st rnd Classic) 2'6""",1,2820,Peyton Cm Kapade,Angelina M Palmeri,Angelina M Palmeri,,$30
33544,12051,306,"$100 Low Children's Hunter (1st rnd Classic) 2'6""",2,2661,Ustina,Sage Bain,Isaac Leffkowitz,,$22
33544,12051,306,"$100 Low Children's Hunter (1st rnd Classic) 2'6""",3,2610,Starridor,Peyton Krumin,Stefano Baruzzo LLC,,$15
33544,12051,306,"$100 Low Children's Hunter (1st rnd Classic) 2'6""",4,2385,Casa Quo Vadis,Grace Harrison,Dreams Come True Horses LLC,,$12
33544,12051,306,"$100 Low Children's Hunter (1st rnd Classic) 2'6""",5,1873,Fletcher W,Shelby Romp,Shelby Romp,,$11
33544,12051,306,"$100 Low Children's Hunter (1st rnd Classic) 2'6""",6,1874,Icandy,Sophia Myers,Ariel J. Fletcher,,$10
33544,12051,306,"$100 Low Children's Hunter (1st rnd Classic) 2'6""",7,2799,Steely Dan,Kendall Crowell,Cathy Sweezey,,
33544,12051,306,"$100 Low Children's Hunter (1st rnd Classic) 2'6""",8,3169,Roc N' Rose,Ellery Winkler,Ellery Winkler,,
33544,12051,306,"$100 Low Children's Hunter (1st rnd Classic) 2'6""",,1092,Over Ruled,Isabella Keyman,Jennie Keyman,,
33544,12051,306,"$100 Low Children's Hunter (1st rnd Classic) 2'6""",,1459,Voyageur,Marie Lawlor,Olivia Landsberg,,
33544,12051,306,"$100 Low Children's Hunter (1st rnd Classic) 2'6""",,2114,Picture Me,Marli Scott,Marli Scott,,
33544,12051,306,"$100 Low Children's Hunter (1st rnd Classic) 2'6""",,2387,Winterfells Castle Black,Grace Harrison,Sierra Montgomery,,
33545,12051,307,$100 Low Children's Hunter 2'/6',1,2820,Peyton Cm Kapade,Angelina M Palmeri,Angelina M Palmeri,,$30
33545,12051,307,$100 Low Children's Hunter 2'/6',2,1873,Fletcher W,Shelby Romp,Shelby Romp,,$22
33545,12051,307,$100 Low Children's Hunter 2'/6',3,1092,Over Ruled,Isabella Keyman,Jennie Keyman,,$15
33545,12051,307,$100 Low Children's Hunter 2'/6',4,1874,Icandy,Sophia Myers,Ariel J. Fletcher,,$12
33545,12051,307,$100 Low Children's Hunter 2'/6',5,3169,Roc N' Rose,Ellery Winkler,Ellery Winkler,,$11
33545,12051,307,$100 Low Children's Hunter 2'/6',6,2610,Starridor,Peyton Krumin,Stefano Baruzzo LLC,,$10
33545,12051,307,$100 Low Children's Hunter 2'/6',7,2114,Picture Me,Marli Scott,Marli Scott,,
33545,12051,307,$100 Low Children's Hunter 2'/6',8,1459,Voyageur,Marie Lawlor,Olivia Landsberg,,
33545,12051,307,$100 Low Children's Hunter 2'/6',,2385,Casa Quo Vadis,Grace Harrison,Dreams Come True Horses LLC,,
33545,12051,307,$100 Low Children's Hunter 2'/6',,2661,Ustina,Sage Bain,Isaac Leffkowitz,,
33545,12051,307,$100 Low Children's Hunter 2'/6',,2799,Steely Dan,Kendall Crowell,Cathy Sweezey,,
33546,12051,308,$100 Low Children's Hunter 2'/6',1,2799,Steely Dan,Kendall Crowell,Cathy Sweezey,,$30
33546,12051,308,$100 Low Children's Hunter 2'/6',2,1459,Voyageur,Marie Lawlor,Olivia Landsberg,,$22
33546,12051,308,$100 Low Children's Hunter 2'/6',3,2820,Peyton Cm Kapade,Angelina M Palmeri,Angelina M Palmeri,,$15
33546,12051,308,$100 Low Children's Hunter 2'/6',4,1092,Over Ruled,Isabella Keyman,Jennie Keyman,,$12
33546,12051,308,$100 Low Children's Hunter 2'/6',5,1873,Fletcher W,Shelby Romp,Shelby Romp,,$11
33546,12051,308,$100 Low Children's Hunter 2'/6',6,1874,Icandy,Sophia Myers,Ariel J. Fletcher,,$10
33546,12051,308,$100 Low Children's Hunter 2'/6',7,3169,Roc N' Rose,Ellery Winkler,Ellery Winkler,,
33546,12051,308,$100 Low Children's Hunter 2'/6',8,2661,Ustina,Sage Bain,Isaac Leffkowitz,,
33546,12051,308,$100 Low Children's Hunter 2'/6',,2114,Picture Me,Marli Scott,Marli Scott,,
33546,12051,308,$100 Low Children's Hunter 2'/6',,2385,Casa Quo Vadis,Grace Harrison,Dreams Come True Horses LLC,,
33546,12051,308,$100 Low Children's Hunter 2'/6',,2610,Starridor,Peyton Krumin,Stefano Baruzzo LLC,,
33547,12051,309,$50 Low Children's Hunter 2'/6' U/S,1,2941,Nightfall,Windsor Ryan,Windsor Stables LLC,,$15
33547,12051,309,$50 Low Children's Hunter 2'/6' U/S,2,2661,Ustina,Sage Bain,Isaac Leffkowitz,,$11
33547,12051,309,$50 Low Children's Hunter 2'/6' U/S,3,1874,Icandy,Sophia Myers,Ariel J. Fletcher,,$7.5
33547,12051,309,$50 Low Children's Hunter 2'/6' U/S,4,2610,Starridor,Peyton Krumin,Stefano Baruzzo LLC,,$6
33547,12051,309,$50 Low Children's Hunter 2'/6' U/S,5,2820,Peyton Cm Kapade,Angelina M Palmeri,Angelina M Palmeri,,$5.5
33547,12051,309,$50 Low Children's Hunter 2'/6' U/S,6,2114,Picture Me,Marli Scott,Marli Scott,,$5
33547,12051,309,$50 Low Children's Hunter 2'/6' U/S,7,2799,Steely Dan,Kendall Crowell,Cathy Sweezey,,
33547,12051,309,$50 Low Children's Hunter 2'/6' U/S,8,3169,Roc N' Rose,Ellery Winkler,Ellery Winkler,,
33547,12051,309,$50 Low Children's Hunter 2'/6' U/S,,1092,Over Ruled,Isabella Keyman,Jennie Keyman,,
33547,12051,309,$50 Low Children's Hunter 2'/6' U/S,,1459,Voyageur,Marie Lawlor,Olivia Landsberg,,
33547,12051,309,$50 Low Children's Hunter 2'/6' U/S,,1873,Fletcher W,Shelby Romp,Shelby Romp,,
33547,12051,309,$50 Low Children's Hunter 2'/6' U/S,,2385,Casa Quo Vadis,Grace Harrison,Dreams Come True Horses LLC,,
29020,10431,315,$100 Low Children's Pony Hunter 2',,1112,Light It Up,Kimberly S. Maloomian,Theodore Iorio,,
29021,10431,316,$100 Low Children's Pony Hunter 2',,1112,Light It Up,Kimberly S. Maloomian,Theodore Iorio,,
29022,10431,317,$100 Low Children's Pony Hunter 2',,1112,Light It Up,Kimberly S. Maloomian,Theodore Iorio,,
29023,10431,318,$100 Low Children's Pony Hunter 2',,1112,Light It Up,Kimberly S. Maloomian,Theodore Iorio,,
29024,10431,319,$50 Low Children's Pony Hunter U/S,,1112,Light It Up,Kimberly S. Maloomian,Theodore Iorio,,
29025,10528,320,"$100 Low Adult Hunter 18-35 2'6""",1,1301,Quatro,Leah Blomquist,Jackie Sawyer,,$30
29025,10528,320,"$100 Low Adult Hunter 18-35 2'6""",2,2835,Gladstone,Shelby Heyer,"Berger Equine, LLC",,$22
29025,10528,320,"$100 Low Adult Hunter 18-35 2'6""",3,2936,Delta Blues,Ashley Nokes,Ashley Nokes,,$15
29025,10528,320,"$100 Low Adult Hunter 18-35 2'6""",4,2945,Koletta,Alexa Riccio,Ann Mallen,,$12
29025,10528,320,"$100 Low Adult Hunter 18-35 2'6""",5,2940,Obora's Sandman,Anna Weiss,"Alw Eq, LLC",,$11
29025,10528,320,"$100 Low Adult Hunter 18-35 2'6""",6,1748,Center Stage,Catherine Souza,Catherine Souza,,$10
29025,10528,320,"$100 Low Adult Hunter 18-35 2'6""",7,2838,Delisa Gp,Elaina Davis,T.e.k. Show Horses LLC,,
29025,10528,320,"$100 Low Adult Hunter 18-35 2'6""",8,2937,Follow Me,Anna Weiss,"Alw Eq, LLC",,
29025,10528,320,"$100 Low Adult Hunter 18-35 2'6""",,1936,Sf Old Fashioned,Sadie Koresh,Janie Stevenson,,
29025,10528,320,"$100 Low Adult Hunter 18-35 2'6""",,2031,Menlo Park,Margot Hirsch,Margot Hirsch,,
29026,10528,321,"$100 Low Adult Hunter 18-35 (1st rnd Classic) 2'6""",1,1936,Sf Old Fashioned,Sadie Koresh,Janie Stevenson,,$30
29026,10528,321,"$100 Low Adult Hunter 18-35 (1st rnd Classic) 2'6""",2,2835,Gladstone,Shelby Heyer,"Berger Equine, LLC",,$22
29026,10528,321,"$100 Low Adult Hunter 18-35 (1st rnd Classic) 2'6""",3,1748,Center Stage,Catherine Souza,Catherine Souza,,$15
29026,10528,321,"$100 Low Adult Hunter 18-35 (1st rnd Classic) 2'6""",4,2940,Obora's Sandman,Anna Weiss,"Alw Eq, LLC",,$12
29026,10528,321,"$100 Low Adult Hunter 18-35 (1st rnd Classic) 2'6""",5,1301,Quatro,Leah Blomquist,Jackie Sawyer,,$11
29026,10528,321,"$100 Low Adult Hunter 18-35 (1st rnd Classic) 2'6""",6,2936,Delta Blues,Ashley Nokes,Ashley Nokes,,$10
29026,10528,321,"$100 Low Adult Hunter 18-35 (1st rnd Classic) 2'6""",7,2838,Delisa Gp,Elaina Davis,T.e.k. Show Horses LLC,,
29026,10528,321,"$100 Low Adult Hunter 18-35 (1st rnd Classic) 2'6""",8,2945,Koletta,Alexa Riccio,Ann Mallen,,
29026,10528,321,"$100 Low Adult Hunter 18-35 (1st rnd Classic) 2'6""",,2031,Menlo Park,Margot Hirsch,Margot Hirsch,,
29026,10528,321,"$100 Low Adult Hunter 18-35 (1st rnd Classic) 2'6""",,2937,Follow Me,Anna Weiss,"Alw Eq, LLC",,
29027,10528,322,"$100 Low Adult Hunter 18-35 2'6""",1,1301,Quatro,Leah Blomquist,Jackie Sawyer,,$30
29027,10528,322,"$100 Low Adult Hunter 18-35 2'6""",2,2031,Menlo Park,Margot Hirsch,Margot Hirsch,,$22
29027,10528,322,"$100 Low Adult Hunter 18-35 2'6""",3,2936,Delta Blues,Ashley Nokes,Ashley Nokes,,$15
29027,10528,322,"$100 Low Adult Hunter 18-35 2'6""",4,2940,Obora's Sandman,Anna Weiss,"Alw Eq, LLC",,$12
29027,10528,322,"$100 Low Adult Hunter 18-35 2'6""",5,1748,Center Stage,Catherine Souza,Catherine Souza,,$11
29027,10528,322,"$100 Low Adult Hunter 18-35 2'6""",6,2835,Gladstone,Shelby Heyer,"Berger Equine, LLC",,$10
29027,10528,322,"$100 Low Adult Hunter 18-35 2'6""",7,2937,Follow Me,Anna Weiss,"Alw Eq, LLC",,
29027,10528,322,"$100 Low Adult Hunter 18-35 2'6""",8,2838,Delisa Gp,Elaina Davis,T.e.k. Show Horses LLC,,
29027,10528,322,"$100 Low Adult Hunter 18-35 2'6""",,1936,Sf Old Fashioned,Sadie Koresh,Janie Stevenson,,
29028,10528,323,"$100 Low Adult Hunter 18-35 2'6""",1,1301,Quatro,Leah Blomquist,Jackie Sawyer,,$30
29028,10528,323,"$100 Low Adult Hunter 18-35 2'6""",2,2835,Gladstone,Shelby Heyer,"Berger Equine, LLC",,$22
29028,10528,323,"$100 Low Adult Hunter 18-35 2'6""",3,2940,Obora's Sandman,Anna Weiss,"Alw Eq, LLC",,$15
29028,10528,323,"$100 Low Adult Hunter 18-35 2'6""",4,1936,Sf Old Fashioned,Sadie Koresh,Janie Stevenson,,$12
29028,10528,323,"$100 Low Adult Hunter 18-35 2'6""",5,2031,Menlo Park,Margot Hirsch,Margot Hirsch,,$11
29028,10528,323,"$100 Low Adult Hunter 18-35 2'6""",6,2936,Delta Blues,Ashley Nokes,Ashley Nokes,,$10
29028,10528,323,"$100 Low Adult Hunter 18-35 2'6""",7,2937,Follow Me,Anna Weiss,"Alw Eq, LLC",,
29028,10528,323,"$100 Low Adult Hunter 18-35 2'6""",8,2838,Delisa Gp,Elaina Davis,T.e.k. Show Horses LLC,,
29029,10528,324,$50 Low Adult Hunter 18-35 U/S,1,2031,Menlo Park,Margot Hirsch,Margot Hirsch,,$15
29029,10528,324,$50 Low Adult Hunter 18-35 U/S,2,2940,Obora's Sandman,Anna Weiss,"Alw Eq, LLC",,$11
29029,10528,324,$50 Low Adult Hunter 18-35 U/S,3,1936,Sf Old Fashioned,Sadie Koresh,Janie Stevenson,,$7.5
29029,10528,324,$50 Low Adult Hunter 18-35 U/S,4,2937,Follow Me,Anna Weiss,"Alw Eq, LLC",,$6
29029,10528,324,$50 Low Adult Hunter 18-35 U/S,5,1301,Quatro,Leah Blomquist,Jackie Sawyer,,$5.5
29029,10528,324,$50 Low Adult Hunter 18-35 U/S,6,2835,Gladstone,Shelby Heyer,"Berger Equine, LLC",,$5
29029,10528,324,$50 Low Adult Hunter 18-35 U/S,7,2936,Delta Blues,Ashley Nokes,Ashley Nokes,,
29029,10528,324,$50 Low Adult Hunter 18-35 U/S,,2838,Delisa Gp,Elaina Davis,T.e.k. Show Horses LLC,,
29030,10413,325,"$100 Low Adult Hunter 36-54 2'6""",1,1915,Fbf Sundrop,Stacy A. Ryback,Stacy A. Ryback,,$30
29030,10413,325,"$100 Low Adult Hunter 36-54 2'6""",2,1924,Argento 2,Aubrey Frank,Aubrey Frank,,$22
29030,10413,325,"$100 Low Adult Hunter 36-54 2'6""",3,2021,Crescendo 55,Andrea Clark,Andrea Clark,,$15
29030,10413,325,"$100 Low Adult Hunter 36-54 2'6""",4,2304,Camden Street,Phillipa Greenberg,Lana Tomlinson,,$12
29030,10413,325,"$100 Low Adult Hunter 36-54 2'6""",5,2307,Channing,Joanne Clemente,Horselux LLC,,$11
29030,10413,325,"$100 Low Adult Hunter 36-54 2'6""",6,1628,Milas D,Annabelle Campbell,Annabelle Campbell,,$10
29030,10413,325,"$100 Low Adult Hunter 36-54 2'6""",7,1554,Going Global,Lindsay Meyer,Kendall Lacy,,
29030,10413,325,"$100 Low Adult Hunter 36-54 2'6""",8,1977,Just A Gentleman,Brittany G. Wyatt,Brittany G. Wyatt,,
29031,10413,326,$100 Low Adult Hunter 36-54 (1st rnd Classic) 2'6',1,2021,Crescendo 55,Andrea Clark,Andrea Clark,,$30
29031,10413,326,$100 Low Adult Hunter 36-54 (1st rnd Classic) 2'6',2,1924,Argento 2,Aubrey Frank,Aubrey Frank,,$22
29031,10413,326,$100 Low Adult Hunter 36-54 (1st rnd Classic) 2'6',3,2304,Camden Street,Phillipa Greenberg,Lana Tomlinson,,$15
29031,10413,326,$100 Low Adult Hunter 36-54 (1st rnd Classic) 2'6',4,1915,Fbf Sundrop,Stacy A. Ryback,Stacy A. Ryback,,$12
29031,10413,326,$100 Low Adult Hunter 36-54 (1st rnd Classic) 2'6',5,1554,Going Global,Lindsay Meyer,Kendall Lacy,,$11
29031,10413,326,$100 Low Adult Hunter 36-54 (1st rnd Classic) 2'6',6,1628,Milas D,Annabelle Campbell,Annabelle Campbell,,$10
29031,10413,326,$100 Low Adult Hunter 36-54 (1st rnd Classic) 2'6',7,2307,Channing,Joanne Clemente,Horselux LLC,,
29031,10413,326,$100 Low Adult Hunter 36-54 (1st rnd Classic) 2'6',8,1977,Just A Gentleman,Brittany G. Wyatt,Brittany G. Wyatt,,
29032,10413,327,"$100 Low Adult Hunter 36-54 2'6""",1,2307,Channing,Joanne Clemente,Horselux LLC,,$30
29032,10413,327,"$100 Low Adult Hunter 36-54 2'6""",2,2520,Dicaprio,Emily F. H. Buxton,Pinnacle Pointe Equestrian,,$22
29032,10413,327,"$100 Low Adult Hunter 36-54 2'6""",3,1924,Argento 2,Aubrey Frank,Aubrey Frank,,$15
29032,10413,327,"$100 Low Adult Hunter 36-54 2'6""",4,2021,Crescendo 55,Andrea Clark,Andrea Clark,,$12
29032,10413,327,"$100 Low Adult Hunter 36-54 2'6""",5,1628,Milas D,Annabelle Campbell,Annabelle Campbell,,$11
29032,10413,327,"$100 Low Adult Hunter 36-54 2'6""",6,2304,Camden Street,Phillipa Greenberg,Lana Tomlinson,,$10
29032,10413,327,"$100 Low Adult Hunter 36-54 2'6""",7,1915,Fbf Sundrop,Stacy A. Ryback,Stacy A. Ryback,,
29032,10413,327,"$100 Low Adult Hunter 36-54 2'6""",8,1554,Going Global,Lindsay Meyer,Kendall Lacy,,
29034,10413,328,"$100 Low Adult Hunter 36-54 2'6""",1,2021,Crescendo 55,Andrea Clark,Andrea Clark,,$30
29034,10413,328,"$100 Low Adult Hunter 36-54 2'6""",2,2520,Dicaprio,Emily F. H. Buxton,Pinnacle Pointe Equestrian,,$22
29034,10413,328,"$100 Low Adult Hunter 36-54 2'6""",3,2307,Channing,Joanne Clemente,Horselux LLC,,$15
29034,10413,328,"$100 Low Adult Hunter 36-54 2'6""",4,1915,Fbf Sundrop,Stacy A. Ryback,Stacy A. Ryback,,$12
29034,10413,328,"$100 Low Adult Hunter 36-54 2'6""",5,1924,Argento 2,Aubrey Frank,Aubrey Frank,,$11
29034,10413,328,"$100 Low Adult Hunter 36-54 2'6""",6,1628,Milas D,Annabelle Campbell,Annabelle Campbell,,$10
29034,10413,328,"$100 Low Adult Hunter 36-54 2'6""",7,2304,Camden Street,Phillipa Greenberg,Lana Tomlinson,,
29034,10413,328,"$100 Low Adult Hunter 36-54 2'6""",8,1554,Going Global,Lindsay Meyer,Kendall Lacy,,
29035,10413,329,$50 Low Adult Hunter 36-54 U/S,1,2307,Channing,Joanne Clemente,Horselux LLC,,$15
29035,10413,329,$50 Low Adult Hunter 36-54 U/S,2,2304,Camden Street,Phillipa Greenberg,Lana Tomlinson,,$11
29035,10413,329,$50 Low Adult Hunter 36-54 U/S,3,1924,Argento 2,Aubrey Frank,Aubrey Frank,,$7.5
29035,10413,329,$50 Low Adult Hunter 36-54 U/S,4,1915,Fbf Sundrop,Stacy A. Ryback,Stacy A. Ryback,,$6
29035,10413,329,$50 Low Adult Hunter 36-54 U/S,5,1628,Milas D,Annabelle Campbell,Annabelle Campbell,,$5.5
29035,10413,329,$50 Low Adult Hunter 36-54 U/S,6,1977,Just A Gentleman,Brittany G. Wyatt,Brittany G. Wyatt,,$5
29035,10413,329,$50 Low Adult Hunter 36-54 U/S,7,2021,Crescendo 55,Andrea Clark,Andrea Clark,,
29035,10413,329,$50 Low Adult Hunter 36-54 U/S,8,1554,Going Global,Lindsay Meyer,Kendall Lacy,,
29036,10412,330,"$100 Low Adult Hunter 55+ 2'6""",1,2973,Khan Of Ballmore,Angela R. Calkins,Angela R. Calkins,,$30
29036,10412,330,"$100 Low Adult Hunter 55+ 2'6""",2,2117,Bye Chance,Linda E. Vellman,Linda E. Vellman,,$22
29036,10412,330,"$100 Low Adult Hunter 55+ 2'6""",3,1453,Childhood Dream,Jackie Sawyer,Jackie Sawyer,,$15
29036,10412,330,"$100 Low Adult Hunter 55+ 2'6""",4,2161,Astronaut H Z,Teresa Pompay,Teresa Pompay,,$12
29036,10412,330,"$100 Low Adult Hunter 55+ 2'6""",5,1095,Cabana Boy,Sherri R. Geddes,Sherri R. Geddes,,$11
29037,10412,331,$100 Low Adult Hunter 55+ (1st rnd Classic) 2'6',1,1095,Cabana Boy,Sherri R. Geddes,Sherri R. Geddes,,$30
29037,10412,331,$100 Low Adult Hunter 55+ (1st rnd Classic) 2'6',2,2117,Bye Chance,Linda E. Vellman,Linda E. Vellman,,$22
29037,10412,331,$100 Low Adult Hunter 55+ (1st rnd Classic) 2'6',3,2161,Astronaut H Z,Teresa Pompay,Teresa Pompay,,$15
29037,10412,331,$100 Low Adult Hunter 55+ (1st rnd Classic) 2'6',4,1453,Childhood Dream,Jackie Sawyer,Jackie Sawyer,,$12
29037,10412,331,$100 Low Adult Hunter 55+ (1st rnd Classic) 2'6',5,2973,Khan Of Ballmore,Angela R. Calkins,Angela R. Calkins,,$11
29038,10412,332,"$100 Low Adult Hunter 55+ 2'6""",1,1453,Childhood Dream,Jackie Sawyer,Jackie Sawyer,,$30
29038,10412,332,"$100 Low Adult Hunter 55+ 2'6""",2,2117,Bye Chance,Linda E. Vellman,Linda E. Vellman,,$22
29038,10412,332,"$100 Low Adult Hunter 55+ 2'6""",3,1095,Cabana Boy,Sherri R. Geddes,Sherri R. Geddes,,$15
29038,10412,332,"$100 Low Adult Hunter 55+ 2'6""",4,2161,Astronaut H Z,Teresa Pompay,Teresa Pompay,,$12
29038,10412,332,"$100 Low Adult Hunter 55+ 2'6""",5,2973,Khan Of Ballmore,Angela R. Calkins,Angela R. Calkins,,$11
29039,10412,333,"$100 Low Adult Hunter 55+ 2'6""",1,2117,Bye Chance,Linda E. Vellman,Linda E. Vellman,,$30
29039,10412,333,"$100 Low Adult Hunter 55+ 2'6""",2,2973,Khan Of Ballmore,Angela R. Calkins,Angela R. Calkins,,$22
29039,10412,333,"$100 Low Adult Hunter 55+ 2'6""",3,2161,Astronaut H Z,Teresa Pompay,Teresa Pompay,,$15
29039,10412,333,"$100 Low Adult Hunter 55+ 2'6""",4,1453,Childhood Dream,Jackie Sawyer,Jackie Sawyer,,$12
29039,10412,333,"$100 Low Adult Hunter 55+ 2'6""",5,1095,Cabana Boy,Sherri R. Geddes,Sherri R. Geddes,,$11
29040,10412,334,$50 Low Adult Hunter 55+ U/S,1,1453,Childhood Dream,Jackie Sawyer,Jackie Sawyer,,$15
29040,10412,334,$50 Low Adult Hunter 55+ U/S,2,2161,Astronaut H Z,Teresa Pompay,Teresa Pompay,,$11
29040,10412,334,$50 Low Adult Hunter 55+ U/S,3,2117,Bye Chance,Linda E. Vellman,Linda E. Vellman,,$7.5
29040,10412,334,$50 Low Adult Hunter 55+ U/S,4,1095,Cabana Boy,Sherri R. Geddes,Sherri R. Geddes,,$6
29176,0,404,"$10,000 USHJA UF Vet Hunter Derby 3' Open",1,1221,Kobalt Des Vk,Megan Wexler,Mackenzie R. McGehee,178.00,"$3,000"
29176,0,404,"$10,000 USHJA UF Vet Hunter Derby 3' Open",2,2368,Cheque,Jake Evans,Isltime LLC,177.00,"$2,200"
29176,0,404,"$10,000 USHJA UF Vet Hunter Derby 3' Open",3,1976,Debonair,Jennifer Tate,Barbara E. Kravetz,167.00,"$1,500"
29176,0,404,"$10,000 USHJA UF Vet Hunter Derby 3' Open",4,2182,Outlaw,Robert P. Stucky,Isabella Agliano,159.00,$800
29176,0,404,"$10,000 USHJA UF Vet Hunter Derby 3' Open",5,2361,Casuall,John Michael Durr,Ava Hicks,151.00,$600
29176,0,404,"$10,000 USHJA UF Vet Hunter Derby 3' Open",6,2624,Tavish,Debra L. Ward,Cinthia Ane' Mcgreevy,149.00,$500
29176,0,404,"$10,000 USHJA UF Vet Hunter Derby 3' Open",7,1582,Harmony De Muze,Jake Evans,Melissa Mcmullen Swiler,136.00,$400
29176,0,404,"$10,000 USHJA UF Vet Hunter Derby 3' Open",8,2634,Mtm Nutmeg,Rachel Zaluski,Moody Sport Horses,135.00,$300
29176,0,404,"$10,000 USHJA UF Vet Hunter Derby 3' Open",9,1823,Aperture Vf,Lia Screnci,Volado Farms,125.00,$300
29176,0,404,"$10,000 USHJA UF Vet Hunter Derby 3' Open",10,1662,Miles Ahead,Katherine F. Dewar,Katherine F. Dewar,119.00,$200
29176,0,404,"$10,000 USHJA UF Vet Hunter Derby 3' Open",11,2664,Callisto,Angela Gais,Angela Gais,115.00,$100
29176,0,404,"$10,000 USHJA UF Vet Hunter Derby 3' Open",12,1521,Ziggy Stardust,Bowers A. Cone,Lisa Howard,49.00,$100
29176,0,404,"$10,000 USHJA UF Vet Hunter Derby 3' Open",,1249,Colombiana,Erica Robson,Amy Freund,,
29177,0,405,"$10,000 USHJA National Hunter Derby 3' Jr/Am",1,2703,Genuine,Hayley G. Waters Wear,Mr. & Mrs. Chuck Waters,176.00,"$3,000"
29177,0,405,"$10,000 USHJA National Hunter Derby 3' Jr/Am",2,1028,Forte,Carsyn Korotkin,"Castlewood Farm, Inc.",167.00,"$2,200"
29177,0,405,"$10,000 USHJA National Hunter Derby 3' Jr/Am",3,2176,Novio,Sydney Shelby,Sydney Shelby,165.00,"$1,500"
29177,0,405,"$10,000 USHJA National Hunter Derby 3' Jr/Am",4,2701,Bull Run's Luminous,Hayley G. Waters Wear,Mr. & Mrs. Chuck Waters,162.00,$800
29177,0,405,"$10,000 USHJA National Hunter Derby 3' Jr/Am",5,1876,Churchill Blue,Reagan Williams,"Rpw Show Horses, LLC",159.00,$600
29177,0,405,"$10,000 USHJA National Hunter Derby 3' Jr/Am",6,3167,Sunday Rose,Shiloh Roseboom,Ashley Pysarevska,157.00,$500
29177,0,405,"$10,000 USHJA National Hunter Derby 3' Jr/Am",7,1756,Virella,Cynthia D Mesker,Cynthia D Mesker,146.00,$400
29177,0,405,"$10,000 USHJA National Hunter Derby 3' Jr/Am",8,1031,Hurricane,Taylor Oakvik,Cavalieres Sporthorses LLC,145.50,$300
29177,0,405,"$10,000 USHJA National Hunter Derby 3' Jr/Am",9,1931,Cotentin Des Roques,Windsor Ryan,Windsor Stables LLC,145.00,$300
29177,0,405,"$10,000 USHJA National Hunter Derby 3' Jr/Am",10,1048,Specialist,Kate Marisch,Kate Marisch,135.00,$200
29177,0,405,"$10,000 USHJA National Hunter Derby 3' Jr/Am",11,1190,Talk To Me,Kendall King,Kendall King,134.00,$100
29177,0,405,"$10,000 USHJA National Hunter Derby 3' Jr/Am",12,2705,Nitemoves,Hayley G. Waters Wear,Mr. & Mrs. Chuck Waters,124.00,$100
29177,0,405,"$10,000 USHJA National Hunter Derby 3' Jr/Am",,1041,Luminosity Class,Taylor Oakvik,Cavalieres Sporthorses LLC,,
29177,0,405,"$10,000 USHJA National Hunter Derby 3' Jr/Am",,1049,Vote For Pedro,Aria Waxman,Linda Lauper-Polk,,
29177,0,405,"$10,000 USHJA National Hunter Derby 3' Jr/Am",,1183,Mastermind,Naomi Selleck,Naomi Selleck,,
29177,0,405,"$10,000 USHJA National Hunter Derby 3' Jr/Am",,1185,Macallan,Reagan Brown,Reagan Brown,,
29177,0,405,"$10,000 USHJA National Hunter Derby 3' Jr/Am",,1197,Code Of Honor,Sofia Parise,Sofia Parise,,
29177,0,405,"$10,000 USHJA National Hunter Derby 3' Jr/Am",,1555,Katch Can-Do,Olivia Israel,Hill House Farm LLC,,
29177,0,405,"$10,000 USHJA National Hunter Derby 3' Jr/Am",,1772,Harbor Boy,Fallon Badini,Fallon Badini,,
29177,0,405,"$10,000 USHJA National Hunter Derby 3' Jr/Am",,1846,Carlos He'las,Evana Somareddy,Adair Moses,,
29177,0,405,"$10,000 USHJA National Hunter Derby 3' Jr/Am",,1883,Untouchable's Unique,Dominic Arnold,Dominic Arnold,,
29177,0,405,"$10,000 USHJA National Hunter Derby 3' Jr/Am",,3100,Navigator,Taylor Oakvik,Sandalwood Farms,,
29178,0,406,"$10,000 Golden Ocala Hunter Derby 3'6/3'9",1,1790,Cataumet,Lauren Schweppe,Cynthia Boudreau,182.00,"$3,000"
29178,0,406,"$10,000 Golden Ocala Hunter Derby 3'6/3'9",2,3018,Corzico Melloni Z,Dorothy Douglas,Brody Sporthorses,179.00,"$2,200"
29178,0,406,"$10,000 Golden Ocala Hunter Derby 3'6/3'9",3,2926,Clever,Jake Evans,Isltime LLC,175.00,"$1,500"
29178,0,406,"$10,000 Golden Ocala Hunter Derby 3'6/3'9",4,2011,Fpf First Edition,Jenny Miller,Jenny Miller,162.00,$800
29178,0,406,"$10,000 Golden Ocala Hunter Derby 3'6/3'9",5,2736,Olimpink Melloni,Timothy Maddrix,Kristina L. Groselle,139.00,$600
29178,0,406,"$10,000 Golden Ocala Hunter Derby 3'6/3'9",6,1191,Wordsmith,Victoria Free Knott,Allison Wise,138.00,$500
29178,0,406,"$10,000 Golden Ocala Hunter Derby 3'6/3'9",7,2612,Marshall,Timothy Maddrix,Missy R. Nolen,134.00,$400
29178,0,406,"$10,000 Golden Ocala Hunter Derby 3'6/3'9",8,1908,Gosset Rose,Evana Somareddy,Plain Bay Farm,133.50,$300
29178,0,406,"$10,000 Golden Ocala Hunter Derby 3'6/3'9",9,1043,Markanto A,Carsyn Korotkin,"Castlewood Farm, Inc.",130.00,$300
29178,0,406,"$10,000 Golden Ocala Hunter Derby 3'6/3'9",10,2303,Nielson Wh,Margaret L. Swanson,Mike Holtkamp,115.00,$200
29178,0,406,"$10,000 Golden Ocala Hunter Derby 3'6/3'9",11,2827,Lord Carlino,Alexandra Hird,Mad Maple Farm LLC,100.00,$100
29179,0,407,"$2,000 USHJA Pony Hunt & Go Derby 2'3""/2'6""/2'9""",1,2800,Watchusayin,Grayson Moore,Grayson Moore,163.00,$600
29179,0,407,"$2,000 USHJA Pony Hunt & Go Derby 2'3""/2'6""/2'9""",2,1496,Somermist Secret Admirer,Linden Nguyen,Daniel King,145.00,$440
29179,0,407,"$2,000 USHJA Pony Hunt & Go Derby 2'3""/2'6""/2'9""",3,1458,Sweeter Than Fiction,Addy Dewalt,Addy Dewalt,143.00,$300
29179,0,407,"$2,000 USHJA Pony Hunt & Go Derby 2'3""/2'6""/2'9""",4,1580,Won To Love,Audrey Haywood,Anna Dryden,130.00,$140
29179,0,407,"$2,000 USHJA Pony Hunt & Go Derby 2'3""/2'6""/2'9""",5,2988,Hidden Springs Star Attraction,Bay Hammer,Zoie Davis,126.00,$100
29179,0,407,"$2,000 USHJA Pony Hunt & Go Derby 2'3""/2'6""/2'9""",6,1027,Fort Knox,Jessica Heap,Jessica Heap,105.00,$100
29179,0,407,"$2,000 USHJA Pony Hunt & Go Derby 2'3""/2'6""/2'9""",,1579,V.h. Paris Fox,Marlow Rickun,Foxleigh LLC,40.00,
29175,0,408,$2500 WEC NonPro Hunt & Go Derby 2'6,1,2304,Camden Street,Phillipa Greenberg,Lana Tomlinson,165.00,$750
29175,0,408,$2500 WEC NonPro Hunt & Go Derby 2'6,2,2945,Koletta,Alexa Riccio,Ann Mallen,164.00,$550
29175,0,408,$2500 WEC NonPro Hunt & Go Derby 2'6,3,2520,Dicaprio,Emily F. H. Buxton,Pinnacle Pointe Equestrian,163.00,$325
29175,0,408,$2500 WEC NonPro Hunt & Go Derby 2'6,4,2835,Gladstone,Shelby Heyer,"Berger Equine, LLC",156.00,$200
29175,0,408,$2500 WEC NonPro Hunt & Go Derby 2'6,5,2021,Crescendo 55,Andrea Clark,Andrea Clark,147.00,$150
29175,0,408,$2500 WEC NonPro Hunt & Go Derby 2'6,6,2114,Picture Me,Marli Scott,Marli Scott,115.00,$125
29175,0,408,$2500 WEC NonPro Hunt & Go Derby 2'6,7,2385,Casa Quo Vadis,Grace Harrison,Dreams Come True Horses LLC,107.00,$100
29175,0,408,$2500 WEC NonPro Hunt & Go Derby 2'6,8,1459,Voyageur,Marie Lawlor,Olivia Landsberg,63.00,$75
33541,0,412,"$3500 Junior Hunter Classic 3'6""/3'6""",1,2210,Ascott,Currie Cooper,"Triple C Equestrian, LLC",86,$875
33541,0,412,"$3500 Junior Hunter Classic 3'6""/3'6""",2,1577,Game Day,Audrey Haywood,Audrey Haywood,84,$665
33541,0,412,"$3500 Junior Hunter Classic 3'6""/3'6""",3,2383,A La Quattro S,Vivian Heyer,Vivian Heyer,77,$525
33541,0,412,"$3500 Junior Hunter Classic 3'6""/3'6""",4,1028,Forte,Carsyn Korotkin,"Castlewood Farm, Inc.",80,$350
33541,0,412,"$3500 Junior Hunter Classic 3'6""/3'6""",5,1520,Verdi,Scarlett Yana,Scarlett Yana,74,$315
33541,0,412,"$3500 Junior Hunter Classic 3'6""/3'6""",6,2619,Copernicus Z,Grace Phan,Grace Phan,72,$280
33541,0,412,"$3500 Junior Hunter Classic 3'6""/3'6""",7,1457,Kamilla,Olivia Planer,Olivia Planer,68,$245
33541,0,412,"$3500 Junior Hunter Classic 3'6""/3'6""",8,1428,Insightful,Kendall Bland,Kendall Bland,75,$245
33541,0,412,"$3500 Junior Hunter Classic 3'6""/3'6""",9,1883,Untouchable's Unique,Dominic Arnold,Dominic Arnold,45,
33558,0,416,"$3500 Amateur Owner Hunter Classic 3'6""/3'3""",1,2701,Bull Run's Luminous,Hayley G. Waters Wear,Mr. & Mrs. Chuck Waters,85,$875
33558,0,416,"$3500 Amateur Owner Hunter Classic 3'6""/3'3""",2,2705,Nitemoves,Hayley G. Waters Wear,Mr. & Mrs. Chuck Waters,88,$665
33558,0,416,"$3500 Amateur Owner Hunter Classic 3'6""/3'3""",3,2703,Genuine,Hayley G. Waters Wear,Mr. & Mrs. Chuck Waters,90,$525
33558,0,416,"$3500 Amateur Owner Hunter Classic 3'6""/3'3""",4,1009,Only Always,Kimberly S. Maloomian,Kimberly S. Maloomian,86.5,$350
33558,0,416,"$3500 Amateur Owner Hunter Classic 3'6""/3'3""",5,2720,Espresso,Molly Frei,Frei Equestrian LLC,84.5,$315
33558,0,416,"$3500 Amateur Owner Hunter Classic 3'6""/3'3""",6,1876,Churchill Blue,Reagan Williams,"Rpw Show Horses, LLC",72,$280
33558,0,416,"$3500 Amateur Owner Hunter Classic 3'6""/3'3""",7,2176,Novio,Sydney Shelby,Sydney Shelby,79,$245
33558,0,416,"$3500 Amateur Owner Hunter Classic 3'6""/3'3""",8,1008,Lost Boy,Kimberly S. Maloomian,Terry S Maloomian,87,$245
33558,0,416,"$3500 Amateur Owner Hunter Classic 3'6""/3'3""",9,1079,Grande Dame,Laura Linback,Woodrun,86,
33558,0,416,"$3500 Amateur Owner Hunter Classic 3'6""/3'3""",10,2475,Colmans Blue,Maurah Burkholder,Maurah Burkholder,80,
33558,0,416,"$3500 Amateur Owner Hunter Classic 3'6""/3'3""",11,1081,Main Squeeze,Laura Linback,Woodrun,81,
29431,0,418,"$2500 Pony Hunter Classic 2'3/2'6""/2'9""",1,2211,Chapeau,Annie Cooper,"Monarch Farms, LLC",82,$625
29431,0,418,"$2500 Pony Hunter Classic 2'3/2'6""/2'9""",2,2800,Watchusayin,Grayson Moore,Grayson Moore,75,$475
29431,0,418,"$2500 Pony Hunter Classic 2'3/2'6""/2'9""",3,2212,Down To A T,Annie Cooper,"Triple C Equestrian, LLC",84,$375
29431,0,418,"$2500 Pony Hunter Classic 2'3/2'6""/2'9""",4,2019,Bss Prince Charming,Sophia Oosthuizen,Jasoma57 LLC,62,$250
29431,0,418,"$2500 Pony Hunter Classic 2'3/2'6""/2'9""",5,1254,Howie Do It,Claire de Hechavarria,Finley Morgan,67,$225
29431,0,418,"$2500 Pony Hunter Classic 2'3/2'6""/2'9""",6,2988,Hidden Springs Star Attraction,Bay Hammer,Zoie Davis,66,$200
29431,0,418,"$2500 Pony Hunter Classic 2'3/2'6""/2'9""",7,2392,Lady Glitter Sparkles,Cassie Gil,Cassie Gil,72,$175
29431,0,418,"$2500 Pony Hunter Classic 2'3/2'6""/2'9""",8,1027,Fort Knox,Jessica Heap,Jessica Heap,65,$175
29431,0,418,"$2500 Pony Hunter Classic 2'3/2'6""/2'9""",9,1579,V.h. Paris Fox,Marlow Rickun,Foxleigh LLC,30,
29431,0,418,"$2500 Pony Hunter Classic 2'3/2'6""/2'9""",,1255,Nr Golden Graham,Ella de Hechavarria,Courtney de Hechavarria,68,
29463,0,419,"$1500 Green Pony Hunter Classic 2'9""/2'6""/2'3""",1,1580,Won To Love,Audrey Haywood,Anna Dryden,79,$375
29463,0,419,"$1500 Green Pony Hunter Classic 2'9""/2'6""/2'3""",2,2145,Greymeadows Pinot Noir,Zoie Davis,Christine Davis,73,$285
29463,0,419,"$1500 Green Pony Hunter Classic 2'9""/2'6""/2'3""",3,1698,Orchard Hills Best Dressed,Ryan Haselden,Stephanie I Sakata,81,$225
29463,0,419,"$1500 Green Pony Hunter Classic 2'9""/2'6""/2'3""",4,2626,Quicksilver Hercules,Ella Clark,Piper Wise,75,$150
29463,0,419,"$1500 Green Pony Hunter Classic 2'9""/2'6""/2'3""",5,1458,Sweeter Than Fiction,Addy Dewalt,Addy Dewalt,55,$135
29463,0,419,"$1500 Green Pony Hunter Classic 2'9""/2'6""/2'3""",6,2622,Rosmel's Silver Rose,Madelyn Oster,Abigail Wiemer,40,$120
29463,0,419,"$1500 Green Pony Hunter Classic 2'9""/2'6""/2'3""",7,1496,Somermist Secret Admirer,Linden Nguyen,Daniel King,60,$105
29193,0,420,$1000 Children's Pony Hunter Classic 2'/2'6',1,1487,Annandale Sherlock,Linden Nguyen,Linden Nguyen,79,$250
29193,0,420,$1000 Children's Pony Hunter Classic 2'/2'6',2,2137,Falling Moon Front Page,Kennedy Kluber,Kennedy Kluber,77,$190
29193,0,420,$1000 Children's Pony Hunter Classic 2'/2'6',3,2980,Gayfields Tickety Boo,Sophia Sankowski,Casey Johns,72,$150
29193,0,420,$1000 Children's Pony Hunter Classic 2'/2'6',4,1544,Prince Henry,Jackson Callahan,"Greystone Equine, Inc.",40,$100
29193,0,420,$1000 Children's Pony Hunter Classic 2'/2'6',5,1871,Cherrybrook Valentino,Shelby Romp,Shelby Romp,50,$90
29193,0,420,$1000 Children's Pony Hunter Classic 2'/2'6',6,1575,Bellefour's Steel Fox,Marlow Rickun,Marlow Rickun,45,$80
33542,0,421,$1500 NAL/WIHS Children's Hunter Classic 3',1,1488,Crown,Sofia Fayad,Beyaert Farm Inc,84,$375
33542,0,421,$1500 NAL/WIHS Children's Hunter Classic 3',2,1930,Champ,Windsor Ryan,Windsor Stables LLC,82,$285
33542,0,421,$1500 NAL/WIHS Children's Hunter Classic 3',3,2603,Dominus Z,Emery Kobel,Jennifer Kobel,72,$225
33542,0,421,$1500 NAL/WIHS Children's Hunter Classic 3',4,2623,Sophistakkato,Katherine Nunez,Katherine Nunez,75,$150
33542,0,421,$1500 NAL/WIHS Children's Hunter Classic 3',5,2182,Outlaw,Isabella Agliano,Isabella Agliano,68,$135
33542,0,421,$1500 NAL/WIHS Children's Hunter Classic 3',6,2305,Eye Of The Tiger,Lillian Hardman,Kerri Gantt,65,$120
33542,0,421,$1500 NAL/WIHS Children's Hunter Classic 3',7,1049,Vote For Pedro,Aria Waxman,Aria Waxman,86,$105
33542,0,421,$1500 NAL/WIHS Children's Hunter Classic 3',8,1197,Code Of Honor,Sofia Parise,Sofia Parise,65,$105
33542,0,421,$1500 NAL/WIHS Children's Hunter Classic 3',9,1048,Specialist,Kate Marisch,Kate Marisch,45,
29196,0,423,$1500 NAL/WIHS Adult Hunter Classic 18-35 3',1,1576,Cadenza,Amelia Ruth,Amelia Ruth,82.5,$375
29196,0,423,$1500 NAL/WIHS Adult Hunter Classic 18-35 3',2,1525,Checkmate,Gabriella Savettiere,Empire Lane LLC,81.5,$285
29196,0,423,$1500 NAL/WIHS Adult Hunter Classic 18-35 3',3,1221,Kobalt Des Vk,Mackenzie R. McGehee,Mackenzie R. McGehee,80,$225
29196,0,423,$1500 NAL/WIHS Adult Hunter Classic 18-35 3',4,1191,Wordsmith,Heidi White,Allison Wise,83.5,$150
29196,0,423,$1500 NAL/WIHS Adult Hunter Classic 18-35 3',5,3030,Missy Vd Vosberg,Seanna Reser,Surya Ravi,76,$135
29196,0,423,$1500 NAL/WIHS Adult Hunter Classic 18-35 3',6,2366,Kandoo Pj,Maurah Burkholder,Equestrian Dreams LLC,77,$120
29196,0,423,$1500 NAL/WIHS Adult Hunter Classic 18-35 3',7,1933,Caligua,Janie Stevenson,Janie Stevenson,70,$105
29196,0,423,$1500 NAL/WIHS Adult Hunter Classic 18-35 3',8,2668,Curtis 89,Josephine Demmo,Josephine Demmo,68,$105
29196,0,423,$1500 NAL/WIHS Adult Hunter Classic 18-35 3',9,1199,All Class,Samantha Delany,Samantha Delany,62,
29196,0,423,$1500 NAL/WIHS Adult Hunter Classic 18-35 3',10,3100,Navigator,Taylor Oakvik,Sandalwood Farms,79,
29196,0,423,$1500 NAL/WIHS Adult Hunter Classic 18-35 3',11,3167,Sunday Rose,Shiloh Roseboom,Ashley Pysarevska,46,
29197,0,424,$1500 NAL/WIHS Adult Hunter Classic 36+ 3',1,1080,Khinula Wb,Laura Linback,Woodrun,86,$375
29197,0,424,$1500 NAL/WIHS Adult Hunter Classic 36+ 3',2,2723,Limitless,Stephanie King,Stephanie King,85,$285
29197,0,424,$1500 NAL/WIHS Adult Hunter Classic 36+ 3',3,1760,Pistachio,Tarrin Kirby,Tarrin Kirby,81,$225
29197,0,424,$1500 NAL/WIHS Adult Hunter Classic 36+ 3',4,2847,Jurrney,Wendy B. Rice,Wendy B. Rice,84,$150
29197,0,424,$1500 NAL/WIHS Adult Hunter Classic 36+ 3',5,2614,Naton Wi Ro Z,Laura Sherren,Laura Sherren,64,$135
29197,0,424,$1500 NAL/WIHS Adult Hunter Classic 36+ 3',6,2724,Play Maker,Stephanie King,Stephanie King,77,$120
29197,0,424,$1500 NAL/WIHS Adult Hunter Classic 36+ 3',7,2032,Novel-T,Lee D. Cesery,Lee D. Cesery,40,$105
33454,0,425,"$1250 Low Children's Hunter Classic 2'6""",1,2820,Peyton Cm Kapade,Angelina M Palmeri,Angelina M Palmeri,84,$312.5
33454,0,425,"$1250 Low Children's Hunter Classic 2'6""",2,2799,Steely Dan,Kendall Crowell,Cathy Sweezey,67,$237.5
33454,0,425,"$1250 Low Children's Hunter Classic 2'6""",3,2610,Starridor,Peyton Krumin,Stefano Baruzzo LLC,77,$187.5
33454,0,425,"$1250 Low Children's Hunter Classic 2'6""",4,2385,Casa Quo Vadis,Grace Harrison,Dreams Come True Horses LLC,75,$125
33454,0,425,"$1250 Low Children's Hunter Classic 2'6""",5,2661,Ustina,Sage Bain,Isaac Leffkowitz,82,$112.5
33454,0,425,"$1250 Low Children's Hunter Classic 2'6""",6,3169,Roc N' Rose,Ellery Winkler,Ellery Winkler,65,$100
33454,0,425,"$1250 Low Children's Hunter Classic 2'6""",7,1873,Fletcher W,Shelby Romp,Shelby Romp,70,$87.5
33454,0,425,"$1250 Low Children's Hunter Classic 2'6""",8,2114,Picture Me,Marli Scott,Marli Scott,38,$87.5
33454,0,425,"$1250 Low Children's Hunter Classic 2'6""",9,1874,Icandy,Sophia Myers,Ariel J. Fletcher,68,
33454,0,425,"$1250 Low Children's Hunter Classic 2'6""",10,1092,Over Ruled,Isabella Keyman,Jennie Keyman,64,
33454,0,425,"$1250 Low Children's Hunter Classic 2'6""",,1459,Voyageur,Marie Lawlor,Olivia Landsberg,0,
29199,0,427,$1250 Low Adult Hunter Classic 18-35 2'6',1,2835,Gladstone,Shelby Heyer,"Berger Equine, LLC",80,$312.5
29199,0,427,$1250 Low Adult Hunter Classic 18-35 2'6',2,2940,Obora's Sandman,Anna Weiss,"Alw Eq, LLC",78,$237.5
29199,0,427,$1250 Low Adult Hunter Classic 18-35 2'6',3,2936,Delta Blues,Ashley Nokes,Ashley Nokes,75,$187.5
29199,0,427,$1250 Low Adult Hunter Classic 18-35 2'6',4,1301,Quatro,Leah Blomquist,Jackie Sawyer,76,$125
29199,0,427,$1250 Low Adult Hunter Classic 18-35 2'6',5,1748,Center Stage,Catherine Souza,Catherine Souza,79,$112.5
29199,0,427,$1250 Low Adult Hunter Classic 18-35 2'6',6,1936,Sf Old Fashioned,Sadie Koresh,Janie Stevenson,81,$100
29199,0,427,$1250 Low Adult Hunter Classic 18-35 2'6',7,2937,Follow Me,Anna Weiss,"Alw Eq, LLC",60,$87.5
29200,0,428,$1250 Low Adult Hunter Classic 36+ 2'6',1,2021,Crescendo 55,Andrea Clark,Andrea Clark,75,$312.5
29200,0,428,$1250 Low Adult Hunter Classic 36+ 2'6',2,2161,Astronaut H Z,Teresa Pompay,Teresa Pompay,67,$237.5
29200,0,428,$1250 Low Adult Hunter Classic 36+ 2'6',3,1915,Fbf Sundrop,Stacy A. Ryback,Stacy A. Ryback,62,$187.5
29200,0,428,$1250 Low Adult Hunter Classic 36+ 2'6',4,1453,Childhood Dream,Jackie Sawyer,Jackie Sawyer,65,$125
29200,0,428,$1250 Low Adult Hunter Classic 36+ 2'6',5,2304,Camden Street,Phillipa Greenberg,Lana Tomlinson,66,$112.5
29200,0,428,$1250 Low Adult Hunter Classic 36+ 2'6',6,1095,Cabana Boy,Sherri R. Geddes,Sherri R. Geddes,83,$100
29200,0,428,$1250 Low Adult Hunter Classic 36+ 2'6',7,2307,Channing,Joanne Clemente,Horselux LLC,51,$87.5
29200,0,428,$1250 Low Adult Hunter Classic 36+ 2'6',8,1924,Argento 2,Aubrey Frank,Aubrey Frank,68,$87.5
29200,0,428,$1250 Low Adult Hunter Classic 36+ 2'6',9,1977,Just A Gentleman,Brittany G. Wyatt,Brittany G. Wyatt,50,
29181,0,430,$1000 USHJA Green Hunter Incentive 3',1,2868,Mtm Drop The Mic,Tracy Fenney,Tracy Fenney,60.00,$300
29182,0,431,"$1000 USHJA Green Hunter Incentive 3'3""",1,3022,Netezwiggy Vd Watermolen,Dorothy Douglas,"Yellowstone, LLC",86.00,$300
29182,0,431,"$1000 USHJA Green Hunter Incentive 3'3""",2,2329,Mtm Rico Suave,Tracy Fenney,Mtm Farm,79.00,$220
29182,0,431,"$1000 USHJA Green Hunter Incentive 3'3""",3,2867,Chef Special,Tracy Fenney,John R. French,77.00,$130
29182,0,431,"$1000 USHJA Green Hunter Incentive 3'3""",4,2927,Dexter,Jake Evans,Isltime LLC,74.00,$80
29202,10440,500,Equitation 11/U 2',1,2988,Hidden Springs Star Attraction,Bay Hammer,Zoie Davis,,
29202,10440,500,Equitation 11/U 2',2,2115,Simply Good,Julianna Irwin,"Capall Stables, LLC",,
29202,10440,500,Equitation 11/U 2',3,1487,Annandale Sherlock,Linden Nguyen,Linden Nguyen,,
29203,10440,501,Equitation 11/U 2',1,1487,Annandale Sherlock,Linden Nguyen,Linden Nguyen,,
29203,10440,501,Equitation 11/U 2',2,2115,Simply Good,Julianna Irwin,"Capall Stables, LLC",,
29203,10440,501,Equitation 11/U 2',3,2988,Hidden Springs Star Attraction,Bay Hammer,Zoie Davis,,
29204,10440,502,Equitation 11/U Flat,1,2115,Simply Good,Julianna Irwin,"Capall Stables, LLC",,
29204,10440,502,Equitation 11/U Flat,2,2988,Hidden Springs Star Attraction,Bay Hammer,Zoie Davis,,
29204,10440,502,Equitation 11/U Flat,3,1487,Annandale Sherlock,Linden Nguyen,Linden Nguyen,,
29205,10444,503,Equitation 12-14 2'9',1,2603,Dominus Z,Emery Kobel,Jennifer Kobel,,
29205,10444,503,Equitation 12-14 2'9',2,2794,Joylon Gb,Brinley Farr,Cane Creek LLC,,
29205,10444,503,Equitation 12-14 2'9',3,2619,Copernicus Z,Grace Phan,Grace Phan,,
29205,10444,503,Equitation 12-14 2'9',,1772,Harbor Boy,Fallon Badini,Fallon Badini,,
29206,10444,504,Equitation 12-14 2'9',1,2619,Copernicus Z,Grace Phan,Grace Phan,,
29206,10444,504,Equitation 12-14 2'9',2,2794,Joylon Gb,Brinley Farr,Cane Creek LLC,,
29206,10444,504,Equitation 12-14 2'9',3,2603,Dominus Z,Emery Kobel,Jennifer Kobel,,
29206,10444,504,Equitation 12-14 2'9',4,1772,Harbor Boy,Fallon Badini,Fallon Badini,,
29207,10444,505,Equitation 12-14 Flat,1,1772,Harbor Boy,Fallon Badini,Fallon Badini,,
29207,10444,505,Equitation 12-14 Flat,2,2794,Joylon Gb,Brinley Farr,Cane Creek LLC,,
29207,10444,505,Equitation 12-14 Flat,3,2603,Dominus Z,Emery Kobel,Jennifer Kobel,,
29207,10444,505,Equitation 12-14 Flat,4,2619,Copernicus Z,Grace Phan,Grace Phan,,
29208,10447,506,"Equitation 15-17 3'3""",1,2203,Milburn Monti Casino,Evelyn Byron,Evelyn Byron,,
29208,10447,506,"Equitation 15-17 3'3""",2,1448,Cattrepel,Elle Bassion,Elle Bassion,,
29208,10447,506,"Equitation 15-17 3'3""",3,1457,Kamilla,Olivia Planer,Olivia Planer,,
29208,10447,506,"Equitation 15-17 3'3""",4,1089,Changes In Latitude,Ava Parker,Amy Brammer,,
29208,10447,506,"Equitation 15-17 3'3""",5,1419,Capitolino Dve,Frederica Alcalay,Dutch Valley Sporthorses,,
29209,10447,507,"Equitation 15-17 3'3""",1,1457,Kamilla,Olivia Planer,Olivia Planer,,
29209,10447,507,"Equitation 15-17 3'3""",2,1448,Cattrepel,Elle Bassion,Elle Bassion,,
29209,10447,507,"Equitation 15-17 3'3""",3,2203,Milburn Monti Casino,Evelyn Byron,Evelyn Byron,,
29209,10447,507,"Equitation 15-17 3'3""",4,1419,Capitolino Dve,Frederica Alcalay,Dutch Valley Sporthorses,,
29209,10447,507,"Equitation 15-17 3'3""",5,1089,Changes In Latitude,Ava Parker,Amy Brammer,,
29210,10447,508,Equitation 15-17 Flat,1,1457,Kamilla,Olivia Planer,Olivia Planer,,
29210,10447,508,Equitation 15-17 Flat,2,1419,Capitolino Dve,Frederica Alcalay,Dutch Valley Sporthorses,,
29210,10447,508,Equitation 15-17 Flat,3,1089,Changes In Latitude,Ava Parker,Amy Brammer,,
29210,10447,508,Equitation 15-17 Flat,4,1448,Cattrepel,Elle Bassion,Elle Bassion,,
29210,10447,508,Equitation 15-17 Flat,5,2203,Milburn Monti Casino,Evelyn Byron,Evelyn Byron,,
29211,10459,509,Adult Equitation 3',1,2989,Green Book,Madison Olvert,Madison Olvert,,
29211,10459,509,Adult Equitation 3',2,2991,San Cristobal,Elizabeth D. Blaisdell,Della Equestrian,,
29211,10459,509,Adult Equitation 3',3,1927,Hicorino,Brooke Borges,Ann Fletcher Easley,,
29211,10459,509,Adult Equitation 3',4,2819,Mattador,Allison Beck,Mybailey Properies LLC,,
29211,10459,509,Adult Equitation 3',5,3006,Surely,Audrey Turner,Abigail Huang,,
29211,10459,509,Adult Equitation 3',6,1933,Caligua,Janie Stevenson,Janie Stevenson,,
29212,10459,510,Adult Equitation 3',1,2989,Green Book,Madison Olvert,Madison Olvert,,
29212,10459,510,Adult Equitation 3',2,1927,Hicorino,Brooke Borges,Ann Fletcher Easley,,
29212,10459,510,Adult Equitation 3',3,3006,Surely,Audrey Turner,Abigail Huang,,
29212,10459,510,Adult Equitation 3',4,1933,Caligua,Janie Stevenson,Janie Stevenson,,
29212,10459,510,Adult Equitation 3',5,2819,Mattador,Allison Beck,Mybailey Properies LLC,,
29213,10459,511,Adult Equitation Flat,1,2989,Green Book,Madison Olvert,Madison Olvert,,
29213,10459,511,Adult Equitation Flat,2,2819,Mattador,Allison Beck,Mybailey Properies LLC,,
29213,10459,511,Adult Equitation Flat,3,3006,Surely,Audrey Turner,Abigail Huang,,
29213,10459,511,Adult Equitation Flat,4,1927,Hicorino,Brooke Borges,Ann Fletcher Easley,,
29213,10459,511,Adult Equitation Flat,,1933,Caligua,Janie Stevenson,Janie Stevenson,,
29214,10460,512,Children's Equitation 3',1,1594,Nibolensky,Brinley Farr,"Go Buck Yourself, LLC",,
29214,10460,512,Children's Equitation 3',2,1488,Crown,Sofia Fayad,Beyaert Farm Inc,,
29214,10460,512,Children's Equitation 3',3,2986,Maui,Autumn Farr,Michael B. Bertozzi,,
29214,10460,512,Children's Equitation 3',4,1520,Verdi,Scarlett Yana,Scarlett Yana,,
29214,10460,512,Children's Equitation 3',5,2621,Nayla Balou,Ruby Lauria,Mary Jo Engstrom,,
29214,10460,512,Children's Equitation 3',,2305,Eye Of The Tiger,Lillian Hardman,Kerri Gantt,,
29215,10460,513,Children's Equitation 3',1,2986,Maui,Autumn Farr,Michael B. Bertozzi,,
29215,10460,513,Children's Equitation 3',2,2621,Nayla Balou,Ruby Lauria,Mary Jo Engstrom,,
29215,10460,513,Children's Equitation 3',3,1488,Crown,Sofia Fayad,Beyaert Farm Inc,,
29215,10460,513,Children's Equitation 3',4,1520,Verdi,Scarlett Yana,Scarlett Yana,,
29215,10460,513,Children's Equitation 3',5,1594,Nibolensky,Brinley Farr,"Go Buck Yourself, LLC",,
29215,10460,513,Children's Equitation 3',6,2305,Eye Of The Tiger,Lillian Hardman,Kerri Gantt,,
29216,10460,514,Children's Equitation Flat,1,2986,Maui,Autumn Farr,Michael B. Bertozzi,,
29216,10460,514,Children's Equitation Flat,2,1594,Nibolensky,Brinley Farr,"Go Buck Yourself, LLC",,
29216,10460,514,Children's Equitation Flat,3,1488,Crown,Sofia Fayad,Beyaert Farm Inc,,
29216,10460,514,Children's Equitation Flat,4,1520,Verdi,Scarlett Yana,Scarlett Yana,,
29216,10460,514,Children's Equitation Flat,5,2305,Eye Of The Tiger,Lillian Hardman,Kerri Gantt,,
29216,10460,514,Children's Equitation Flat,6,2621,Nayla Balou,Ruby Lauria,Mary Jo Engstrom,,
29217,10462,515,"Low Children's Equitation 2'6""",1,2820,Peyton Cm Kapade,Angelina M Palmeri,Angelina M Palmeri,,
29217,10462,515,"Low Children's Equitation 2'6""",2,2114,Picture Me,Marli Scott,Marli Scott,,
29217,10462,515,"Low Children's Equitation 2'6""",3,2610,Starridor,Peyton Krumin,Stefano Baruzzo LLC,,
29217,10462,515,"Low Children's Equitation 2'6""",,1092,Over Ruled,Isabella Keyman,Jennie Keyman,,
29217,10462,515,"Low Children's Equitation 2'6""",,1459,Voyageur,Marie Lawlor,Olivia Landsberg,,
29217,10462,515,"Low Children's Equitation 2'6""",,2661,Ustina,Sage Bain,Isaac Leffkowitz,,
29217,10462,515,"Low Children's Equitation 2'6""",,2799,Steely Dan,Kendall Crowell,Cathy Sweezey,,
29218,10462,516,"Low Children's Equitation 2'6""",1,2610,Starridor,Peyton Krumin,Stefano Baruzzo LLC,,
29218,10462,516,"Low Children's Equitation 2'6""",2,2820,Peyton Cm Kapade,Angelina M Palmeri,Angelina M Palmeri,,
29218,10462,516,"Low Children's Equitation 2'6""",3,2661,Ustina,Sage Bain,Isaac Leffkowitz,,
29218,10462,516,"Low Children's Equitation 2'6""",4,2114,Picture Me,Marli Scott,Marli Scott,,
29218,10462,516,"Low Children's Equitation 2'6""",5,2799,Steely Dan,Kendall Crowell,Cathy Sweezey,,
29218,10462,516,"Low Children's Equitation 2'6""",,1092,Over Ruled,Isabella Keyman,Jennie Keyman,,
29218,10462,516,"Low Children's Equitation 2'6""",,1459,Voyageur,Marie Lawlor,Olivia Landsberg,,
29219,10462,517,Low Children's Equitation Flat,1,2661,Ustina,Sage Bain,Isaac Leffkowitz,,
29219,10462,517,Low Children's Equitation Flat,2,2799,Steely Dan,Kendall Crowell,Cathy Sweezey,,
29219,10462,517,Low Children's Equitation Flat,3,1459,Voyageur,Marie Lawlor,Olivia Landsberg,,
29219,10462,517,Low Children's Equitation Flat,4,1092,Over Ruled,Isabella Keyman,Jennie Keyman,,
29219,10462,517,Low Children's Equitation Flat,5,2610,Starridor,Peyton Krumin,Stefano Baruzzo LLC,,
29219,10462,517,Low Children's Equitation Flat,6,2114,Picture Me,Marli Scott,Marli Scott,,
29219,10462,517,Low Children's Equitation Flat,7,2820,Peyton Cm Kapade,Angelina M Palmeri,Angelina M Palmeri,,
29220,10464,518,"Low Adult Equitation 2'6""",1,1453,Childhood Dream,Jackie Sawyer,Jackie Sawyer,,
29220,10464,518,"Low Adult Equitation 2'6""",2,2520,Dicaprio,Emily F. H. Buxton,Pinnacle Pointe Equestrian,,
29220,10464,518,"Low Adult Equitation 2'6""",3,2304,Camden Street,Phillipa Greenberg,Lana Tomlinson,,
29220,10464,518,"Low Adult Equitation 2'6""",4,2307,Channing,Joanne Clemente,Horselux LLC,,
29220,10464,518,"Low Adult Equitation 2'6""",,1301,Quatro,Leah Blomquist,Jackie Sawyer,,
29220,10464,518,"Low Adult Equitation 2'6""",,2021,Crescendo 55,Andrea Clark,Andrea Clark,,
29221,10464,519,Low Adult Equitation 2'6',1,2520,Dicaprio,Emily F. H. Buxton,Pinnacle Pointe Equestrian,,
29221,10464,519,Low Adult Equitation 2'6',2,2307,Channing,Joanne Clemente,Horselux LLC,,
29221,10464,519,Low Adult Equitation 2'6',3,2304,Camden Street,Phillipa Greenberg,Lana Tomlinson,,
29221,10464,519,Low Adult Equitation 2'6',4,2021,Crescendo 55,Andrea Clark,Andrea Clark,,
29221,10464,519,Low Adult Equitation 2'6',5,1301,Quatro,Leah Blomquist,Jackie Sawyer,,
29221,10464,519,Low Adult Equitation 2'6',6,1453,Childhood Dream,Jackie Sawyer,Jackie Sawyer,,
29222,10464,520,Low Adult Equitation Flat,1,2520,Dicaprio,Emily F. H. Buxton,Pinnacle Pointe Equestrian,,
29222,10464,520,Low Adult Equitation Flat,2,2304,Camden Street,Phillipa Greenberg,Lana Tomlinson,,
29222,10464,520,Low Adult Equitation Flat,3,2307,Channing,Joanne Clemente,Horselux LLC,,
29222,10464,520,Low Adult Equitation Flat,4,2021,Crescendo 55,Andrea Clark,Andrea Clark,,
29493,10541,521,"Pony Equitation 2'3""/2'6""/2'9""",1,2019,Bss Prince Charming,Sophia Oosthuizen,Jasoma57 LLC,,
29493,10541,521,"Pony Equitation 2'3""/2'6""/2'9""",2,2800,Watchusayin,Grayson Moore,Grayson Moore,,
29493,10541,521,"Pony Equitation 2'3""/2'6""/2'9""",,1575,Bellefour's Steel Fox,Marlow Rickun,Marlow Rickun,,
29493,10541,521,"Pony Equitation 2'3""/2'6""/2'9""",,2391,Benlea Magic Dragon,Noemi Varela,Tartan Equestrian,,
29494,10541,522,"Pony Equitation 2'3""/2'6""/2'9""",,1575,Bellefour's Steel Fox,Marlow Rickun,Marlow Rickun,,
29494,10541,522,"Pony Equitation 2'3""/2'6""/2'9""",,2800,Watchusayin,Grayson Moore,Grayson Moore,,
29495,10541,523,Pony Equitation Flat,1,1575,Bellefour's Steel Fox,Marlow Rickun,Marlow Rickun,,
29495,10541,523,Pony Equitation Flat,2,2391,Benlea Magic Dragon,Noemi Varela,Tartan Equestrian,,
29495,10541,523,Pony Equitation Flat,,2019,Bss Prince Charming,Sophia Oosthuizen,Jasoma57 LLC,,
29495,10541,523,Pony Equitation Flat,,2800,Watchusayin,Grayson Moore,Grayson Moore,,
29490,10540,524,"Children's Pony Equitation 2'/2'6""",1,1487,Annandale Sherlock,Linden Nguyen,Linden Nguyen,,
29490,10540,524,"Children's Pony Equitation 2'/2'6""",2,2975,Plush Ponies' Kickapoo Kiwi Bliss,Sofia Clark,Morgan Mulcahy,,
29490,10540,524,"Children's Pony Equitation 2'/2'6""",,2087,Shenandoah East Wind,Anslee Bell,Leena Rivera,,
29491,10540,525,"Children's Pony Equitation 2'/2'6""",1,1487,Annandale Sherlock,Linden Nguyen,Linden Nguyen,,
29491,10540,525,"Children's Pony Equitation 2'/2'6""",2,2975,Plush Ponies' Kickapoo Kiwi Bliss,Sofia Clark,Morgan Mulcahy,,
29491,10540,525,"Children's Pony Equitation 2'/2'6""",,2087,Shenandoah East Wind,Anslee Bell,Leena Rivera,,
29492,10540,526,Children's Pony Equitation Flat,1,1487,Annandale Sherlock,Linden Nguyen,Linden Nguyen,,
29492,10540,526,Children's Pony Equitation Flat,2,2087,Shenandoah East Wind,Anslee Bell,Leena Rivera,,
29492,10540,526,Children's Pony Equitation Flat,,2975,Plush Ponies' Kickapoo Kiwi Bliss,Sofia Clark,Morgan Mulcahy,,
29231,0,527,Platinum Performance USEF Talent Search 3'9',1,1036,Indigo Van De Muggenhoek,Carsyn Korotkin,"Blue Gate Stables, LLC",,
29231,0,527,Platinum Performance USEF Talent Search 3'9',2,2389,Fanfan Boy,Josselyn Mersereau,Alyssa Liang,,
29231,0,527,Platinum Performance USEF Talent Search 3'9',3,1852,Top New Tina,Lola Bacardi,Lola Bacardi,,
29231,0,527,Platinum Performance USEF Talent Search 3'9',4,1908,Gosset Rose,Evana Somareddy,Plain Bay Farm,,
29231,0,527,Platinum Performance USEF Talent Search 3'9',5,1911,Quick Moon,Shiloh Roseboom,Donald E. Stewart,,
29229,0,528,"USEF Hunter Seat Medal 3'6""",1,2389,Fanfan Boy,Lainey Posa,Alyssa Liang,,
29229,0,528,"USEF Hunter Seat Medal 3'6""",2,1911,Quick Moon,Evana Somareddy,Donald E. Stewart,,
29229,0,528,"USEF Hunter Seat Medal 3'6""",3,1685,Hh Hyyerr Calling,Francesca Giarrusso,Francesca Giarrusso,,
29240,0,529,"WIHS Equitation Hunter Phase 3'6""",1,1043,Markanto A,Carsyn Korotkin,"Castlewood Farm, Inc.",86.00,
29240,0,529,"WIHS Equitation Hunter Phase 3'6""",2,1908,Gosset Rose,Evana Somareddy,Plain Bay Farm,84.00,
29240,0,529,"WIHS Equitation Hunter Phase 3'6""",3,1852,Top New Tina,Lola Bacardi,Lola Bacardi,74.00,
29241,0,530,"WIHS Equitation Jumper Phase 3'6""",1,1908,Gosset Rose,Evana Somareddy,Plain Bay Farm,,
29241,0,530,"WIHS Equitation Jumper Phase 3'6""",2,1852,Top New Tina,Lola Bacardi,Lola Bacardi,,
29241,0,530,"WIHS Equitation Jumper Phase 3'6""",3,1043,Markanto A,Carsyn Korotkin,"Castlewood Farm, Inc.",,
29241,0,530,"WIHS Equitation Jumper Phase 3'6""",,1685,Hh Hyyerr Calling,Francesca Giarrusso,Francesca Giarrusso,,
29242,0,531,"WIHS Equitation Overall 3'6""",1,1908,Gosset Rose,Evana Somareddy,Plain Bay Farm,,
29242,0,531,"WIHS Equitation Overall 3'6""",2,1043,Markanto A,Carsyn Korotkin,"Castlewood Farm, Inc.",,
29242,0,531,"WIHS Equitation Overall 3'6""",3,1852,Top New Tina,Lola Bacardi,Lola Bacardi,,
29243,0,532,"ASPCA Maclay 3'6""",1,1908,Gosset Rose,Evana Somareddy,Plain Bay Farm,,
29243,0,532,"ASPCA Maclay 3'6""",2,1826,Emi Initia,Sara Lent,International Sporthorse Imports Inc.,,
29243,0,532,"ASPCA Maclay 3'6""",3,1685,Hh Hyyerr Calling,Francesca Giarrusso,Francesca Giarrusso,,
29244,0,533,"NHS Medal 3'3""",1,1419,Capitolino Dve,Frederica Alcalay,Dutch Valley Sporthorses,,
29244,0,533,"NHS Medal 3'3""",2,2203,Milburn Monti Casino,Evelyn Byron,Evelyn Byron,,
29244,0,533,"NHS Medal 3'3""",3,1578,London Boy,Audrey Haywood,Audrey Haywood,,
29244,0,533,"NHS Medal 3'3""",4,1875,Maestro Van't Laar,Braeden Simons,Braeden Simons,,
29244,0,533,"NHS Medal 3'3""",,1685,Hh Hyyerr Calling,Francesca Giarrusso,Francesca Giarrusso,,
29232,0,534,Ariat Adult Medal 3',1,2989,Green Book,Madison Olvert,Madison Olvert,88.00,
29232,0,534,Ariat Adult Medal 3',2,1031,Hurricane,Taylor Oakvik,Cavalieres Sporthorses LLC,87.00,
29232,0,534,Ariat Adult Medal 3',3,3167,Sunday Rose,Shiloh Roseboom,Ashley Pysarevska,83.00,
29232,0,534,Ariat Adult Medal 3',4,2990,High Renaissance,Elizabeth D. Blaisdell,Della Equestrian,82.00,
29232,0,534,Ariat Adult Medal 3',5,1927,Hicorino,Brooke Borges,Ann Fletcher Easley,55.00,
29238,0,535,THIS Children's Medal 14/U 3',1,2603,Dominus Z,Emery Kobel,Jennifer Kobel,82.00,
29238,0,535,THIS Children's Medal 14/U 3',2,1578,London Boy,Audrey Haywood,Audrey Haywood,80.00,
29238,0,535,THIS Children's Medal 14/U 3',3,1488,Crown,Sofia Fayad,Beyaert Farm Inc,78.00,
29238,0,535,THIS Children's Medal 14/U 3',4,1183,Mastermind,Naomi Selleck,Naomi Selleck,76.00,
29238,0,535,THIS Children's Medal 14/U 3',5,1048,Specialist,Kate Marisch,Kate Marisch,75.00,
29238,0,535,THIS Children's Medal 14/U 3',6,1049,Vote For Pedro,Aria Waxman,Linda Lauper-Polk,71.00,
29238,0,535,THIS Children's Medal 14/U 3',7,1772,Harbor Boy,Fallon Badini,Fallon Badini,38.00,
29239,0,536,THIS Children's Medal 15-17 3',1,1448,Cattrepel,Elle Bassion,Elle Bassion,78.00,
29239,0,536,THIS Children's Medal 15-17 3',2,2203,Milburn Monti Casino,Evelyn Byron,Evelyn Byron,55.00,
29239,0,536,THIS Children's Medal 15-17 3',3,2182,Outlaw,Isabella Agliano,Isabella Agliano,50.00,
29239,0,536,THIS Children's Medal 15-17 3',,2305,Eye Of The Tiger,Lillian Hardman,Kerri Gantt,0.00,
33505,0,537,"USHJA Jumping Seat Medal 3'3""",1,1685,Hh Hyyerr Calling,Francesca Giarrusso,Francesca Giarrusso,,
33505,0,537,"USHJA Jumping Seat Medal 3'3""",2,1911,Quick Moon,Shiloh Roseboom,Donald E. Stewart,,
33505,0,537,"USHJA Jumping Seat Medal 3'3""",3,1875,Maestro Van't Laar,Braeden Simons,Braeden Simons,,
33505,0,537,"USHJA Jumping Seat Medal 3'3""",4,1578,London Boy,Audrey Haywood,Audrey Haywood,,
33505,0,537,"USHJA Jumping Seat Medal 3'3""",5,2203,Milburn Monti Casino,Evelyn Byron,Evelyn Byron,,
33505,0,537,"USHJA Jumping Seat Medal 3'3""",,1419,Capitolino Dve,Frederica Alcalay,Dutch Valley Sporthorses,,
29468,0,545,"USEF Pony Medal (Open Card) 2'9""/2'6""/2'3""",1,1580,Won To Love,Audrey Haywood,Anna Dryden,,
29468,0,545,"USEF Pony Medal (Open Card) 2'9""/2'6""/2'3""",2,2622,Rosmel's Silver Rose,Madelyn Oster,Abigail Wiemer,,
29468,0,545,"USEF Pony Medal (Open Card) 2'9""/2'6""/2'3""",3,2988,Hidden Springs Star Attraction,Bay Hammer,Zoie Davis,,
29468,0,545,"USEF Pony Medal (Open Card) 2'9""/2'6""/2'3""",4,1458,Sweeter Than Fiction,Addy Dewalt,Addy Dewalt,,
29468,0,545,"USEF Pony Medal (Open Card) 2'9""/2'6""/2'3""",5,2392,Lady Glitter Sparkles,Cassie Gil,Cassie Gil,,
29468,0,545,"USEF Pony Medal (Open Card) 2'9""/2'6""/2'3""",,1496,Somermist Secret Admirer,Linden Nguyen,Daniel King,,
29469,0,546,"WIHS Pony Equitation (Open Card) 2'9""/2'6""/2'3""",1,2212,Down To A T,Annie Cooper,Katherine F. Dewar,,
29469,0,546,"WIHS Pony Equitation (Open Card) 2'9""/2'6""/2'3""",2,1580,Won To Love,Audrey Haywood,Anna Dryden,,
29469,0,546,"WIHS Pony Equitation (Open Card) 2'9""/2'6""/2'3""",,1029,Halo,Kate Marisch,Kate Marisch,,
29469,0,546,"WIHS Pony Equitation (Open Card) 2'9""/2'6""/2'3""",,2390,Poptart,Jessica Heap,Jessica Heap,,
29245,0,547,THIS Adult Medal 3',1,2990,High Renaissance,Elizabeth D. Blaisdell,Della Equestrian,,
29245,0,547,THIS Adult Medal 3',2,1927,Hicorino,Brooke Borges,Ann Fletcher Easley,,
29245,0,547,THIS Adult Medal 3',3,3006,Surely,Audrey Turner,Abigail Huang,,
29246,0,548,"World Equestrian Center Premier Cup 3'6""",1,1036,Indigo Van De Muggenhoek,Carsyn Korotkin,"Blue Gate Stables, LLC",,
29246,0,548,"World Equestrian Center Premier Cup 3'6""",2,1826,Emi Initia,Sara Lent,International Sporthorse Imports Inc.,,
29246,0,548,"World Equestrian Center Premier Cup 3'6""",3,1911,Quick Moon,Evana Somareddy,Donald E. Stewart,,
29246,0,548,"World Equestrian Center Premier Cup 3'6""",4,1685,Hh Hyyerr Calling,Francesca Giarrusso,Francesca Giarrusso,,
28950,0,549,"NCEA Medal 3'3""",1,2203,Milburn Monti Casino,Evelyn Byron,Evelyn Byron,,
28950,0,549,"NCEA Medal 3'3""",2,1578,London Boy,Audrey Haywood,Audrey Haywood,,
28950,0,549,"NCEA Medal 3'3""",3,1911,Quick Moon,Evana Somareddy,Donald E. Stewart,,
28950,0,549,"NCEA Medal 3'3""",4,1826,Emi Initia,Sara Lent,International Sporthorse Imports Inc.,,
29140,10418,600,$100 .65m Jumper Open IV.1,1,1494,Magical Powers,Katherine Addington,Caitlin Weaver,,$30
29140,10418,600,$100 .65m Jumper Open IV.1,2,2308,Sunset's Pirouette,Ada Rose Walker,Khloe Kerins,,$22
29140,10418,600,$100 .65m Jumper Open IV.1,3,1456,Best Kept Secret,Audrey Price,Audrey Price,,$15
29140,10418,600,$100 .65m Jumper Open IV.1,4,1251,Spice Girl,Bernadette Sobrino,Bernadette Sobrino,,$12
29140,10418,600,$100 .65m Jumper Open IV.1,5,2095,Nexstar-Lh,Chandler Robinson,Esj Equestrian,,$11
29140,10418,600,$100 .65m Jumper Open IV.1,6,2129,Martini Maker,Morgan Daly,Morgan Daly,,$10
29140,10418,600,$100 .65m Jumper Open IV.1,7,2992,Riverstown Flamenco Cruise,Jenny Walker,Sarah Kerins,,
29140,10418,600,$100 .65m Jumper Open IV.1,8,1348,First Lady Van De Kranenburg,Felicia Rodgers,Felicia Rodgers,,
29140,10418,600,$100 .65m Jumper Open IV.1,,1349,Rich Girl,Felicia Rodgers,Felicia Rodgers,,
29140,10418,600,$100 .65m Jumper Open IV.1,,1669,Harmonie,Ana Cristina Rodriguez,Rodriguez Equestrian,,
29140,10418,600,$100 .65m Jumper Open IV.1,,2089,Under The Sea,Anslee Bell,Kennedy Miller,,
29140,10418,600,$100 .65m Jumper Open IV.1,,2128,Changes In Latitude,Clara Sipple,Clara Sipple,,
29140,10418,600,$100 .65m Jumper Open IV.1,,2541,Fireball,Mario Garcia,Mario Garcia,,
29140,10418,600,$100 .65m Jumper Open IV.1,,2942,Ten Pin Ally,Windsor Ryan,Windsor Stables LLC,,
29141,10418,601,$100 .65m Jumper Open IV.1,1,2308,Sunset's Pirouette,Ada Rose Walker,Khloe Kerins,,$30
29141,10418,601,$100 .65m Jumper Open IV.1,2,2992,Riverstown Flamenco Cruise,Jenny Walker,Sarah Kerins,,$22
29141,10418,601,$100 .65m Jumper Open IV.1,3,2942,Ten Pin Ally,Windsor Ryan,Windsor Stables LLC,,$15
29141,10418,601,$100 .65m Jumper Open IV.1,4,1349,Rich Girl,Felicia Rodgers,Felicia Rodgers,,$12
29141,10418,601,$100 .65m Jumper Open IV.1,5,1251,Spice Girl,Bernadette Sobrino,Bernadette Sobrino,,$11
29141,10418,601,$100 .65m Jumper Open IV.1,6,1348,First Lady Van De Kranenburg,Felicia Rodgers,Felicia Rodgers,,$10
29141,10418,601,$100 .65m Jumper Open IV.1,7,2129,Martini Maker,Morgan Daly,Morgan Daly,,
29141,10418,601,$100 .65m Jumper Open IV.1,8,2128,Changes In Latitude,Clara Sipple,Clara Sipple,,
29141,10418,601,$100 .65m Jumper Open IV.1,,1572,Unica Z,Antonio J. Martinez,Victoria Edwards,,
29141,10418,601,$100 .65m Jumper Open IV.1,,1669,Harmonie,Ana Cristina Rodriguez,Rodriguez Equestrian,,
29141,10418,601,$100 .65m Jumper Open IV.1,,2131,Unbridled Bond,Ainsley Colvin,Ainsley Colvin,,
29141,10418,601,$100 .65m Jumper Open IV.1,,2527,Charme Z,Melanie Mendoza,Elizabeth Epstein,,
29141,10418,601,$100 .65m Jumper Open IV.1,,2541,Fireball,Lucas Garcia,Mario Garcia,,
29141,10418,601,$100 .65m Jumper Open IV.1,,2797,Jolita,Grace Everhart,Grace Everhart,,
29142,10418,602,$100 .65m Jumper Open IV.1,1,1251,Spice Girl,Bernadette Sobrino,Bernadette Sobrino,,$30
29142,10418,602,$100 .65m Jumper Open IV.1,2,2308,Sunset's Pirouette,Ada Rose Walker,Khloe Kerins,,$22
29142,10418,602,$100 .65m Jumper Open IV.1,3,2190,Kennedy,Izabella Zourdos,Susan Allen,,$15
29142,10418,602,$100 .65m Jumper Open IV.1,4,1107,Splendid,Mila Meredith,Greta Heimbold-Gilpin,,$12
29142,10418,602,$100 .65m Jumper Open IV.1,5,1070,Secret,Estefania Navarro,Estefania Navarro,,$11
29142,10418,602,$100 .65m Jumper Open IV.1,6,2541,Fireball,Mario Garcia,Mario Garcia,,$10
29142,10418,602,$100 .65m Jumper Open IV.1,7,1669,Harmonie,Ana Cristina Rodriguez,Rodriguez Equestrian,,
29142,10418,602,$100 .65m Jumper Open IV.1,8,2075,Colbert Q,Sarah Kerins,Melissa A. Hirt,,
29142,10418,602,$100 .65m Jumper Open IV.1,,1572,Unica Z,Antonio J. Martinez,Victoria Edwards,,
29142,10418,602,$100 .65m Jumper Open IV.1,,2384,Casa Delle Farfalle,Sierra Montgomery,Dreams Come True Horses LLC,,
29142,10418,602,$100 .65m Jumper Open IV.1,,2992,Riverstown Flamenco Cruise,Jenny Walker,Sarah Kerins,,
29142,10418,602,$100 .65m Jumper Open IV.1,,3191,44 North,Reena Moumnine,Reena Moumnine,,
29143,10419,603,$100 .65m Jumper Long Creek Farm Junior/Amateur IV.1,1,1348,First Lady Van De Kranenburg,Felicia Rodgers,Felicia Rodgers,,$30
29143,10419,603,$100 .65m Jumper Long Creek Farm Junior/Amateur IV.1,2,1349,Rich Girl,Felicia Rodgers,Felicia Rodgers,,$22
29143,10419,603,$100 .65m Jumper Long Creek Farm Junior/Amateur IV.1,3,2308,Sunset's Pirouette,Ada Rose Walker,Khloe Kerins,,$15
29143,10419,603,$100 .65m Jumper Long Creek Farm Junior/Amateur IV.1,4,2992,Riverstown Flamenco Cruise,Jenny Walker,Sarah Kerins,,$12
29143,10419,603,$100 .65m Jumper Long Creek Farm Junior/Amateur IV.1,5,2529,Kascaya Z,Miranda Gabrielli,Maria Andrade,,$11
29143,10419,603,$100 .65m Jumper Long Creek Farm Junior/Amateur IV.1,6,1251,Spice Girl,Bernadette Sobrino,Bernadette Sobrino,,$10
29143,10419,603,$100 .65m Jumper Long Creek Farm Junior/Amateur IV.1,7,1870,Techon Master Bronze,Jolene Plante,Jjp Equestrian LLC,,
29143,10419,603,$100 .65m Jumper Long Creek Farm Junior/Amateur IV.1,8,1672,Isadora S,Kamal Gabrie,Kamal Gabrie,,
29143,10419,603,$100 .65m Jumper Long Creek Farm Junior/Amateur IV.1,,1669,Harmonie,Tiffany Townson,Rodriguez Equestrian,,
29143,10419,603,$100 .65m Jumper Long Creek Farm Junior/Amateur IV.1,,2089,Under The Sea,Anslee Bell,Kennedy Miller,,
29143,10419,603,$100 .65m Jumper Long Creek Farm Junior/Amateur IV.1,,2128,Changes In Latitude,Clara Sipple,Clara Sipple,,
29143,10419,603,$100 .65m Jumper Long Creek Farm Junior/Amateur IV.1,,2129,Martini Maker,Morgan Daly,Morgan Daly,,
29143,10419,603,$100 .65m Jumper Long Creek Farm Junior/Amateur IV.1,,2131,Unbridled Bond,Ainsley Colvin,Ainsley Colvin,,
29143,10419,603,$100 .65m Jumper Long Creek Farm Junior/Amateur IV.1,,2190,Kennedy,Izabella Zourdos,Susan Allen,,
29143,10419,603,$100 .65m Jumper Long Creek Farm Junior/Amateur IV.1,,2541,Fireball,Lucas Garcia,Mario Garcia,,
29143,10419,603,$100 .65m Jumper Long Creek Farm Junior/Amateur IV.1,,2942,Ten Pin Ally,Windsor Ryan,Windsor Stables LLC,,
29144,10419,604,$100 .65m Jumper Long Creek Farm Junior/Amateur IV.1,1,2992,Riverstown Flamenco Cruise,Jenny Walker,Sarah Kerins,,$30
29144,10419,604,$100 .65m Jumper Long Creek Farm Junior/Amateur IV.1,2,2797,Jolita,Grace Everhart,Grace Everhart,,$22
29144,10419,604,$100 .65m Jumper Long Creek Farm Junior/Amateur IV.1,3,2560,Fc Sensational,Bianca Renard Roth,Tricia Sales,,$15
29144,10419,604,$100 .65m Jumper Long Creek Farm Junior/Amateur IV.1,4,2308,Sunset's Pirouette,Ada Rose Walker,Khloe Kerins,,$12
29144,10419,604,$100 .65m Jumper Long Creek Farm Junior/Amateur IV.1,5,2529,Kascaya Z,Miranda Gabrielli,Maria Andrade,,$11
29144,10419,604,$100 .65m Jumper Long Creek Farm Junior/Amateur IV.1,6,2565,Quasar De Medi,Marlene Gonzalez,Marlene Gonzalez,,$10
29144,10419,604,$100 .65m Jumper Long Creek Farm Junior/Amateur IV.1,7,2190,Kennedy,Izabella Zourdos,Susan Allen,,
29144,10419,604,$100 .65m Jumper Long Creek Farm Junior/Amateur IV.1,8,2128,Changes In Latitude,Clara Sipple,Clara Sipple,,
29144,10419,604,$100 .65m Jumper Long Creek Farm Junior/Amateur IV.1,,1251,Spice Girl,Bernadette Sobrino,Bernadette Sobrino,,
29144,10419,604,$100 .65m Jumper Long Creek Farm Junior/Amateur IV.1,,1335,Comeback De La Manade,Graciela Bolanos,Lola Teran,,
29144,10419,604,$100 .65m Jumper Long Creek Farm Junior/Amateur IV.1,,1572,Unica Z,Victoria Edwards,Victoria Edwards,,
29144,10419,604,$100 .65m Jumper Long Creek Farm Junior/Amateur IV.1,,1669,Harmonie,Tiffany Townson,Rodriguez Equestrian,,
29144,10419,604,$100 .65m Jumper Long Creek Farm Junior/Amateur IV.1,,2129,Martini Maker,Morgan Daly,Morgan Daly,,
29144,10419,604,$100 .65m Jumper Long Creek Farm Junior/Amateur IV.1,,2131,Unbridled Bond,Ainsley Colvin,Ainsley Colvin,,
29144,10419,604,$100 .65m Jumper Long Creek Farm Junior/Amateur IV.1,,2541,Fireball,Lucas Garcia,Mario Garcia,,
29144,10419,604,$100 .65m Jumper Long Creek Farm Junior/Amateur IV.1,,2942,Ten Pin Ally,Windsor Ryan,Windsor Stables LLC,,
29145,10419,605,$100 .65m Jumper Long Creek Farm Junior/Amateur IV.1,1,2308,Sunset's Pirouette,Ada Rose Walker,Khloe Kerins,,$30
29145,10419,605,$100 .65m Jumper Long Creek Farm Junior/Amateur IV.1,2,2190,Kennedy,Izabella Zourdos,Susan Allen,,$22
29145,10419,605,$100 .65m Jumper Long Creek Farm Junior/Amateur IV.1,3,2992,Riverstown Flamenco Cruise,Jenny Walker,Sarah Kerins,,$15
29145,10419,605,$100 .65m Jumper Long Creek Farm Junior/Amateur IV.1,4,1251,Spice Girl,Bernadette Sobrino,Bernadette Sobrino,,$12
29145,10419,605,$100 .65m Jumper Long Creek Farm Junior/Amateur IV.1,5,2075,Colbert Q,Sophia A. Thomson,Melissa A. Hirt,,$11
29145,10419,605,$100 .65m Jumper Long Creek Farm Junior/Amateur IV.1,6,2128,Changes In Latitude,Clara Sipple,Clara Sipple,,$10
29145,10419,605,$100 .65m Jumper Long Creek Farm Junior/Amateur IV.1,7,2541,Fireball,Lucas Garcia,Mario Garcia,,
29145,10419,605,$100 .65m Jumper Long Creek Farm Junior/Amateur IV.1,8,2529,Kascaya Z,Miranda Gabrielli,Maria Andrade,,
29145,10419,605,$100 .65m Jumper Long Creek Farm Junior/Amateur IV.1,,1070,Secret,Estefania Navarro,Estefania Navarro,,
29145,10419,605,$100 .65m Jumper Long Creek Farm Junior/Amateur IV.1,,1107,Splendid,Mila Meredith,Greta Heimbold-Gilpin,,
29145,10419,605,$100 .65m Jumper Long Creek Farm Junior/Amateur IV.1,,1203,Bravada,Daisy Green,Jacqueline Green,,
29145,10419,605,$100 .65m Jumper Long Creek Farm Junior/Amateur IV.1,,1335,Comeback De La Manade,Graciela Bolanos,Lola Teran,,
29145,10419,605,$100 .65m Jumper Long Creek Farm Junior/Amateur IV.1,,1343,Pedro Molino,Ember Litteken,Kristen Litteken,,
29145,10419,605,$100 .65m Jumper Long Creek Farm Junior/Amateur IV.1,,1572,Unica Z,Victoria Edwards,Victoria Edwards,,
29145,10419,605,$100 .65m Jumper Long Creek Farm Junior/Amateur IV.1,,1669,Harmonie,Tiffany Townson,Rodriguez Equestrian,,
29145,10419,605,$100 .65m Jumper Long Creek Farm Junior/Amateur IV.1,,1870,Techon Master Bronze,Jolene Plante,Jjp Equestrian LLC,,
29145,10419,605,$100 .65m Jumper Long Creek Farm Junior/Amateur IV.1,,2129,Martini Maker,Morgan Daly,Morgan Daly,,
29145,10419,605,$100 .65m Jumper Long Creek Farm Junior/Amateur IV.1,,2559,Dee Dee Gz,Samantha Fields,Samantha Fields,,
29145,10419,605,$100 .65m Jumper Long Creek Farm Junior/Amateur IV.1,,2560,Fc Sensational,Bianca Renard Roth,Tricia Sales,,
29145,10419,605,$100 .65m Jumper Long Creek Farm Junior/Amateur IV.1,,3191,44 North,Reena Moumnine,Reena Moumnine,,
29391,10397,606,.75m Jumper Open IV.1,1,1058,Face The Stars,Clara Vidal,Daniela Roy,,
29391,10397,606,.75m Jumper Open IV.1,2,2170,Greigiau Spring Johnson,Ella Sasso,Ella Deeks,,
29391,10397,606,.75m Jumper Open IV.1,3,1216,Crimson Tide,Lucy Wexler,"Golden Oaks Farm, LLC",,
29391,10397,606,.75m Jumper Open IV.1,4,2543,Billy Snowdonia,Camille Maynard,"Fairy Tail Stables, LLC",,
29391,10397,606,.75m Jumper Open IV.1,5,2949,Nadia I,Daina Greene,Daina Greene,,
29391,10397,606,.75m Jumper Open IV.1,6,2561,Indiscreet,Spencer Brittan,Ariella Maydan,,
29391,10397,606,.75m Jumper Open IV.1,7,1573,Vaillant Fz Rwb,Antonio J. Martinez,Katherine Brinkmann,,
29391,10397,606,.75m Jumper Open IV.1,8,1188,Spot On,Allison Wise,Stephanie Free,,
29391,10397,606,.75m Jumper Open IV.1,,1060,Interkalen V.d.o,Camila Inestroza,Camila Inestroza,,
29391,10397,606,.75m Jumper Open IV.1,,1062,Kalibra S,Clara Vidal,Daniela Roy,,
29391,10397,606,.75m Jumper Open IV.1,,1065,Lord Cageman,Clara Vidal,Jingxuan Zhou,,
29391,10397,606,.75m Jumper Open IV.1,,1070,Secret,Estefania Navarro,Estefania Navarro,,
29391,10397,606,.75m Jumper Open IV.1,,1072,Volodia D'argouges,Clara Vidal,Daniela Roy,,
29391,10397,606,.75m Jumper Open IV.1,,1083,Col De Knolton,Harper Conway,Hbc Sport Horses,,
29391,10397,606,.75m Jumper Open IV.1,,1456,Best Kept Secret,Audrey Price,Audrey Price,,
29391,10397,606,.75m Jumper Open IV.1,,1506,W.e.c. High Dollar Lad,Clementine Lidsky,Senary Sport Horses,,
29391,10397,606,.75m Jumper Open IV.1,,1517,Himalaya,Kimberley Pickens,Kimberley Pickens,,
29391,10397,606,.75m Jumper Open IV.1,,1600,Carlo 546,Clara Vidal,Spencer Smith,,
29391,10397,606,.75m Jumper Open IV.1,,2130,Spectacular Jedi,Avery Rush,Avery Rush,,
29391,10397,606,.75m Jumper Open IV.1,,2385,Casa Quo Vadis,Grace Harrison,Dreams Come True Horses LLC,,
29391,10397,606,.75m Jumper Open IV.1,,2609,Numero Dos,Peyton Krumin,Peyton Krumin,,
29391,10397,606,.75m Jumper Open IV.1,,3050,Czechmate,Brooke Eddy,Teaghan Powers,,
29392,10397,607,.75m Jumper Open IV.1,1,1083,Col De Knolton,Harper Conway,Hbc Sport Horses,,
29392,10397,607,.75m Jumper Open IV.1,2,1517,Himalaya,Kimberley Pickens,Kimberley Pickens,,
29392,10397,607,.75m Jumper Open IV.1,3,1672,Isadora S,Kamal Gabrie,Kamal Gabrie,,
29392,10397,607,.75m Jumper Open IV.1,4,2802,Conchita Blue Ps,Julianne Lurie,Haley C. Robinson,,
29392,10397,607,.75m Jumper Open IV.1,5,1065,Lord Cageman,Jingxuan Zhou,Jingxuan Zhou,,
29392,10397,607,.75m Jumper Open IV.1,6,1494,Magical Powers,Katherine Addington,Caitlin Weaver,,
29392,10397,607,.75m Jumper Open IV.1,7,3050,Czechmate,Brooke Eddy,Teaghan Powers,,
29392,10397,607,.75m Jumper Open IV.1,8,2798,Rhapsody,Kendall Crowell,Rob Billings,,
29392,10397,607,.75m Jumper Open IV.1,,1050,Benjamin,Clara Vidal,Daniela Roy,,
29392,10397,607,.75m Jumper Open IV.1,,1200,Cinderella's Boyfriend,Lindsay Woinarowicz,Lindsay Woinarowicz,,
29392,10397,607,.75m Jumper Open IV.1,,1464,Gossip Girl,Mario Garcia,Dakota Sheikh,,
29392,10397,607,.75m Jumper Open IV.1,,1506,W.e.c. High Dollar Lad,Clementine Lidsky,Senary Sport Horses,,
29392,10397,607,.75m Jumper Open IV.1,,1600,Carlo 546,Clara Vidal,Spencer Smith,,
29392,10397,607,.75m Jumper Open IV.1,,2082,Blue Magic,Anslee Bell,J'Alynne Rivera,,
29392,10397,607,.75m Jumper Open IV.1,,2095,Nexstar-Lh,Chandler Robinson,Esj Equestrian,,
29392,10397,607,.75m Jumper Open IV.1,,2107,Mary J,Rebecca A. Milliken,Rebecca A. Milliken,,
29392,10397,607,.75m Jumper Open IV.1,,2130,Spectacular Jedi,Avery Rush,Avery Rush,,
29392,10397,607,.75m Jumper Open IV.1,,2164,Bellagio,Jenelle Branom,Jenelle Branom,,
29393,10397,608,.75m Jumper Open IV.1,1,2129,Martini Maker,Morgan Daly,Morgan Daly,,
29393,10397,608,.75m Jumper Open IV.1,2,1672,Isadora S,Kamal Gabrie,Kamal Gabrie,,
29393,10397,608,.75m Jumper Open IV.1,3,2797,Jolita,Grace Everhart,Grace Everhart,,
29393,10397,608,.75m Jumper Open IV.1,4,2164,Bellagio,Jenelle Branom,Jenelle Branom,,
29393,10397,608,.75m Jumper Open IV.1,5,1062,Kalibra S,Frances Derrer,Daniela Roy,,
29393,10397,608,.75m Jumper Open IV.1,6,2013,Apollonios,Maddie Mcinturf,"Meadowood Farm, LLC",,
29393,10397,608,.75m Jumper Open IV.1,7,1294,The Real Slim Shady,Elleana Bender,Elleana Bender,,
29393,10397,608,.75m Jumper Open IV.1,7,1216,Crimson Tide,Lucy Wexler,"Golden Oaks Farm, LLC",,
29393,10397,608,.75m Jumper Open IV.1,,1050,Benjamin,Maria Ospina,Daniela Roy,,
29393,10397,608,.75m Jumper Open IV.1,,1058,Face The Stars,Abigail Sterling,Daniela Roy,,
29393,10397,608,.75m Jumper Open IV.1,,1200,Cinderella's Boyfriend,Lindsay Woinarowicz,Lindsay Woinarowicz,,
29393,10397,608,.75m Jumper Open IV.1,,1494,Magical Powers,Katherine Addington,Caitlin Weaver,,
29393,10397,608,.75m Jumper Open IV.1,,1506,W.e.c. High Dollar Lad,Clementine Lidsky,Senary Sport Horses,,
29393,10397,608,.75m Jumper Open IV.1,,1600,Carlo 546,Clara Vidal,Spencer Smith,,
29393,10397,608,.75m Jumper Open IV.1,,2082,Blue Magic,Anslee Bell,J'Alynne Rivera,,
29393,10397,608,.75m Jumper Open IV.1,,2095,Nexstar-Lh,Chandler Robinson,Esj Equestrian,,
29393,10397,608,.75m Jumper Open IV.1,,2109,Roundthorn Odara,Anne L. Bingler,Anne L. Bingler,,
29393,10397,608,.75m Jumper Open IV.1,,2113,Never Ending Story,Tzofi Horner Brown,Zendaya Horner Brown,,
29393,10397,608,.75m Jumper Open IV.1,,2128,Changes In Latitude,Clara Sipple,Clara Sipple,,
29393,10397,608,.75m Jumper Open IV.1,,2131,Unbridled Bond,Ainsley Colvin,Ainsley Colvin,,
29393,10397,608,.75m Jumper Open IV.1,,2200,Chagrandino Ps,Stella Kraemer,Stella Kraemer,,
29393,10397,608,.75m Jumper Open IV.1,,2798,Rhapsody,Kendall Crowell,Rob Billings,,
29393,10397,608,.75m Jumper Open IV.1,,2802,Conchita Blue Ps,Julianne Lurie,Haley C. Robinson,,
29393,10397,608,.75m Jumper Open IV.1,,2829,Noran,Clara Vidal,Jose Tavares,,
29393,10397,608,.75m Jumper Open IV.1,,2949,Nadia I,Daina Greene,Daina Greene,,
29393,10397,608,.75m Jumper Open IV.1,,3050,Czechmate,Brooke Eddy,Teaghan Powers,,
29393,10397,608,.75m Jumper Open IV.1,,3191,44 North,Reena Moumnine,Reena Moumnine,,
29397,10398,609,.75m Jumper Junior/Amateur IV.1,1,1292,Caans Navy Blues,Maddie Yarborough,Chloe Breed,,
29397,10398,609,.75m Jumper Junior/Amateur IV.1,2,1216,Crimson Tide,Lucy Wexler,"Golden Oaks Farm, LLC",,
29397,10398,609,.75m Jumper Junior/Amateur IV.1,3,2170,Greigiau Spring Johnson,Ella Sasso,Ella Deeks,,
29397,10398,609,.75m Jumper Junior/Amateur IV.1,4,1456,Best Kept Secret,Audrey Price,Audrey Price,,
29397,10398,609,.75m Jumper Junior/Amateur IV.1,5,2949,Nadia I,Daina Greene,Daina Greene,,
29397,10398,609,.75m Jumper Junior/Amateur IV.1,6,2609,Numero Dos,Peyton Krumin,Peyton Krumin,,
29397,10398,609,.75m Jumper Junior/Amateur IV.1,7,1060,Interkalen V.d.o,Camila Inestroza,Camila Inestroza,,
29397,10398,609,.75m Jumper Junior/Amateur IV.1,8,1058,Face The Stars,Abigail Sterling,Daniela Roy,,
29397,10398,609,.75m Jumper Junior/Amateur IV.1,,1062,Kalibra S,Frances Derrer,Daniela Roy,,
29397,10398,609,.75m Jumper Junior/Amateur IV.1,,1065,Lord Cageman,Jingxuan Zhou,Jingxuan Zhou,,
29397,10398,609,.75m Jumper Junior/Amateur IV.1,,1070,Secret,Estefania Navarro,Estefania Navarro,,
29397,10398,609,.75m Jumper Junior/Amateur IV.1,,1072,Volodia D'argouges,Annabelle Poirier,Daniela Roy,,
29397,10398,609,.75m Jumper Junior/Amateur IV.1,,1083,Col De Knolton,Harper Conway,Hbc Sport Horses,,
29397,10398,609,.75m Jumper Junior/Amateur IV.1,,1188,Spot On,Allison Wise,Stephanie Free,,
29397,10398,609,.75m Jumper Junior/Amateur IV.1,,1294,The Real Slim Shady,Elleana Bender,Elleana Bender,,
29397,10398,609,.75m Jumper Junior/Amateur IV.1,,1506,W.e.c. High Dollar Lad,Clementine Lidsky,Senary Sport Horses,,
29397,10398,609,.75m Jumper Junior/Amateur IV.1,,1517,Himalaya,Kimberley Pickens,Kimberley Pickens,,
29397,10398,609,.75m Jumper Junior/Amateur IV.1,,1573,Vaillant Fz Rwb,Katherine Brinkmann,Katherine Brinkmann,,
29397,10398,609,.75m Jumper Junior/Amateur IV.1,,1600,Carlo 546,Estefania Navarro,Spencer Smith,,
29397,10398,609,.75m Jumper Junior/Amateur IV.1,,1672,Isadora S,Kamal Gabrie,Kamal Gabrie,,
29397,10398,609,.75m Jumper Junior/Amateur IV.1,,2130,Spectacular Jedi,Avery Rush,Avery Rush,,
29397,10398,609,.75m Jumper Junior/Amateur IV.1,,2385,Casa Quo Vadis,Grace Harrison,Dreams Come True Horses LLC,,
29398,10398,610,.75m Jumper Junior/Amateur IV.1,1,2170,Greigiau Spring Johnson,Ella Sasso,Ella Deeks,,
29398,10398,610,.75m Jumper Junior/Amateur IV.1,2,2130,Spectacular Jedi,Avery Rush,Avery Rush,,
29398,10398,610,.75m Jumper Junior/Amateur IV.1,3,2802,Conchita Blue Ps,Julianne Lurie,Haley C. Robinson,,
29398,10398,610,.75m Jumper Junior/Amateur IV.1,4,2949,Nadia I,Daina Greene,Daina Greene,,
29398,10398,610,.75m Jumper Junior/Amateur IV.1,5,1456,Best Kept Secret,Audrey Price,Audrey Price,,
29398,10398,610,.75m Jumper Junior/Amateur IV.1,6,1083,Col De Knolton,Harper Conway,Hbc Sport Horses,,
29398,10398,610,.75m Jumper Junior/Amateur IV.1,7,2175,Ravina 22,Valentina Autiero,Manuel Sotil,,
29398,10398,610,.75m Jumper Junior/Amateur IV.1,8,1065,Lord Cageman,Jingxuan Zhou,Jingxuan Zhou,,
29398,10398,610,.75m Jumper Junior/Amateur IV.1,,1050,Benjamin,Maria Ospina,Daniela Roy,,
29398,10398,610,.75m Jumper Junior/Amateur IV.1,,1200,Cinderella's Boyfriend,Lindsay Woinarowicz,Lindsay Woinarowicz,,
29398,10398,610,.75m Jumper Junior/Amateur IV.1,,1264,Elocia,Mya Carrico,Alise Carrico,,
29398,10398,610,.75m Jumper Junior/Amateur IV.1,,1506,W.e.c. High Dollar Lad,Clementine Lidsky,Senary Sport Horses,,
29398,10398,610,.75m Jumper Junior/Amateur IV.1,,1573,Vaillant Fz Rwb,Katherine Brinkmann,Katherine Brinkmann,,
29398,10398,610,.75m Jumper Junior/Amateur IV.1,,1600,Carlo 546,Estefania Navarro,Spencer Smith,,
29398,10398,610,.75m Jumper Junior/Amateur IV.1,,1672,Isadora S,Kamal Gabrie,Kamal Gabrie,,
29398,10398,610,.75m Jumper Junior/Amateur IV.1,,1708,Glamour Van De Kakebeek,Annalise Kapsokavathis,Anne L. Bingler,,
29398,10398,610,.75m Jumper Junior/Amateur IV.1,,2082,Blue Magic,Anslee Bell,J'Alynne Rivera,,
29398,10398,610,.75m Jumper Junior/Amateur IV.1,,2131,Unbridled Bond,Ainsley Colvin,Ainsley Colvin,,
29398,10398,610,.75m Jumper Junior/Amateur IV.1,,2798,Rhapsody,Kendall Crowell,Rob Billings,,
29399,10398,611,.75m Jumper Junior/Amateur IV.1,1,1343,Pedro Molino,Ember Litteken,Kristen Litteken,,
29399,10398,611,.75m Jumper Junior/Amateur IV.1,2,1506,W.e.c. High Dollar Lad,Clementine Lidsky,Senary Sport Horses,,
29399,10398,611,.75m Jumper Junior/Amateur IV.1,3,1216,Crimson Tide,Lucy Wexler,"Golden Oaks Farm, LLC",,
29399,10398,611,.75m Jumper Junior/Amateur IV.1,4,1672,Isadora S,Kamal Gabrie,Kamal Gabrie,,
29399,10398,611,.75m Jumper Junior/Amateur IV.1,5,2798,Rhapsody,Kendall Crowell,Rob Billings,,
29399,10398,611,.75m Jumper Junior/Amateur IV.1,6,1050,Benjamin,Maria Ospina,Daniela Roy,,
29399,10398,611,.75m Jumper Junior/Amateur IV.1,7,2013,Apollonios,Maddie Mcinturf,"Meadowood Farm, LLC",,
29399,10398,611,.75m Jumper Junior/Amateur IV.1,8,2130,Spectacular Jedi,Avery Rush,Avery Rush,,
29399,10398,611,.75m Jumper Junior/Amateur IV.1,,1058,Face The Stars,Abigail Sterling,Daniela Roy,,
29399,10398,611,.75m Jumper Junior/Amateur IV.1,,1062,Kalibra S,Frances Derrer,Daniela Roy,,
29399,10398,611,.75m Jumper Junior/Amateur IV.1,,1200,Cinderella's Boyfriend,Lindsay Woinarowicz,Lindsay Woinarowicz,,
29399,10398,611,.75m Jumper Junior/Amateur IV.1,,1203,Bravada,Daisy Green,Jacqueline Green,,
29399,10398,611,.75m Jumper Junior/Amateur IV.1,,1294,The Real Slim Shady,Elleana Bender,Elleana Bender,,
29399,10398,611,.75m Jumper Junior/Amateur IV.1,,1517,Himalaya,Kimberley Pickens,Kimberley Pickens,,
29399,10398,611,.75m Jumper Junior/Amateur IV.1,,1600,Carlo 546,Estefania Navarro,Spencer Smith,,
29399,10398,611,.75m Jumper Junior/Amateur IV.1,,2082,Blue Magic,Anslee Bell,J'Alynne Rivera,,
29399,10398,611,.75m Jumper Junior/Amateur IV.1,,2113,Never Ending Story,Tzofi Horner Brown,Zendaya Horner Brown,,
29399,10398,611,.75m Jumper Junior/Amateur IV.1,,2129,Martini Maker,Morgan Daly,Morgan Daly,,
29399,10398,611,.75m Jumper Junior/Amateur IV.1,,2131,Unbridled Bond,Ainsley Colvin,Ainsley Colvin,,
29399,10398,611,.75m Jumper Junior/Amateur IV.1,,2170,Greigiau Spring Johnson,Ella Sasso,Ella Deeks,,
29399,10398,611,.75m Jumper Junior/Amateur IV.1,,2200,Chagrandino Ps,Stella Kraemer,Stella Kraemer,,
29399,10398,611,.75m Jumper Junior/Amateur IV.1,,2565,Quasar De Medi,Marlene Gonzalez,Marlene Gonzalez,,
29399,10398,611,.75m Jumper Junior/Amateur IV.1,,2797,Jolita,Grace Everhart,Grace Everhart,,
29399,10398,611,.75m Jumper Junior/Amateur IV.1,,2802,Conchita Blue Ps,Julianne Lurie,Haley C. Robinson,,
29399,10398,611,.75m Jumper Junior/Amateur IV.1,,2829,Noran,Kelly P. Murphy,Jose Tavares,,
29399,10398,611,.75m Jumper Junior/Amateur IV.1,,2946,Calderon T,Daina Greene,Andras Szieberth,,
29399,10398,611,.75m Jumper Junior/Amateur IV.1,,2949,Nadia I,Daina Greene,Daina Greene,,
29399,10398,611,.75m Jumper Junior/Amateur IV.1,,3191,44 North,Reena Moumnine,Reena Moumnine,,
29152,10422,618,.85m Jumper Open II.2d,1,1597,Quintana Viii,Robert Mendoza,Daffodil Hill,,
29152,10422,618,.85m Jumper Open II.2d,2,1101,Quido,Reya Popat,Charlotte Cook,,
29152,10422,618,.85m Jumper Open II.2d,3,1959,Neisha,Sarah Kraemer,Stella Kraemer,,
29152,10422,618,.85m Jumper Open II.2d,4,1825,Cor La Loi Mdm Z,Adrianna Schneider,Adrianna Schneider,,
29152,10422,618,.85m Jumper Open II.2d,5,2166,Fellini,Kennedy Kluber,Kennedy Kluber,,
29152,10422,618,.85m Jumper Open II.2d,6,1198,Luau,Alyssa Padlo,Alyssa Padlo,,
29152,10422,618,.85m Jumper Open II.2d,7,1298,Pays Bas V,Scarlett Hamaoui,Scarlett Hamaoui,,
29152,10422,618,.85m Jumper Open II.2d,8,2042,Frozie,Claire Doran,Claire Doran,,
29152,10422,618,.85m Jumper Open II.2d,,1036,Indigo Van De Muggenhoek,Carsyn Korotkin,"Blue Gate Stables, LLC",,
29152,10422,618,.85m Jumper Open II.2d,,1051,Cajou Mm,Clara Vidal,Gabriela Mccloskey,,
29152,10422,618,.85m Jumper Open II.2d,,1061,Izitop Aaa,Mia Baez,Daniela Roy,,
29152,10422,618,.85m Jumper Open II.2d,,1091,Going For Broke,Emma Parker,Alison Jones,,
29152,10422,618,.85m Jumper Open II.2d,,1117,Harley De Youguette,Madelyn Stillwell,"Crickety Pines Of Cocoa, LLC",,
29152,10422,618,.85m Jumper Open II.2d,,1284,Kalipso,Katie Moniz Floyd,Katie Moniz Floyd,,
29152,10422,618,.85m Jumper Open II.2d,,1285,Rock Bottom,Farrah Whiddon,Nia Iatridis,,
29152,10422,618,.85m Jumper Open II.2d,,1292,Caans Navy Blues,Maddie Yarborough,Chloe Breed,,
29152,10422,618,.85m Jumper Open II.2d,,1294,The Real Slim Shady,Elleana Bender,Elleana Bender,,
29152,10422,618,.85m Jumper Open II.2d,,1297,La La Land,Josselyn Mersereau,Christina Faninger,,
29152,10422,618,.85m Jumper Open II.2d,,1299,Smilla's Sense Of Snow,Scarlett Hamaoui,Scarlett Hamaoui,,
29152,10422,618,.85m Jumper Open II.2d,,1300,Helium De La Virée Au Vent,Emma J Lopez,Emma J Lopez,,
29152,10422,618,.85m Jumper Open II.2d,,1464,Gossip Girl,Hannah Morejon,Dakota Sheikh,,
29152,10422,618,.85m Jumper Open II.2d,,1466,Odaya,Anna Mazor-Allhusen,Anna Mazor-Allhusen,,
29152,10422,618,.85m Jumper Open II.2d,,1591,Irish Coffee Vhl,Iliana Palumbo,Iliana Palumbo,,
29152,10422,618,.85m Jumper Open II.2d,,1779,Lowie Van De Opstal,Antonio J. Martinez,Zeynep Mira Ozyurt,,
29152,10422,618,.85m Jumper Open II.2d,,1827,Frosty Hd,Lia Screnci,Nava Goodhart,,
29152,10422,618,.85m Jumper Open II.2d,,1879,Salute To You,Daniela Pulgar,Daniela Roy,,
29152,10422,618,.85m Jumper Open II.2d,,1914,D'Or E'cureuil,Bryce P. Richardson,Caitlin J. Andersen,,
29152,10422,618,.85m Jumper Open II.2d,,2002,Lolita Z,Sienna Jones,Ameera Chin,,
29152,10422,618,.85m Jumper Open II.2d,,2098,James Bond,Isaac Leffkowitz,Lexi Ferder,,
29152,10422,618,.85m Jumper Open II.2d,,2106,Levitate Fw Z,Isaac Leffkowitz,Foxwood Farm,,
29152,10422,618,.85m Jumper Open II.2d,,2175,Ravina 22,Antonio J. Martinez,Manuel Sotil,,
29152,10422,618,.85m Jumper Open II.2d,,2385,Casa Quo Vadis,Grace Harrison,Dreams Come True Horses LLC,,
29152,10422,618,.85m Jumper Open II.2d,,2460,Tenor Van't Klavertje Vier,Lola Applebaum,Lola Applebaum,,
29152,10422,618,.85m Jumper Open II.2d,,2611,Tyamo,Peyton Krumin,"Asahi Sporthorses, LLC",,
29152,10422,618,.85m Jumper Open II.2d,,2732,Leroy Brown,Amanda Majewski,Adrianna Alcocer,,
29152,10422,618,.85m Jumper Open II.2d,,2797,Jolita,Rob Billings,Grace Everhart,,
29152,10422,618,.85m Jumper Open II.2d,,2802,Conchita Blue Ps,Jasmine Walsh,Haley C. Robinson,,
29152,10422,618,.85m Jumper Open II.2d,,2805,Dorien,Leslie Taylor,Leslie Taylor,,
29152,10422,618,.85m Jumper Open II.2d,,2837,Carmenzita,Katherina Sciuto,Antonio J. Martinez,,
29152,10422,618,.85m Jumper Open II.2d,,2869,Aphrodite,Kennedy Kluber,Melissa Jo Hollingsworth,,
29152,10422,618,.85m Jumper Open II.2d,,2882,Crush,Scott Diffey,Alwyn Stables LLC,,
29152,10422,618,.85m Jumper Open II.2d,,3050,Czechmate,Brooke Eddy,Teaghan Powers,,
29153,10422,619,.85m Jumper Open II.2d,1,1117,Harley De Youguette,Madelyn Stillwell,"Crickety Pines Of Cocoa, LLC",,
29153,10422,619,.85m Jumper Open II.2d,2,1959,Neisha,Sarah Kraemer,Stella Kraemer,,
29153,10422,619,.85m Jumper Open II.2d,3,1101,Quido,Reya Popat,Charlotte Cook,,
29153,10422,619,.85m Jumper Open II.2d,4,1466,Odaya,Anna Mazor-Allhusen,Anna Mazor-Allhusen,,
29153,10422,619,.85m Jumper Open II.2d,5,1298,Pays Bas V,Scarlett Hamaoui,Scarlett Hamaoui,,
29153,10422,619,.85m Jumper Open II.2d,6,1292,Caans Navy Blues,Maddie Yarborough,Chloe Breed,,
29153,10422,619,.85m Jumper Open II.2d,7,1060,Interkalen V.d.o,Camila Inestroza,Camila Inestroza,,
29153,10422,619,.85m Jumper Open II.2d,8,2732,Leroy Brown,Amanda Majewski,Adrianna Alcocer,,
29153,10422,619,.85m Jumper Open II.2d,,1055,Chess,Clara Vidal,Daniela Roy,,
29153,10422,619,.85m Jumper Open II.2d,,1061,Izitop Aaa,Mia Baez,Daniela Roy,,
29153,10422,619,.85m Jumper Open II.2d,,1072,Volodia D'argouges,Clara Vidal,Daniela Roy,,
29153,10422,619,.85m Jumper Open II.2d,,1091,Going For Broke,Emma Parker,Alison Jones,,
29153,10422,619,.85m Jumper Open II.2d,,1188,Spot On,Allison Wise,Stephanie Free,,
29153,10422,619,.85m Jumper Open II.2d,,1284,Kalipso,Katie Moniz Floyd,Katie Moniz Floyd,,
29153,10422,619,.85m Jumper Open II.2d,,1285,Rock Bottom,Farrah Whiddon,Nia Iatridis,,
29153,10422,619,.85m Jumper Open II.2d,,1294,The Real Slim Shady,Elleana Bender,Elleana Bender,,
29153,10422,619,.85m Jumper Open II.2d,,1297,La La Land,Grace Lyons,Christina Faninger,,
29153,10422,619,.85m Jumper Open II.2d,,1464,Gossip Girl,Hannah Morejon,Dakota Sheikh,,
29153,10422,619,.85m Jumper Open II.2d,,1480,Ameko Chaccord,Kari Gilley,Kari Gilley,,
29153,10422,619,.85m Jumper Open II.2d,,1596,Canonboy Keraudry Z,Tatjana Almeida,Blue Star Investments,,
29153,10422,619,.85m Jumper Open II.2d,,1825,Cor La Loi Mdm Z,Adrianna Schneider,Adrianna Schneider,,
29153,10422,619,.85m Jumper Open II.2d,,1879,Salute To You,Daniela Pulgar,Daniela Roy,,
29153,10422,619,.85m Jumper Open II.2d,,1914,D'Or E'cureuil,Bryce P. Richardson,Caitlin J. Andersen,,
29153,10422,619,.85m Jumper Open II.2d,,2095,Nexstar-Lh,Chandler Robinson,Esj Equestrian,,
29153,10422,619,.85m Jumper Open II.2d,,2098,James Bond,Isaac Leffkowitz,Lexi Ferder,,
29153,10422,619,.85m Jumper Open II.2d,,2107,Mary J,Rebecca A. Milliken,Rebecca A. Milliken,,
29153,10422,619,.85m Jumper Open II.2d,,2154,Enzo Ferrari,Kayla Singh,Kayla Singh,,
29153,10422,619,.85m Jumper Open II.2d,,2609,Numero Dos,Peyton Krumin,Peyton Krumin,,
29153,10422,619,.85m Jumper Open II.2d,,2882,Crush,Scott Diffey,Alwyn Stables LLC,,
29153,10422,619,.85m Jumper Open II.2d,,2928,Cypress,Declan Egan,Ellery Winkler,,
29153,10422,619,.85m Jumper Open II.2d,,3050,Czechmate,Brooke Eddy,Teaghan Powers,,
29154,10422,620,.85m Jumper Open II.2d,1,2797,Jolita,Grace Everhart,Grace Everhart,,
29154,10422,620,.85m Jumper Open II.2d,2,1101,Quido,Reya Popat,Charlotte Cook,,
29154,10422,620,.85m Jumper Open II.2d,3,2732,Leroy Brown,Amanda Majewski,Adrianna Alcocer,,
29154,10422,620,.85m Jumper Open II.2d,4,1117,Harley De Youguette,Madelyn Stillwell,"Crickety Pines Of Cocoa, LLC",,
29154,10422,620,.85m Jumper Open II.2d,5,1292,Caans Navy Blues,Maddie Yarborough,Chloe Breed,,
29154,10422,620,.85m Jumper Open II.2d,6,1825,Cor La Loi Mdm Z,Adrianna Schneider,Adrianna Schneider,,
29154,10422,620,.85m Jumper Open II.2d,7,1188,Spot On,Allison Wise,Stephanie Free,,
29154,10422,620,.85m Jumper Open II.2d,8,1285,Rock Bottom,Farrah Whiddon,Nia Iatridis,,
29154,10422,620,.85m Jumper Open II.2d,,1051,Cajou Mm,Clara Vidal,Gabriela Mccloskey,,
29154,10422,620,.85m Jumper Open II.2d,,1055,Chess,Clara Vidal,Daniela Roy,,
29154,10422,620,.85m Jumper Open II.2d,,1072,Volodia D'argouges,Clara Vidal,Daniela Roy,,
29154,10422,620,.85m Jumper Open II.2d,,1284,Kalipso,Katie Moniz Floyd,Katie Moniz Floyd,,
29154,10422,620,.85m Jumper Open II.2d,,1298,Pays Bas V,Scarlett Hamaoui,Scarlett Hamaoui,,
29154,10422,620,.85m Jumper Open II.2d,,1299,Smilla's Sense Of Snow,Scarlett Hamaoui,Scarlett Hamaoui,,
29154,10422,620,.85m Jumper Open II.2d,,1456,Best Kept Secret,Audrey Price,Audrey Price,,
29154,10422,620,.85m Jumper Open II.2d,,1464,Gossip Girl,Mario Garcia,Dakota Sheikh,,
29154,10422,620,.85m Jumper Open II.2d,,1480,Ameko Chaccord,Kari Gilley,Kari Gilley,,
29154,10422,620,.85m Jumper Open II.2d,,1596,Canonboy Keraudry Z,Tatjana Almeida,Blue Star Investments,,
29154,10422,620,.85m Jumper Open II.2d,,1959,Neisha,Sarah Kraemer,Stella Kraemer,,
29154,10422,620,.85m Jumper Open II.2d,,2095,Nexstar-Lh,Chandler Robinson,Esj Equestrian,,
29154,10422,620,.85m Jumper Open II.2d,,2609,Numero Dos,Peyton Krumin,Peyton Krumin,,
29154,10422,620,.85m Jumper Open II.2d,,2882,Crush,Scott Diffey,Alwyn Stables LLC,,
29154,10422,620,.85m Jumper Open II.2d,,2968,Anthem L.a. Z,Stella Kraemer,Stella Kraemer,,
29156,10423,621,.85m Jumper Junior/Amateur II.2d,1,1005,Heroine De Kerglenn,Rita de Goes,Wellington Equestrian Center Inc,,
29156,10423,621,.85m Jumper Junior/Amateur II.2d,2,1004,Don Diego Hdd II,Rita de Goes,Wellington Equestrian Center Inc,,
29156,10423,621,.85m Jumper Junior/Amateur II.2d,3,1959,Neisha,Sarah Kraemer,Stella Kraemer,,
29156,10423,621,.85m Jumper Junior/Amateur II.2d,4,2460,Tenor Van't Klavertje Vier,Lola Applebaum,Lola Applebaum,,
29156,10423,621,.85m Jumper Junior/Amateur II.2d,5,2732,Leroy Brown,Amanda Majewski,Adrianna Alcocer,,
29156,10423,621,.85m Jumper Junior/Amateur II.2d,6,1198,Luau,Alyssa Padlo,Alyssa Padlo,,
29156,10423,621,.85m Jumper Junior/Amateur II.2d,7,1061,Izitop Aaa,Mia Baez,Daniela Roy,,
29156,10423,621,.85m Jumper Junior/Amateur II.2d,8,1101,Quido,Reya Popat,Charlotte Cook,,
29156,10423,621,.85m Jumper Junior/Amateur II.2d,,1091,Going For Broke,Emma Parker,Alison Jones,,
29156,10423,621,.85m Jumper Junior/Amateur II.2d,,1285,Rock Bottom,Farrah Whiddon,Nia Iatridis,,
29156,10423,621,.85m Jumper Junior/Amateur II.2d,,1292,Caans Navy Blues,Maddie Yarborough,Chloe Breed,,
29156,10423,621,.85m Jumper Junior/Amateur II.2d,,1294,The Real Slim Shady,Elleana Bender,Elleana Bender,,
29156,10423,621,.85m Jumper Junior/Amateur II.2d,,1297,La La Land,Christina Faninger,Christina Faninger,,
29156,10423,621,.85m Jumper Junior/Amateur II.2d,,1298,Pays Bas V,Scarlett Hamaoui,Scarlett Hamaoui,,
29156,10423,621,.85m Jumper Junior/Amateur II.2d,,1299,Smilla's Sense Of Snow,Scarlett Hamaoui,Scarlett Hamaoui,,
29156,10423,621,.85m Jumper Junior/Amateur II.2d,,1300,Helium De La Virée Au Vent,Emma J Lopez,Emma J Lopez,,
29156,10423,621,.85m Jumper Junior/Amateur II.2d,,1464,Gossip Girl,Hannah Morejon,Dakota Sheikh,,
29156,10423,621,.85m Jumper Junior/Amateur II.2d,,1466,Odaya,Anna Mazor-Allhusen,Anna Mazor-Allhusen,,
29156,10423,621,.85m Jumper Junior/Amateur II.2d,,1562,Raja J,Morgan Cusick,Morgan Cusick,,
29156,10423,621,.85m Jumper Junior/Amateur II.2d,,1597,Quintana Viii,Jessica L. Roth Thomas,Daffodil Hill,,
29156,10423,621,.85m Jumper Junior/Amateur II.2d,,1675,L.v. Valdrumer,Nicole Presa Tejada,Nicole Presa Tejada,,
29156,10423,621,.85m Jumper Junior/Amateur II.2d,,1724,Billy Banbury,Alexa Riccio,Amy Nelson,,
29156,10423,621,.85m Jumper Junior/Amateur II.2d,,1825,Cor La Loi Mdm Z,Adrianna Schneider,Adrianna Schneider,,
29156,10423,621,.85m Jumper Junior/Amateur II.2d,,1879,Salute To You,Daniela Pulgar,Daniela Roy,,
29156,10423,621,.85m Jumper Junior/Amateur II.2d,,2002,Lolita Z,Sienna Jones,Ameera Chin,,
29156,10423,621,.85m Jumper Junior/Amateur II.2d,,2047,Bangkok,Ana Sofia Rodriguez,Rodriguez Equestrian,,
29156,10423,621,.85m Jumper Junior/Amateur II.2d,,2171,Squid,Ella Sasso,Ella Sasso,,
29156,10423,621,.85m Jumper Junior/Amateur II.2d,,2385,Casa Quo Vadis,Grace Harrison,Dreams Come True Horses LLC,,
29156,10423,621,.85m Jumper Junior/Amateur II.2d,,2611,Tyamo,Peyton Krumin,"Asahi Sporthorses, LLC",,
29156,10423,621,.85m Jumper Junior/Amateur II.2d,,2803,Kanai,Kelly Kiser,Reed Training & Sales LLC,,
29157,10423,622,.85m Jumper Junior/Amateur II.2d,1,1879,Salute To You,Daniela Pulgar,Daniela Roy,,
29157,10423,622,.85m Jumper Junior/Amateur II.2d,2,2190,Kennedy,Brooklin Hernandez,Susan Allen,,
29157,10423,622,.85m Jumper Junior/Amateur II.2d,3,1004,Don Diego Hdd II,Rita de Goes,Wellington Equestrian Center Inc,,
29157,10423,622,.85m Jumper Junior/Amateur II.2d,4,1959,Neisha,Sarah Kraemer,Stella Kraemer,,
29157,10423,622,.85m Jumper Junior/Amateur II.2d,5,1466,Odaya,Anna Mazor-Allhusen,Anna Mazor-Allhusen,,
29157,10423,622,.85m Jumper Junior/Amateur II.2d,6,2732,Leroy Brown,Amanda Majewski,Adrianna Alcocer,,
29157,10423,622,.85m Jumper Junior/Amateur II.2d,7,1005,Heroine De Kerglenn,Rita de Goes,Wellington Equestrian Center Inc,,
29157,10423,622,.85m Jumper Junior/Amateur II.2d,8,1779,Lowie Van De Opstal,Zeynep Mira Ozyurt,Zeynep Mira Ozyurt,,
29157,10423,622,.85m Jumper Junior/Amateur II.2d,,1055,Chess,Lourdes Lopez,Daniela Roy,,
29157,10423,622,.85m Jumper Junior/Amateur II.2d,,1060,Interkalen V.d.o,Camila Inestroza,Camila Inestroza,,
29157,10423,622,.85m Jumper Junior/Amateur II.2d,,1069,Quinta Van De Helle Z,Susannah Cooper,Daniela Roy,,
29157,10423,622,.85m Jumper Junior/Amateur II.2d,,1072,Volodia D'argouges,Annabelle Poirier,Daniela Roy,,
29157,10423,622,.85m Jumper Junior/Amateur II.2d,,1073,Zamba,Campbell Cobb,Daniela Roy,,
29157,10423,622,.85m Jumper Junior/Amateur II.2d,,1091,Going For Broke,Emma Parker,Alison Jones,,
29157,10423,622,.85m Jumper Junior/Amateur II.2d,,1101,Quido,Reya Popat,Charlotte Cook,,
29157,10423,622,.85m Jumper Junior/Amateur II.2d,,1188,Spot On,Allison Wise,Stephanie Free,,
29157,10423,622,.85m Jumper Junior/Amateur II.2d,,1198,Luau,Alyssa Padlo,Alyssa Padlo,,
29157,10423,622,.85m Jumper Junior/Amateur II.2d,,1264,Elocia,Mya Carrico,Alise Carrico,,
29157,10423,622,.85m Jumper Junior/Amateur II.2d,,1285,Rock Bottom,Farrah Whiddon,Nia Iatridis,,
29157,10423,622,.85m Jumper Junior/Amateur II.2d,,1292,Caans Navy Blues,Maddie Yarborough,Chloe Breed,,
29157,10423,622,.85m Jumper Junior/Amateur II.2d,,1294,The Real Slim Shady,Elleana Bender,Elleana Bender,,
29157,10423,622,.85m Jumper Junior/Amateur II.2d,,1297,La La Land,Christina Faninger,Christina Faninger,,
29157,10423,622,.85m Jumper Junior/Amateur II.2d,,1298,Pays Bas V,Scarlett Hamaoui,Scarlett Hamaoui,,
29157,10423,622,.85m Jumper Junior/Amateur II.2d,,1456,Best Kept Secret,Audrey Price,Audrey Price,,
29157,10423,622,.85m Jumper Junior/Amateur II.2d,,1464,Gossip Girl,Hannah Morejon,Dakota Sheikh,,
29157,10423,622,.85m Jumper Junior/Amateur II.2d,,1480,Ameko Chaccord,Kari Gilley,Kari Gilley,,
29157,10423,622,.85m Jumper Junior/Amateur II.2d,,1562,Raja J,Morgan Cusick,Morgan Cusick,,
29157,10423,622,.85m Jumper Junior/Amateur II.2d,,1596,Canonboy Keraudry Z,Tatjana Almeida,Blue Star Investments,,
29157,10423,622,.85m Jumper Junior/Amateur II.2d,,1825,Cor La Loi Mdm Z,Adrianna Schneider,Adrianna Schneider,,
29157,10423,622,.85m Jumper Junior/Amateur II.2d,,2609,Numero Dos,Peyton Krumin,Peyton Krumin,,
29157,10423,622,.85m Jumper Junior/Amateur II.2d,,3142,Cobalou 3,Stephanie Ezzo,Ps Riverstone,,
29158,10423,623,.85m Jumper Junior/Amateur II.2d,1,1004,Don Diego Hdd II,Rita de Goes,Wellington Equestrian Center Inc,,
29158,10423,623,.85m Jumper Junior/Amateur II.2d,2,2190,Kennedy,Brooklin Hernandez,Susan Allen,,
29158,10423,623,.85m Jumper Junior/Amateur II.2d,3,1101,Quido,Reya Popat,Charlotte Cook,,
29158,10423,623,.85m Jumper Junior/Amateur II.2d,4,2609,Numero Dos,Peyton Krumin,Peyton Krumin,,
29158,10423,623,.85m Jumper Junior/Amateur II.2d,5,2732,Leroy Brown,Amanda Majewski,Adrianna Alcocer,,
29158,10423,623,.85m Jumper Junior/Amateur II.2d,6,1959,Neisha,Sarah Kraemer,Stella Kraemer,,
29158,10423,623,.85m Jumper Junior/Amateur II.2d,7,1188,Spot On,Allison Wise,Stephanie Free,,
29158,10423,623,.85m Jumper Junior/Amateur II.2d,8,1292,Caans Navy Blues,Maddie Yarborough,Chloe Breed,,
29158,10423,623,.85m Jumper Junior/Amateur II.2d,,1005,Heroine De Kerglenn,Rita de Goes,Wellington Equestrian Center Inc,,
29158,10423,623,.85m Jumper Junior/Amateur II.2d,,1055,Chess,Lourdes Lopez,Daniela Roy,,
29158,10423,623,.85m Jumper Junior/Amateur II.2d,,1069,Quinta Van De Helle Z,Susannah Cooper,Daniela Roy,,
29158,10423,623,.85m Jumper Junior/Amateur II.2d,,1091,Going For Broke,Emma Parker,Alison Jones,,
29158,10423,623,.85m Jumper Junior/Amateur II.2d,,1198,Luau,Alyssa Padlo,Alyssa Padlo,,
29158,10423,623,.85m Jumper Junior/Amateur II.2d,,1203,Bravada,Daisy Green,Jacqueline Green,,
29158,10423,623,.85m Jumper Junior/Amateur II.2d,,1264,Elocia,Mya Carrico,Alise Carrico,,
29158,10423,623,.85m Jumper Junior/Amateur II.2d,,1272,Mtm Anonymous Z,Alise Carrico,Alise Carrico,,
29158,10423,623,.85m Jumper Junior/Amateur II.2d,,1285,Rock Bottom,Farrah Whiddon,Nia Iatridis,,
29158,10423,623,.85m Jumper Junior/Amateur II.2d,,1298,Pays Bas V,Scarlett Hamaoui,Scarlett Hamaoui,,
29158,10423,623,.85m Jumper Junior/Amateur II.2d,,1300,Helium De La Virée Au Vent,Emma J Lopez,Emma J Lopez,,
29158,10423,623,.85m Jumper Junior/Amateur II.2d,,1441,Princeton Mk,Olivia Gaul,Kristina Photakis,,
29158,10423,623,.85m Jumper Junior/Amateur II.2d,,1456,Best Kept Secret,Audrey Price,Audrey Price,,
29158,10423,623,.85m Jumper Junior/Amateur II.2d,,1464,Gossip Girl,Hannah Morejon,Dakota Sheikh,,
29158,10423,623,.85m Jumper Junior/Amateur II.2d,,1480,Ameko Chaccord,Kari Gilley,Kari Gilley,,
29158,10423,623,.85m Jumper Junior/Amateur II.2d,,1523,Casino Royale,Jessin Blossom,Alexandra V. Ireland,,
29158,10423,623,.85m Jumper Junior/Amateur II.2d,,1562,Raja J,Morgan Cusick,Morgan Cusick,,
29158,10423,623,.85m Jumper Junior/Amateur II.2d,,1596,Canonboy Keraudry Z,Tatjana Almeida,Blue Star Investments,,
29158,10423,623,.85m Jumper Junior/Amateur II.2d,,1825,Cor La Loi Mdm Z,Adrianna Schneider,Adrianna Schneider,,
29158,10423,623,.85m Jumper Junior/Amateur II.2d,,2130,Spectacular Jedi,Avery Rush,Avery Rush,,
29158,10423,623,.85m Jumper Junior/Amateur II.2d,,2175,Ravina 22,Valentina Autiero,Manuel Sotil,,
29158,10423,623,.85m Jumper Junior/Amateur II.2d,,2968,Anthem L.a. Z,Stella Kraemer,Stella Kraemer,,
29394,10399,624,.95m Jumper II.1,1,1465,Norelien,Maya Allhusen,Maya Allhusen,,
29394,10399,624,.95m Jumper II.1,2,2970,Fe Crack The Code,Amanda Gardiner,Amanda Gardiner,,
29394,10399,624,.95m Jumper II.1,3,1298,Pays Bas V,Sophie Smith,Scarlett Hamaoui,,
29394,10399,624,.95m Jumper II.1,4,1598,Sublime,Sophie Smith,"S & P Elite Equestrian, LLC",,
29394,10399,624,.95m Jumper II.1,5,2803,Kanai,Addison Reed,Reed Training & Sales LLC,,
29394,10399,624,.95m Jumper II.1,6,1437,Balencia,Stella Gavin,Kristina Photakis,,
29394,10399,624,.95m Jumper II.1,7,1591,Irish Coffee Vhl,Iliana Palumbo,Iliana Palumbo,,
29394,10399,624,.95m Jumper II.1,8,2156,Lady Roxy,Suzanne Burns,"Sc Equiventures, LLC",,
29394,10399,624,.95m Jumper II.1,,1264,Elocia,Aaron Vale,Alise Carrico,,
29394,10399,624,.95m Jumper II.1,,1268,Invictus,Aaron Vale,Maryann Teuschler,,
29394,10399,624,.95m Jumper II.1,,1293,Getthe Muny Bernie,Carrie Riddle,Carrie Riddle,,
29394,10399,624,.95m Jumper II.1,,1297,La La Land,Christina Faninger,Christina Faninger,,
29394,10399,624,.95m Jumper II.1,,1343,Pedro Molino,Kristen Litteken,Kristen Litteken,,
29394,10399,624,.95m Jumper II.1,,1480,Ameko Chaccord,Taylor Manning,Kari Gilley,,
29394,10399,624,.95m Jumper II.1,,1775,Once Upon A Time,Alyson Jones,Alina Ramirez,,
29394,10399,624,.95m Jumper II.1,,1883,Untouchable's Unique,Dominic Arnold,Dominic Arnold,,
29394,10399,624,.95m Jumper II.1,,2177,Ata Fe Dulce,Lyla Roberts,Lyla Roberts,,
29394,10399,624,.95m Jumper II.1,,2375,Sylvester Ter Linden,Lynde Johnson,Lynde Johnson,,
29394,10399,624,.95m Jumper II.1,,2405,Billy Suffragette,Emerson Ritter,Senary Sport Horses,,
29394,10399,624,.95m Jumper II.1,,2834,Hercules,Maya Allhusen,Mario Garcia,,
29394,10399,624,.95m Jumper II.1,,2877,Big Castle,Shannon Y. Clifford,"Texas De Limache, LLC",,
29394,10399,624,.95m Jumper II.1,,2882,Crush,Scott Diffey,Alwyn Stables LLC,,
29394,10399,624,.95m Jumper II.1,,3039,Billy Adorable,Sophie Smith,Morgan Taylor,,
29159,10414,627,1.00m Jumper II.1,1,1769,Nevada Vdl,Robert Mendoza,Wb Equine Acquisitions,,
29159,10414,627,1.00m Jumper II.1,2,2149,Ferris Bueller,Kimberly Tobias,Kimberly Tobias,,
29159,10414,627,1.00m Jumper II.1,3,1867,Orindus W,Celso Ariani,Jjp Equestrian LLC,,
29159,10414,627,1.00m Jumper II.1,4,1088,Titan,Mckenzie Miller,Mckenzie Miller,,
29159,10414,627,1.00m Jumper II.1,5,1278,Remus Van't Merelsnest,Sophia Ayers,Sophia Ayers,,
29159,10414,627,1.00m Jumper II.1,6,2562,Inlaws Manolo,Spencer Brittan,Kimberly Blake Roth,,
29159,10414,627,1.00m Jumper II.1,7,2293,Miss Cranny Sarco,Declan Egan,Sarah F. Wood,,
29159,10414,627,1.00m Jumper II.1,8,2873,Comme II Reality,Elizabeth Solomon,Front Page Equestrian,,
29159,10414,627,1.00m Jumper II.1,,1003,Daizi De Beaufour,Rita de Goes,Wellington Equestrian Center Inc,,
29159,10414,627,1.00m Jumper II.1,,1043,Markanto A,Tanner Korotkin,"Castlewood Farm, Inc.",,
29159,10414,627,1.00m Jumper II.1,,1096,Cold Play,Isaac Leffkowitz,Sherri R. Geddes,,
29159,10414,627,1.00m Jumper II.1,,1102,Talk About Me,Violetta Bergonzoli,Violetta Bergonzoli,,
29159,10414,627,1.00m Jumper II.1,,1145,Cecile S,Alicia Taylor,Alicia Taylor,,
29159,10414,627,1.00m Jumper II.1,,1201,Contika 46,Kacey Conway,Kacey Conway,,
29159,10414,627,1.00m Jumper II.1,,1248,Ciemusic Z,Kathryn Camunas,Kathryn Camunas,,
29159,10414,627,1.00m Jumper II.1,,1439,Il Dolce,Lauren Flesher,Lauren Flesher,,
29159,10414,627,1.00m Jumper II.1,,1454,Mr Dw,Lanie Nash,Jackie Sawyer,,
29159,10414,627,1.00m Jumper II.1,,1516,Grandia,Bowers A. Cone,Melissa Burns,,
29159,10414,627,1.00m Jumper II.1,,1685,Hh Hyyerr Calling,Jessica Collins,Francesca Giarrusso,,
29159,10414,627,1.00m Jumper II.1,,1777,Bz Cancara,Antonio J. Martinez,Fernanda D. Gabriel,,
29159,10414,627,1.00m Jumper II.1,,1795,Mazatlan Ps,Violetta Bergonzoli,Patricio Pasquel,,
29159,10414,627,1.00m Jumper II.1,,1866,Mckenzie Z,Celso Ariani,Jjp Equestrian LLC,,
29159,10414,627,1.00m Jumper II.1,,1883,Untouchable's Unique,Dominic Arnold,Dominic Arnold,,
29159,10414,627,1.00m Jumper II.1,,1932,Florian,Windsor Ryan,Windsor Stables LLC,,
29159,10414,627,1.00m Jumper II.1,,1982,Herakles,Izabella Mcnerney,Izabella Mcnerney,,
29159,10414,627,1.00m Jumper II.1,,2142,Bellefleur Z,Carson L. Ruff,"J3 Stables, LLC",,
29159,10414,627,1.00m Jumper II.1,,2144,U Amon Z,Paul O'Shea,"J3 Stables, LLC",,
29159,10414,627,1.00m Jumper II.1,,2148,Elle Woods,Kimberly Tobias,Kimberly Tobias,,
29159,10414,627,1.00m Jumper II.1,,2154,Enzo Ferrari,Andres A. Correa,Kayla Singh,,
29159,10414,627,1.00m Jumper II.1,,2179,Nice Cool De Virton,Paul O'Shea,Kaileigh Brandt,,
29159,10414,627,1.00m Jumper II.1,,2200,Chagrandino Ps,Luciano Dome,Stella Kraemer,,
29159,10414,627,1.00m Jumper II.1,,2290,Castello Z,Declan Egan,Sarah F. Wood,,
29159,10414,627,1.00m Jumper II.1,,2389,Fanfan Boy,Tanner Korotkin,Alyssa Liang,,
29159,10414,627,1.00m Jumper II.1,,2521,Excel Star Fair Play,Alexandra Hird,Lisa A Bermingham,,
29159,10414,627,1.00m Jumper II.1,,2523,Lugano,Liliana Nora Menesi,Erin M. Mccabe Clayton,,
29159,10414,627,1.00m Jumper II.1,,2667,Calypso,Josephine Demmo,Josephine Demmo,,
29159,10414,627,1.00m Jumper II.1,,2793,Ibalia,Eva Bernstein,Debbie Smith,,
29159,10414,627,1.00m Jumper II.1,,2797,Jolita,Grace Everhart,Grace Everhart,,
29159,10414,627,1.00m Jumper II.1,,2803,Kanai,Kelly Kiser,Reed Training & Sales LLC,,
29159,10414,627,1.00m Jumper II.1,,2825,Kereen Cobra,Kitt Ritter,Kitt Ritter,,
29159,10414,627,1.00m Jumper II.1,,2840,Gabriella T,Mary Collier Pope,Mary Collier Pope,,
29159,10414,627,1.00m Jumper II.1,,2984,Vdl Escape Z,Savannah Groselle,Savannah Groselle,,
29159,10414,627,1.00m Jumper II.1,,3009,Coby Z,Jenna P. Friedman-Lopez,"Oakridge Farm Performance Horses, LLC",,
29160,10414,628,1.00m Jumper II.2d,1,1003,Daizi De Beaufour,Rita de Goes,Wellington Equestrian Center Inc,,
29160,10414,628,1.00m Jumper II.2d,2,1932,Florian,Windsor Ryan,Windsor Stables LLC,,
29160,10414,628,1.00m Jumper II.2d,3,3003,Leporsche Th,Ella Saidi,Ella Saidi,,
29160,10414,628,1.00m Jumper II.2d,4,1096,Cold Play,Isaac Leffkowitz,Sherri R. Geddes,,
29160,10414,628,1.00m Jumper II.2d,5,2177,Ata Fe Dulce,Lyla Roberts,Lyla Roberts,,
29160,10414,628,1.00m Jumper II.2d,6,1248,Ciemusic Z,Kathryn Camunas,Kathryn Camunas,,
29160,10414,628,1.00m Jumper II.2d,7,2803,Kanai,Kelly Kiser,Reed Training & Sales LLC,,
29160,10414,628,1.00m Jumper II.2d,8,1968,Rocketman,Samantha Brooks,Samantha Brooks,,
29160,10414,628,1.00m Jumper II.2d,,1051,Cajou Mm,Gabriela Mccloskey,Gabriela Mccloskey,,
29160,10414,628,1.00m Jumper II.2d,,1102,Talk About Me,Violetta Bergonzoli,Violetta Bergonzoli,,
29160,10414,628,1.00m Jumper II.2d,,1117,Harley De Youguette,Faith Allen,"Crickety Pines Of Cocoa, LLC",,
29160,10414,628,1.00m Jumper II.2d,,1145,Cecile S,Alicia Taylor,Alicia Taylor,,
29160,10414,628,1.00m Jumper II.2d,,1343,Pedro Molino,Kristen Litteken,Kristen Litteken,,
29160,10414,628,1.00m Jumper II.2d,,1514,Glamour Des Forets,Bowers A. Cone,Libby Woodworth,,
29160,10414,628,1.00m Jumper II.2d,,1572,Unica Z,Antonio J. Martinez,Victoria Edwards,,
29160,10414,628,1.00m Jumper II.2d,,1777,Bz Cancara,Gia Pallitto,Fernanda D. Gabriel,,
29160,10414,628,1.00m Jumper II.2d,,1778,Lisdeen Lady Kvj,Ellie Zimmerman,Skyler Lisitza,,
29160,10414,628,1.00m Jumper II.2d,,1883,Untouchable's Unique,Dominic Arnold,Dominic Arnold,,
29160,10414,628,1.00m Jumper II.2d,,2042,Frozie,Claire Doran,Claire Doran,,
29160,10414,628,1.00m Jumper II.2d,,2107,Mary J,Rebecca A. Milliken,Rebecca A. Milliken,,
29160,10414,628,1.00m Jumper II.2d,,2179,Nice Cool De Virton,Paul O'Shea,Kaileigh Brandt,,
29160,10414,628,1.00m Jumper II.2d,,2200,Chagrandino Ps,Luciano Dome,Stella Kraemer,,
29160,10414,628,1.00m Jumper II.2d,,2521,Excel Star Fair Play,Alexandra Hird,Lisa A Bermingham,,
29160,10414,628,1.00m Jumper II.2d,,2523,Lugano,Liliana Nora Menesi,Erin M. Mccabe Clayton,,
29160,10414,628,1.00m Jumper II.2d,,2544,Tutti Fruitti Van De Fruitkorf,Vivian Heyer,Vivian Heyer,,
29160,10414,628,1.00m Jumper II.2d,,2559,Dee Dee Gz,Samantha Fields,Samantha Fields,,
29160,10414,628,1.00m Jumper II.2d,,2629,On The Clock,Heidi Paulsen,Heidi Paulsen,,
29160,10414,628,1.00m Jumper II.2d,,2825,Kereen Cobra,Kitt Ritter,Kitt Ritter,,
29160,10414,628,1.00m Jumper II.2d,,2834,Hercules,Maya Allhusen,Mario Garcia,,
29160,10414,628,1.00m Jumper II.2d,,2871,Rakona Z,Ashlee Bond,Ashlee Bond Show Jumping,,
29160,10414,628,1.00m Jumper II.2d,,2971,Jim,Kaleigh Holroyd,Steven Rattner,,
29160,10414,628,1.00m Jumper II.2d,,2984,Vdl Escape Z,Savannah Groselle,Savannah Groselle,,
29160,10414,628,1.00m Jumper II.2d,,3101,Chanel,Raquel V Toro,Juan Carlos Arriaga Radilla,,
29161,10415,630,1.10m Jumper II.1,1,1279,Samba Do Brasil,Aaron Vale,Maliclaire Glancy,,
29161,10415,630,1.10m Jumper II.1,2,2837,Carmenzita,Antonio J. Martinez,Antonio J. Martinez,,
29161,10415,630,1.10m Jumper II.1,3,2994,Stapleton Asha,Lilly Mack,Shannon Lilley,,
29161,10415,630,1.10m Jumper II.1,4,3047,Jasmin De L’abbaye,Gianni Gabrielli,Tricia Sales,,
29161,10415,630,1.10m Jumper II.1,5,1794,Chico Bella Z,Lily Niebur,Lily Niebur,,
29161,10415,630,1.10m Jumper II.1,6,1442,Rr Monster,Mckenzie Badley,Mckenzie Badley,,
29161,10415,630,1.10m Jumper II.1,7,1485,Roncevert,Lanie Nash,Lila Isaac,,
29161,10415,630,1.10m Jumper II.1,8,1076,Curioso Van Maarle Z,Hector Florentino,Miley Davidyan,,
29161,10415,630,1.10m Jumper II.1,,1074,Caballa Ps,Hector Florentino,Madison Cohen,,
29161,10415,630,1.10m Jumper II.1,,1266,Hopeful Z,Sophia Ayers,Sophia Ayers,,
29161,10415,630,1.10m Jumper II.1,,1272,Mtm Anonymous Z,Aaron Vale,Alise Carrico,,
29161,10415,630,1.10m Jumper II.1,,1508,Guerrera,Dakota Sheikh,Dakota Sheikh,,
29161,10415,630,1.10m Jumper II.1,,1645,Comedian Of Picobello Z,Sebastian Presa Tejada,Sebastian Presa Tejada,,
29161,10415,630,1.10m Jumper II.1,,1646,Con Sol,Nicole Presa Tejada,Nicole Presa Tejada,,
29161,10415,630,1.10m Jumper II.1,,1776,Lavei,Alyson Jones,Alyson Jones,,
29161,10415,630,1.10m Jumper II.1,,1778,Lisdeen Lady Kvj,Antonio J. Martinez,Skyler Lisitza,,
29161,10415,630,1.10m Jumper II.1,,2072,O'Quality Z,Kyle Dewar,Jenna Wentroth,,
29161,10415,630,1.10m Jumper II.1,,2187,En Vogue,Maddison Stephen,Collyn Smitherman,,
29161,10415,630,1.10m Jumper II.1,,2532,Solaguayre Chaquensi,Gianni Gabrielli,Melanie Mendoza,,
29161,10415,630,1.10m Jumper II.1,,2563,Itoulon B,Spencer Brittan,Jamie Ricciardi,,
29161,10415,630,1.10m Jumper II.1,,2564,Larcelo,Spencer Brittan,Ricciardi LLC,,
29161,10415,630,1.10m Jumper II.1,,2946,Calderon T,Andras Szieberth,Andras Szieberth,,
29161,10415,630,1.10m Jumper II.1,,2985,Vdl Masque-Unea,Savannah Groselle,Savannah Groselle,,
29161,10415,630,1.10m Jumper II.1,,2987,Million's Crack Ki,Ana Elena Armas,Stella Kraemer,,
29162,10415,631,1.10m Jumper II.2d,1,1184,Cumulonimbus,Reagan Brown,Reagan Brown,,
29162,10415,631,1.10m Jumper II.2d,2,1265,Elusive,Aaron Vale,Thinkslikeahorse,,
29162,10415,631,1.10m Jumper II.2d,3,2873,Comme II Reality,Elizabeth Solomon,Front Page Equestrian,,
29162,10415,631,1.10m Jumper II.2d,4,2532,Solaguayre Chaquensi,Gianni Gabrielli,Melanie Mendoza,,
29162,10415,631,1.10m Jumper II.2d,5,1947,Playboy Blue Vh Z,Riley Delbecq,Casey M. Millis,,
29162,10415,631,1.10m Jumper II.2d,6,3032,Dylan Odf,Lindsay Standley,Sherri L. Jamison,,
29162,10415,631,1.10m Jumper II.2d,7,2840,Gabriella T,Mary Collier Pope,Mary Collier Pope,,
29162,10415,631,1.10m Jumper II.2d,8,2946,Calderon T,Andras Szieberth,Andras Szieberth,,
29162,10415,631,1.10m Jumper II.2d,,1042,Maiki,Taylor Oakvik,Cavalieres Sporthorses LLC,,
29162,10415,631,1.10m Jumper II.2d,,1045,Qastaar Van't Heike,Taylor Oakvik,Cavalieres Sporthorses LLC,,
29162,10415,631,1.10m Jumper II.2d,,1046,Rimini Du Printemps,Tanner Korotkin,Sophie Heap,,
29162,10415,631,1.10m Jumper II.2d,,1052,Captain Morgan,Gabriel Zampieri,Daniela Roy,,
29162,10415,631,1.10m Jumper II.2d,,1054,Celine Db Z,Mia Felipe,Daniela Roy,,
29162,10415,631,1.10m Jumper II.2d,,1056,Costacalvo,Emma Ecarius,Emma Ecarius,,
29162,10415,631,1.10m Jumper II.2d,,1064,Locinthe Vdl,Clara Vidal,Daniela Roy,,
29162,10415,631,1.10m Jumper II.2d,,1067,Noah,Clara Vidal,Clara Vidal,,
29162,10415,631,1.10m Jumper II.2d,,1258,Balou's Captain,Aaron Vale,Thinkslikeahorse,,
29162,10415,631,1.10m Jumper II.2d,,1278,Remus Van't Merelsnest,Sophia Ayers,Sophia Ayers,,
29162,10415,631,1.10m Jumper II.2d,,1563,Herlich,Kennedy Callis,Kennedy Callis,,
29162,10415,631,1.10m Jumper II.2d,,1568,Picobella De Pot,Khloe Brinkmann,Antonio J. Martinez,,
29162,10415,631,1.10m Jumper II.2d,,1671,Il Etait Une Fois A Rivereuille,Ana Sofia Rodriguez,Rodriguez Equestrian,,
29162,10415,631,1.10m Jumper II.2d,,1681,Vdl Liantha,Camille Gabrie,Rodriguez Equestrian,,
29162,10415,631,1.10m Jumper II.2d,,1683,Bakham Du Very Z,Blythe Novick,Novick Sporthorses LLC,,
29162,10415,631,1.10m Jumper II.2d,,1706,Airway Semilly,Ella Walker,Ella Walker,,
29162,10415,631,1.10m Jumper II.2d,,1757,Frodo,River A. Wylde,River A. Wylde,,
29162,10415,631,1.10m Jumper II.2d,,1908,Gosset Rose,Evana Somareddy,Plain Bay Farm,,
29162,10415,631,1.10m Jumper II.2d,,1911,Quick Moon,Evana Somareddy,Donald E. Stewart,,
29162,10415,631,1.10m Jumper II.2d,,1961,Fernhill Athletico Z,Lauren E. Hough,Julie B. Richards,,
29162,10415,631,1.10m Jumper II.2d,,1982,Herakles,Izabella Mcnerney,Izabella Mcnerney,,
29162,10415,631,1.10m Jumper II.2d,,2029,Cobalto,Anne L. Bingler,Anne L. Bingler,,
29162,10415,631,1.10m Jumper II.2d,,2155,La Luciole,Hailey Lay-Hak,Hailey Lay-Hak,,
29162,10415,631,1.10m Jumper II.2d,,2184,Lonesome Dove,Isabella Ruohomaki,Isabella Ruohomaki,,
29162,10415,631,1.10m Jumper II.2d,,2187,En Vogue,Maddison Stephen,Collyn Smitherman,,
29162,10415,631,1.10m Jumper II.2d,,2293,Miss Cranny Sarco,Declan Egan,Sarah F. Wood,,
29162,10415,631,1.10m Jumper II.2d,,2388,Choco Du Reverdy,Tanner Korotkin,Alex Pace,,
29162,10415,631,1.10m Jumper II.2d,,2396,Psj Hana 6,Elin Mossberg,Maja Mossberg,,
29162,10415,631,1.10m Jumper II.2d,,2397,Renkum Corsair,Molly Adams,Molly Adams,,
29162,10415,631,1.10m Jumper II.2d,,2502,Fernhill Kudos,Grace Lyons,Lynn Yoos,,
29162,10415,631,1.10m Jumper II.2d,,2601,Espoir De Bethune,Bonnie Silver,H&s Horses LLC,,
29162,10415,631,1.10m Jumper II.2d,,2994,Stapleton Asha,Lilly Mack,Shannon Lilley,,
29162,10415,631,1.10m Jumper II.2d,,2998,Granslam De Lezellec,Lilly Mack,Hudsyn Horn,,
29162,10415,631,1.10m Jumper II.2d,,3047,Jasmin De L'abbaye,Gianni Gabrielli,Tricia Sales,,
29162,10415,631,1.10m Jumper II.2d,,3096,Caltitza,Francisco E. Toro,Francisco E. Toro,,
29162,10415,631,1.10m Jumper II.2d,,3097,Jet Setter,Jana Schwartzberg,Jana Schwartzberg,,
29162,10415,631,1.10m Jumper II.2d,,3098,Unairo,Juan Carlos Arriaga Radilla,Raquel V Toro,,
29163,10415,632,1.10m Jumper II.2b,1,2873,Comme II Reality,Elizabeth Solomon,Front Page Equestrian,,
29163,10415,632,1.10m Jumper II.2b,2,1096,Cold Play,Isaac Leffkowitz,Sherri R. Geddes,,
29163,10415,632,1.10m Jumper II.2b,3,2072,O'Quality Z,Jenna Wentroth,Jenna Wentroth,,
29163,10415,632,1.10m Jumper II.2b,4,1067,Noah,Clara Vidal,Clara Vidal,,
29163,10415,632,1.10m Jumper II.2b,5,1683,Bakham Du Very Z,Blythe Novick,Novick Sporthorses LLC,,
29163,10415,632,1.10m Jumper II.2b,6,1064,Locinthe Vdl,Clara Vidal,Daniela Roy,,
29163,10415,632,1.10m Jumper II.2b,7,2029,Cobalto,Anne L. Bingler,Anne L. Bingler,,
29163,10415,632,1.10m Jumper II.2b,8,3047,Jasmin De L'abbaye,Gianni Gabrielli,Tricia Sales,,
29163,10415,632,1.10m Jumper II.2b,,1278,Remus Van't Merelsnest,Sophia Ayers,Sophia Ayers,,
29163,10415,632,1.10m Jumper II.2b,,1337,Double R Jacaranda,Carlota Goyeneche,Carlota Goyeneche,,
29163,10415,632,1.10m Jumper II.2b,,1442,Rr Monster,Mckenzie Badley,Mckenzie Badley,,
29163,10415,632,1.10m Jumper II.2b,,1452,Onyx,Taylor St Jacques,Elle Bassion,,
29163,10415,632,1.10m Jumper II.2b,,1744,Diatoon Blue Ps,Madison Rose,Madison Rose,,
29163,10415,632,1.10m Jumper II.2b,,1866,Mckenzie Z,Celso Ariani,Jjp Equestrian LLC,,
29163,10415,632,1.10m Jumper II.2b,,1867,Orindus W,Celso Ariani,Jjp Equestrian LLC,,
29163,10415,632,1.10m Jumper II.2b,,2187,En Vogue,Maddison Stephen,Collyn Smitherman,,
29163,10415,632,1.10m Jumper II.2b,,2351,Otto Pilot,Jennifer Giovino,Jennifer Giovino,,
29163,10415,632,1.10m Jumper II.2b,,2401,Lance Van't Roosakker,Olivia Johnson,Lola Reardon,,
29163,10415,632,1.10m Jumper II.2b,,2572,Geisha D'agenais,Brooklyn Delgado,Laura Gaither,,
29163,10415,632,1.10m Jumper II.2b,,2836,Forseti,Ben Taylor,Elinor Mac Phail O Neal,,
29163,10415,632,1.10m Jumper II.2b,,2946,Calderon T,Andras Szieberth,Andras Szieberth,,
29163,10415,632,1.10m Jumper II.2b,,2994,Stapleton Asha,Lilly Mack,Shannon Lilley,,
29163,10415,632,1.10m Jumper II.2b,,2998,Granslam De Lezellec,Lilly Mack,Hudsyn Horn,,
29164,10394,633,1.15m Jumper II.1,1,1595,Levano,Sarah E. Turner,"Yellowstone, LLC",,
29164,10394,633,1.15m Jumper II.1,2,1877,Daham,Jelmer Hoekstra,"Rpw Show Horses, LLC",,
29164,10394,633,1.15m Jumper II.1,3,2108,Spice Of Life,Isaac Leffkowitz,Brook Run Farm LLC,,
29164,10394,633,1.15m Jumper II.1,4,1878,Futur Du Pomiez,Jelmer Hoekstra,"Rpw Show Horses, LLC",,
29164,10394,633,1.15m Jumper II.1,5,2822,Chabluevara Ps,Ryan Michael Genn,Kitt Ritter,,
29164,10394,633,1.15m Jumper II.1,6,2933,Iron Rock,Dorothy Douglas,Daniel Geitner,,
29164,10394,633,1.15m Jumper II.1,7,1108,Cali Blue Ps,Jessica Cross,Soleil Katsur,,
29164,10394,633,1.15m Jumper II.1,8,1563,Herlich,Bowers A. Cone,Kennedy Callis,,
29164,10394,633,1.15m Jumper II.1,,1025,Dodicci,Tanner Korotkin,"Castlewood Farm, Inc.",,
29164,10394,633,1.15m Jumper II.1,,1042,Maiki,Tanner Korotkin,Cavalieres Sporthorses LLC,,
29164,10394,633,1.15m Jumper II.1,,1045,Qastaar Van't Heike,Tanner Korotkin,Cavalieres Sporthorses LLC,,
29164,10394,633,1.15m Jumper II.1,,1064,Locinthe Vdl,Clara Vidal,Daniela Roy,,
29164,10394,633,1.15m Jumper II.1,,1067,Noah,Clara Vidal,Clara Vidal,,
29164,10394,633,1.15m Jumper II.1,,1085,Conthargos Gold,Rebecca Conway,"Blue Hill Farm, LLC",,
29164,10394,633,1.15m Jumper II.1,,1109,Odilon,Soleil Katsur,Soleil Katsur,,
29164,10394,633,1.15m Jumper II.1,,1224,Lord Cornet,Megan Wexler,Ashley Ann McGehee,,
29164,10394,633,1.15m Jumper II.1,,1241,Balou Blue Z,Brittni A. Raflowitz,Esi Show Jumpers,,
29164,10394,633,1.15m Jumper II.1,,1346,Britney Ps,Cullen Drescher,Redfield Farm,,
29164,10394,633,1.15m Jumper II.1,,1347,Oscars Afterparty,Cullen Drescher,The Goodspeed Group LLC,,
29164,10394,633,1.15m Jumper II.1,,1425,Categorico Ec Z,Devin A. Seek,Stefano Baruzzo LLC,,
29164,10394,633,1.15m Jumper II.1,,1519,Mtm Clarcona,Anna Mead,Anna Mead,,
29164,10394,633,1.15m Jumper II.1,,1679,Tarzan Z,Ana Cristina Rodriguez,Rodriguez Equestrian,,
29164,10394,633,1.15m Jumper II.1,,1682,Allegra Van Het Eikenhof Z,Aria Collins,Michelle Lin,,
29164,10394,633,1.15m Jumper II.1,,1744,Diatoon Blue Ps,Madison Rose,Madison Rose,,
29164,10394,633,1.15m Jumper II.1,,1767,Gotham De Chalusse,Robert Mendoza,Traci Ribeiro,,
29164,10394,633,1.15m Jumper II.1,,2003,Ancelotti,Ashley Romano,Ashley Romano,,
29164,10394,633,1.15m Jumper II.1,,2037,Fernhill Touch Of Grandeur,Kendall Stephens,Kendall Stephens,,
29164,10394,633,1.15m Jumper II.1,,2078,Lissino,Khloe Kerins,Darragh Kerins,,
29164,10394,633,1.15m Jumper II.1,,2172,Castell 21,Amanda Gardiner,Amanda Gardiner,,
29164,10394,633,1.15m Jumper II.1,,2173,Danilo Khr,Megan Gardiner,Megan Gardiner,,
29164,10394,633,1.15m Jumper II.1,,2291,Fleurescent,Declan Egan,Christine M. Reilly,,
29164,10394,633,1.15m Jumper II.1,,2351,Otto Pilot,Jeannie M. Savegnago,Jennifer Giovino,,
29164,10394,633,1.15m Jumper II.1,,2365,Qiana,Marcus Gruenthal,Katie Rosenfels,,
29164,10394,633,1.15m Jumper II.1,,2573,Ballyforan,Patrick R. Wilcher,Teresa Martinoli,,
29164,10394,633,1.15m Jumper II.1,,2602,Fabian,Bonnie Silver,H&s Horses LLC,,
29164,10394,633,1.15m Jumper II.1,,2702,For Jens Z,Patrick R. Wilcher,Dana G. Waters,,
29164,10394,633,1.15m Jumper II.1,,2709,Cfh Ricardo Two You,Juan E. Hidalgo,Anne Quanbeck,,
29164,10394,633,1.15m Jumper II.1,,2733,Balisto,Maya Denis,Joachim Englert,,
29164,10394,633,1.15m Jumper II.1,,2821,Arianna Rv,John M. Struzzieri,John M. Struzzieri,,
29164,10394,633,1.15m Jumper II.1,,2824,Dame Bruchetta Z,Kitt Ritter,Kitt Ritter,,
29164,10394,633,1.15m Jumper II.1,,2832,Lindy Hop,Clark Montgomery,Kj Equine LLC,,
29164,10394,633,1.15m Jumper II.1,,2935,Paseana,Jelmer Hoekstra,November Hill,,
29164,10394,633,1.15m Jumper II.1,,2965,Kurano Sp Z,Brooklyn Castellano,Brooklyn Castellano,,
29164,10394,633,1.15m Jumper II.1,,3010,Rianthe Van 'T Merelsnest,Jenna P. Friedman-Lopez,"Oakridge Farm Performance Horses, LLC",,
29165,10394,634,1.15m Jumper II.2d,1,3047,Jasmin De L'abbaye,Gianni Gabrielli,Tricia Sales,,
29165,10394,634,1.15m Jumper II.2d,2,2822,Chabluevara Ps,Ryan Michael Genn,Kitt Ritter,,
29165,10394,634,1.15m Jumper II.2d,3,1945,Action Girl Z,Riley Delbecq,Casey M. Millis,,
29165,10394,634,1.15m Jumper II.2d,4,1958,Hairo,Ana Elena Armas,Skyler Fields,,
29165,10394,634,1.15m Jumper II.2d,5,2935,Paseana,Jelmer Hoekstra,November Hill,,
29165,10394,634,1.15m Jumper II.2d,6,2573,Ballyforan,Patrick R. Wilcher,Teresa Martinoli,,
29165,10394,634,1.15m Jumper II.2d,7,2702,For Jens Z,Patrick R. Wilcher,Dana G. Waters,,
29165,10394,634,1.15m Jumper II.2d,8,1507,Cyrus,Mario Garcia,Dakota Sheikh,,
29165,10394,634,1.15m Jumper II.2d,,1261,Com'on Kylie M,Sophia Ayers,Sophia Ayers,,
29165,10394,634,1.15m Jumper II.2d,,1266,Hopeful Z,Sophia Ayers,Sophia Ayers,,
29165,10394,634,1.15m Jumper II.2d,,1296,Calou Us,Tanner Korotkin,Alyssa Liang,,
29165,10394,634,1.15m Jumper II.2d,,1337,Double R Jacaranda,Carlota Goyeneche,Carlota Goyeneche,,
29165,10394,634,1.15m Jumper II.2d,,1513,Ck's Superman,Libby Woodworth,Libby Woodworth,,
29165,10394,634,1.15m Jumper II.2d,,1864,La India Catania,Celso Ariani,San Marino Stables,,
29165,10394,634,1.15m Jumper II.2d,,1877,Daham,Reagan Williams,"Rpw Show Horses, LLC",,
29165,10394,634,1.15m Jumper II.2d,,1878,Futur Du Pomiez,Reagan Williams,"Rpw Show Horses, LLC",,
29165,10394,634,1.15m Jumper II.2d,,1984,Olli Van De Zuuthoeve,Dana Narayanappa,Dana Narayanappa,,
29165,10394,634,1.15m Jumper II.2d,,2003,Ancelotti,Ashley Romano,Ashley Romano,,
29165,10394,634,1.15m Jumper II.2d,,2037,Fernhill Touch Of Grandeur,Kendall Stephens,Kendall Stephens,,
29165,10394,634,1.15m Jumper II.2d,,2168,Alejandro Fcf,Averie Foss,"Neverland Farms, LLC",,
29165,10394,634,1.15m Jumper II.2d,,2291,Fleurescent,Christine M. Reilly,Christine M. Reilly,,
29165,10394,634,1.15m Jumper II.2d,,2301,Karamba Hdh,Aurora R. Rangel De Alba,Aurora R. Rangel De Alba,,
29165,10394,634,1.15m Jumper II.2d,,2821,Arianna Rv,John M. Struzzieri,John M. Struzzieri,,
29165,10394,634,1.15m Jumper II.2d,,2824,Dame Bruchetta Z,Kitt Ritter,Kitt Ritter,,
29165,10394,634,1.15m Jumper II.2d,,2987,Million's Crack Ki,Stella Kraemer,Stella Kraemer,,
29165,10394,634,1.15m Jumper II.2d,,3010,Rianthe Van 'T Merelsnest,Jenna P. Friedman-Lopez,"Oakridge Farm Performance Horses, LLC",,
29165,10394,634,1.15m Jumper II.2d,,3099,Cartoon Sd Z,Tanner Korotkin,Alyssa Liang,,
29402,10394,635,1.15m Jumper II.2b,,2987,Million's Crack Ki,Ana Elena Armas,Stella Kraemer,,
29128,10493,636,$500 1.20m Jumper II.1,1,2631,Zhardas Kil,Ashlynn Meuchel,White Lightening,,$150
29128,10493,636,$500 1.20m Jumper II.1,2,2711,Emyr De Launay,Mauricio Gruener,Mauricio Gruener,,$110
29128,10493,636,$500 1.20m Jumper II.1,3,1568,Picobella De Pot,Antonio J. Martinez,Antonio J. Martinez,,$75
29128,10493,636,$500 1.20m Jumper II.1,4,2885,Official First Hj Z,Ryan Michael Genn,Irish Escapades LLC,,$60
29128,10493,636,$500 1.20m Jumper II.1,5,2993,Delando De St Leger,Dorothy Douglas,Daniel Geitner,,$55
29128,10493,636,$500 1.20m Jumper II.1,6,1694,Hector Du Gue,Ryan Haselden,Ryan Haselden,,$50
29128,10493,636,$500 1.20m Jumper II.1,7,2933,Iron Rock,Dorothy Douglas,Daniel Geitner,,
29128,10493,636,$500 1.20m Jumper II.1,8,2402,Diabalou Ps,Lukene Arenas,Alpine Stables LLC,,
29128,10493,636,$500 1.20m Jumper II.1,,1025,Dodicci,Carsyn Korotkin,"Castlewood Farm, Inc.",,
29128,10493,636,$500 1.20m Jumper II.1,,1035,Ideal,Grace Lyons,Redwood Equestrian LLC,,
29128,10493,636,$500 1.20m Jumper II.1,,1039,King Z,Tanner Korotkin,River Gates Ivy LLC,,
29128,10493,636,$500 1.20m Jumper II.1,,1076,Curioso Van Maarle Z,Hector Florentino,Miley Davidyan,,
29128,10493,636,$500 1.20m Jumper II.1,,1105,Legacy Rs,Lauren E. Hough,M&m High Standards,,
29128,10493,636,$500 1.20m Jumper II.1,,1261,Com'on Kylie M,Sophia Ayers,Sophia Ayers,,
29128,10493,636,$500 1.20m Jumper II.1,,1273,Mucksmaeuschenstill,Aaron Vale,"TLH, Don Stewart, Kenneth Wheeler",,
29128,10493,636,$500 1.20m Jumper II.1,,1288,Cash The First Des Rosiers Z,Angela Swanson,Ae Swanson Farms LLC,,
29128,10493,636,$500 1.20m Jumper II.1,,1289,Engas Aurantiaco,Angela Swanson,Ae Swanson Farms LLC,,
29128,10493,636,$500 1.20m Jumper II.1,,1336,Dorothea Mystic Rose,Juan M. Bolanos,Bzb Barn LLC,,
29128,10493,636,$500 1.20m Jumper II.1,,1340,Light Blue Mystic Rose,Juan M. Bolanos,Bzb Barn LLC,,
29128,10493,636,$500 1.20m Jumper II.1,,1566,Itos S,Antonio J. Martinez,Noemi Koziol,,
29128,10493,636,$500 1.20m Jumper II.1,,1647,Dionte Van’t Merelsnest Z,Juan A. Rodriguez Silva,Emco Holding LLC,,
29128,10493,636,$500 1.20m Jumper II.1,,1660,Luau Cove Csf,Kyle Dewar,Lori Lynn Davis,,
29128,10493,636,$500 1.20m Jumper II.1,,1666,F.ellouette,Sebastian Presa Tejada,Sebastian Presa Tejada,,
29128,10493,636,$500 1.20m Jumper II.1,,1692,Cruise Mor,Lindsay Haselden,Lindsay Haselden,,
29128,10493,636,$500 1.20m Jumper II.1,,1766,Diatendra,Robert Mendoza,Chelsea N. Kasper,,
29128,10493,636,$500 1.20m Jumper II.1,,1853,Indiana De Riverland,Declan Egan,Izabella Mcnerney,,
29128,10493,636,$500 1.20m Jumper II.1,,1902,Born To Be Wild,Jamie Alnwick,Seumas A. Marwood,,
29128,10493,636,$500 1.20m Jumper II.1,,1910,Mtm Cascadela,Evana Somareddy,Unknown Person,,
29128,10493,636,$500 1.20m Jumper II.1,,1913,Boleybawn Rolo,Bryce P. Richardson,Molly A. Kenney,,
29128,10493,636,$500 1.20m Jumper II.1,,1961,Fernhill Athletico Z,Lauren E. Hough,Julie B. Richards,,
29128,10493,636,$500 1.20m Jumper II.1,,2023,Joaquin Daloubet,Cristobal Castro,Cristobal Castro,,
29128,10493,636,$500 1.20m Jumper II.1,,2029,Cobalto,Anne L. Bingler,Anne L. Bingler,,
29128,10493,636,$500 1.20m Jumper II.1,,2093,Dragonfly,Nora Nauss,Team Eye Candy,,
29128,10493,636,$500 1.20m Jumper II.1,,2152,Bluebelle,Andres A. Correa,Andrea Correa,,
29128,10493,636,$500 1.20m Jumper II.1,,2155,La Luciole,Jacqueline Steffens Daly,Hailey Lay-Hak,,
29128,10493,636,$500 1.20m Jumper II.1,,2158,Calibur W,H Dougl Schreiber,H Dougl Schreiber,,
29128,10493,636,$500 1.20m Jumper II.1,,2196,Kan So,Diego Farje,Timothy I. Hooker,,
29128,10493,636,$500 1.20m Jumper II.1,,2294,Onetta Vd Fruitkorf Z,Declan Egan,Bailey P. Tims-Ferira,,
29128,10493,636,$500 1.20m Jumper II.1,,2313,Mtm Bubba,Ellham Memari,Davenport Farms,,
29128,10493,636,$500 1.20m Jumper II.1,,2354,Kleopatra Hero Z,Luke Sassi,Ashley Govan,,
29128,10493,636,$500 1.20m Jumper II.1,,2372,F Miss Gouvernante Vdl Z,Anthony Sauriol,Mi Casa Stable Holdings Inc.,,
29128,10493,636,$500 1.20m Jumper II.1,,2572,Geisha D’agenais,Cyril Chatel,Laura Gaither,,
29128,10493,636,$500 1.20m Jumper II.1,,2630,Vamos,Ashlynn Meuchel,Drumnacross LLC,,
29128,10493,636,$500 1.20m Jumper II.1,,2710,Elwen M' Aurea,Juan E. Hidalgo,Mauricio Gruener,,
29128,10493,636,$500 1.20m Jumper II.1,,2712,Il Vole Du Park,Juan E. Hidalgo,Juan Hidalgo Show Stables,,
29128,10493,636,$500 1.20m Jumper II.1,,2717,Catoki's Fly Girl,Campbell Lear,Campbell Lear,,
29128,10493,636,$500 1.20m Jumper II.1,,2718,Lucas 274,Valeska Furlong,John M. Charlebois,,
29128,10493,636,$500 1.20m Jumper II.1,,2722,de Lisle Apollo,Mia Smith,Mia Smith,,
29128,10493,636,$500 1.20m Jumper II.1,,2792,Helia Des Bergeries,Camille Maynard,Debbie Smith,,
29128,10493,636,$500 1.20m Jumper II.1,,2823,Conlando 55,John M. Struzzieri,John M. Struzzieri,,
29128,10493,636,$500 1.20m Jumper II.1,,2846,KS Barbie,Maleah Lang Mcmahon,Maleah Lang Mcmahon,,
29128,10493,636,$500 1.20m Jumper II.1,,2873,Comme II Reality,Elizabeth Solomon,Front Page Equestrian,,
29128,10493,636,$500 1.20m Jumper II.1,,2929,Kaytaro,Declan Egan,Andrea Belofsky,,
29128,10493,636,$500 1.20m Jumper II.1,,2982,Cylano,Savannah Groselle,Savannah Groselle,,
29128,10493,636,$500 1.20m Jumper II.1,,2997,Qatar,Hector Florentino,Jasmine Becton,,
29128,10493,636,$500 1.20m Jumper II.1,,3016,Dorado Sdn,Cooper Beisel,Thinkslikeahorse,,
29128,10493,636,$500 1.20m Jumper II.1,,3051,Undercover,Staisha Connors,Empire Show Stables,,
29129,10493,637,$500 1.20m Jumper II.2d,1,1766,Diatendra,Robert Mendoza,Chelsea N. Kasper,,$150
29129,10493,637,$500 1.20m Jumper II.2d,2,3016,Dorado Sdn,Cooper Beisel,Thinkslikeahorse,,$110
29129,10493,637,$500 1.20m Jumper II.2d,3,1273,Mucksmaeuschenstill,Aaron Vale,"TLH, Don Stewart, Kenneth Wheeler",,$75
29129,10493,637,$500 1.20m Jumper II.2d,4,2372,F Miss Gouvernante Vdl Z,Anthony Sauriol,Mi Casa Stable Holdings Inc.,,$60
29129,10493,637,$500 1.20m Jumper II.2d,5,1566,Itos S,Noemi Koziol,Noemi Koziol,,$55
29129,10493,637,$500 1.20m Jumper II.2d,6,1570,Rustica Ls La Silla,Antonio J. Martinez,By His Grace Equestrian LLC,,$50
29129,10493,637,$500 1.20m Jumper II.2d,7,1692,Cruise Mor,Lindsay Haselden,Lindsay Haselden,,
29129,10493,637,$500 1.20m Jumper II.2d,8,2885,Official First Hj Z,Ryan Michael Genn,Irish Escapades LLC,,
29129,10493,637,$500 1.20m Jumper II.2d,,1035,Ideal,Grace Lyons,Redwood Equestrian LLC,,
29129,10493,637,$500 1.20m Jumper II.2d,,1075,Chris B,Miley Davidyan,Miley Davidyan,,
29129,10493,637,$500 1.20m Jumper II.2d,,1241,Balou Blue Z,Brittni A. Raflowitz,Esi Show Jumpers,,
29129,10493,637,$500 1.20m Jumper II.2d,,1425,Categorico Ec Z,Devin A. Seek,Stefano Baruzzo LLC,,
29129,10493,637,$500 1.20m Jumper II.2d,,1440,Maeberry,Ryan Haselden,Kristina Photakis,,
29129,10493,637,$500 1.20m Jumper II.2d,,1442,Rr Monster,Mckenzie Badley,Mckenzie Badley,,
29129,10493,637,$500 1.20m Jumper II.2d,,1477,Bp Exchange,Lesley Grant-Law,Leslie Law,,
29129,10493,637,$500 1.20m Jumper II.2d,,1478,Bp First Of Many,Lesley Grant-Law,Leslie Law,,
29129,10493,637,$500 1.20m Jumper II.2d,,1479,Jajadiva,Lesley Grant-Law,Lesley Grant-Law,,
29129,10493,637,$500 1.20m Jumper II.2d,,1507,Cyrus,Dakota Sheikh,Dakota Sheikh,,
29129,10493,637,$500 1.20m Jumper II.2d,,1519,Mtm Clarcona,Anna Mead,Anna Mead,,
29129,10493,637,$500 1.20m Jumper II.2d,,1569,Rondalla Ls,Victoria Fazio,Tack Up Stables 2 LLC,,
29129,10493,637,$500 1.20m Jumper II.2d,,1647,Dionte Van't Merelsnest Z,Juan A. Rodriguez Silva,Emco Holding LLC,,
29129,10493,637,$500 1.20m Jumper II.2d,,1744,Diatoon Blue Ps,Madison Rose,Madison Rose,,
29129,10493,637,$500 1.20m Jumper II.2d,,1745,Oa Uno Mas Cerveza,Madison Rose,Madison Rose,,
29129,10493,637,$500 1.20m Jumper II.2d,,1902,Born To Be Wild,Jamie Alnwick,Seumas A. Marwood,,
29129,10493,637,$500 1.20m Jumper II.2d,,1910,Mtm Cascadela,Evana Somareddy,Unknown Person,,
29129,10493,637,$500 1.20m Jumper II.2d,,1913,Boleybawn Rolo,Bryce P. Richardson,Molly A. Kenney,,
29129,10493,637,$500 1.20m Jumper II.2d,,2091,Cismet 4,Andrew C. Welles,Itasca Group LLC,,
29129,10493,637,$500 1.20m Jumper II.2d,,2108,Spice Of Life,Isaac Leffkowitz,Brook Run Farm LLC,,
29129,10493,637,$500 1.20m Jumper II.2d,,2158,Calibur W,H Dougl Schreiber,H Dougl Schreiber,,
29129,10493,637,$500 1.20m Jumper II.2d,,2185,Inka Malpic,Rebecca Conway,Lavan Sus,,
29129,10493,637,$500 1.20m Jumper II.2d,,2313,Mtm Bubba,Ellham Memari,Davenport Farms,,
29129,10493,637,$500 1.20m Jumper II.2d,,2365,Qiana,Marcus Gruenthal,Katie Rosenfels,,
29129,10493,637,$500 1.20m Jumper II.2d,,2564,Larcelo,Spencer Brittan,Ricciardi LLC,,
29129,10493,637,$500 1.20m Jumper II.2d,,2572,Geisha D'agenais,Cyril Chatel,Laura Gaither,,
29129,10493,637,$500 1.20m Jumper II.2d,,2712,Il Vole Du Park,Juan E. Hidalgo,Juan Hidalgo Show Stables,,
29129,10493,637,$500 1.20m Jumper II.2d,,2717,Catoki's Fly Girl,Campbell Lear,Campbell Lear,,
29129,10493,637,$500 1.20m Jumper II.2d,,2733,Balisto,Maya Denis,Joachim Englert,,
29129,10493,637,$500 1.20m Jumper II.2d,,2845,Naturel De Walput,Luke Sassi,Luke Sassi,,
29129,10493,637,$500 1.20m Jumper II.2d,,2846,KS Barbie,Maleah Lang Mcmahon,Maleah Lang Mcmahon,,
29129,10493,637,$500 1.20m Jumper II.2d,,2964,Chillas Z,Tanner Korotkin,Brooklyn Castellano,,
29130,10493,638,$500 1.20m Jumper II.2b,1,1273,Mucksmaeuschenstill,Aaron Vale,"TLH, Don Stewart, Kenneth Wheeler",,$150
29130,10493,638,$500 1.20m Jumper II.2b,2,3157,Lady Bombastic 3,Robert Blanchette,Destiny Da Silva,,$110
29130,10493,638,$500 1.20m Jumper II.2b,3,1263,Eliott Dz,Aaron Vale,Eye4horses,,$75
29130,10493,638,$500 1.20m Jumper II.2b,4,3156,Coupis,Robert Blanchette,Robert Blanchette,,$60
29130,10493,638,$500 1.20m Jumper II.2b,5,1289,Engas Aurantiaco,Angela Swanson,Ae Swanson Farms LLC,,$55
29130,10493,638,$500 1.20m Jumper II.2b,6,2823,Conlando 55,John M. Struzzieri,John M. Struzzieri,,$50
29130,10493,638,$500 1.20m Jumper II.2b,7,2155,La Luciole,Jacqueline Steffens Daly,Hailey Lay-Hak,,
29130,10493,638,$500 1.20m Jumper II.2b,8,2091,Cismet 4,Alexandra Welles,Itasca Group LLC,,
29130,10493,638,$500 1.20m Jumper II.2b,,1288,Cash The First Des Rosiers Z,Angela Swanson,Ae Swanson Farms LLC,,
29130,10493,638,$500 1.20m Jumper II.2b,,1477,Bp Exchange,Lesley Grant-Law,Leslie Law,,
29130,10493,638,$500 1.20m Jumper II.2b,,1478,Bp First Of Many,Lesley Grant-Law,Leslie Law,,
29130,10493,638,$500 1.20m Jumper II.2b,,1479,Jajadiva,Lesley Grant-Law,Lesley Grant-Law,,
29130,10493,638,$500 1.20m Jumper II.2b,,1507,Cyrus,Mario Garcia,Dakota Sheikh,,
29130,10493,638,$500 1.20m Jumper II.2b,,1647,Dionte Van't Merelsnest Z,Juan A. Rodriguez Silva,Emco Holding LLC,,
29130,10493,638,$500 1.20m Jumper II.2b,,1766,Diatendra,Robert Mendoza,Chelsea N. Kasper,,
29130,10493,638,$500 1.20m Jumper II.2b,,1910,Mtm Cascadela,Evana Somareddy,Unknown Person,,
29130,10493,638,$500 1.20m Jumper II.2b,,2023,Joaquin Daloubet,Cristobal Castro,Cristobal Castro,,
29130,10493,638,$500 1.20m Jumper II.2b,,2037,Fernhill Touch Of Grandeur,Maya Denis,Kendall Stephens,,
29130,10493,638,$500 1.20m Jumper II.2b,,2365,Qiana,Marcus Gruenthal,Katie Rosenfels,,
29130,10493,638,$500 1.20m Jumper II.2b,,2372,F Miss Gouvernante Vdl Z,Anthony Sauriol,Mi Casa Stable Holdings Inc.,,
29130,10493,638,$500 1.20m Jumper II.2b,,2602,Fabian,Bonnie Silver,H&s Horses LLC,,
29130,10493,638,$500 1.20m Jumper II.2b,,2712,Il Vole Du Park,Juan E. Hidalgo,Juan Hidalgo Show Stables,,
29130,10493,638,$500 1.20m Jumper II.2b,,2885,Official First Hj Z,Ryan Michael Genn,Irish Escapades LLC,,
29130,10493,638,$500 1.20m Jumper II.2b,,2964,Chillas Z,Brooklyn Castellano,Brooklyn Castellano,,
29130,10493,638,$500 1.20m Jumper II.2b,,3016,Dorado Sdn,Cooper Beisel,Thinkslikeahorse,,
29130,10493,638,$500 1.20m Jumper II.2b,,3051,Undercover,Staisha Connors,Empire Show Stables,,
29130,10493,638,$500 1.20m Jumper II.2b,,3099,Cartoon Sd Z,Tanner Korotkin,Alyssa Liang,,
29131,10488,642,$1000 1.30m Jumper II.1,1,3011,Guibet P,Amanda Gomez,Ferme Tandem,,$300
29131,10488,642,$1000 1.30m Jumper II.1,2,3035,Cooley Elusive,Tom Monaghan,The Thursley Group LTD,,$220
29131,10488,642,$1000 1.30m Jumper II.1,3,3037,Malmo 54,Tom Monaghan,Tom Monaghan,,$150
29131,10488,642,$1000 1.30m Jumper II.1,4,1880,Poliana Van Op De Berg,Alberto Sarmiento,Alberto Sarmiento,,$120
29131,10488,642,$1000 1.30m Jumper II.1,5,2569,Night Light,Hanna R. Egan,Hanna R. Egan,,$110
29131,10488,642,$1000 1.30m Jumper II.1,6,2181,Chaning Tatum,Robert Mendoza,Samantha Mccleerey,,$100
29131,10488,642,$1000 1.30m Jumper II.1,7,1455,Phoenix Air,Lanie Nash,Jackie Sawyer,,
29131,10488,642,$1000 1.30m Jumper II.1,8,1275,Norton Vdl,Abby Grabowski,Abby Grabowski,,
29131,10488,642,$1000 1.30m Jumper II.1,,1075,Chris B,Hector Florentino,Miley Davidyan,,
29131,10488,642,$1000 1.30m Jumper II.1,,1569,Rondalla Ls,Antonio J. Martinez,Tack Up Stables 2 LLC,,
29131,10488,642,$1000 1.30m Jumper II.1,,1593,Vdl Nevena,Belen Guarderas,Belen Guarderas,,
29131,10488,642,$1000 1.30m Jumper II.1,,1768,Mistigrise Du Seigneur,Robert Mendoza,Chelsea N. Kasper,,
29131,10488,642,$1000 1.30m Jumper II.1,,2719,Nobeltje,Amanda Gomez,Sara Mast,,
29131,10488,642,$1000 1.30m Jumper II.1,,2731,Picar,Mario Garcia,Mario Garcia,,
29131,10488,642,$1000 1.30m Jumper II.1,,2876,Ewsz Omega,Gonzalo Guevara,Equilux Show Stables,,
29131,10488,642,$1000 1.30m Jumper II.1,,2956,Cornetta Lazar,Kirk Webby,Madeline Hartsock,,
29131,10488,642,$1000 1.30m Jumper II.1,,3086,Accelerator,Fabian Herrera,Fabian Herrera,,
29132,10488,643,$1000 1.30m Jumper II.2d,1,1768,Mistigrise Du Seigneur,Robert Mendoza,Chelsea N. Kasper,,$300
29132,10488,643,$1000 1.30m Jumper II.2d,2,1719,Harthill Magician,Justine L. Dutton Barnard,Justine L. Dutton Barnard,,$220
29132,10488,643,$1000 1.30m Jumper II.2d,3,2631,Zhardas Kil,Ashlynn Meuchel,White Lightening,,$150
29132,10488,643,$1000 1.30m Jumper II.2d,4,2929,Kaytaro,Declan Egan,Andrea Belofsky,,$120
29132,10488,643,$1000 1.30m Jumper II.2d,5,1988,Uphoria Di June,Sarah Gordon,"Golden Farm, LLC",,$110
29132,10488,643,$1000 1.30m Jumper II.2d,6,1275,Norton Vdl,Abby Grabowski,Abby Grabowski,,$100
29132,10488,643,$1000 1.30m Jumper II.2d,7,1660,Luau Cove Csf,Kyle Dewar,Lori Lynn Davis,,
29132,10488,643,$1000 1.30m Jumper II.2d,8,2395,Gigi Top 2,Maja Mossberg,Maja Mossberg,,
29132,10488,643,$1000 1.30m Jumper II.2d,,1592,Oakland,Belen Guarderas,Belen Guarderas,,
29132,10488,643,$1000 1.30m Jumper II.2d,,1694,Hector Du Gue,Declan Egan,Ryan Haselden,,
29132,10488,643,$1000 1.30m Jumper II.2d,,1853,Indiana De Riverland,Declan Egan,Izabella Mcnerney,,
29132,10488,643,$1000 1.30m Jumper II.2d,,1880,Poliana Van Op De Berg,Simon Arango,Alberto Sarmiento,,
29132,10488,643,$1000 1.30m Jumper II.2d,,2093,Dragonfly,Nora Nauss,Team Eye Candy,,
29132,10488,643,$1000 1.30m Jumper II.2d,,2196,Kan So,Diego Farje,Timothy I. Hooker,,
29132,10488,643,$1000 1.30m Jumper II.2d,,2630,Vamos,Ashlynn Meuchel,Drumnacross LLC,,
29132,10488,643,$1000 1.30m Jumper II.2d,,2876,Ewsz Omega,Gonzalo Guevara,Equilux Show Stables,,
29132,10488,643,$1000 1.30m Jumper II.2d,,2997,Qatar,Hector Florentino,Jasmine Becton,,
29133,10488,644,$1000 1.30m Jumper II.2b,2,2993,Delando De St Leger,Dorothy Douglas,Daniel Geitner,,$220
29133,10488,644,$1000 1.30m Jumper II.2b,1,2929,Kaytaro,Declan Egan,Andrea Belofsky,,$300
29133,10488,644,$1000 1.30m Jumper II.2b,6,2719,Nobeltje,Amanda Gomez,Sara Mast,,$100
29133,10488,644,$1000 1.30m Jumper II.2b,3,1768,Mistigrise Du Seigneur,Robert Mendoza,Chelsea N. Kasper,,$150
29133,10488,644,$1000 1.30m Jumper II.2b,8,1336,Dorothea Mystic Rose,Juan M. Bolanos,Bzb Barn LLC,,
29133,10488,644,$1000 1.30m Jumper II.2b,,1587,Dominance Z,Captain Brian Cournane,Glenbeigh Farm LLC,,
29133,10488,644,$1000 1.30m Jumper II.2b,4,2204,5o1 Stakkatol's Dream,Jacob Fletcher,Fletcher Farms,,$120
29133,10488,644,$1000 1.30m Jumper II.2b,5,1988,Uphoria Di June,Sarah Gordon,"Golden Farm, LLC",,$110
29133,10488,644,$1000 1.30m Jumper II.2b,,1275,Norton Vdl,Abby Grabowski,Abby Grabowski,,
29133,10488,644,$1000 1.30m Jumper II.2b,,2731,Picar,Mario Garcia,Mario Garcia,,
29133,10488,644,$1000 1.30m Jumper II.2b,,2197,King William,Sharn L. Wordley,Della Wordley,,
29133,10488,644,$1000 1.30m Jumper II.2b,7,3087,India-S,Luciano Dome,Lola Bacardi,,
29133,10488,644,$1000 1.30m Jumper II.2b,,2199,Tobias Van Kreyel Mc,Lauren Balcomb,Jessica Steindorff,,
29133,10488,644,$1000 1.30m Jumper II.2b,,1105,Legacy Rs,Lauren E. Hough,M&m High Standards,,
29133,10488,644,$1000 1.30m Jumper II.2b,,2373,Rozsa,Anthony Sauriol,Mi Casa Stable Holdings Inc.,,
29133,10488,644,$1000 1.30m Jumper II.2b,,2185,Inka Malpic,Rebecca Conway,Lavan Sus,,
29133,10488,644,$1000 1.30m Jumper II.2b,,2093,Dragonfly,Nora Nauss,Team Eye Candy,,
29133,10488,644,$1000 1.30m Jumper II.2b,,1853,Indiana De Riverland,Declan Egan,Izabella Mcnerney,,
29133,10488,644,$1000 1.30m Jumper II.2b,,2631,Zhardas Kil,Ashlynn Meuchel,White Lightening,,
29133,10488,644,$1000 1.30m Jumper II.2b,,1025,Dodicci,Tanner Korotkin,"Castlewood Farm, Inc.",,
29133,10488,644,$1000 1.30m Jumper II.2b,,1035,Ideal,Grace Lyons,Redwood Equestrian LLC,,
29133,10488,644,$1000 1.30m Jumper II.2b,,1213,Gof Casamigos,Megan Wexler,"Golden Oaks Farm, LLC",,
29133,10488,644,$1000 1.30m Jumper II.2b,,1244,Kankan,Brittni A. Raflowitz,Esi Show Jumpers,,
29133,10488,644,$1000 1.30m Jumper II.2b,,1455,Phoenix Air,Lanie Nash,Jackie Sawyer,,
29133,10488,644,$1000 1.30m Jumper II.2b,,1546,Tupac Van De Vrombautshoeve Z,Paige Jones,"Amberfax Farm, Inc",,
29133,10488,644,$1000 1.30m Jumper II.2b,,1694,Hector Du Gue,Declan Egan,Ryan Haselden,,
29133,10488,644,$1000 1.30m Jumper II.2b,,1837,Os Quincy,Rebecca Warth,"Warbuck Investments, LLC",,
29133,10488,644,$1000 1.30m Jumper II.2b,,1864,La India Catania,Celso Ariani,San Marino Stables,,
29133,10488,644,$1000 1.30m Jumper II.2b,,1913,Boleybawn Rolo,Bryce P. Richardson,Molly A. Kenney,,
29133,10488,644,$1000 1.30m Jumper II.2b,,2152,Bluebelle,Andres A. Correa,Andrea Correa,,
29133,10488,644,$1000 1.30m Jumper II.2b,,2157,Streya,Jacqueline Steffens Daly,Daly International LLC,,
29133,10488,644,$1000 1.30m Jumper II.2b,,2174,Komet 306,Noemi Koziol,Richard Vogel,,
29133,10488,644,$1000 1.30m Jumper II.2b,,2196,Kan So,Diego Farje,Timothy I. Hooker,,
29133,10488,644,$1000 1.30m Jumper II.2b,,2630,Vamos,Ashlynn Meuchel,Drumnacross LLC,,
29133,10488,644,$1000 1.30m Jumper II.2b,,2997,Qatar,Hector Florentino,Jasmine Becton,,
29133,10488,644,$1000 1.30m Jumper II.2b,,3007,Del'arkan,Camille Maynard,Maarten Huygens,,
29133,10488,644,$1000 1.30m Jumper II.2b,,3086,Accelerator,Fabian Herrera,Fabian Herrera,,
29134,10490,645,$1000 1.35m Jumper II.1,1,1574,Valdes,Antonio J. Martinez,Athena Lekkas,,$300
29134,10490,645,$1000 1.35m Jumper II.1,2,1017,Défi De La Roque,Juan Benítez,Camille Pacheco,,$220
29134,10490,645,$1000 1.35m Jumper II.1,3,1700,Chacoons Bellis Z,Todd D. Minikus,Todd D. Minikus,,$150
29134,10490,645,$1000 1.35m Jumper II.1,4,2132,Goliath,Addison Reed,Reed Training & Sales LLC,,$120
29134,10490,645,$1000 1.35m Jumper II.1,5,1341,Modena Lc,Juan J. Bancalari,Manuel Bancalari,,$110
29134,10490,645,$1000 1.35m Jumper II.1,6,2875,Kawir Ms,Jared P. Petersen,Jordan Petersen,,$100
29134,10490,645,$1000 1.35m Jumper II.1,7,1784,Storiall Blue,Stella Stinnett,"Heathman Farm, LLC",,
29134,10490,645,$1000 1.35m Jumper II.1,8,1037,Insider Bh,Victoria Rotsaert,River Gates Ivy LLC,,
29134,10490,645,$1000 1.35m Jumper II.1,,1002,Balou's Paul Ps,Diego Gaspar De Goes,Wellington Equestrian Center Inc,,
29134,10490,645,$1000 1.35m Jumper II.1,,1038,Kindly,Tanner Korotkin,Sandalwood Farms,,
29134,10490,645,$1000 1.35m Jumper II.1,,1044,Peridoni 20,Elisabeth Rotsaert,River Gates Ivy LLC,,
29134,10490,645,$1000 1.35m Jumper II.1,,1047,Sandenal,Tanner Korotkin,Cavalieres Sporthorses LLC,,
29134,10490,645,$1000 1.35m Jumper II.1,,1066,Lufrieda Vdl,Clara Vidal,Clara Vidal,,
29134,10490,645,$1000 1.35m Jumper II.1,,1086,It Is West,Rebecca Conway,"Blue Hill Farm, LLC",,
29134,10490,645,$1000 1.35m Jumper II.1,,1112,Cavendish,Wilton J. Porter,Sleepy P Ranch Bv,,
29134,10490,645,$1000 1.35m Jumper II.1,,1181,Kentucky N,Wilton J. Porter,Sleepy P Ranch Bv,,
29134,10490,645,$1000 1.35m Jumper II.1,,1182,Lupina Colada,Wilton J. Porter,Sleepy P Ranch Bv,,
29134,10490,645,$1000 1.35m Jumper II.1,,1223,Ledoux,Megan Wexler,Felyn Farms,,
29134,10490,645,$1000 1.35m Jumper II.1,,1225,Cardline Kdw Z,Megan Wexler,Sara Setian,,
29134,10490,645,$1000 1.35m Jumper II.1,,1323,Uncle John’s Band,Camille Maynard,Anne C. Hormel,,
29134,10490,645,$1000 1.35m Jumper II.1,,1481,Limerick,Taylor Manning,Taylor Manning,,
29134,10490,645,$1000 1.35m Jumper II.1,,1565,Diabolo De La Roque,Antonio J. Martinez,Tack Up Stables 2 LLC,,
29134,10490,645,$1000 1.35m Jumper II.1,,1567,Octavius Scf,Antonio J. Martinez,Alexsandra Rodriguez,,
29134,10490,645,$1000 1.35m Jumper II.1,,1587,Dominance Z,Captain Brian Cournane,Glenbeigh Farm LLC,,
29134,10490,645,$1000 1.35m Jumper II.1,,1649,Chacoons Gisa Blue Z,Kyle Dewar,Kyle Dewar,,
29134,10490,645,$1000 1.35m Jumper II.1,,1661,Major,Kyle Dewar,Mandy L. Miller,,
29134,10490,645,$1000 1.35m Jumper II.1,,1684,Gelano,Jessica Collins,Jessica Collins,,
29134,10490,645,$1000 1.35m Jumper II.1,,1695,I Jump D'authuit,Declan Egan,Laura Connolly,,
29134,10490,645,$1000 1.35m Jumper II.1,,1696,Kinmar Candy Hero,Declan Egan,Oakland Ventures LLC,,
29134,10490,645,$1000 1.35m Jumper II.1,,1709,Headleys Kinetic,Anne L. Bingler,Anne L. Bingler,,
29134,10490,645,$1000 1.35m Jumper II.1,,1742,Mason,Aidan Murphy,Linda Murphy,,
29134,10490,645,$1000 1.35m Jumper II.1,,1882,Kara J D'alve Z,Alexandria Beneson,Alexandria Beneson,,
29134,10490,645,$1000 1.35m Jumper II.1,,1907,Wild Kat,Jamie Alnwick,Scott Keach,,
29134,10490,645,$1000 1.35m Jumper II.1,,1916,Hhf Levison's Pride,Bryce P. Richardson,Quintessence International,,
29134,10490,645,$1000 1.35m Jumper II.1,,1919,Carla,Selcuk Koksalan,Leyla Stables LLC,,
29134,10490,645,$1000 1.35m Jumper II.1,,1962,Isla De Coco,Lauren E. Hough,Anne W. Eldridge,,
29134,10490,645,$1000 1.35m Jumper II.1,,1995,Camino Imperio Egípcio,Ali Arbabi,Ali Arbabi,,
29134,10490,645,$1000 1.35m Jumper II.1,,1996,Thor Jr,Ali Arbabi,Kalany Stables,,
29134,10490,645,$1000 1.35m Jumper II.1,,2020,Kannador,Clark Montgomery,Sharon S. Maloney,,
29134,10490,645,$1000 1.35m Jumper II.1,,2027,Lagegonda Fz,Clark Montgomery,Capital Equine South LLC,,
29134,10490,645,$1000 1.35m Jumper II.1,,2081,Rsk Quality Cruise,Khloe Kerins,Darragh Kerins,,
29134,10490,645,$1000 1.35m Jumper II.1,,2094,Gold Du Rouet,Taylor St Jacques,"Bridlegate Farm, LLC",,
29134,10490,645,$1000 1.35m Jumper II.1,,2124,Spy,Paul O'Shea,Team Eye Candy,,
29134,10490,645,$1000 1.35m Jumper II.1,,2157,Streya,Jacqueline Steffens Daly,Daly International LLC,,
29134,10490,645,$1000 1.35m Jumper II.1,,2174,Komet 306,Antonio J. Martinez,Richard Vogel,,
29134,10490,645,$1000 1.35m Jumper II.1,,2185,Inka Malpic,Rebecca Conway,Lavan Sus,,
29134,10490,645,$1000 1.35m Jumper II.1,,2189,Indianapolis,Ivy Nyberg,Ivy Nyberg,,
29134,10490,645,$1000 1.35m Jumper II.1,,2292,Icarus,Declan Egan,Bailey P. Tims-Ferira,,
29134,10490,645,$1000 1.35m Jumper II.1,,2362,Constantin De Hus,John Michael Durr,Worth The Wait LLC,,
29134,10490,645,$1000 1.35m Jumper II.1,,2367,Khadiri,Jake Evans,Summer Smith,,
29134,10490,645,$1000 1.35m Jumper II.1,,2394,Bambina,Elin Mossberg,Elin Mossberg,,
29134,10490,645,$1000 1.35m Jumper II.1,,2534,Callisto De Fetan Z,Robert Mendoza,Katherine Standley,,
29134,10490,645,$1000 1.35m Jumper II.1,,2566,Tough Enough,Spencer Brittan,Thomas Kirk Kristiansen,,
29134,10490,645,$1000 1.35m Jumper II.1,,2617,Istina Van De Kapel,Georgia Bouzaid,Georgia Bouzaid,,
29134,10490,645,$1000 1.35m Jumper II.1,,2713,Superman Eh,Juan E. Hidalgo,Tj Sporthorses LLC,,
29134,10490,645,$1000 1.35m Jumper II.1,,2864,Dominator Touch Z,Kalli Core,Kalli Core,,
29134,10490,645,$1000 1.35m Jumper II.1,,2874,Dropshot Z,Jordan Petersen,Jordan Petersen,,
29134,10490,645,$1000 1.35m Jumper II.1,,2879,Mick Jagger,Sharn L. Wordley,Della Wordley,,
29134,10490,645,$1000 1.35m Jumper II.1,,2880,Valentine Car,Sharn L. Wordley,Della Wordley,,
29134,10490,645,$1000 1.35m Jumper II.1,,2931,Bellissima Dh Z,Jelmer Hoekstra,Hoekstra Stables,,
29134,10490,645,$1000 1.35m Jumper II.1,,2932,Dakota Z,Jelmer Hoekstra,Hoekstra Stables,,
29134,10490,645,$1000 1.35m Jumper II.1,,2934,Jalanne,Jelmer Hoekstra,November Hill,,
29134,10490,645,$1000 1.35m Jumper II.1,,2950,Denison Park Combat,Elizabeth Schumann,"Light Speed Equestrian, LLC",,
29134,10490,645,$1000 1.35m Jumper II.1,,2952,Glenara Chacco Dp,Brian Murphy,"Light Speed Equestrian, LLC",,
29134,10490,645,$1000 1.35m Jumper II.1,,2953,Ivanhoe,Elizabeth Schumann,"Light Speed Equestrian, LLC",,
29134,10490,645,$1000 1.35m Jumper II.1,,2955,Cameron 38,Jamie M. Stryker,Jamie M. Stryker,,
29134,10490,645,$1000 1.35m Jumper II.1,,3007,Del’arkan,Ryan Baldwin,Maarten Huygens,,
29134,10490,645,$1000 1.35m Jumper II.1,,3008,Mon-Ami,Debbie L. Mccarthy-Connor,Mary K. Donner,,
29135,10490,646,$1000 1.35m Jumper II.2d,1,2957,Oo Seven De L'equipe,Kirk Webby,Doris J. Leventhal,,$300
29135,10490,646,$1000 1.35m Jumper II.2d,4,1417,Vajra Du Blay,Emilio Medina,Emilio Medina,,$120
29135,10490,646,$1000 1.35m Jumper II.2d,2,1002,Balou's Paul Ps,Diego Gaspar De Goes,Wellington Equestrian Center Inc,,$220
29135,10490,646,$1000 1.35m Jumper II.2d,5,2962,Friloux Des Champs,Vicente Guillen,Andrea Gelleni,,$110
29135,10490,646,$1000 1.35m Jumper II.2d,3,2956,Cornetta Lazar,Kirk Webby,Madeline Hartsock,,$150
29135,10490,646,$1000 1.35m Jumper II.2d,7,2618,Quina Blue Ps,Timothy Maddrix,Lynne A. Skaryak,,
29135,10490,646,$1000 1.35m Jumper II.2d,8,1695,I Jump D'authuit,Declan Egan,Laura Connolly,,
29135,10490,646,$1000 1.35m Jumper II.2d,,1574,Valdes,Athena Lekkas,Athena Lekkas,,
29135,10490,646,$1000 1.35m Jumper II.2d,6,1415,Nijerite,Diego Loria,Diego Loria,,$100
29135,10490,646,$1000 1.35m Jumper II.2d,,1907,Wild Kat,Jamie Alnwick,Scott Keach,,
29135,10490,646,$1000 1.35m Jumper II.2d,,3036,Luttoria,Tom Monaghan,The Thursley Group LTD,,
29135,10490,646,$1000 1.35m Jumper II.2d,,2721,Conkelkiefer,Mia Smith,Mia Smith,,
29135,10490,646,$1000 1.35m Jumper II.2d,,2337,Cassina,Maleah Lang Mcmahon,Shimona Fraid,,
29135,10490,646,$1000 1.35m Jumper II.2d,,2331,Mtm Tabitha,Tracy Fenney,Mtm Farm,,
29135,10490,646,$1000 1.35m Jumper II.2d,,1649,Chacoons Gisa Blue Z,Kyle Dewar,Kyle Dewar,,
29135,10490,646,$1000 1.35m Jumper II.2d,,1086,It Is West,Rebecca Conway,"Blue Hill Farm, LLC",,
29135,10490,646,$1000 1.35m Jumper II.2d,,3007,Del'arkan,Ryan Baldwin,Maarten Huygens,,
29135,10490,646,$1000 1.35m Jumper II.2d,,2157,Streya,Jacqueline Steffens Daly,Daly International LLC,,
29135,10490,646,$1000 1.35m Jumper II.2d,,1426,Orchidee Vd Bisschop,Devin A. Seek,Stefano Baruzzo LLC,,
29135,10490,646,$1000 1.35m Jumper II.2d,,1481,Limerick,Taylor Manning,Taylor Manning,,
29135,10490,646,$1000 1.35m Jumper II.2d,,1593,Vdl Nevena,Belen Guarderas,Belen Guarderas,,
29135,10490,646,$1000 1.35m Jumper II.2d,,1661,Major,Kyle Dewar,Mandy L. Miller,,
29135,10490,646,$1000 1.35m Jumper II.2d,,1668,Goodgraf,Lenir Perez,Emco Holding LLC,,
29135,10490,646,$1000 1.35m Jumper II.2d,,1696,Kinmar Candy Hero,Declan Egan,Oakland Ventures LLC,,
29135,10490,646,$1000 1.35m Jumper II.2d,,1785,Vdl Adancha Z,Stella Stinnett,"Heathman Farm, LLC",,
29135,10490,646,$1000 1.35m Jumper II.2d,,1916,Hhf Levison's Pride,Bryce P. Richardson,Quintessence International,,
29135,10490,646,$1000 1.35m Jumper II.2d,,2189,Indianapolis,Ivy Nyberg,Ivy Nyberg,,
29135,10490,646,$1000 1.35m Jumper II.2d,,2571,Snap Chat,Taylor St Jacques,Tenacious Stables,,
29135,10490,646,$1000 1.35m Jumper II.2d,,2727,Global Ph Cocofino,Tyla Hackett,Tyla Hackett,,
29135,10490,646,$1000 1.35m Jumper II.2d,,2961,Evolene De Carles,Vicente Guillen,Tranquility Farm,,
29135,10490,646,$1000 1.35m Jumper II.2d,,3008,Mon-Ami,Debbie L. Mccarthy-Connor,Mary K. Donner,,
29135,10490,646,$1000 1.35m Jumper II.2d,,3035,Cooley Elusive,Tom Monaghan,The Thursley Group LTD,,
29136,10490,647,$1000 1.35m Jumper II.2b,2,1551,Scenorrado Vd Hunters Z,Madison Wayda Smith,Madison Wayda Smith,,$220
29136,10490,647,$1000 1.35m Jumper II.2b,1,2571,Snap Chat,Taylor St Jacques,Tenacious Stables,,$300
29136,10490,647,$1000 1.35m Jumper II.2b,3,2953,Ivanhoe,Elizabeth Schumann,"Light Speed Equestrian, LLC",,$150
29136,10490,647,$1000 1.35m Jumper II.2b,4,2027,Lagegonda Fz,Clark Montgomery,Capital Equine South LLC,,$120
29136,10490,647,$1000 1.35m Jumper II.2b,5,1962,Isla De Coco,Lauren E. Hough,Anne W. Eldridge,,$110
29136,10490,647,$1000 1.35m Jumper II.2b,7,2331,Mtm Tabitha,Tracy Fenney,Mtm Farm,,
29136,10490,647,$1000 1.35m Jumper II.2b,6,2354,Kleopatra Hero Z,Luke Sassi,Ashley Govan,,$100
29136,10490,647,$1000 1.35m Jumper II.2b,8,2844,KS Kiwi,Luke Sassi,Maleah Lang Mcmahon,,
29136,10490,647,$1000 1.35m Jumper II.2b,,2566,Tough Enough,Spencer Brittan,Thomas Kirk Kristiansen,,
29136,10490,647,$1000 1.35m Jumper II.2b,,1668,Goodgraf,Lenir Perez,Emco Holding LLC,,
29136,10490,647,$1000 1.35m Jumper II.2b,,1719,Harthill Magician,Justine L. Dutton Barnard,Justine L. Dutton Barnard,,
29136,10490,647,$1000 1.35m Jumper II.2b,,1567,Octavius Scf,Antonio J. Martinez,Alexsandra Rodriguez,,
29136,10490,647,$1000 1.35m Jumper II.2b,,1709,Headleys Kinetic,Anne L. Bingler,Anne L. Bingler,,
29136,10490,647,$1000 1.35m Jumper II.2b,,2189,Indianapolis,Ivy Nyberg,Ivy Nyberg,,
29136,10490,647,$1000 1.35m Jumper II.2b,,3037,Malmo 54,Tom Monaghan,Tom Monaghan,,
29136,10490,647,$1000 1.35m Jumper II.2b,,1565,Diabolo De La Roque,Antonio J. Martinez,Tack Up Stables 2 LLC,,
29136,10490,647,$1000 1.35m Jumper II.2b,,1880,Poliana Van Op De Berg,Simon Arango,Alberto Sarmiento,,
29136,10490,647,$1000 1.35m Jumper II.2b,,2020,Kannador,Clark Montgomery,Sharon S. Maloney,,
29137,10491,648,$1500 1.40m Jumper II.1,1,1586,Castlefield Dream,Captain Brian Cournane,Glenbeigh Farm LLC,,$375
29137,10491,648,$1500 1.40m Jumper II.1,2,2367,Khadiri,Jake Evans,Summer Smith,,$285
29137,10491,648,$1500 1.40m Jumper II.1,3,1736,Garrincha Van De Kalevallei,Maleah Lang Mcmahon,Linda Bammann,,$225
29137,10491,648,$1500 1.40m Jumper II.1,4,1700,Chacoons Bellis Z,Todd D. Minikus,Todd D. Minikus,,$150
29137,10491,648,$1500 1.40m Jumper II.1,5,1017,Défi De La Roque,Juan Benítez,Camille Pacheco,,$135
29137,10491,648,$1500 1.40m Jumper II.1,6,1030,Hermes D'armanville,Tanner Korotkin,Jd Legacy LLC,,$120
29137,10491,648,$1500 1.40m Jumper II.1,7,1960,Candeux,Lauren E. Hough,"Abs Candeux, LLC",,$105
29137,10491,648,$1500 1.40m Jumper II.1,8,1416,Nova,Juan A. Rodriguez Silva,Diego Loria,,$105
29137,10491,648,$1500 1.40m Jumper II.1,,2713,Superman Eh,Juan E. Hidalgo,Tj Sporthorses LLC,,
29138,10491,649,$1500 1.40m Jumper II.2d,1,1567,Octavius Scf,Antonio J. Martinez,Alexsandra Rodriguez,,$375
29138,10491,649,$1500 1.40m Jumper II.2d,2,2962,Friloux Des Champs,Vicente Guillen,Andrea Gelleni,,$285
29138,10491,649,$1500 1.40m Jumper II.2d,3,2132,Goliath,Addison Reed,Reed Training & Sales LLC,,$225
29138,10491,649,$1500 1.40m Jumper II.2d,4,2952,Glenara Chacco Dp,Brian Murphy,"Light Speed Equestrian, LLC",,$150
29138,10491,649,$1500 1.40m Jumper II.2d,5,2845,Naturel De Walput,Luke Sassi,Luke Sassi,,$135
29138,10491,649,$1500 1.40m Jumper II.2d,6,1863,Jip Van T & L Z,Celso Ariani,San Marino Stables,,$120
29138,10491,649,$1500 1.40m Jumper II.2d,7,2956,Cornetta Lazar,Kirk Webby,Madeline Hartsock,,$105
29138,10491,649,$1500 1.40m Jumper II.2d,8,1086,It Is West,Rebecca Conway,"Blue Hill Farm, LLC",,$105
29138,10491,649,$1500 1.40m Jumper II.2d,,2713,Superman Eh,Juan E. Hidalgo,Tj Sporthorses LLC,,
29138,10491,649,$1500 1.40m Jumper II.2d,,1593,Vdl Nevena,Belen Guarderas,Belen Guarderas,,
29138,10491,649,$1500 1.40m Jumper II.2d,,1684,Gelano,Jessica Collins,Jessica Collins,,
29433,0,680,.90m Young Jumpers II,1,1435,Hellcat,Megan O'Brien,Megan O'Brien,,
29433,0,680,.90m Young Jumpers II,1,2949,Nadia I,Andras Szieberth,Daina Greene,,
29433,0,680,.90m Young Jumpers II,1,2930,Miracle Van De Beiaard Z,Declan Egan,Andrea Belofsky,,
29433,0,680,.90m Young Jumpers II,1,2968,Anthem L.a. Z,Luciano Dome,Stella Kraemer,,
29433,0,680,.90m Young Jumpers II,1,2340,Penelope De La Fresnière,Luke Sassi,Ashley Govan,,
29433,0,680,.90m Young Jumpers II,1,1247,Captain Marvel CF,Erica Robson,Erica Robson,,
29433,0,680,.90m Young Jumpers II,1,3015,6-7,Kinser Vale,Thinkslikeahorse,,
29433,0,680,.90m Young Jumpers II,1,3045,Hpf Melania,Francisco Vaca,Shannon Y. Clifford,,
29433,0,680,.90m Young Jumpers II,1,2431,Virgules Balou Van 'T Neerhof,Alexandra Goetze Bell,Mi Casa Stable Holdings Inc.,,
29433,0,680,.90m Young Jumpers II,1,1106,Naomi Hpf,Hector Florentino,Carben Farms LLC,,
29433,0,680,.90m Young Jumpers II,1,1424,Arthur,Stefano Baruzzo,Stefano Baruzzo LLC,,
29433,0,680,.90m Young Jumpers II,12,2954,Dropshot Z,Paige Jones,"Amberfax Farm, Inc",,
29449,0,681,.90m Young Jumpers II,1,1435,Hellcat,Megan O'Brien,Megan O'Brien,,
29449,0,681,.90m Young Jumpers II,1,2949,Nadia I,Andras Szieberth,Daina Greene,,
29449,0,681,.90m Young Jumpers II,1,1247,Captain Marvel CF,Erica Robson,Erica Robson,,
29449,0,681,.90m Young Jumpers II,1,2968,Anthem L.a. Z,Luciano Dome,Stella Kraemer,,
29451,0,683,1.0m Young Jumpers II,1,1737,Vienna Van't Kiezelhof Lhf,Marcus Gruenthal,Linda Bammann,,
29451,0,683,1.0m Young Jumpers II,1,1441,Princeton Mk,Matthew Le Master,Kristina Photakis,,
29451,0,683,1.0m Young Jumpers II,1,1763,Dominic Toretto,Ashlee Bond,Purple Hill Farms,,
29451,0,683,1.0m Young Jumpers II,1,3040,Olivia Ve,Anthony Sauriol,Anthony Sauriol,,
29451,0,683,1.0m Young Jumpers II,1,1319,High Time,Anne C. Hormel,Anne C. Hormel,,
29451,0,683,1.0m Young Jumpers II,1,3048,Conchacco Ps,Alyssa Pascucci,Alyssa Pascucci,,
29451,0,683,1.0m Young Jumpers II,7,2079,Orange Blossom Na,Sarah Kerins,Nadine Beck,,
29452,0,684,1.0m Young Jumpers II,1,1319,High Time,Anne C. Hormel,Anne C. Hormel,,
29452,0,684,1.0m Young Jumpers II,1,3048,Conchacco Ps,Alyssa Pascucci,Alyssa Pascucci,,
29452,0,684,1.0m Young Jumpers II,1,2077,Diamant Joe,Annie Ashton,Darragh Kerins,,
29452,0,684,1.0m Young Jumpers II,1,1441,Princeton Mk,Kristina Photakis,Kristina Photakis,,
29452,0,684,1.0m Young Jumpers II,1,1106,Naomi Hpf,Hector Florentino,Carben Farms LLC,,
29452,0,684,1.0m Young Jumpers II,1,1770,Dsh Gran Torino,Lesley Grant-Law,Leslie Law,,
29452,0,684,1.0m Young Jumpers II,7,2079,Orange Blossom Na,Sarah Kerins,Nadine Beck,,
29452,0,684,1.0m Young Jumpers II,7,2431,Virgules Balou Van 'T Neerhof,Alexandra Goetze Bell,Mi Casa Stable Holdings Inc.,,
29452,0,684,1.0m Young Jumpers II,,1424,Arthur,Stefano Baruzzo,Stefano Baruzzo LLC,,
29452,0,684,1.0m Young Jumpers II,,1741,Ralvero Vdl,Mike Holtkamp,Mike Holtkamp,,
29452,0,684,1.0m Young Jumpers II,,3040,Olivia Ve,Anthony Sauriol,Anthony Sauriol,,
29452,0,684,1.0m Young Jumpers II,,3045,Hpf Melania,Francisco Vaca,Shannon Y. Clifford,,
29453,0,685,1.0m Young Jumpers II,1,1424,Arthur,Stefano Baruzzo,Stefano Baruzzo LLC,,
29453,0,685,1.0m Young Jumpers II,1,1770,Dsh Gran Torino,Lesley Grant-Law,Leslie Law,,
29453,0,685,1.0m Young Jumpers II,1,1763,Dominic Toretto,Ashlee Bond,Purple Hill Farms,,
29453,0,685,1.0m Young Jumpers II,1,3040,Olivia Ve,Anthony Sauriol,Anthony Sauriol,,
29453,0,685,1.0m Young Jumpers II,1,1741,Ralvero Vdl,Mike Holtkamp,Mike Holtkamp,,
29453,0,685,1.0m Young Jumpers II,1,2431,Virgules Balou Van 'T Neerhof,Alexandra Goetze Bell,Mi Casa Stable Holdings Inc.,,
29453,0,685,1.0m Young Jumpers II,7,1319,High Time,Anne C. Hormel,Anne C. Hormel,,
29166,0,686,1.10m Young Jumper II,1,1707,Ally Z,Anne L. Bingler,Anne L. Bingler,,
29166,0,686,1.10m Young Jumper II,1,2162,Paulownia,Josh Dolan,Julie Dodd,,
29166,0,686,1.10m Young Jumper II,1,2963,Diadora,Jordan Petersen,Renee Gruenthal,,
29166,0,686,1.10m Young Jumper II,1,2153,Dulce,Andres A. Correa,Andres A. Correa,,
29166,0,686,1.10m Young Jumper II,1,1257,Avalanche,Mallory Vale,Thinkslikeahorse,,
29166,0,686,1.10m Young Jumper II,1,1263,Eliott Dz,Aaron Vale,Eye4horses,,
29166,0,686,1.10m Young Jumper II,1,1513,Ck’s Superman,Libby Woodworth,Libby Woodworth,,
29166,0,686,1.10m Young Jumper II,1,2073,Ballyheerin Belle Jorado,Sarah Kerins,Darragh Kerins,,
29166,0,686,1.10m Young Jumper II,1,2707,Voila Bbf,Hayley G. Waters Wear,Mr. & Mrs. Chuck Waters,,
29166,0,686,1.10m Young Jumper II,1,2884,Karma,Ryan Michael Genn,Irish Escapades LLC,,
29166,0,686,1.10m Young Jumper II,1,2996,Maleficent Ht,Hector Florentino,M&m High Standards,,
29166,0,686,1.10m Young Jumper II,,1021,Rover,Kelly Prather,Michael K. Kennedy,,
29166,0,686,1.10m Young Jumper II,,1277,Reelz,Mallory Vale,Thinkslikeahorse,,
29166,0,686,1.10m Young Jumper II,,1757,Frodo,River A. Wylde,River A. Wylde,,
29166,0,686,1.10m Young Jumper II,,1793,Comme Il Hero Z,Matthew Le Master,Cathy Kubacak,,
29166,0,686,1.10m Young Jumper II,,2080,P-Capitola,Sarah Kerins,Darragh Kerins,,
29166,0,686,1.10m Young Jumper II,,2341,Diamant's Invincible Na,Jared P. Petersen,Derek Petersen,,
29166,0,686,1.10m Young Jumper II,,2708,Volcano Bbf,Hayley G. Waters Wear,Dana G. Waters,,
29166,0,686,1.10m Young Jumper II,,2836,Forseti,Ben Taylor,Elinor Mac Phail O Neal,,
29166,0,686,1.10m Young Jumper II,,2946,Calderon T,Andras Szieberth,Andras Szieberth,,
29166,0,686,1.10m Young Jumper II,,3049,Donna Lucardie Z,Francesca Chiatti,Kandor Farm LLC,,
29167,0,687,1.10m Young Jumper II,1,2162,Paulownia,Josh Dolan,Julie Dodd,,
29167,0,687,1.10m Young Jumper II,1,2341,Diamant's Invincible Na,Jared P. Petersen,Derek Petersen,,
29167,0,687,1.10m Young Jumper II,1,2708,Volcano Bbf,Hayley G. Waters Wear,Dana G. Waters,,
29167,0,687,1.10m Young Jumper II,1,1793,Comme Il Hero Z,Cathy Kubacak,Cathy Kubacak,,
29167,0,687,1.10m Young Jumper II,1,2707,Voila Bbf,Hayley G. Waters Wear,Mr. & Mrs. Chuck Waters,,
29167,0,687,1.10m Young Jumper II,1,2884,Karma,Ryan Michael Genn,Irish Escapades LLC,,
29167,0,687,1.10m Young Jumper II,1,2996,Maleficent Ht,Hector Florentino,M&m High Standards,,
29167,0,687,1.10m Young Jumper II,1,3049,Donna Lucardie Z,Francesca Chiatti,Kandor Farm LLC,,
29167,0,687,1.10m Young Jumper II,,1021,Rover,Kelly Prather,Michael K. Kennedy,,
29167,0,687,1.10m Young Jumper II,,1720,Iron Maiden,Justine L. Dutton Barnard,Justine L. Dutton Barnard,,
29167,0,687,1.10m Young Jumper II,,2073,Ballyheerin Belle Jorado,Sarah Kerins,Darragh Kerins,,
29167,0,687,1.10m Young Jumper II,,2153,Dulce,Andres A. Correa,Andres A. Correa,,
29167,0,687,1.10m Young Jumper II,,2836,Forseti,Ben Taylor,Elinor Mac Phail O Neal,,
29167,0,687,1.10m Young Jumper II,,2946,Calderon T,Andras Szieberth,Andras Szieberth,,
29167,0,687,1.10m Young Jumper II,,2963,Diadora,Jordan Petersen,Renee Gruenthal,,
29167,0,687,1.10m Young Jumper II,,3015,6-7,Mallory Vale,Thinkslikeahorse,,
29167,0,687,1.10m Young Jumper II,,3031,Ozone Vdl,Patrick R. Wilcher,Patrick R. Wilcher,,
29168,0,688,1.10m Young Jumper II,1,1707,Ally Z,Anne L. Bingler,Anne L. Bingler,,
29168,0,688,1.10m Young Jumper II,1,2871,Rakona Z,Ashlee Bond,Ashlee Bond Show Jumping,,
29168,0,688,1.10m Young Jumper II,1,2963,Diadora,Jordan Petersen,Renee Gruenthal,,
29168,0,688,1.10m Young Jumper II,1,2996,Maleficent Ht,Hector Florentino,M&m High Standards,,
29168,0,688,1.10m Young Jumper II,1,1021,Rover,Kelly Prather,Michael K. Kennedy,,
29168,0,688,1.10m Young Jumper II,1,2179,Nice Cool De Virton,Paul O'Shea,Kaileigh Brandt,,
29168,0,688,1.10m Young Jumper II,7,2073,Ballyheerin Belle Jorado,Sarah Kerins,Darragh Kerins,,
29168,0,688,1.10m Young Jumper II,8,2884,Karma,Ryan Michael Genn,Irish Escapades LLC,,
29168,0,688,1.10m Young Jumper II,,1513,Ck's Superman,Libby Woodworth,Libby Woodworth,,
29168,0,688,1.10m Young Jumper II,,2003,Ancelotti,Ashley Romano,Ashley Romano,,
29168,0,688,1.10m Young Jumper II,,2077,Diamant Joe,Annie Ashton,Darragh Kerins,,
29168,0,688,1.10m Young Jumper II,,2836,Forseti,Ben Taylor,Ben Taylor,,
29169,10480,689,$250 1.20m Young Jumper II.1,1,2069,Bizzy Sh,Jordan Petersen,Renee Gruenthal,,$75
29169,10480,689,$250 1.20m Young Jumper II.1,2,1460,Cognac Vh Gebergte Z,Cormac Hanley,"Heathman Farm, LLC",,$55
29169,10480,689,$250 1.20m Young Jumper II.1,3,1786,Lyonheart,Robert Mendoza,Hanna Pieri,,$37.5
29169,10480,689,$250 1.20m Young Jumper II.1,4,2960,Dracko Van Het Vinckenhof Z,Vicente Guillen,Vicente Guillen,,$30
29169,10480,689,$250 1.20m Young Jumper II.1,5,2036,Diablue Sh Z,Jared P. Petersen,Jordan Petersen,,$27.5
29169,10480,689,$250 1.20m Young Jumper II.1,6,2360,Cassaderra Na,Taryn M. Adamy,Taryn M. Adamy,,$25
29169,10480,689,$250 1.20m Young Jumper II.1,7,1705,Pi-Air,Riley Delbecq,"Todd Minikus, LTD",,
29169,10480,689,$250 1.20m Young Jumper II.1,8,1592,Oakland,Belen Guarderas,Belen Guarderas,,
29169,10480,689,$250 1.20m Young Jumper II.1,,1104,Hallmark Hpf,Hector Florentino,Nick Edmunds,,
29169,10480,689,$250 1.20m Young Jumper II.1,,1215,Temptation V/H Haringvliet Z,Jodie Camberg,Jc Equestrian LLC,,
29169,10480,689,$250 1.20m Young Jumper II.1,,1452,Onyx,Taylor St Jacques,Elle Bassion,,
29169,10480,689,$250 1.20m Young Jumper II.1,,1735,Cachaca Pitu Lhf,Marcus Gruenthal,Linda Bammann,,
29169,10480,689,$250 1.20m Young Jumper II.1,,1743,Tillman,Aidan Murphy,Sally Wiley,,
29169,10480,689,$250 1.20m Young Jumper II.1,,1745,Oa Uno Mas Cerveza,Madison Rose,Madison Rose,,
29169,10480,689,$250 1.20m Young Jumper II.1,,2633,Dimazzo,Leah Lang-Gluscic,Llg Equestrian LLC,,
29169,10480,689,$250 1.20m Young Jumper II.1,,2866,Kateri,Kalli Core,Donna Rosman,,
29169,10480,689,$250 1.20m Young Jumper II.1,,2881,Don Cor Z,Ryan Michael Genn,"Showcase 81, LLC",,
29170,10480,690,$250 1.20m Young Jumper II.2d,1,2360,Cassaderra Na,Taryn M. Adamy,Taryn M. Adamy,,$75
29170,10480,690,$250 1.20m Young Jumper II.2d,2,2036,Diablue Sh Z,Jared P. Petersen,Jordan Petersen,,$55
29170,10480,690,$250 1.20m Young Jumper II.2d,3,1743,Tillman,Aidan Murphy,Sally Wiley,,$37.5
29170,10480,690,$250 1.20m Young Jumper II.2d,4,1263,Eliott Dz,Aaron Vale,Eye4horses,,$30
29170,10480,690,$250 1.20m Young Jumper II.2d,5,1735,Cachaca Pitu Lhf,Marcus Gruenthal,Linda Bammann,,$27.5
29170,10480,690,$250 1.20m Young Jumper II.2d,6,1786,Lyonheart,Hanna Pieri,Hanna Pieri,,$25
29170,10480,690,$250 1.20m Young Jumper II.2d,7,1215,Temptation V/H Haringvliet Z,Jodie Camberg,Jc Equestrian LLC,,
29170,10480,690,$250 1.20m Young Jumper II.2d,8,1705,Pi-Air,Riley Delbecq,"Todd Minikus, LTD",,
29170,10480,690,$250 1.20m Young Jumper II.2d,,1085,Conthargos Gold,Rebecca Conway,"Blue Hill Farm, LLC",,
29170,10480,690,$250 1.20m Young Jumper II.2d,,1257,Avalanche,Mallory Vale,Thinkslikeahorse,,
29170,10480,690,$250 1.20m Young Jumper II.2d,,1277,Reelz,Mallory Vale,Thinkslikeahorse,,
29170,10480,690,$250 1.20m Young Jumper II.2d,,1460,Cognac Vh Gebergte Z,Cormac Hanley,"Heathman Farm, LLC",,
29170,10480,690,$250 1.20m Young Jumper II.2d,,1721,Metallica,Justine L. Dutton Barnard,Justine L. Dutton Barnard,,
29170,10480,690,$250 1.20m Young Jumper II.2d,,1722,Rhubarb And Custard Os,Justine L. Dutton Barnard,Justine L. Dutton Barnard,,
29170,10480,690,$250 1.20m Young Jumper II.2d,,2069,Bizzy Sh,Jordan Petersen,Renee Gruenthal,,
29170,10480,690,$250 1.20m Young Jumper II.2d,,2080,P-Capitola,Sarah Kerins,Darragh Kerins,,
29170,10480,690,$250 1.20m Young Jumper II.2d,,2173,Danilo Khr,Megan Gardiner,Megan Gardiner,,
29170,10480,690,$250 1.20m Young Jumper II.2d,,2866,Kateri,Kalli Core,Donna Rosman,,
29170,10480,690,$250 1.20m Young Jumper II.2d,,2881,Don Cor Z,Ryan Michael Genn,"Showcase 81, LLC",,
29170,10480,690,$250 1.20m Young Jumper II.2d,,2960,Dracko Van Het Vinckenhof Z,Vicente Guillen,Vicente Guillen,,
29171,10480,691,$250 1.20m Young Jumper II.2b,1,1786,Lyonheart,Robert Mendoza,Hanna Pieri,,$75
29171,10480,691,$250 1.20m Young Jumper II.2b,2,2036,Diablue Sh Z,Jared P. Petersen,Jordan Petersen,,$55
29171,10480,691,$250 1.20m Young Jumper II.2b,3,1793,Comme Il Hero Z,Matthew Le Master,Cathy Kubacak,,$37.5
29171,10480,691,$250 1.20m Young Jumper II.2b,4,1460,Cognac Vh Gebergte Z,Cormac Hanley,"Heathman Farm, LLC",,$30
29171,10480,691,$250 1.20m Young Jumper II.2b,5,1743,Tillman,Aidan Murphy,Sally Wiley,,$27.5
29171,10480,691,$250 1.20m Young Jumper II.2b,6,1705,Pi-Air,Riley Delbecq,"Todd Minikus, LTD",,$25
29171,10480,691,$250 1.20m Young Jumper II.2b,7,2881,Don Cor Z,Ryan Michael Genn,"Showcase 81, LLC",,
29171,10480,691,$250 1.20m Young Jumper II.2b,8,2935,Paseana,Jelmer Hoekstra,November Hill,,
29171,10480,691,$250 1.20m Young Jumper II.2b,,1257,Avalanche,Mallory Vale,Thinkslikeahorse,,
29171,10480,691,$250 1.20m Young Jumper II.2b,,1263,Eliott Dz,Aaron Vale,Eye4horses,,
29171,10480,691,$250 1.20m Young Jumper II.2b,,1277,Reelz,Mallory Vale,Thinkslikeahorse,,
29171,10480,691,$250 1.20m Young Jumper II.2b,,1592,Oakland,Belen Guarderas,Belen Guarderas,,
29171,10480,691,$250 1.20m Young Jumper II.2b,,1721,Metallica,Justine L. Dutton Barnard,Justine L. Dutton Barnard,,
29171,10480,691,$250 1.20m Young Jumper II.2b,,1722,Rhubarb And Custard Os,Justine L. Dutton Barnard,Justine L. Dutton Barnard,,
29171,10480,691,$250 1.20m Young Jumper II.2b,,1735,Cachaca Pitu Lhf,Marcus Gruenthal,Linda Bammann,,
29171,10480,691,$250 1.20m Young Jumper II.2b,,2069,Bizzy Sh,Jordan Petersen,Renee Gruenthal,,
29171,10480,691,$250 1.20m Young Jumper II.2b,,2080,P-Capitola,Sarah Kerins,Darragh Kerins,,
29171,10480,691,$250 1.20m Young Jumper II.2b,,2173,Danilo Khr,Megan Gardiner,Megan Gardiner,,
29171,10480,691,$250 1.20m Young Jumper II.2b,,2360,Cassaderra Na,Taryn M. Adamy,Taryn M. Adamy,,
29171,10480,691,$250 1.20m Young Jumper II.2b,,2866,Kateri,Kalli Core,Donna Rosman,,
29171,10480,691,$250 1.20m Young Jumper II.2b,,2960,Dracko Van Het Vinckenhof Z,Vicente Guillen,Vicente Guillen,,
29171,10480,691,$250 1.20m Young Jumper II.2b,,2965,Kurano Sp Z,Brooklyn Castellano,Brooklyn Castellano,,
29171,10480,691,$250 1.20m Young Jumper II.2b,,3031,Ozone Vdl,Patrick R. Wilcher,Patrick R. Wilcher,,
29171,10480,691,$250 1.20m Young Jumper II.2b,,3049,Donna Lucardie Z,Francesca Chiatti,Kandor Farm LLC,,
29172,10481,692,$250 1.30m Young Jumper II.1,2,1462,Pavarotti Van De Schutskooi,Cormac Hanley,"Heathman Farm, LLC",,$55
29172,10481,692,$250 1.30m Young Jumper II.1,1,2319,Mtm Giovanni,Tracy Fenney,Nina K. Koloseike,,$75
29172,10481,692,$250 1.30m Young Jumper II.1,3,1923,Olaf,Selcuk Koksalan,Selcuk Koksalan,,$37.5
29172,10481,692,$250 1.30m Young Jumper II.1,6,1787,Tarantino De Rie,Robert Mendoza,Hanna Pieri,,$25
29172,10481,692,$250 1.30m Young Jumper II.1,4,1342,Only Love B,Juan M. Bolanos,Bzb Barn LLC,,$30
29172,10481,692,$250 1.30m Young Jumper II.1,8,2090,Boozeman Na,Andrew C. Welles,Team Welles LLC,,
29172,10481,692,$250 1.30m Young Jumper II.1,5,1327,Online,Clark Montgomery,Clark Montgomery,,$27.5
29172,10481,692,$250 1.30m Young Jumper II.1,,1246,Redbull 33 Vdh,Brittni A. Raflowitz,Esi Show Jumpers,,
29172,10481,692,$250 1.30m Young Jumper II.1,,2463,Eq Scorpio,Diego Farje,Diego Farje,,
29172,10481,692,$250 1.30m Young Jumper II.1,,1449,Curacao D'elsendam Z,Taylor St Jacques,Tenacious Stables,,
29172,10481,692,$250 1.30m Young Jumper II.1,7,1860,Crusader,Marcus Gruenthal,Marcus Gruenthal,,
29172,10481,692,$250 1.30m Young Jumper II.1,,1334,Classical Touch,Juan M. Bolanos,Bzb Barn LLC,,
29172,10481,692,$250 1.30m Young Jumper II.1,,2135,Orisco,Addison Reed,The Galloping Field,,
29172,10481,692,$250 1.30m Young Jumper II.1,,1831,Umtiti Van De Barlebuis,Lia Screnci,Giavona Pirolo,,
29172,10481,692,$250 1.30m Young Jumper II.1,,2197,King William,Sharn L. Wordley,Della Wordley,,
29172,10481,692,$250 1.30m Young Jumper II.1,,2199,Tobias Van Kreyel Mc,Lauren Balcomb,Jessica Steindorff,,
29172,10481,692,$250 1.30m Young Jumper II.1,,3046,Dolittle 32,Bruno Diniz Das Neves,"High Threetwentyseven, LLC",,
29172,10481,692,$250 1.30m Young Jumper II.1,,2204,5o1 Stakkatol's Dream,Jacob Fletcher,Fletcher Farms,,
29172,10481,692,$250 1.30m Young Jumper II.1,,2635,Tugano Van Klapscheut,Addison Reed,Mckeisha Smith,,
29172,10481,692,$250 1.30m Young Jumper II.1,,1296,Calou Us,Tanner Korotkin,Alyssa Liang,,
29172,10481,692,$250 1.30m Young Jumper II.1,,1782,Cash For Roses,Bruno Diniz Das Neves,Laura Khorshid LLC,,
29172,10481,692,$250 1.30m Young Jumper II.1,,1993,Copperfield Ghv Z,Molly Frei,Frei Equestrian LLC,,
29172,10481,692,$250 1.30m Young Jumper II.1,,2096,Unstoppable,Nora Nauss,Next Gen Professionals,,
29172,10481,692,$250 1.30m Young Jumper II.1,,2133,O'Malley Rfb,Addison Reed,Redfield Farm,,
29172,10481,692,$250 1.30m Young Jumper II.1,,2134,O-Toulon K,Addison Reed,Peggy F. Jones,,
29172,10481,692,$250 1.30m Young Jumper II.1,,2320,Mtm Good Question,Tracy Fenney,Mtm Farm,,
29172,10481,692,$250 1.30m Young Jumper II.1,,2568,Nasia’s Girl Keros,Hanna R. Egan,Hanna R. Egan,,
29172,10481,692,$250 1.30m Young Jumper II.1,,2796,Santa Rosa Fiona,Priscilla Broger,Priscilla Broger,,
29173,10481,693,$250 1.30m Young Jumper II.2d,1,1462,Pavarotti Van De Schutskooi,Cormac Hanley,"Heathman Farm, LLC",,$75
29173,10481,693,$250 1.30m Young Jumper II.2d,2,1860,Crusader,Marcus Gruenthal,Marcus Gruenthal,,$55
29173,10481,693,$250 1.30m Young Jumper II.2d,4,1334,Classical Touch,Juan M. Bolanos,Bzb Barn LLC,,$30
29173,10481,693,$250 1.30m Young Jumper II.2d,3,2320,Mtm Good Question,Tracy Fenney,Mtm Farm,,$37.5
29173,10481,693,$250 1.30m Young Jumper II.2d,6,1340,Light Blue Mystic Rose,Juan M. Bolanos,Bzb Barn LLC,,$25
29173,10481,693,$250 1.30m Young Jumper II.2d,5,2004,Apollo,Ashley Romano,Ashley Romano,,$27.5
29173,10481,693,$250 1.30m Young Jumper II.2d,7,2463,Eq Scorpio,Diego Farje,Diego Farje,,
29173,10481,693,$250 1.30m Young Jumper II.2d,8,1831,Umtiti Van De Barlebuis,Lia Screnci,Giavona Pirolo,,
29173,10481,693,$250 1.30m Young Jumper II.2d,,1993,Copperfield Ghv Z,Molly Frei,Frei Equestrian LLC,,
29173,10481,693,$250 1.30m Young Jumper II.2d,,2090,Boozeman Na,Andrew C. Welles,Team Welles LLC,,
29173,10481,693,$250 1.30m Young Jumper II.2d,,1782,Cash For Roses,Bruno Diniz Das Neves,Laura Khorshid LLC,,
29173,10481,693,$250 1.30m Young Jumper II.2d,,1327,Online,Clark Montgomery,Clark Montgomery,,
29173,10481,693,$250 1.30m Young Jumper II.2d,,2133,O'Malley Rfb,Addison Reed,Redfield Farm,,
29173,10481,693,$250 1.30m Young Jumper II.2d,,2633,Dimazzo,Leah Lang-Gluscic,Llg Equestrian LLC,,
29173,10481,693,$250 1.30m Young Jumper II.2d,,2568,Nasia's Girl Keros,Hanna R. Egan,Hanna R. Egan,,
29173,10481,693,$250 1.30m Young Jumper II.2d,,2796,Santa Rosa Fiona,Priscilla Broger,Priscilla Broger,,
29173,10481,693,$250 1.30m Young Jumper II.2d,,1104,Hallmark Hpf,Hector Florentino,Nick Edmunds,,
29173,10481,693,$250 1.30m Young Jumper II.2d,,1449,Curacao D'elsendam Z,Taylor St Jacques,Tenacious Stables,,
29173,10481,693,$250 1.30m Young Jumper II.2d,,1787,Tarantino De Rie,Hanna Pieri,Hanna Pieri,,
29173,10481,693,$250 1.30m Young Jumper II.2d,,1865,Libera Lux Di Alma Terra,Celso Ariani,San Marino Stables,,
29173,10481,693,$250 1.30m Young Jumper II.2d,,2096,Unstoppable,Nora Nauss,Next Gen Professionals,,
29173,10481,693,$250 1.30m Young Jumper II.2d,,2134,O-Toulon K,Addison Reed,Peggy F. Jones,,
29173,10481,693,$250 1.30m Young Jumper II.2d,,2135,Orisco,Addison Reed,The Galloping Field,,
29173,10481,693,$250 1.30m Young Jumper II.2d,,2339,KS Emperor,Maleah Lang Mcmahon,Maleah Lang Mcmahon,,
29173,10481,693,$250 1.30m Young Jumper II.2d,,3046,Dolittle 32,Bruno Diniz Das Neves,"High Threetwentyseven, LLC",,
29174,10481,694,$250 1.30m Young Jumper II.2b,1,1334,Classical Touch,Juan M. Bolanos,Bzb Barn LLC,,$75
29174,10481,694,$250 1.30m Young Jumper II.2b,2,1342,Only Love B,Juan M. Bolanos,Bzb Barn LLC,,$55
29174,10481,694,$250 1.30m Young Jumper II.2b,3,2320,Mtm Good Question,Tracy Fenney,Mtm Farm,,$37.5
29174,10481,694,$250 1.30m Young Jumper II.2b,4,1340,Light Blue Mystic Rose,Juan M. Bolanos,Bzb Barn LLC,,$30
29174,10481,694,$250 1.30m Young Jumper II.2b,6,2133,O'Malley Rfb,Addison Reed,Redfield Farm,,$25
29174,10481,694,$250 1.30m Young Jumper II.2b,7,2199,Tobias Van Kreyel Mc,Lauren Balcomb,Jessica Steindorff,,
29174,10481,694,$250 1.30m Young Jumper II.2b,5,2135,Orisco,Addison Reed,The Galloping Field,,$27.5
29174,10481,694,$250 1.30m Young Jumper II.2b,8,2339,KS Emperor,Maleah Lang Mcmahon,Maleah Lang Mcmahon,,
29174,10481,694,$250 1.30m Young Jumper II.2b,,1246,Redbull 33 Vdh,Brittni A. Raflowitz,Esi Show Jumpers,,
29174,10481,694,$250 1.30m Young Jumper II.2b,,1865,Libera Lux Di Alma Terra,Celso Ariani,San Marino Stables,,
29174,10481,694,$250 1.30m Young Jumper II.2b,,1787,Tarantino De Rie,Robert Mendoza,Hanna Pieri,,
29174,10481,694,$250 1.30m Young Jumper II.2b,,1449,Curacao D'elsendam Z,Taylor St Jacques,Tenacious Stables,,
29174,10481,694,$250 1.30m Young Jumper II.2b,,1782,Cash For Roses,Bruno Diniz Das Neves,Laura Khorshid LLC,,
29174,10481,694,$250 1.30m Young Jumper II.2b,,2568,Nasia's Girl Keros,Hanna R. Egan,Hanna R. Egan,,
29174,10481,694,$250 1.30m Young Jumper II.2b,,2197,King William,Sharn L. Wordley,Della Wordley,,
29174,10481,694,$250 1.30m Young Jumper II.2b,,2796,Santa Rosa Fiona,Priscilla Broger,Priscilla Broger,,
29174,10481,694,$250 1.30m Young Jumper II.2b,,2090,Boozeman Na,Andrew C. Welles,Team Welles LLC,,
29174,10481,694,$250 1.30m Young Jumper II.2b,,1104,Hallmark Hpf,Hector Florentino,Nick Edmunds,,
29174,10481,694,$250 1.30m Young Jumper II.2b,,1923,Olaf,Selcuk Koksalan,Selcuk Koksalan,,
29174,10481,694,$250 1.30m Young Jumper II.2b,,2096,Unstoppable,Nora Nauss,Next Gen Professionals,,
29174,10481,694,$250 1.30m Young Jumper II.2b,,2134,O-Toulon K,Addison Reed,Peggy F. Jones,,
29174,10481,694,$250 1.30m Young Jumper II.2b,,2319,Mtm Giovanni,Tracy Fenney,Nina K. Koloseike,,
29174,10481,694,$250 1.30m Young Jumper II.2b,,2633,Dimazzo,Leah Lang-Gluscic,Llg Equestrian LLC,,
29174,10481,694,$250 1.30m Young Jumper II.2b,,3046,Dolittle 32,Bruno Diniz Das Neves,"High Threetwentyseven, LLC",,
29125,10435,695,$100 1.0m Thoroughbred Jumper II.1,1,1293,Getthe Muny Bernie,Carrie Riddle,Carrie Riddle,,$30
29125,10435,695,$100 1.0m Thoroughbred Jumper II.1,2,2877,Big Castle,Shannon Y. Clifford,"Texas De Limache, LLC",,$22
29126,10435,696,$100 1.0m Thoroughbred Jumper II.2d,1,1293,Getthe Muny Bernie,Carrie Riddle,Carrie Riddle,,$30
29126,10435,696,$100 1.0m Thoroughbred Jumper II.2d,2,2877,Big Castle,Shannon Y. Clifford,"Texas De Limache, LLC",,$22
29127,10435,697,$100 1.0m Thoroughbred Jumper II.2b,1,1293,Getthe Muny Bernie,Carrie Riddle,Carrie Riddle,,$30
29119,10483,731,$150 .90m Novice Junior Jumper II.1,1,2611,Tyamo,Peyton Krumin,"Asahi Sporthorses, LLC",,$45
29119,10483,731,$150 .90m Novice Junior Jumper II.1,2,1675,L.v. Valdrumer,Nicole Presa Tejada,Nicole Presa Tejada,,$33
29119,10483,731,$150 .90m Novice Junior Jumper II.1,3,1598,Sublime,Pranadha Sheela,"S & P Elite Equestrian, LLC",,$22.5
29119,10483,731,$150 .90m Novice Junior Jumper II.1,4,1071,Tolu,Sara Lopez,Daniela Roy,,$18
29119,10483,731,$150 .90m Novice Junior Jumper II.1,5,2002,Lolita Z,Sienna Jones,Ameera Chin,,$16.5
29119,10483,731,$150 .90m Novice Junior Jumper II.1,6,2869,Aphrodite,Kennedy Kluber,Melissa Jo Hollingsworth,,$15
29119,10483,731,$150 .90m Novice Junior Jumper II.1,7,2870,Bonne Chance,Alexandra Stauffer,Nathaniel Aldrich,,
29119,10483,731,$150 .90m Novice Junior Jumper II.1,8,2460,Tenor Van't Klavertje Vier,Lola Applebaum,Lola Applebaum,,
29119,10483,731,$150 .90m Novice Junior Jumper II.1,,1053,Carrizal,Alexandria Gonzalez,Daniela Roy,,
29119,10483,731,$150 .90m Novice Junior Jumper II.1,,1057,Epik,Côme Bettant,Côme Bettant,,
29119,10483,731,$150 .90m Novice Junior Jumper II.1,,1063,La Fe Frontera,Cat Zampieri,Daniela Roy,,
29119,10483,731,$150 .90m Novice Junior Jumper II.1,,1073,Zamba,Campbell Cobb,Daniela Roy,,
29119,10483,731,$150 .90m Novice Junior Jumper II.1,,1345,Waterloo Rose,Estefania Lee,Estefania Lee,,
29119,10483,731,$150 .90m Novice Junior Jumper II.1,,1514,Glamour Des Forets,Esme Desautel,Libby Woodworth,,
29119,10483,731,$150 .90m Novice Junior Jumper II.1,,1516,Grandia,Esme Desautel,Melissa Burns,,
29119,10483,731,$150 .90m Novice Junior Jumper II.1,,1673,Katja,Natalia Perez,Rodriguez Equestrian,,
29119,10483,731,$150 .90m Novice Junior Jumper II.1,,1775,Once Upon A Time,Alyson Jones,Alina Ramirez,,
29119,10483,731,$150 .90m Novice Junior Jumper II.1,,2166,Fellini,Kennedy Kluber,Kennedy Kluber,,
29119,10483,731,$150 .90m Novice Junior Jumper II.1,,2928,Cypress,Ellery Winkler,Ellery Winkler,,
29119,10483,731,$150 .90m Novice Junior Jumper II.1,,3015,6-7,Kinser Vale,Thinkslikeahorse,,
29120,10483,732,$150 .90m Novice Junior Jumper II.2d,1,1779,Lowie Van De Opstal,Zeynep Mira Ozyurt,Zeynep Mira Ozyurt,,$45
29120,10483,732,$150 .90m Novice Junior Jumper II.2d,2,2611,Tyamo,Peyton Krumin,"Asahi Sporthorses, LLC",,$33
29120,10483,732,$150 .90m Novice Junior Jumper II.2d,3,2869,Aphrodite,Kennedy Kluber,Melissa Jo Hollingsworth,,$22.5
29120,10483,732,$150 .90m Novice Junior Jumper II.2d,4,2166,Fellini,Kennedy Kluber,Kennedy Kluber,,$18
29120,10483,732,$150 .90m Novice Junior Jumper II.2d,5,1345,Waterloo Rose,Estefania Lee,Estefania Lee,,$16.5
29120,10483,732,$150 .90m Novice Junior Jumper II.2d,6,2460,Tenor Van't Klavertje Vier,Lola Applebaum,Lola Applebaum,,$15
29120,10483,732,$150 .90m Novice Junior Jumper II.2d,7,1673,Katja,Natalia Perez,Rodriguez Equestrian,,
29120,10483,732,$150 .90m Novice Junior Jumper II.2d,8,1598,Sublime,Pranadha Sheela,"S & P Elite Equestrian, LLC",,
29120,10483,732,$150 .90m Novice Junior Jumper II.2d,,1051,Cajou Mm,Gabriela Mccloskey,Gabriela Mccloskey,,
29120,10483,732,$150 .90m Novice Junior Jumper II.2d,,1063,La Fe Frontera,Cat Zampieri,Daniela Roy,,
29120,10483,732,$150 .90m Novice Junior Jumper II.2d,,1073,Zamba,Campbell Cobb,Daniela Roy,,
29120,10483,732,$150 .90m Novice Junior Jumper II.2d,,1464,Gossip Girl,Hannah Morejon,Dakota Sheikh,,
29120,10483,732,$150 .90m Novice Junior Jumper II.2d,,1466,Odaya,Anna Mazor-Allhusen,Anna Mazor-Allhusen,,
29120,10483,732,$150 .90m Novice Junior Jumper II.2d,,1775,Once Upon A Time,Alyson Jones,Alina Ramirez,,
29120,10483,732,$150 .90m Novice Junior Jumper II.2d,,1777,Bz Cancara,Gia Pallitto,Fernanda D. Gabriel,,
29120,10483,732,$150 .90m Novice Junior Jumper II.2d,,1778,Lisdeen Lady Kvj,Ellie Zimmerman,Skyler Lisitza,,
29120,10483,732,$150 .90m Novice Junior Jumper II.2d,,2401,Lance Van't Roosakker,Lola Reardon,Lola Reardon,,
29120,10483,732,$150 .90m Novice Junior Jumper II.2d,,2870,Bonne Chance,Alexandra Stauffer,Nathaniel Aldrich,,
29120,10483,732,$150 .90m Novice Junior Jumper II.2d,,3015,6-7,Kinser Vale,Thinkslikeahorse,,
29122,10410,734,$150 .90m Novice Amateur Jumper II.1,1,2970,Fe Crack The Code,Henley Fletcher,Amanda Gardiner,,$45
29122,10410,734,$150 .90m Novice Amateur Jumper II.1,2,1061,Izitop Aaa,Mia Baez,Daniela Roy,,$33
29122,10410,734,$150 .90m Novice Amateur Jumper II.1,3,1059,Global Van T Braunerthof,Tatjana Almeida,Jorge H. Gomez,,$22.5
29122,10410,734,$150 .90m Novice Amateur Jumper II.1,4,1597,Quintana Viii,Jessica L. Roth Thomas,Daffodil Hill,,$18
29122,10410,734,$150 .90m Novice Amateur Jumper II.1,5,2805,Dorien,Leslie Taylor,Leslie Taylor,,$16.5
29122,10410,734,$150 .90m Novice Amateur Jumper II.1,6,1331,Baral Quester,Nicole Schulze,Samantha Schulze,,$15
29122,10410,734,$150 .90m Novice Amateur Jumper II.1,7,2562,Inlaws Manolo,Kimberly Blake Roth,Kimberly Blake Roth,,
29122,10410,734,$150 .90m Novice Amateur Jumper II.1,8,1091,Going For Broke,Emma Parker,Alison Jones,,
29122,10410,734,$150 .90m Novice Amateur Jumper II.1,,1198,Luau,Alyssa Padlo,Alyssa Padlo,,
29122,10410,734,$150 .90m Novice Amateur Jumper II.1,,1454,Mr Dw,Jackie Sawyer,Jackie Sawyer,,
29122,10410,734,$150 .90m Novice Amateur Jumper II.1,,1844,Ice Breaker,Stella Hartman,Stone Oak Equestrian,,
29122,10410,734,$150 .90m Novice Amateur Jumper II.1,,2047,Bangkok,Ana Sofia Rodriguez,Rodriguez Equestrian,,
29122,10410,734,$150 .90m Novice Amateur Jumper II.1,,2558,Citizen Blue,Kimberly Blake Roth,Kimberly Blake Roth,,
29122,10410,734,$150 .90m Novice Amateur Jumper II.1,,3168,Barbade Du Ter,David Miller,Fernando Cardenas,,
29123,10410,735,$150 .90m Novice Amateur Jumper II.2d,1,3102,Grs Chianti,Alexandra Dastjerdi,Isabella Harding,,$45
29123,10410,735,$150 .90m Novice Amateur Jumper II.2d,2,2047,Bangkok,Ana Sofia Rodriguez,Rodriguez Equestrian,,$33
29123,10410,735,$150 .90m Novice Amateur Jumper II.2d,3,1198,Luau,Alyssa Padlo,Alyssa Padlo,,$22.5
29123,10410,735,$150 .90m Novice Amateur Jumper II.2d,4,2805,Dorien,Leslie Taylor,Leslie Taylor,,$18
29123,10410,735,$150 .90m Novice Amateur Jumper II.2d,5,1454,Mr Dw,Jackie Sawyer,Jackie Sawyer,,$16.5
29123,10410,735,$150 .90m Novice Amateur Jumper II.2d,6,3142,Cobalou 3,Stephanie Ezzo,Ps Riverstone,,$15
29123,10410,735,$150 .90m Novice Amateur Jumper II.2d,7,1300,Helium De La Virée Au Vent,Emma J Lopez,Emma J Lopez,,
29123,10410,735,$150 .90m Novice Amateur Jumper II.2d,8,1844,Ice Breaker,Stella Hartman,Stone Oak Equestrian,,
29123,10410,735,$150 .90m Novice Amateur Jumper II.2d,,2793,Ibalia,Debbie Smith,Debbie Smith,,
29107,10475,749,$500 1.10m Junior Jumper II.1,1,1184,Cumulonimbus,Reagan Brown,Reagan Brown,,$150
29107,10475,749,$500 1.10m Junior Jumper II.1,2,2530,Royce Van Den Henxbroek,Skylah Watkins,Lori Ritter,,$110
29107,10475,749,$500 1.10m Junior Jumper II.1,3,2628,Eiffel,Heidi Paulsen,Heidi Paulsen,,$75
29107,10475,749,$500 1.10m Junior Jumper II.1,4,1258,Balou's Captain,Kinser Vale,Thinkslikeahorse,,$60
29107,10475,749,$500 1.10m Junior Jumper II.1,5,1265,Elusive,Kinser Vale,Thinkslikeahorse,,$55
29107,10475,749,$500 1.10m Junior Jumper II.1,6,2711,Emyr De Launay,Carlota Padron,Mauricio Gruener,,$50
29107,10475,749,$500 1.10m Junior Jumper II.1,7,2572,Geisha D'agenais,Brooklyn Delgado,Laura Gaither,,
29107,10475,749,$500 1.10m Junior Jumper II.1,8,1646,Con Sol,Nicole Presa Tejada,Nicole Presa Tejada,,
29107,10475,749,$500 1.10m Junior Jumper II.1,,1046,Rimini Du Printemps,Sophie Heap,Sophie Heap,,
29107,10475,749,$500 1.10m Junior Jumper II.1,,1052,Captain Morgan,Gabriel Zampieri,Daniela Roy,,
29107,10475,749,$500 1.10m Junior Jumper II.1,,1054,Celine Db Z,Mia Felipe,Daniela Roy,,
29107,10475,749,$500 1.10m Junior Jumper II.1,,1324,Color Coded,Addison Fulbright,Karsyn Edmondson,,
29107,10475,749,$500 1.10m Junior Jumper II.1,,1422,Perry Girl,Frederica Alcalay,Frederica Alcalay,,
29107,10475,749,$500 1.10m Junior Jumper II.1,,1485,Roncevert,Lila Isaac,Lila Isaac,,
29107,10475,749,$500 1.10m Junior Jumper II.1,,1505,Unbreakable Z,Gabriela Juron,Gabriela Juron,,
29107,10475,749,$500 1.10m Junior Jumper II.1,,1676,Nashua,Natalia Perez,Emco Holding LLC,,
29107,10475,749,$500 1.10m Junior Jumper II.1,,1706,Airway Semilly,Ella Walker,Ella Walker,,
29107,10475,749,$500 1.10m Junior Jumper II.1,,1826,Emi Initia,Sara Lent,International Sporthorse Imports Inc.,,
29107,10475,749,$500 1.10m Junior Jumper II.1,,2077,Diamant Joe,Annie Ashton,Darragh Kerins,,
29107,10475,749,$500 1.10m Junior Jumper II.1,,2710,Elwen M' Aurea,Carlota Padron,Mauricio Gruener,,
29108,10475,750,$500 1.10m Junior Jumper II.2d,1,1265,Elusive,Kinser Vale,Thinkslikeahorse,,$150
29108,10475,750,$500 1.10m Junior Jumper II.2d,2,2217,Quiz,Currie Cooper,"Triple C Equestrian, LLC",,$110
29108,10475,750,$500 1.10m Junior Jumper II.2d,3,2213,Ea De Casavieja,Currie Cooper,Laura R. Murphy,,$75
29108,10475,750,$500 1.10m Junior Jumper II.2d,4,2828,Conlondino Ps,Evelyn Byron,"Showcase 81, LLC",,$60
29108,10475,750,$500 1.10m Junior Jumper II.2d,5,1958,Hairo,Stella Kraemer,Skyler Fields,,$55
29108,10475,750,$500 1.10m Junior Jumper II.2d,6,1046,Rimini Du Printemps,Sophie Heap,Sophie Heap,,$50
29108,10475,750,$500 1.10m Junior Jumper II.2d,7,1282,Quesera K Van't Kattenheye,Chloe Peterson,Sabrina Lefebvre,,
29108,10475,750,$500 1.10m Junior Jumper II.2d,8,2544,Tutti Fruitti Van De Fruitkorf,Vivian Heyer,Vivian Heyer,,
29108,10475,750,$500 1.10m Junior Jumper II.2d,,1052,Captain Morgan,Gabriel Zampieri,Daniela Roy,,
29108,10475,750,$500 1.10m Junior Jumper II.2d,,1258,Balou's Captain,Kinser Vale,Thinkslikeahorse,,
29108,10475,750,$500 1.10m Junior Jumper II.2d,,1324,Color Coded,Addison Fulbright,Karsyn Edmondson,,
29108,10475,750,$500 1.10m Junior Jumper II.2d,,1505,Unbreakable Z,Gabriela Juron,Gabriela Juron,,
29108,10475,750,$500 1.10m Junior Jumper II.2d,,1508,Guerrera,Dakota Sheikh,Dakota Sheikh,,
29108,10475,750,$500 1.10m Junior Jumper II.2d,,2396,Psj Hana 6,Elin Mossberg,Maja Mossberg,,
29108,10475,750,$500 1.10m Junior Jumper II.2d,,2530,Royce Van Den Henxbroek,Skylah Watkins,Lori Ritter,,
29108,10475,750,$500 1.10m Junior Jumper II.2d,,2628,Eiffel,Heidi Paulsen,Heidi Paulsen,,
29108,10475,750,$500 1.10m Junior Jumper II.2d,,2710,Elwen M' Aurea,Carlota Padron,Mauricio Gruener,,
29108,10475,750,$500 1.10m Junior Jumper II.2d,,2711,Emyr De Launay,Carlota Padron,Mauricio Gruener,,
29108,10475,750,$500 1.10m Junior Jumper II.2d,,2987,Million's Crack Ki,Stella Kraemer,Stella Kraemer,,
29110,10476,755,$500 1.10m Amateur Jumper II.1,1,1758,Gof Perle D'amour,Allison Donahue,"Golden Oaks Farm, LLC",,$150
29110,10476,755,$500 1.10m Amateur Jumper II.1,2,3032,Dylan Odf,Lindsay Standley,Sherri L. Jamison,,$110
29110,10476,755,$500 1.10m Amateur Jumper II.1,3,1595,Levano,Sarah E. Turner,"Yellowstone, LLC",,$75
29110,10476,755,$500 1.10m Amateur Jumper II.1,4,1224,Lord Cornet,Ashley Ann McGehee,Ashley Ann McGehee,,$60
29110,10476,755,$500 1.10m Amateur Jumper II.1,5,2398,Zenith Casall You Got,Molly Adams,Molly Adams,,$55
29110,10476,755,$500 1.10m Amateur Jumper II.1,6,2502,Fernhill Kudos,Lynn Yoos,Lynn Yoos,,$50
29110,10476,755,$500 1.10m Amateur Jumper II.1,7,2306,Valeo Des Aulnes,Amanda Cabel,Amanda Cabel,,
29110,10476,755,$500 1.10m Amateur Jumper II.1,8,1794,Chico Bella Z,Lily Niebur,Lily Niebur,,
29110,10476,755,$500 1.10m Amateur Jumper II.1,,1042,Maiki,Taylor Oakvik,Cavalieres Sporthorses LLC,,
29110,10476,755,$500 1.10m Amateur Jumper II.1,,1045,Qastaar Van't Heike,Taylor Oakvik,Cavalieres Sporthorses LLC,,
29110,10476,755,$500 1.10m Amateur Jumper II.1,,1056,Costacalvo,Emma Ecarius,Emma Ecarius,,
29110,10476,755,$500 1.10m Amateur Jumper II.1,,1074,Caballa Ps,Madison Cohen,Madison Cohen,,
29110,10476,755,$500 1.10m Amateur Jumper II.1,,1283,Calais,Kole Floyd,Katie Moniz Floyd,,
29110,10476,755,$500 1.10m Amateur Jumper II.1,,1326,The Getaway Car,Anna Scott Ault,Anna Scott Ault,,
29110,10476,755,$500 1.10m Amateur Jumper II.1,,1344,Riskana Ls La Silla,Maria Balleza,Bzb Barn LLC,,
29110,10476,755,$500 1.10m Amateur Jumper II.1,,1686,Hickstead Legend,Mason Plaumann,Mason Plaumann,,
29110,10476,755,$500 1.10m Amateur Jumper II.1,,1725,Loudon,Amy Nelson,Amy Nelson,,
29110,10476,755,$500 1.10m Amateur Jumper II.1,,1917,Smooth Sailing,Claire Arnold,Claire Arnold,,
29110,10476,755,$500 1.10m Amateur Jumper II.1,,2030,Chili Z,Heather Farmer,Heather Farmer,,
29110,10476,755,$500 1.10m Amateur Jumper II.1,,2351,Otto Pilot,Jennifer Giovino,Jennifer Giovino,,
29110,10476,755,$500 1.10m Amateur Jumper II.1,,2601,Espoir De Bethune,Bonnie Silver,H&s Horses LLC,,
29110,10476,755,$500 1.10m Amateur Jumper II.1,,2667,Calypso,Josephine Demmo,Josephine Demmo,,
29110,10476,755,$500 1.10m Amateur Jumper II.1,,2726,Lightning Pj,Chloe Mouton,Chloe Mouton,,
29110,10476,755,$500 1.10m Amateur Jumper II.1,,2840,Gabriella T,Mary Collier Pope,Mary Collier Pope,,
29110,10476,755,$500 1.10m Amateur Jumper II.1,,3088,Midnight Queen,Dana Narayanappa,Dana Narayanappa,,
29111,10476,756,$500 1.10m Amateur Jumper II.2d,1,2502,Fernhill Kudos,Lynn Yoos,Lynn Yoos,,$150
29111,10476,756,$500 1.10m Amateur Jumper II.2d,2,1831,Umtiti Van De Barlebuis,Giavona Pirolo,Giavona Pirolo,,$110
29111,10476,756,$500 1.10m Amateur Jumper II.2d,3,1725,Loudon,Amy Nelson,Amy Nelson,,$75
29111,10476,756,$500 1.10m Amateur Jumper II.2d,4,2072,O'Quality Z,Jenna Wentroth,Jenna Wentroth,,$60
29111,10476,756,$500 1.10m Amateur Jumper II.2d,5,1344,Riskana Ls La Silla,Maria Balleza,Bzb Barn LLC,,$55
29111,10476,756,$500 1.10m Amateur Jumper II.2d,6,1947,Playboy Blue Vh Z,Casey M. Millis,Casey M. Millis,,$50
29111,10476,756,$500 1.10m Amateur Jumper II.2d,7,2573,Ballyforan,Teresa Martinoli,Teresa Martinoli,,
29111,10476,756,$500 1.10m Amateur Jumper II.2d,8,1589,Kali,Mireya Godoy,Mireya Godoy,,
29111,10476,756,$500 1.10m Amateur Jumper II.2d,,1042,Maiki,Taylor Oakvik,Cavalieres Sporthorses LLC,,
29111,10476,756,$500 1.10m Amateur Jumper II.2d,,1045,Qastaar Van't Heike,Taylor Oakvik,Cavalieres Sporthorses LLC,,
29111,10476,756,$500 1.10m Amateur Jumper II.2d,,1224,Lord Cornet,Ashley Ann McGehee,Ashley Ann McGehee,,
29111,10476,756,$500 1.10m Amateur Jumper II.2d,,1283,Calais,Kole Floyd,Katie Moniz Floyd,,
29111,10476,756,$500 1.10m Amateur Jumper II.2d,,1302,Sweet Caroline Na,Juliane Stephan,Juliane Stephan,,
29111,10476,756,$500 1.10m Amateur Jumper II.2d,,1326,The Getaway Car,Anna Scott Ault,Anna Scott Ault,,
29111,10476,756,$500 1.10m Amateur Jumper II.2d,,1549,Ezin Rk,Alexa Riccio,Alexa Riccio,,
29111,10476,756,$500 1.10m Amateur Jumper II.2d,,1563,Herlich,Kennedy Callis,Kennedy Callis,,
29111,10476,756,$500 1.10m Amateur Jumper II.2d,,1595,Levano,Sarah E. Turner,"Yellowstone, LLC",,
29111,10476,756,$500 1.10m Amateur Jumper II.2d,,1686,Hickstead Legend,Mason Plaumann,Mason Plaumann,,
29111,10476,756,$500 1.10m Amateur Jumper II.2d,,1758,Gof Perle D'amour,Allison Donahue,"Golden Oaks Farm, LLC",,
29111,10476,756,$500 1.10m Amateur Jumper II.2d,,1861,Darc Vader,Emily Plante,Jjp Equestrian LLC,,
29111,10476,756,$500 1.10m Amateur Jumper II.2d,,1917,Smooth Sailing,Claire Arnold,Claire Arnold,,
29111,10476,756,$500 1.10m Amateur Jumper II.2d,,1982,Herakles,Izabella Mcnerney,Izabella Mcnerney,,
29111,10476,756,$500 1.10m Amateur Jumper II.2d,,2351,Otto Pilot,Jennifer Giovino,Jennifer Giovino,,
29111,10476,756,$500 1.10m Amateur Jumper II.2d,,2398,Zenith Casall You Got,Molly Adams,Molly Adams,,
29111,10476,756,$500 1.10m Amateur Jumper II.2d,,2403,Chacco Blue's Camelot,Sophie Sacagiu,Sophie Sacagiu,,
29111,10476,756,$500 1.10m Amateur Jumper II.2d,,2404,Marylee Z,Paige Figueiredo Agrawal,Paige Figueiredo Agrawal,,
29111,10476,756,$500 1.10m Amateur Jumper II.2d,,2601,Espoir De Bethune,Bonnie Silver,H&s Horses LLC,,
29111,10476,756,$500 1.10m Amateur Jumper II.2d,,2667,Calypso,Josephine Demmo,Josephine Demmo,,
29111,10476,756,$500 1.10m Amateur Jumper II.2d,,2709,Cfh Ricardo Two You,Annika Quanbeck,Anne Quanbeck,,
29111,10476,756,$500 1.10m Amateur Jumper II.2d,,2726,Lightning Pj,Chloe Mouton,Chloe Mouton,,
29111,10476,756,$500 1.10m Amateur Jumper II.2d,,3097,Jet Setter,Jana Schwartzberg,Jana Schwartzberg,,
29111,10476,756,$500 1.10m Amateur Jumper II.2d,,3101,Chanel,Raquel V Toro,Juan Carlos Arriaga Radilla,,
29111,10476,756,$500 1.10m Amateur Jumper II.2d,,3163,Fernhill Milchem Matteo,Ved Sarma Sarkar,Ved Sarma Sarkar,,
29104,10436,757,$600 1.15m Junior/Amateur Jumper II.1,1,1702,Edita,Katie M. Savarise,"Blue Gate Stables, LLC",,$180
29104,10436,757,$600 1.15m Junior/Amateur Jumper II.1,2,1109,Odilon,Soleil Katsur,Soleil Katsur,,$132
29104,10436,757,$600 1.15m Junior/Amateur Jumper II.1,3,2966,Beast Mode,Addison Benio,Addison Benio,,$90
29104,10436,757,$600 1.15m Junior/Amateur Jumper II.1,4,1738,Dublin,Amelia Tredinnick,Carly Tredinnick,,$72
29104,10436,757,$600 1.15m Junior/Amateur Jumper II.1,5,1945,Action Girl Z,Casey M. Millis,Casey M. Millis,,$66
29104,10436,757,$600 1.15m Junior/Amateur Jumper II.1,6,1701,Chili Con Cornet,Katie M. Savarise,Simon Nizri,,$60
29104,10436,757,$600 1.15m Junior/Amateur Jumper II.1,7,1645,Comedian Of Picobello Z,Sebastian Presa Tejada,Sebastian Presa Tejada,,
29104,10436,757,$600 1.15m Junior/Amateur Jumper II.1,8,1108,Cali Blue Ps,Soleil Katsur,Soleil Katsur,,
29104,10436,757,$600 1.15m Junior/Amateur Jumper II.1,,1006,Thompson Ter Doorn Z,Maria Pantaliao,Maria Pantaliao,,
29104,10436,757,$600 1.15m Junior/Amateur Jumper II.1,,1075,Chris B,Miley Davidyan,Miley Davidyan,,
29104,10436,757,$600 1.15m Junior/Amateur Jumper II.1,,1266,Hopeful Z,Sophia Ayers,Sophia Ayers,,
29104,10436,757,$600 1.15m Junior/Amateur Jumper II.1,,1420,Cierra,Liza Guettler,Joyce C. Green,,
29104,10436,757,$600 1.15m Junior/Amateur Jumper II.1,,1421,Liverpool 56,Liza Guettler,Liza Guettler,,
29104,10436,757,$600 1.15m Junior/Amateur Jumper II.1,,1452,Onyx,Elle Bassion,Elle Bassion,,
29104,10436,757,$600 1.15m Junior/Amateur Jumper II.1,,1508,Guerrera,Dakota Sheikh,Dakota Sheikh,,
29104,10436,757,$600 1.15m Junior/Amateur Jumper II.1,,1549,Ezin Rk,Alexa Riccio,Alexa Riccio,,
29104,10436,757,$600 1.15m Junior/Amateur Jumper II.1,,1723,Berlisto,Amy Nelson,Amy Nelson,,
29104,10436,757,$600 1.15m Junior/Amateur Jumper II.1,,1776,Lavei,Alyson Jones,Alyson Jones,,
29104,10436,757,$600 1.15m Junior/Amateur Jumper II.1,,1791,Kalahari Na,Katie Drummond,Katie Drummond,,
29104,10436,757,$600 1.15m Junior/Amateur Jumper II.1,,2017,United Del Coco,Julia Worden,Julia Worden,,
29104,10436,757,$600 1.15m Junior/Amateur Jumper II.1,,2172,Castell 21,Amanda Gardiner,Amanda Gardiner,,
29104,10436,757,$600 1.15m Junior/Amateur Jumper II.1,,2397,Renkum Corsair,Molly Adams,Molly Adams,,
29104,10436,757,$600 1.15m Junior/Amateur Jumper II.1,,2821,Arianna Rv,John M. Struzzieri,John M. Struzzieri,,
29104,10436,757,$600 1.15m Junior/Amateur Jumper II.1,,2951,Elvis Blue Hallelujah,Peyton Villalona,Peyton Villalona,,
29104,10436,757,$600 1.15m Junior/Amateur Jumper II.1,,3001,Kilenka Gl,Alyssa Amberge,Alyssa Amberge,,
29105,10436,758,$600 1.15m Junior/Amateur Jumper II.2d,1,1109,Odilon,Soleil Katsur,Soleil Katsur,,$180
29105,10436,758,$600 1.15m Junior/Amateur Jumper II.2d,2,1702,Edita,Katie M. Savarise,"Blue Gate Stables, LLC",,$132
29105,10436,758,$600 1.15m Junior/Amateur Jumper II.2d,3,1738,Dublin,Amelia Tredinnick,Carly Tredinnick,,$90
29105,10436,758,$600 1.15m Junior/Amateur Jumper II.2d,4,1568,Picobella De Pot,Khloe Brinkmann,Antonio J. Martinez,,$72
29105,10436,758,$600 1.15m Junior/Amateur Jumper II.2d,5,1108,Cali Blue Ps,Soleil Katsur,Soleil Katsur,,$66
29105,10436,758,$600 1.15m Junior/Amateur Jumper II.2d,6,1420,Cierra,Liza Guettler,Joyce C. Green,,$60
29105,10436,758,$600 1.15m Junior/Amateur Jumper II.2d,7,1878,Futur Du Pomiez,Reagan Williams,"Rpw Show Horses, LLC",,
29105,10436,758,$600 1.15m Junior/Amateur Jumper II.2d,8,1794,Chico Bella Z,Lily Niebur,Lily Niebur,,
29105,10436,758,$600 1.15m Junior/Amateur Jumper II.2d,,1006,Thompson Ter Doorn Z,Maria Pantaliao,Maria Pantaliao,,
29105,10436,758,$600 1.15m Junior/Amateur Jumper II.2d,,1421,Liverpool 56,Liza Guettler,Liza Guettler,,
29105,10436,758,$600 1.15m Junior/Amateur Jumper II.2d,,1671,Il Etait Une Fois A Rivereuille,Ana Sofia Rodriguez,Rodriguez Equestrian,,
29105,10436,758,$600 1.15m Junior/Amateur Jumper II.2d,,1679,Tarzan Z,Ana Cristina Rodriguez,Rodriguez Equestrian,,
29105,10436,758,$600 1.15m Junior/Amateur Jumper II.2d,,1681,Vdl Liantha,Camille Gabrie,Rodriguez Equestrian,,
29105,10436,758,$600 1.15m Junior/Amateur Jumper II.2d,,1701,Chili Con Cornet,Katie M. Savarise,Simon Nizri,,
29105,10436,758,$600 1.15m Junior/Amateur Jumper II.2d,,1723,Berlisto,Amy Nelson,Amy Nelson,,
29105,10436,758,$600 1.15m Junior/Amateur Jumper II.2d,,1776,Lavei,Alyson Jones,Alyson Jones,,
29105,10436,758,$600 1.15m Junior/Amateur Jumper II.2d,,1791,Kalahari Na,Katie Drummond,Katie Drummond,,
29105,10436,758,$600 1.15m Junior/Amateur Jumper II.2d,,2017,United Del Coco,Julia Worden,Julia Worden,,
29105,10436,758,$600 1.15m Junior/Amateur Jumper II.2d,,2201,Diablo,Stella Kraemer,Ashland Farms,,
29105,10436,758,$600 1.15m Junior/Amateur Jumper II.2d,,2397,Renkum Corsair,Molly Adams,Molly Adams,,
29105,10436,758,$600 1.15m Junior/Amateur Jumper II.2d,,2792,Helia Des Bergeries,Debbie Smith,Debbie Smith,,
29105,10436,758,$600 1.15m Junior/Amateur Jumper II.2d,,2951,Elvis Blue Hallelujah,Peyton Villalona,Peyton Villalona,,
29105,10436,758,$600 1.15m Junior/Amateur Jumper II.2d,,3096,Caltitza,Francisco E. Toro,Francisco E. Toro,,
29105,10436,758,$600 1.15m Junior/Amateur Jumper II.2d,,3158,Douglas,Adina Gesthalter,Alg Farms LLC,,
29105,10436,758,$600 1.15m Junior/Amateur Jumper II.2d,,3163,Fernhill Milchem Matteo,Ved Sarma Sarkar,Ved Sarma Sarkar,,
29477,10539,768,$1500 1.20m Junior/Amateur Jumper II.1,1,1781,Una Beretta,Lukene Arenas,Alpine Stables LLC,,$450
29477,10539,768,$1500 1.20m Junior/Amateur Jumper II.1,2,1018,Flint T.s. Et,Camille Pacheco,Camille Pacheco,,$330
29477,10539,768,$1500 1.20m Junior/Amateur Jumper II.1,3,2531,Satis Van Het Moeshof,Jesus A. Rigu,Evergate Stables LLC,,$225
29477,10539,768,$1500 1.20m Junior/Amateur Jumper II.1,4,2704,Newberry Balia Nl,Hayley G. Waters Wear,Dana G. Waters,,$180
29477,10539,768,$1500 1.20m Junior/Amateur Jumper II.1,5,1946,Kashmir,Casey M. Millis,Casey M. Millis,,$165
29477,10539,768,$1500 1.20m Junior/Amateur Jumper II.1,6,1984,Olli Van De Zuuthoeve,Dana Narayanappa,Dana Narayanappa,,$150
29477,10539,768,$1500 1.20m Junior/Amateur Jumper II.1,7,1418,Vdl Friedakilly R Z,Ana Sofia Rodriguez,Rodriguez Equestrian,,
29477,10539,768,$1500 1.20m Junior/Amateur Jumper II.1,8,1337,Double R Jacaranda,Carlota Goyeneche,Carlota Goyeneche,,
29477,10539,768,$1500 1.20m Junior/Amateur Jumper II.1,,1039,King Z,Victoria Rotsaert,River Gates Ivy LLC,,
29477,10539,768,$1500 1.20m Junior/Amateur Jumper II.1,,1076,Curioso Van Maarle Z,Miley Davidyan,Miley Davidyan,,
29477,10539,768,$1500 1.20m Junior/Amateur Jumper II.1,,1088,Titan,Mckenzie Miller,Mckenzie Miller,,
29477,10539,768,$1500 1.20m Junior/Amateur Jumper II.1,,1346,Britney Ps,Cullen Drescher,Redfield Farm,,
29477,10539,768,$1500 1.20m Junior/Amateur Jumper II.1,,1507,Cyrus,Dakota Sheikh,Dakota Sheikh,,
29477,10539,768,$1500 1.20m Junior/Amateur Jumper II.1,,1678,Seattle,Ana Sofia Perez,Emco Holding LLC,,
29477,10539,768,$1500 1.20m Junior/Amateur Jumper II.1,,1680,Vdl Jamorkus,Ana Sofia Rodriguez,Rodriguez Equestrian,,
29477,10539,768,$1500 1.20m Junior/Amateur Jumper II.1,,2074,Carlina,Nadine Beck,Nadine Beck,,
29477,10539,768,$1500 1.20m Junior/Amateur Jumper II.1,,2078,Lissino,Khloe Kerins,Darragh Kerins,,
29477,10539,768,$1500 1.20m Junior/Amateur Jumper II.1,,2160,North Shore Hal,H Douglas Schreiber,H Dougl Schreiber,,
29477,10539,768,$1500 1.20m Junior/Amateur Jumper II.1,,2181,Chaning Tatum,Samantha Mccleerey,Samantha Mccleerey,,
29477,10539,768,$1500 1.20m Junior/Amateur Jumper II.1,,2313,Mtm Bubba,Evana Somareddy,Davenport Farms,,
29477,10539,768,$1500 1.20m Junior/Amateur Jumper II.1,,2388,Choco Du Reverdy,Sophie Heap,Alex Pace,,
29477,10539,768,$1500 1.20m Junior/Amateur Jumper II.1,,2399,Wineham,Danae Oliveri,Danae Oliveri,,
29477,10539,768,$1500 1.20m Junior/Amateur Jumper II.1,,2402,Diabalou Ps,Lukene Arenas,Alpine Stables LLC,,
29477,10539,768,$1500 1.20m Junior/Amateur Jumper II.1,,2722,de Lisle Apollo,Mia Smith,Mia Smith,,
29477,10539,768,$1500 1.20m Junior/Amateur Jumper II.1,,3005,Kilmastulla Quality Touch,Seanna Reser,Stacey L. Reser,,
29477,10539,768,$1500 1.20m Junior/Amateur Jumper II.1,,3042,Makuna,Savannah Groselle,Darragh Kerins,,
29478,10539,769,$1500 1.20m Junior/Amateur Jumper II.2d,1,1508,Guerrera,Dakota Sheikh,Dakota Sheikh,,$450
29478,10539,769,$1500 1.20m Junior/Amateur Jumper II.2d,2,2526,Bonnie M Z,Jesus A. Rigu,Gianni Gabrielli,,$330
29478,10539,769,$1500 1.20m Junior/Amateur Jumper II.2d,3,1039,King Z,Victoria Rotsaert,River Gates Ivy LLC,,$225
29478,10539,769,$1500 1.20m Junior/Amateur Jumper II.2d,4,1644,Business Concept Z,Catalina Arzu,Catalina Arzu,,$180
29478,10539,769,$1500 1.20m Junior/Amateur Jumper II.2d,5,2294,Onetta Vd Fruitkorf Z,Bailey P. Tims-Ferira,Bailey P. Tims-Ferira,,$165
29478,10539,769,$1500 1.20m Junior/Amateur Jumper II.2d,6,1680,Vdl Jamorkus,Ana Sofia Rodriguez,Rodriguez Equestrian,,$150
29478,10539,769,$1500 1.20m Junior/Amateur Jumper II.2d,7,2717,Catoki's Fly Girl,Campbell Lear,Campbell Lear,,
29478,10539,769,$1500 1.20m Junior/Amateur Jumper II.2d,8,2388,Choco Du Reverdy,Sophie Heap,Alex Pace,,
29478,10539,769,$1500 1.20m Junior/Amateur Jumper II.2d,,1018,Flint T.s. Et,Camille Pacheco,Camille Pacheco,,
29478,10539,769,$1500 1.20m Junior/Amateur Jumper II.2d,,1025,Dodicci,Carsyn Korotkin,"Castlewood Farm, Inc.",,
29478,10539,769,$1500 1.20m Junior/Amateur Jumper II.2d,,1088,Titan,Mckenzie Miller,Mckenzie Miller,,
29478,10539,769,$1500 1.20m Junior/Amateur Jumper II.2d,,1337,Double R Jacaranda,Carlota Goyeneche,Carlota Goyeneche,,
29478,10539,769,$1500 1.20m Junior/Amateur Jumper II.2d,,1346,Britney Ps,Cullen Drescher,Redfield Farm,,
29478,10539,769,$1500 1.20m Junior/Amateur Jumper II.2d,,1440,Maeberry,Ryan Haselden,Kristina Photakis,,
29478,10539,769,$1500 1.20m Junior/Amateur Jumper II.2d,,1519,Mtm Clarcona,Anna Mead,Anna Mead,,
29478,10539,769,$1500 1.20m Junior/Amateur Jumper II.2d,,1659,London Star,Barbara H. Center,Barbara H. Center,,
29478,10539,769,$1500 1.20m Junior/Amateur Jumper II.2d,,1877,Daham,Reagan Williams,"Rpw Show Horses, LLC",,
29478,10539,769,$1500 1.20m Junior/Amateur Jumper II.2d,,2074,Carlina,Nadine Beck,Nadine Beck,,
29478,10539,769,$1500 1.20m Junior/Amateur Jumper II.2d,,2127,Yalambi's Jingle Bell,Zara Adnams,Reece Adnams,,
29478,10539,769,$1500 1.20m Junior/Amateur Jumper II.2d,,2168,Alejandro Fcf,Averie Foss,"Neverland Farms, LLC",,
29478,10539,769,$1500 1.20m Junior/Amateur Jumper II.2d,,2291,Fleurescent,Christine M. Reilly,Christine M. Reilly,,
29478,10539,769,$1500 1.20m Junior/Amateur Jumper II.2d,,2399,Wineham,Danae Oliveri,Danae Oliveri,,
29478,10539,769,$1500 1.20m Junior/Amateur Jumper II.2d,,2718,Lucas 274,Valeska Furlong,John M. Charlebois,,
29478,10539,769,$1500 1.20m Junior/Amateur Jumper II.2d,,3005,Kilmastulla Quality Touch,Seanna Reser,Stacey L. Reser,,
29478,10539,769,$1500 1.20m Junior/Amateur Jumper II.2d,,3042,Makuna,Savannah Groselle,Darragh Kerins,,
33465,11986,775,$2000 1.30m JR/AM Jumper II.1,1,2528,Indigo,Jesus A. Rigu,Maba Equestrian,,$600
33465,11986,775,$2000 1.30m JR/AM Jumper II.1,5,1347,Oscars Afterparty,Cullen Drescher,The Goodspeed Group LLC,,$220
33465,11986,775,$2000 1.30m JR/AM Jumper II.1,2,2874,Dropshot Z,Jordan Petersen,Jordan Petersen,,$440
33465,11986,775,$2000 1.30m JR/AM Jumper II.1,6,1225,Cardline Kdw Z,Sara Setian,Sara Setian,,$200
33465,11986,775,$2000 1.30m JR/AM Jumper II.1,3,2706,Pop Tart,Hayley G. Waters Wear,Mr. & Mrs. Chuck Waters,,$300
33465,11986,775,$2000 1.30m JR/AM Jumper II.1,4,1994,Marjolita,Molly Frei,Frei Equestrian LLC,,$240
33465,11986,775,$2000 1.30m JR/AM Jumper II.1,7,2714,Buga Z,Dolores Funes,Samuel Parot,,
33465,11986,775,$2000 1.30m JR/AM Jumper II.1,,1214,Madette S,Sara Setian,Sara Setian,,
33465,11986,775,$2000 1.30m JR/AM Jumper II.1,,2536,Executive,Sharon S. Maloney,Sharon S. Maloney,,
33465,11986,775,$2000 1.30m JR/AM Jumper II.1,,2569,Night Light,Hanna R. Egan,Hanna R. Egan,,
33465,11986,775,$2000 1.30m JR/AM Jumper II.1,8,1038,Kindly,Carsyn Korotkin,Sandalwood Farms,,
33465,11986,775,$2000 1.30m JR/AM Jumper II.1,,2534,Callisto De Fetan Z,Katherine Standley,Katherine Standley,,
33465,11986,775,$2000 1.30m JR/AM Jumper II.1,,1674,Koblenz,Ana Cristina Rodriguez,Sophie Heron,,
33465,11986,775,$2000 1.30m JR/AM Jumper II.1,,2076,Condo Lh,Nadine Beck,Nadine Beck,,
33465,11986,775,$2000 1.30m JR/AM Jumper II.1,,1689,Nastelina Van De Witte Driesendijk,Michelle Lin,Michelle Lin,,
33465,11986,775,$2000 1.30m JR/AM Jumper II.1,,2292,Icarus,Bailey P. Tims-Ferira,Bailey P. Tims-Ferira,,
33465,11986,775,$2000 1.30m JR/AM Jumper II.1,,1438,Comeback Queen,Mckenzie Badley,Mckenzie Badley,,
33465,11986,775,$2000 1.30m JR/AM Jumper II.1,,2735,Newcomer Z,Xavier Gomez,Dana Kurrle,,
33465,11986,775,$2000 1.30m JR/AM Jumper II.1,,1025,Dodicci,Carsyn Korotkin,"Castlewood Farm, Inc.",,
33465,11986,775,$2000 1.30m JR/AM Jumper II.1,,1253,I'M Du Vinia,Lizabeth Perez-Pascual,Lizabeth Perez-Pascual,,
33465,11986,775,$2000 1.30m JR/AM Jumper II.1,,1269,Ira De Span,Jose Montenegro,Jose Montenegro,,
33465,11986,775,$2000 1.30m JR/AM Jumper II.1,,2126,Momentum,Zara Adnams,Roberto Teran Tafur,,
33465,11986,775,$2000 1.30m JR/AM Jumper II.1,,2159,Jericho,H Dougl Schreiber,H Dougl Schreiber,,
33465,11986,775,$2000 1.30m JR/AM Jumper II.1,,2299,Cornet Special,Aurora R. Rangel De Alba,Aurora R. Rangel De Alba,,
33465,11986,775,$2000 1.30m JR/AM Jumper II.1,,2300,Jumper,Aurora R. Rangel De Alba,"Integrated Services Florida, LLC",,
33465,11986,775,$2000 1.30m JR/AM Jumper II.1,,2557,A Golden Girl Sh Z,Taylor Finkle,Taylor Finkle,,
33465,11986,775,$2000 1.30m JR/AM Jumper II.1,,2718,Lucas 274,Valeska Furlong,John M. Charlebois,,
33465,11986,775,$2000 1.30m JR/AM Jumper II.1,,2983,Miracle Es,Savannah Groselle,Savannah Groselle,,
33466,11986,776,$2000 1.30m JR/AM Jumper II.2d,1,3087,India-S,Lola Bacardi,Lola Bacardi,,$600
33466,11986,776,$2000 1.30m JR/AM Jumper II.2d,2,1347,Oscars Afterparty,Cullen Drescher,The Goodspeed Group LLC,,$440
33466,11986,776,$2000 1.30m JR/AM Jumper II.2d,3,1438,Comeback Queen,Mckenzie Badley,Mckenzie Badley,,$300
33466,11986,776,$2000 1.30m JR/AM Jumper II.2d,4,1994,Marjolita,Molly Frei,Frei Equestrian LLC,,$240
33466,11986,776,$2000 1.30m JR/AM Jumper II.2d,5,2078,Lissino,Khloe Kerins,Darragh Kerins,,$220
33466,11986,776,$2000 1.30m JR/AM Jumper II.2d,6,2983,Miracle Es,Savannah Groselle,Savannah Groselle,,$200
33466,11986,776,$2000 1.30m JR/AM Jumper II.2d,8,1566,Itos S,Noemi Koziol,Noemi Koziol,,
33466,11986,776,$2000 1.30m JR/AM Jumper II.2d,,1666,F.ellouette,Sebastian Presa Tejada,Sebastian Presa Tejada,,
33466,11986,776,$2000 1.30m JR/AM Jumper II.2d,7,1571,Shadowfax 111,Noemi Koziol,Noemi Koziol,,
33466,11986,776,$2000 1.30m JR/AM Jumper II.2d,,2714,Buga Z,Dolores Funes,Samuel Parot,,
33466,11986,776,$2000 1.30m JR/AM Jumper II.2d,,2126,Momentum,Zara Adnams,Roberto Teran Tafur,,
33466,11986,776,$2000 1.30m JR/AM Jumper II.2d,,2091,Cismet 4,Alexandra Welles,Itasca Group LLC,,
33466,11986,776,$2000 1.30m JR/AM Jumper II.2d,,1689,Nastelina Van De Witte Driesendijk,Michelle Lin,Michelle Lin,,
33466,11986,776,$2000 1.30m JR/AM Jumper II.2d,,2395,Gigi Top 2,Maja Mossberg,Maja Mossberg,,
33466,11986,776,$2000 1.30m JR/AM Jumper II.2d,,1678,Seattle,Ana Sofia Perez,Emco Holding LLC,,
33466,11986,776,$2000 1.30m JR/AM Jumper II.2d,,1253,I'M Du Vinia,Lizabeth Perez-Pascual,Lizabeth Perez-Pascual,,
33466,11986,776,$2000 1.30m JR/AM Jumper II.2d,,1569,Rondalla Ls,Victoria Fazio,Tack Up Stables 2 LLC,,
33466,11986,776,$2000 1.30m JR/AM Jumper II.2d,,1694,Hector Du Gue,Ryan Haselden,Ryan Haselden,,
33466,11986,776,$2000 1.30m JR/AM Jumper II.2d,,1856,Zara Www,Kate Phillips,Kate Phillips,,
33466,11986,776,$2000 1.30m JR/AM Jumper II.2d,,2534,Callisto De Fetan Z,Katherine Standley,Katherine Standley,,
33466,11986,776,$2000 1.30m JR/AM Jumper II.2d,,2718,Lucas 274,Valeska Furlong,John M. Charlebois,,
29095,10458,781,$2500 1.40m Jr/Am Jumper II.1,1,1259,Calimero Z,Mallory Vale,Thinkslikeahorse,,$625
29095,10458,781,$2500 1.40m Jr/Am Jumper II.1,2,1037,Insider Bh,Victoria Rotsaert,River Gates Ivy LLC,,$475
29095,10458,781,$2500 1.40m Jr/Am Jumper II.1,3,2338,Central Park,Maleah Lang Mcmahon,Maleah Lang Mcmahon,,$375
29095,10458,781,$2500 1.40m Jr/Am Jumper II.1,4,1736,Garrincha Van De Kalevallei,Maleah Lang Mcmahon,Linda Bammann,,$250
29095,10458,781,$2500 1.40m Jr/Am Jumper II.1,5,2617,Istina Van De Kapel,Georgia Bouzaid,Georgia Bouzaid,,$225
29095,10458,781,$2500 1.40m Jr/Am Jumper II.1,6,1002,Balou's Paul Ps,Diego Gaspar De Goes,Wellington Equestrian Center Inc,,$200
29095,10458,781,$2500 1.40m Jr/Am Jumper II.1,7,2864,Dominator Touch Z,Kalli Core,Kalli Core,,$175
29095,10458,781,$2500 1.40m Jr/Am Jumper II.1,8,2081,Rsk Quality Cruise,Khloe Kerins,Darragh Kerins,,$175
29095,10458,781,$2500 1.40m Jr/Am Jumper II.1,,2394,Bambina,Elin Mossberg,Elin Mossberg,,
29095,10458,781,$2500 1.40m Jr/Am Jumper II.1,,1753,Cecilija,Tyra Cleary,Tc Sporthorses LLC,,
29095,10458,781,$2500 1.40m Jr/Am Jumper II.1,,1430,Karlotta Cl,Alejandra Ortiz Orozco,Alejandra Ortiz Orozco,,
29096,10458,782,$2500 1.40m Jr/Am Jumper II.2d,1,2721,Conkelkiefer,Mia Smith,Mia Smith,,$625
29096,10458,782,$2500 1.40m Jr/Am Jumper II.2d,2,1574,Valdes,Athena Lekkas,Athena Lekkas,,$475
29096,10458,782,$2500 1.40m Jr/Am Jumper II.2d,3,1038,Kindly,Carsyn Korotkin,Sandalwood Farms,,$375
29096,10458,782,$2500 1.40m Jr/Am Jumper II.2d,4,1037,Insider Bh,Victoria Rotsaert,River Gates Ivy LLC,,$250
29096,10458,782,$2500 1.40m Jr/Am Jumper II.2d,5,2727,Global Ph Cocofino,Tyla Hackett,Tyla Hackett,,$225
29096,10458,782,$2500 1.40m Jr/Am Jumper II.2d,6,2076,Condo Lh,Nadine Beck,Nadine Beck,,$200
29096,10458,782,$2500 1.40m Jr/Am Jumper II.2d,7,2081,Rsk Quality Cruise,Khloe Kerins,Darragh Kerins,,$175
29096,10458,782,$2500 1.40m Jr/Am Jumper II.2d,8,1259,Calimero Z,Mallory Vale,Thinkslikeahorse,,$175
29096,10458,782,$2500 1.40m Jr/Am Jumper II.2d,,1044,Peridoni 20,Elisabeth Rotsaert,River Gates Ivy LLC,,
29096,10458,782,$2500 1.40m Jr/Am Jumper II.2d,,1753,Cecilija,Tyra Cleary,Tc Sporthorses LLC,,
29096,10458,782,$2500 1.40m Jr/Am Jumper II.2d,,2394,Bambina,Elin Mossberg,Elin Mossberg,,
29180,0,803,"$10,000 Buckeye Nutrition Futures Prix 1.40m II.2b",1,1882,Kara J D'alve Z,Alexandria Beneson,Alexandria Beneson,,"$2,500"
29180,0,803,"$10,000 Buckeye Nutrition Futures Prix 1.40m II.2b",2,2875,Kawir Ms,Jared P. Petersen,Jordan Petersen,,"$1,900"
29180,0,803,"$10,000 Buckeye Nutrition Futures Prix 1.40m II.2b",3,1417,Vajra Du Blay,Emilio Medina,Emilio Medina,,"$1,400"
29180,0,803,"$10,000 Buckeye Nutrition Futures Prix 1.40m II.2b",4,2337,Cassina,Maleah Lang Mcmahon,Shimona Fraid,,$900
29180,0,803,"$10,000 Buckeye Nutrition Futures Prix 1.40m II.2b",5,1695,I Jump D'authuit,Declan Egan,Laura Connolly,,$800
29180,0,803,"$10,000 Buckeye Nutrition Futures Prix 1.40m II.2b",6,1426,Orchidee Vd Bisschop,Devin A. Seek,Stefano Baruzzo LLC,,$700
29180,0,803,"$10,000 Buckeye Nutrition Futures Prix 1.40m II.2b",8,3036,Luttoria,Tom Monaghan,The Thursley Group LTD,,$475
29180,0,803,"$10,000 Buckeye Nutrition Futures Prix 1.40m II.2b",7,1182,Lupina Colada,Wilton J. Porter,Sleepy P Ranch Bv,,$600
29180,0,803,"$10,000 Buckeye Nutrition Futures Prix 1.40m II.2b",10,1066,Lufrieda Vdl,Clara Vidal,Clara Vidal,,$350
29180,0,803,"$10,000 Buckeye Nutrition Futures Prix 1.40m II.2b",9,2124,Spy,Paul O'Shea,Team Eye Candy,,$375
29180,0,803,"$10,000 Buckeye Nutrition Futures Prix 1.40m II.2b",12,1112,Cavendish,Wilton J. Porter,Sleepy P Ranch Bv,,
29180,0,803,"$10,000 Buckeye Nutrition Futures Prix 1.40m II.2b",,1416,Nova,Juan A. Rodriguez Silva,Diego Loria,,
29180,0,803,"$10,000 Buckeye Nutrition Futures Prix 1.40m II.2b",,1341,Modena Lc,Juan J. Bancalari,Manuel Bancalari,,
29180,0,803,"$10,000 Buckeye Nutrition Futures Prix 1.40m II.2b",11,1002,Balou's Paul Ps,Diego Gaspar De Goes,Wellington Equestrian Center Inc,,
29180,0,803,"$10,000 Buckeye Nutrition Futures Prix 1.40m II.2b",,1415,Nijerite,Diego Loria,Diego Loria,,
29180,0,803,"$10,000 Buckeye Nutrition Futures Prix 1.40m II.2b",,2993,Delando De St Leger,Dorothy Douglas,Daniel Geitner,,
29180,0,803,"$10,000 Buckeye Nutrition Futures Prix 1.40m II.2b",,2953,Ivanhoe,Elizabeth Schumann,"Light Speed Equestrian, LLC",,
29180,0,803,"$10,000 Buckeye Nutrition Futures Prix 1.40m II.2b",,3086,Accelerator,Fabian Herrera,Fabian Herrera,,
29180,0,803,"$10,000 Buckeye Nutrition Futures Prix 1.40m II.2b",,1017,Défi De La Roque,Juan Benítez,Camille Pacheco,,
29180,0,803,"$10,000 Buckeye Nutrition Futures Prix 1.40m II.2b",,1213,Gof Casamigos,Megan Wexler,"Golden Oaks Farm, LLC",,
29180,0,803,"$10,000 Buckeye Nutrition Futures Prix 1.40m II.2b",,2004,Apollo,Ashley Romano,Ashley Romano,,
29180,0,803,"$10,000 Buckeye Nutrition Futures Prix 1.40m II.2b",,2932,Dakota Z,Jelmer Hoekstra,Hoekstra Stables,,
29180,0,803,"$10,000 Buckeye Nutrition Futures Prix 1.40m II.2b",,3037,Malmo 54,Tom Monaghan,Tom Monaghan,,
29455,0,804,"$15,000 C. Jarvis Insurance Welcome Prix 1.40m II.2b",1,2880,Valentine Car,Sharn L. Wordley,Della Wordley,,"$4,500"
29455,0,804,"$15,000 C. Jarvis Insurance Welcome Prix 1.40m II.2b",2,1030,Hermes D'armanville,Tanner Korotkin,Jd Legacy LLC,,"$3,300"
29455,0,804,"$15,000 C. Jarvis Insurance Welcome Prix 1.40m II.2b",3,2879,Mick Jagger,Sharn L. Wordley,Della Wordley,,"$1,950"
29455,0,804,"$15,000 C. Jarvis Insurance Welcome Prix 1.40m II.2b",4,2955,Cameron 38,Kirk Webby,Jamie M. Stryker,,"$1,200"
29455,0,804,"$15,000 C. Jarvis Insurance Welcome Prix 1.40m II.2b",5,1783,Gucci Musterd,Bruno Diniz Das Neves,Laura Khorshid,,$900
29455,0,804,"$15,000 C. Jarvis Insurance Welcome Prix 1.40m II.2b",7,1784,Storiall Blue,Stella Stinnett,"Heathman Farm, LLC",,$550
29455,0,804,"$15,000 C. Jarvis Insurance Welcome Prix 1.40m II.2b",6,1047,Sandenal,Tanner Korotkin,Cavalieres Sporthorses LLC,,$750
29455,0,804,"$15,000 C. Jarvis Insurance Welcome Prix 1.40m II.2b",10,2931,Bellissima Dh Z,Jelmer Hoekstra,Hoekstra Stables,,$350
29455,0,804,"$15,000 C. Jarvis Insurance Welcome Prix 1.40m II.2b",,2123,Primo Cbi Cornet,Paul O'Shea,Team Eye Candy,,
29455,0,804,"$15,000 C. Jarvis Insurance Welcome Prix 1.40m II.2b",8,3036,Luttoria,Tom Monaghan,The Thursley Group LTD,,$400
29455,0,804,"$15,000 C. Jarvis Insurance Welcome Prix 1.40m II.2b",,1742,Mason,Aidan Murphy,Linda Murphy,,
29455,0,804,"$15,000 C. Jarvis Insurance Welcome Prix 1.40m II.2b",9,1323,Uncle John's Band,Camille Maynard,Anne C. Hormel,,$400
29455,0,804,"$15,000 C. Jarvis Insurance Welcome Prix 1.40m II.2b",,1223,Ledoux,Megan Wexler,Felyn Farms,,
29455,0,804,"$15,000 C. Jarvis Insurance Welcome Prix 1.40m II.2b",,2886,Venezia D'austral Z,Ryan Michael Genn,Bridlebourne Stables LLC,,
29455,0,804,"$15,000 C. Jarvis Insurance Welcome Prix 1.40m II.2b",,2043,Edward Z,Ciaran Flynn,Mclain Ward,,
29455,0,804,"$15,000 C. Jarvis Insurance Welcome Prix 1.40m II.2b",11,2934,Jalanne,Jelmer Hoekstra,November Hill,,$350
29455,0,804,"$15,000 C. Jarvis Insurance Welcome Prix 1.40m II.2b",,2618,Quina Blue Ps,Timothy Maddrix,Lynne A. Skaryak,,
29455,0,804,"$15,000 C. Jarvis Insurance Welcome Prix 1.40m II.2b",12,2883,Faveur De Piquet,Ryan Michael Genn,Irish Escapades LLC,,$350
29455,0,804,"$15,000 C. Jarvis Insurance Welcome Prix 1.40m II.2b",,1995,Camino Imperio Egípcio,Ali Arbabi,Ali Arbabi,,
29455,0,804,"$15,000 C. Jarvis Insurance Welcome Prix 1.40m II.2b",,1919,Carla,Selcuk Koksalan,Leyla Stables LLC,,
29455,0,804,"$15,000 C. Jarvis Insurance Welcome Prix 1.40m II.2b",,1044,Peridoni 20,Elisabeth Rotsaert,River Gates Ivy LLC,,
29455,0,804,"$15,000 C. Jarvis Insurance Welcome Prix 1.40m II.2b",,1111,Mtm Apple,Tracy Fenney,Mtm Farm,,
29455,0,804,"$15,000 C. Jarvis Insurance Welcome Prix 1.40m II.2b",,1181,Kentucky N,Wilton J. Porter,Sleepy P Ranch Bv,,
29455,0,804,"$15,000 C. Jarvis Insurance Welcome Prix 1.40m II.2b",,1700,Chacoons Bellis Z,Todd D. Minikus,Todd D. Minikus,,
29455,0,804,"$15,000 C. Jarvis Insurance Welcome Prix 1.40m II.2b",,1882,Kara J D'alve Z,Alexandria Beneson,Alexandria Beneson,,
29455,0,804,"$15,000 C. Jarvis Insurance Welcome Prix 1.40m II.2b",,1960,Candeux,Lauren E. Hough,"Abs Candeux, LLC",,
29455,0,804,"$15,000 C. Jarvis Insurance Welcome Prix 1.40m II.2b",,1996,Thor Jr,Ali Arbabi,Kalany Stables,,
29455,0,804,"$15,000 C. Jarvis Insurance Welcome Prix 1.40m II.2b",,2094,Gold Du Rouet,Taylor St Jacques,"Bridlegate Farm, LLC",,
29455,0,804,"$15,000 C. Jarvis Insurance Welcome Prix 1.40m II.2b",,2124,Spy,Paul O'Shea,Team Eye Candy,,
29455,0,804,"$15,000 C. Jarvis Insurance Welcome Prix 1.40m II.2b",,2362,Constantin De Hus,John Michael Durr,Worth The Wait LLC,,
29455,0,804,"$15,000 C. Jarvis Insurance Welcome Prix 1.40m II.2b",,2952,Glenara Chacco Dp,Brian Murphy,"Light Speed Equestrian, LLC",,
29455,0,804,"$15,000 C. Jarvis Insurance Welcome Prix 1.40m II.2b",,2957,Oo Seven De L'equipe,Kirk Webby,Doris J. Leventhal,,
29455,0,804,"$15,000 C. Jarvis Insurance Welcome Prix 1.40m II.2b",,3011,Guibet P,Amanda Gomez,Ferme Tandem,,
29413,0,805,"$50,000 First Equestrian Grand Prix 1.45m II.2a Am Std",1,1111,Mtm Apple,Tracy Fenney,Mtm Farm,,"$15,000"
29413,0,805,"$50,000 First Equestrian Grand Prix 1.45m II.2a Am Std",4,2879,Mick Jagger,Sharn L. Wordley,Della Wordley,,"$4,000"
29413,0,805,"$50,000 First Equestrian Grand Prix 1.45m II.2a Am Std",6,2123,Primo Cbi Cornet,Paul O'Shea,Team Eye Candy,,"$2,500"
29413,0,805,"$50,000 First Equestrian Grand Prix 1.45m II.2a Am Std",5,1181,Kentucky N,Wilton J. Porter,Sleepy P Ranch Bv,,"$3,000"
29413,0,805,"$50,000 First Equestrian Grand Prix 1.45m II.2a Am Std",2,2094,Gold Du Rouet,Taylor St Jacques,"Bridlegate Farm, LLC",,"$11,000"
29413,0,805,"$50,000 First Equestrian Grand Prix 1.45m II.2a Am Std",3,129,Mtm Can Talk To Me,Tracy Fenney,Nina K. Koloseike,,"$6,500"
29413,0,805,"$50,000 First Equestrian Grand Prix 1.45m II.2a Am Std",7,159,S&l Protector,Ciaran Flynn,S & L Farms,,"$2,000"
29413,0,805,"$50,000 First Equestrian Grand Prix 1.45m II.2a Am Std",9,152,Gradje O,Samuel Parot,Samuel Parot,,"$1,500"
29413,0,805,"$50,000 First Equestrian Grand Prix 1.45m II.2a Am Std",10,2883,Faveur De Piquet,Ryan Michael Genn,Irish Escapades LLC,,"$1,000"
29413,0,805,"$50,000 First Equestrian Grand Prix 1.45m II.2a Am Std",8,1783,Gucci Musterd,Bruno Diniz Das Neves,Laura Khorshid,,"$1,500"
29413,0,805,"$50,000 First Equestrian Grand Prix 1.45m II.2a Am Std",11,2886,Venezia D'austral Z,Ryan Michael Genn,Bridlebourne Stables LLC,,"$1,000"
29413,0,805,"$50,000 First Equestrian Grand Prix 1.45m II.2a Am Std",12,2880,Valentine Car,Sharn L. Wordley,Della Wordley,,"$1,000"
29413,0,805,"$50,000 First Equestrian Grand Prix 1.45m II.2a Am Std",,2934,Jalanne,Jelmer Hoekstra,November Hill,,
29413,0,805,"$50,000 First Equestrian Grand Prix 1.45m II.2a Am Std",,2952,Glenara Chacco Dp,Brian Murphy,"Light Speed Equestrian, LLC",,
29413,0,805,"$50,000 First Equestrian Grand Prix 1.45m II.2a Am Std",,1412,Quala Vd Rollebeek,Diego Bedoya,Nrg Farm LLC,,
29413,0,805,"$50,000 First Equestrian Grand Prix 1.45m II.2a Am Std",,2955,Cameron 38,Kirk Webby,Jamie M. Stryker,,
29413,0,805,"$50,000 First Equestrian Grand Prix 1.45m II.2a Am Std",,1030,Hermes D'armanville,Tanner Korotkin,Jd Legacy LLC,,
29413,0,805,"$50,000 First Equestrian Grand Prix 1.45m II.2a Am Std",,1047,Sandenal,Tanner Korotkin,Cavalieres Sporthorses LLC,,
29413,0,805,"$50,000 First Equestrian Grand Prix 1.45m II.2a Am Std",,1244,Kankan,Brittni A. Raflowitz,Esi Show Jumpers,,
29413,0,805,"$50,000 First Equestrian Grand Prix 1.45m II.2a Am Std",,1323,Uncle John's Band,Camille Maynard,Anne C. Hormel,,
29413,0,805,"$50,000 First Equestrian Grand Prix 1.45m II.2a Am Std",,1546,Tupac Van De Vrombautshoeve Z,Paige Jones,"Amberfax Farm, Inc",,
29413,0,805,"$50,000 First Equestrian Grand Prix 1.45m II.2a Am Std",,1551,Scenorrado Vd Hunters Z,Madison Wayda Smith,Madison Wayda Smith,,
29413,0,805,"$50,000 First Equestrian Grand Prix 1.45m II.2a Am Std",,2618,Quina Blue Ps,Timothy Maddrix,Lynne A. Skaryak,,
29121,10483,809,$500 .95m Novice Junior Classic II.2b,1,1516,Grandia,Esme Desautel,Melissa Burns,,$150
29121,10483,809,$500 .95m Novice Junior Classic II.2b,2,1779,Lowie Van De Opstal,Zeynep Mira Ozyurt,Zeynep Mira Ozyurt,,$110
29121,10483,809,$500 .95m Novice Junior Classic II.2b,3,1422,Perry Girl,Frederica Alcalay,Frederica Alcalay,,$75
29121,10483,809,$500 .95m Novice Junior Classic II.2b,4,1073,Zamba,Campbell Cobb,Daniela Roy,,$60
29121,10483,809,$500 .95m Novice Junior Classic II.2b,5,1598,Sublime,Pranadha Sheela,"S & P Elite Equestrian, LLC",,$55
29121,10483,809,$500 .95m Novice Junior Classic II.2b,6,2460,Tenor Van't Klavertje Vier,Lola Applebaum,Lola Applebaum,,$50
29121,10483,809,$500 .95m Novice Junior Classic II.2b,7,1057,Epik,Côme Bettant,Côme Bettant,,
29121,10483,809,$500 .95m Novice Junior Classic II.2b,8,1514,Glamour Des Forets,Esme Desautel,Libby Woodworth,,
29121,10483,809,$500 .95m Novice Junior Classic II.2b,9,2870,Bonne Chance,Alexandra Stauffer,Nathaniel Aldrich,,
29121,10483,809,$500 .95m Novice Junior Classic II.2b,10,2611,Tyamo,Peyton Krumin,"Asahi Sporthorses, LLC",,
29121,10483,809,$500 .95m Novice Junior Classic II.2b,11,1673,Katja,Natalia Perez,Rodriguez Equestrian,,
29121,10483,809,$500 .95m Novice Junior Classic II.2b,12,1345,Waterloo Rose,Estefania Lee,Estefania Lee,,
29121,10483,809,$500 .95m Novice Junior Classic II.2b,,1051,Cajou Mm,Gabriela Mccloskey,Gabriela Mccloskey,,
29121,10483,809,$500 .95m Novice Junior Classic II.2b,,1053,Carrizal,Alexandria Gonzalez,Daniela Roy,,
29121,10483,809,$500 .95m Novice Junior Classic II.2b,,1063,La Fe Frontera,Cat Zampieri,Daniela Roy,,
29121,10483,809,$500 .95m Novice Junior Classic II.2b,,1203,Bravada,Daisy Green,Jacqueline Green,,
29121,10483,809,$500 .95m Novice Junior Classic II.2b,,1464,Gossip Girl,Hannah Morejon,Dakota Sheikh,,
29121,10483,809,$500 .95m Novice Junior Classic II.2b,,1466,Odaya,Anna Mazor-Allhusen,Anna Mazor-Allhusen,,
29121,10483,809,$500 .95m Novice Junior Classic II.2b,,1675,L.v. Valdrumer,Nicole Presa Tejada,Nicole Presa Tejada,,
29121,10483,809,$500 .95m Novice Junior Classic II.2b,,1775,Once Upon A Time,Alyson Jones,Alina Ramirez,,
29121,10483,809,$500 .95m Novice Junior Classic II.2b,,2002,Lolita Z,Sienna Jones,Ameera Chin,,
29121,10483,809,$500 .95m Novice Junior Classic II.2b,,2166,Fellini,Kennedy Kluber,Kennedy Kluber,,
29121,10483,809,$500 .95m Novice Junior Classic II.2b,,2869,Aphrodite,Kennedy Kluber,Melissa Jo Hollingsworth,,
29121,10483,809,$500 .95m Novice Junior Classic II.2b,,2928,Cypress,Ellery Winkler,Ellery Winkler,,
29124,10410,810,$500 .95m Novice Amateur Classic II.2b,1,2970,Fe Crack The Code,Henley Fletcher,Amanda Gardiner,,$150
29124,10410,810,$500 .95m Novice Amateur Classic II.2b,2,1059,Global Van T Braunerthof,Tatjana Almeida,Jorge H. Gomez,,$110
29124,10410,810,$500 .95m Novice Amateur Classic II.2b,3,1597,Quintana Viii,Jessica L. Roth Thomas,Daffodil Hill,,$75
29124,10410,810,$500 .95m Novice Amateur Classic II.2b,4,1454,Mr Dw,Jackie Sawyer,Jackie Sawyer,,$60
29124,10410,810,$500 .95m Novice Amateur Classic II.2b,5,1061,Izitop Aaa,Mia Baez,Daniela Roy,,$55
29124,10410,810,$500 .95m Novice Amateur Classic II.2b,6,3142,Cobalou 3,Stephanie Ezzo,Ps Riverstone,,$50
29124,10410,810,$500 .95m Novice Amateur Classic II.2b,7,3102,Grs Chianti,Alexandra Dastjerdi,Isabella Harding,,
29124,10410,810,$500 .95m Novice Amateur Classic II.2b,8,2805,Dorien,Leslie Taylor,Leslie Taylor,,
29124,10410,810,$500 .95m Novice Amateur Classic II.2b,9,1844,Ice Breaker,Stella Hartman,Stone Oak Equestrian,,
29124,10410,810,$500 .95m Novice Amateur Classic II.2b,10,1198,Luau,Alyssa Padlo,Alyssa Padlo,,
29124,10410,810,$500 .95m Novice Amateur Classic II.2b,11,1300,Helium De La Virée Au Vent,Emma J Lopez,Emma J Lopez,,
29109,10475,813,$2500 1.10m NAL/WIHS Junior Classic II.2b,1,1958,Hairo,Stella Kraemer,Skyler Fields,,$625
29109,10475,813,$2500 1.10m NAL/WIHS Junior Classic II.2b,2,2217,Quiz,Currie Cooper,"Triple C Equestrian, LLC",,$475
29109,10475,813,$2500 1.10m NAL/WIHS Junior Classic II.2b,3,2628,Eiffel,Heidi Paulsen,Heidi Paulsen,,$375
29109,10475,813,$2500 1.10m NAL/WIHS Junior Classic II.2b,4,1505,Unbreakable Z,Gabriela Juron,Gabriela Juron,,$250
29109,10475,813,$2500 1.10m NAL/WIHS Junior Classic II.2b,5,1646,Con Sol,Nicole Presa Tejada,Nicole Presa Tejada,,$225
29109,10475,813,$2500 1.10m NAL/WIHS Junior Classic II.2b,6,2144,U Amon Z,Addison Hall,"J3 Stables, LLC",,$200
29109,10475,813,$2500 1.10m NAL/WIHS Junior Classic II.2b,7,2213,Ea De Casavieja,Currie Cooper,Laura R. Murphy,,$175
29109,10475,813,$2500 1.10m NAL/WIHS Junior Classic II.2b,8,1265,Elusive,Kinser Vale,Thinkslikeahorse,,$175
29109,10475,813,$2500 1.10m NAL/WIHS Junior Classic II.2b,9,1258,Balou's Captain,Kinser Vale,Thinkslikeahorse,,
29109,10475,813,$2500 1.10m NAL/WIHS Junior Classic II.2b,10,1046,Rimini Du Printemps,Sophie Heap,Sophie Heap,,
29109,10475,813,$2500 1.10m NAL/WIHS Junior Classic II.2b,11,2142,Bellefleur Z,Addison Hall,"J3 Stables, LLC",,
29109,10475,813,$2500 1.10m NAL/WIHS Junior Classic II.2b,12,2572,Geisha D'agenais,Brooklyn Delgado,Laura Gaither,,
29109,10475,813,$2500 1.10m NAL/WIHS Junior Classic II.2b,,1054,Celine Db Z,Mia Felipe,Daniela Roy,,
29109,10475,813,$2500 1.10m NAL/WIHS Junior Classic II.2b,,1324,Color Coded,Addison Fulbright,Karsyn Edmondson,,
29109,10475,813,$2500 1.10m NAL/WIHS Junior Classic II.2b,,1706,Airway Semilly,Ella Walker,Ella Walker,,
29109,10475,813,$2500 1.10m NAL/WIHS Junior Classic II.2b,,2530,Royce Van Den Henxbroek,Skylah Watkins,Lori Ritter,,
29109,10475,813,$2500 1.10m NAL/WIHS Junior Classic II.2b,,2544,Tutti Fruitti Van De Fruitkorf,Vivian Heyer,Vivian Heyer,,
29109,10475,813,$2500 1.10m NAL/WIHS Junior Classic II.2b,,2828,Conlondino Ps,Evelyn Byron,"Showcase 81, LLC",,
29112,10476,815,$2500 1.10m NAL/WIHS Amateur Classic II.2b,1,3032,Dylan Odf,Lindsay Standley,Sherri L. Jamison,,$625
29112,10476,815,$2500 1.10m NAL/WIHS Amateur Classic II.2b,2,2502,Fernhill Kudos,Lynn Yoos,Lynn Yoos,,$475
29112,10476,815,$2500 1.10m NAL/WIHS Amateur Classic II.2b,3,1302,Sweet Caroline Na,Juliane Stephan,Juliane Stephan,,$375
29112,10476,815,$2500 1.10m NAL/WIHS Amateur Classic II.2b,4,2840,Gabriella T,Mary Collier Pope,Mary Collier Pope,,$250
29112,10476,815,$2500 1.10m NAL/WIHS Amateur Classic II.2b,5,1947,Playboy Blue Vh Z,Casey M. Millis,Casey M. Millis,,$225
29112,10476,815,$2500 1.10m NAL/WIHS Amateur Classic II.2b,6,1831,Umtiti Van De Barlebuis,Giavona Pirolo,Giavona Pirolo,,$200
29112,10476,815,$2500 1.10m NAL/WIHS Amateur Classic II.2b,7,2398,Zenith Casall You Got,Molly Adams,Molly Adams,,$175
29112,10476,815,$2500 1.10m NAL/WIHS Amateur Classic II.2b,8,1045,Qastaar Van't Heike,Taylor Oakvik,Cavalieres Sporthorses LLC,,$175
29112,10476,815,$2500 1.10m NAL/WIHS Amateur Classic II.2b,9,3088,Midnight Queen,Dana Narayanappa,Dana Narayanappa,,
29112,10476,815,$2500 1.10m NAL/WIHS Amateur Classic II.2b,10,1549,Ezin Rk,Alexa Riccio,Alexa Riccio,,
29112,10476,815,$2500 1.10m NAL/WIHS Amateur Classic II.2b,11,2404,Marylee Z,Paige Figueiredo Agrawal,Paige Figueiredo Agrawal,,
29112,10476,815,$2500 1.10m NAL/WIHS Amateur Classic II.2b,12,3168,Barbade Du Ter,David Miller,Fernando Cardenas,,
29112,10476,815,$2500 1.10m NAL/WIHS Amateur Classic II.2b,,1042,Maiki,Taylor Oakvik,Cavalieres Sporthorses LLC,,
29112,10476,815,$2500 1.10m NAL/WIHS Amateur Classic II.2b,,1056,Costacalvo,Emma Ecarius,Emma Ecarius,,
29112,10476,815,$2500 1.10m NAL/WIHS Amateur Classic II.2b,,1074,Caballa Ps,Madison Cohen,Madison Cohen,,
29112,10476,815,$2500 1.10m NAL/WIHS Amateur Classic II.2b,,1224,Lord Cornet,Ashley Ann McGehee,Ashley Ann McGehee,,
29112,10476,815,$2500 1.10m NAL/WIHS Amateur Classic II.2b,,1283,Calais,Kole Floyd,Katie Moniz Floyd,,
29112,10476,815,$2500 1.10m NAL/WIHS Amateur Classic II.2b,,1563,Herlich,Kennedy Callis,Kennedy Callis,,
29112,10476,815,$2500 1.10m NAL/WIHS Amateur Classic II.2b,,1589,Kali,Mireya Godoy,Mireya Godoy,,
29112,10476,815,$2500 1.10m NAL/WIHS Amateur Classic II.2b,,1591,Irish Coffee Vhl,Iliana Palumbo,Iliana Palumbo,,
29112,10476,815,$2500 1.10m NAL/WIHS Amateur Classic II.2b,,1595,Levano,Sarah E. Turner,"Yellowstone, LLC",,
29112,10476,815,$2500 1.10m NAL/WIHS Amateur Classic II.2b,,1686,Hickstead Legend,Mason Plaumann,Mason Plaumann,,
29112,10476,815,$2500 1.10m NAL/WIHS Amateur Classic II.2b,,1725,Loudon,Amy Nelson,Amy Nelson,,
29112,10476,815,$2500 1.10m NAL/WIHS Amateur Classic II.2b,,1758,Gof Perle D'amour,Allison Donahue,"Golden Oaks Farm, LLC",,
29112,10476,815,$2500 1.10m NAL/WIHS Amateur Classic II.2b,,1861,Darc Vader,Emily Plante,Jjp Equestrian LLC,,
29112,10476,815,$2500 1.10m NAL/WIHS Amateur Classic II.2b,,1917,Smooth Sailing,Claire Arnold,Claire Arnold,,
29112,10476,815,$2500 1.10m NAL/WIHS Amateur Classic II.2b,,2030,Chili Z,Heather Farmer,Heather Farmer,,
29112,10476,815,$2500 1.10m NAL/WIHS Amateur Classic II.2b,,2072,O'Quality Z,Jenna Wentroth,Jenna Wentroth,,
29112,10476,815,$2500 1.10m NAL/WIHS Amateur Classic II.2b,,2306,Valeo Des Aulnes,Amanda Cabel,Amanda Cabel,,
29112,10476,815,$2500 1.10m NAL/WIHS Amateur Classic II.2b,,2403,Chacco Blue's Camelot,Sophie Sacagiu,Sophie Sacagiu,,
29112,10476,815,$2500 1.10m NAL/WIHS Amateur Classic II.2b,,2573,Ballyforan,Teresa Martinoli,Teresa Martinoli,,
29112,10476,815,$2500 1.10m NAL/WIHS Amateur Classic II.2b,,2709,Cfh Ricardo Two You,Annika Quanbeck,Anne Quanbeck,,
29112,10476,815,$2500 1.10m NAL/WIHS Amateur Classic II.2b,,3097,Jet Setter,Jana Schwartzberg,Jana Schwartzberg,,
29112,10476,815,$2500 1.10m NAL/WIHS Amateur Classic II.2b,,3101,Chanel,Raquel V Toro,Juan Carlos Arriaga Radilla,,
29106,10436,816,$3000 1.15m Junior/Amateur Classic II.2b,1,1702,Edita,Katie M. Savarise,"Blue Gate Stables, LLC",,$750
29106,10436,816,$3000 1.15m Junior/Amateur Classic II.2b,2,1645,Comedian Of Picobello Z,Sebastian Presa Tejada,Sebastian Presa Tejada,,$570
29106,10436,816,$3000 1.15m Junior/Amateur Classic II.2b,3,2201,Diablo,Stella Kraemer,Ashland Farms,,$450
29106,10436,816,$3000 1.15m Junior/Amateur Classic II.2b,4,1791,Kalahari Na,Katie Drummond,Katie Drummond,,$300
29106,10436,816,$3000 1.15m Junior/Amateur Classic II.2b,5,1006,Thompson Ter Doorn Z,Maria Pantaliao,Maria Pantaliao,,$270
29106,10436,816,$3000 1.15m Junior/Amateur Classic II.2b,6,3163,Fernhill Milchem Matteo,Ved Sarma Sarkar,Ved Sarma Sarkar,,$240
29106,10436,816,$3000 1.15m Junior/Amateur Classic II.2b,7,1945,Action Girl Z,Casey M. Millis,Casey M. Millis,,$210
29106,10436,816,$3000 1.15m Junior/Amateur Classic II.2b,8,1420,Cierra,Liza Guettler,Joyce C. Green,,$210
29106,10436,816,$3000 1.15m Junior/Amateur Classic II.2b,9,1794,Chico Bella Z,Lily Niebur,Lily Niebur,,
29106,10436,816,$3000 1.15m Junior/Amateur Classic II.2b,10,1421,Liverpool 56,Liza Guettler,Liza Guettler,,
29106,10436,816,$3000 1.15m Junior/Amateur Classic II.2b,11,1878,Futur Du Pomiez,Reagan Williams,"Rpw Show Horses, LLC",,
29106,10436,816,$3000 1.15m Junior/Amateur Classic II.2b,12,1568,Picobella De Pot,Khloe Brinkmann,Antonio J. Martinez,,
29106,10436,816,$3000 1.15m Junior/Amateur Classic II.2b,,1075,Chris B,Miley Davidyan,Miley Davidyan,,
29106,10436,816,$3000 1.15m Junior/Amateur Classic II.2b,,1108,Cali Blue Ps,Soleil Katsur,Soleil Katsur,,
29106,10436,816,$3000 1.15m Junior/Amateur Classic II.2b,,1109,Odilon,Soleil Katsur,Soleil Katsur,,
29106,10436,816,$3000 1.15m Junior/Amateur Classic II.2b,,1452,Onyx,Elle Bassion,Elle Bassion,,
29106,10436,816,$3000 1.15m Junior/Amateur Classic II.2b,,1681,Vdl Liantha,Camille Gabrie,Rodriguez Equestrian,,
29106,10436,816,$3000 1.15m Junior/Amateur Classic II.2b,,1701,Chili Con Cornet,Katie M. Savarise,Simon Nizri,,
29106,10436,816,$3000 1.15m Junior/Amateur Classic II.2b,,1723,Berlisto,Amy Nelson,Amy Nelson,,
29106,10436,816,$3000 1.15m Junior/Amateur Classic II.2b,,2074,Carlina,Nadine Beck,Nadine Beck,,
29106,10436,816,$3000 1.15m Junior/Amateur Classic II.2b,,2172,Castell 21,Amanda Gardiner,Amanda Gardiner,,
29106,10436,816,$3000 1.15m Junior/Amateur Classic II.2b,,2397,Renkum Corsair,Molly Adams,Molly Adams,,
29106,10436,816,$3000 1.15m Junior/Amateur Classic II.2b,,2951,Elvis Blue Hallelujah,Peyton Villalona,Peyton Villalona,,
29106,10436,816,$3000 1.15m Junior/Amateur Classic II.2b,,2966,Beast Mode,Addison Benio,Addison Benio,,
29106,10436,816,$3000 1.15m Junior/Amateur Classic II.2b,,3096,Caltitza,Francisco E. Toro,Francisco E. Toro,,
29106,10436,816,$3000 1.15m Junior/Amateur Classic II.2b,,3158,Douglas,Adina Gesthalter,Alg Farms LLC,,
29409,0,817,$500 .65m Long Creek Farm Junior/Amateur Classic II.2b,1,1107,Splendid,Mila Meredith,Greta Heimbold-Gilpin,,$150
29409,0,817,$500 .65m Long Creek Farm Junior/Amateur Classic II.2b,2,2190,Kennedy,Izabella Zourdos,Susan Allen,,$110
29409,0,817,$500 .65m Long Creek Farm Junior/Amateur Classic II.2b,3,1870,Techon Master Bronze,Jolene Plante,Jjp Equestrian LLC,,$75
29409,0,817,$500 .65m Long Creek Farm Junior/Amateur Classic II.2b,4,2113,Never Ending Story,Zendaya Horner Brown,Zendaya Horner Brown,,$60
29409,0,817,$500 .65m Long Creek Farm Junior/Amateur Classic II.2b,5,1070,Secret,Estefania Navarro,Estefania Navarro,,$55
29409,0,817,$500 .65m Long Creek Farm Junior/Amateur Classic II.2b,6,1251,Spice Girl,Bernadette Sobrino,Bernadette Sobrino,,$50
29409,0,817,$500 .65m Long Creek Farm Junior/Amateur Classic II.2b,7,2308,Sunset's Pirouette,Ada Rose Walker,Khloe Kerins,,
29409,0,817,$500 .65m Long Creek Farm Junior/Amateur Classic II.2b,8,2075,Colbert Q,Sophia A. Thomson,Melissa A. Hirt,,
29409,0,817,$500 .65m Long Creek Farm Junior/Amateur Classic II.2b,9,1348,First Lady Van De Kranenburg,Felicia Rodgers,Felicia Rodgers,,
29409,0,817,$500 .65m Long Creek Farm Junior/Amateur Classic II.2b,10,2164,Bellagio,Jennifer Moclair,Jenelle Branom,,
29409,0,817,$500 .65m Long Creek Farm Junior/Amateur Classic II.2b,11,2541,Fireball,Lucas Garcia,Mario Garcia,,
29409,0,817,$500 .65m Long Creek Farm Junior/Amateur Classic II.2b,12,2560,Fc Sensational,Bianca Renard Roth,Tricia Sales,,
29409,0,817,$500 .65m Long Creek Farm Junior/Amateur Classic II.2b,,1349,Rich Girl,Felicia Rodgers,Felicia Rodgers,,
29409,0,817,$500 .65m Long Creek Farm Junior/Amateur Classic II.2b,,2115,Simply Good,Julianna Irwin,"Capall Stables, LLC",,
29409,0,817,$500 .65m Long Creek Farm Junior/Amateur Classic II.2b,,2992,Riverstown Flamenco Cruise,Jenny Walker,Sarah Kerins,,
29410,0,818,$500 .75m Junior/Amateur Classic II.2b,1,1216,Crimson Tide,Lucy Wexler,"Golden Oaks Farm, LLC",,$150
29410,0,818,$500 .75m Junior/Amateur Classic II.2b,2,2170,Greigiau Spring Johnson,Ella Sasso,Ella Deeks,,$110
29410,0,818,$500 .75m Junior/Amateur Classic II.2b,3,1050,Benjamin,Maria Ospina,Daniela Roy,,$75
29410,0,818,$500 .75m Junior/Amateur Classic II.2b,4,2013,Apollonios,Maddie Mcinturf,"Meadowood Farm, LLC",,$60
29410,0,818,$500 .75m Junior/Amateur Classic II.2b,5,1058,Face The Stars,Abigail Sterling,Daniela Roy,,$55
29410,0,818,$500 .75m Junior/Amateur Classic II.2b,6,1708,Glamour Van De Kakebeek,Annalise Kapsokavathis,Anne L. Bingler,,$50
29410,0,818,$500 .75m Junior/Amateur Classic II.2b,7,1672,Isadora S,Kamal Gabrie,Kamal Gabrie,,
29410,0,818,$500 .75m Junior/Amateur Classic II.2b,8,2113,Never Ending Story,Tzofi Horner Brown,Zendaya Horner Brown,,
29410,0,818,$500 .75m Junior/Amateur Classic II.2b,9,2565,Quasar De Medi,Marlene Gonzalez,Marlene Gonzalez,,
29410,0,818,$500 .75m Junior/Amateur Classic II.2b,10,1200,Cinderella's Boyfriend,Lindsay Woinarowicz,Lindsay Woinarowicz,,
29410,0,818,$500 .75m Junior/Amateur Classic II.2b,11,1573,Vaillant Fz Rwb,Katherine Brinkmann,Katherine Brinkmann,,
29410,0,818,$500 .75m Junior/Amateur Classic II.2b,12,1065,Lord Cageman,Jingxuan Zhou,Jingxuan Zhou,,
29410,0,818,$500 .75m Junior/Amateur Classic II.2b,,1062,Kalibra S,Frances Derrer,Daniela Roy,,
29410,0,818,$500 .75m Junior/Amateur Classic II.2b,,1083,Col De Knolton,Harper Conway,Hbc Sport Horses,,
29410,0,818,$500 .75m Junior/Amateur Classic II.2b,,1188,Spot On,Allison Wise,Stephanie Free,,
29410,0,818,$500 .75m Junior/Amateur Classic II.2b,,1294,The Real Slim Shady,Elleana Bender,Elleana Bender,,
29410,0,818,$500 .75m Junior/Amateur Classic II.2b,,1506,W.e.c. High Dollar Lad,Clementine Lidsky,Senary Sport Horses,,
29410,0,818,$500 .75m Junior/Amateur Classic II.2b,,1517,Himalaya,Kimberley Pickens,Kimberley Pickens,,
29410,0,818,$500 .75m Junior/Amateur Classic II.2b,,2082,Blue Magic,Anslee Bell,J'Alynne Rivera,,
29410,0,818,$500 .75m Junior/Amateur Classic II.2b,,2175,Ravina 22,Valentina Autiero,Manuel Sotil,,
29410,0,818,$500 .75m Junior/Amateur Classic II.2b,,2200,Chagrandino Ps,Stella Kraemer,Stella Kraemer,,
29410,0,818,$500 .75m Junior/Amateur Classic II.2b,,2829,Noran,Kelly P. Murphy,Jose Tavares,,
29410,0,818,$500 .75m Junior/Amateur Classic II.2b,,2949,Nadia I,Daina Greene,Daina Greene,,
29410,0,818,$500 .75m Junior/Amateur Classic II.2b,,3191,44 North,Reena Moumnine,Reena Moumnine,,
29412,0,820,$500 .85m Junior/Amateur Classic II.2b,1,2609,Numero Dos,Peyton Krumin,Peyton Krumin,,$150
29412,0,820,$500 .85m Junior/Amateur Classic II.2b,2,1879,Salute To You,Daniela Pulgar,Daniela Roy,,$110
29412,0,820,$500 .85m Junior/Amateur Classic II.2b,3,1117,Harley De Youguette,Madelyn Stillwell,"Crickety Pines Of Cocoa, LLC",,$75
29412,0,820,$500 .85m Junior/Amateur Classic II.2b,4,2190,Kennedy,Brooklin Hernandez,Susan Allen,,$60
29412,0,820,$500 .85m Junior/Amateur Classic II.2b,5,1069,Quinta Van De Helle Z,Susannah Cooper,Daniela Roy,,$55
29412,0,820,$500 .85m Junior/Amateur Classic II.2b,6,2732,Leroy Brown,Amanda Majewski,Adrianna Alcocer,,$50
29412,0,820,$500 .85m Junior/Amateur Classic II.2b,7,1298,Pays Bas V,Scarlett Hamaoui,Scarlett Hamaoui,,
29412,0,820,$500 .85m Junior/Amateur Classic II.2b,8,1523,Casino Royale,Jessin Blossom,Alexandra V. Ireland,,
29412,0,820,$500 .85m Junior/Amateur Classic II.2b,9,2797,Jolita,Grace Everhart,Grace Everhart,,
29412,0,820,$500 .85m Junior/Amateur Classic II.2b,10,1101,Quido,Reya Popat,Charlotte Cook,,
29412,0,820,$500 .85m Junior/Amateur Classic II.2b,11,1285,Rock Bottom,Farrah Whiddon,Nia Iatridis,,
29412,0,820,$500 .85m Junior/Amateur Classic II.2b,12,1272,Mtm Anonymous Z,Alise Carrico,Alise Carrico,,
29412,0,820,$500 .85m Junior/Amateur Classic II.2b,,1055,Chess,Lourdes Lopez,Daniela Roy,,
29412,0,820,$500 .85m Junior/Amateur Classic II.2b,,1060,Interkalen V.d.o,Camila Inestroza,Camila Inestroza,,
29412,0,820,$500 .85m Junior/Amateur Classic II.2b,,1091,Going For Broke,Emma Parker,Alison Jones,,
29412,0,820,$500 .85m Junior/Amateur Classic II.2b,,1188,Spot On,Allison Wise,Stephanie Free,,
29412,0,820,$500 .85m Junior/Amateur Classic II.2b,,1264,Elocia,Mya Carrico,Alise Carrico,,
29412,0,820,$500 .85m Junior/Amateur Classic II.2b,,1292,Caans Navy Blues,Maddie Yarborough,Chloe Breed,,
29412,0,820,$500 .85m Junior/Amateur Classic II.2b,,1441,Princeton Mk,Olivia Gaul,Kristina Photakis,,
29412,0,820,$500 .85m Junior/Amateur Classic II.2b,,1456,Best Kept Secret,Audrey Price,Audrey Price,,
29412,0,820,$500 .85m Junior/Amateur Classic II.2b,,1562,Raja J,Morgan Cusick,Morgan Cusick,,
29412,0,820,$500 .85m Junior/Amateur Classic II.2b,,1596,Canonboy Keraudry Z,Tatjana Almeida,Blue Star Investments,,
29412,0,820,$500 .85m Junior/Amateur Classic II.2b,,1825,Cor La Loi Mdm Z,Adrianna Schneider,Adrianna Schneider,,
29412,0,820,$500 .85m Junior/Amateur Classic II.2b,,2023,Joaquin Daloubet,Veronica Arenas,Cristobal Castro,,
29412,0,820,$500 .85m Junior/Amateur Classic II.2b,,2798,Rhapsody,Kendall Crowell,Rob Billings,,
29412,0,820,$500 .85m Junior/Amateur Classic II.2b,,2802,Conchita Blue Ps,Julianne Lurie,Haley C. Robinson,,
29412,0,820,$500 .85m Junior/Amateur Classic II.2b,,2968,Anthem L.a. Z,Stella Kraemer,Stella Kraemer,,
29479,10539,851,$5000 NAL 1.25m FreeRide Equestrian Jr/Am Classic II.2b,1,2526,Bonnie M Z,Jesus A. Rigu,Gianni Gabrielli,,"$1,250"
29479,10539,851,$5000 NAL 1.25m FreeRide Equestrian Jr/Am Classic II.2b,2,2704,Newberry Balia Nl,Hayley G. Waters Wear,Dana G. Waters,,$950
29479,10539,851,$5000 NAL 1.25m FreeRide Equestrian Jr/Am Classic II.2b,3,2531,Satis Van Het Moeshof,Jesus A. Rigu,Evergate Stables LLC,,$750
29479,10539,851,$5000 NAL 1.25m FreeRide Equestrian Jr/Am Classic II.2b,4,1018,Flint T.s. Et,Camille Pacheco,Camille Pacheco,,$500
29479,10539,851,$5000 NAL 1.25m FreeRide Equestrian Jr/Am Classic II.2b,5,2388,Choco Du Reverdy,Sophie Heap,Alex Pace,,$450
29479,10539,851,$5000 NAL 1.25m FreeRide Equestrian Jr/Am Classic II.2b,6,1039,King Z,Victoria Rotsaert,River Gates Ivy LLC,,$400
29479,10539,851,$5000 NAL 1.25m FreeRide Equestrian Jr/Am Classic II.2b,7,2127,Yalambi's Jingle Bell,Zara Adnams,Reece Adnams,,$350
29479,10539,851,$5000 NAL 1.25m FreeRide Equestrian Jr/Am Classic II.2b,8,1025,Dodicci,Carsyn Korotkin,"Castlewood Farm, Inc.",,$350
29479,10539,851,$5000 NAL 1.25m FreeRide Equestrian Jr/Am Classic II.2b,9,1418,Vdl Friedakilly R Z,Ana Sofia Rodriguez,Rodriguez Equestrian,,
29479,10539,851,$5000 NAL 1.25m FreeRide Equestrian Jr/Am Classic II.2b,10,1877,Daham,Reagan Williams,"Rpw Show Horses, LLC",,
29479,10539,851,$5000 NAL 1.25m FreeRide Equestrian Jr/Am Classic II.2b,11,2402,Diabalou Ps,Lukene Arenas,Alpine Stables LLC,,
29479,10539,851,$5000 NAL 1.25m FreeRide Equestrian Jr/Am Classic II.2b,12,1288,Cash The First Des Rosiers Z,Angela Swanson,Ae Swanson Farms LLC,,
29479,10539,851,$5000 NAL 1.25m FreeRide Equestrian Jr/Am Classic II.2b,,1076,Curioso Van Maarle Z,Miley Davidyan,Miley Davidyan,,
29479,10539,851,$5000 NAL 1.25m FreeRide Equestrian Jr/Am Classic II.2b,,1088,Titan,Mckenzie Miller,Mckenzie Miller,,
29479,10539,851,$5000 NAL 1.25m FreeRide Equestrian Jr/Am Classic II.2b,,1346,Britney Ps,Cullen Drescher,The Goodspeed Group LLC,,
29479,10539,851,$5000 NAL 1.25m FreeRide Equestrian Jr/Am Classic II.2b,,1507,Cyrus,Dakota Sheikh,Dakota Sheikh,,
29479,10539,851,$5000 NAL 1.25m FreeRide Equestrian Jr/Am Classic II.2b,,1569,Rondalla Ls,Victoria Fazio,Tack Up Stables 2 LLC,,
29479,10539,851,$5000 NAL 1.25m FreeRide Equestrian Jr/Am Classic II.2b,,1644,Business Concept Z,Catalina Arzu,Catalina Arzu,,
29479,10539,851,$5000 NAL 1.25m FreeRide Equestrian Jr/Am Classic II.2b,,1659,London Star,Barbara H. Center,Barbara H. Center,,
29479,10539,851,$5000 NAL 1.25m FreeRide Equestrian Jr/Am Classic II.2b,,1678,Seattle,Ana Sofia Perez,Emco Holding LLC,,
29479,10539,851,$5000 NAL 1.25m FreeRide Equestrian Jr/Am Classic II.2b,,1680,Vdl Jamorkus,Ana Sofia Rodriguez,Rodriguez Equestrian,,
29479,10539,851,$5000 NAL 1.25m FreeRide Equestrian Jr/Am Classic II.2b,,1781,Una Beretta,Lukene Arenas,Alpine Stables LLC,,
29479,10539,851,$5000 NAL 1.25m FreeRide Equestrian Jr/Am Classic II.2b,,1946,Kashmir,Casey M. Millis,Casey M. Millis,,
29479,10539,851,$5000 NAL 1.25m FreeRide Equestrian Jr/Am Classic II.2b,,1984,Olli Van De Zuuthoeve,Dana Narayanappa,Dana Narayanappa,,
29479,10539,851,$5000 NAL 1.25m FreeRide Equestrian Jr/Am Classic II.2b,,2160,North Shore Hal,H Dougl Schreiber,H Dougl Schreiber,,
29479,10539,851,$5000 NAL 1.25m FreeRide Equestrian Jr/Am Classic II.2b,,2168,Alejandro Fcf,Averie Foss,"Neverland Farms, LLC",,
29479,10539,851,$5000 NAL 1.25m FreeRide Equestrian Jr/Am Classic II.2b,,2181,Chaning Tatum,Samantha Mccleerey,Samantha Mccleerey,,
29479,10539,851,$5000 NAL 1.25m FreeRide Equestrian Jr/Am Classic II.2b,,2291,Fleurescent,Christine M. Reilly,Christine M. Reilly,,
29479,10539,851,$5000 NAL 1.25m FreeRide Equestrian Jr/Am Classic II.2b,,2294,Onetta Vd Fruitkorf Z,Bailey P. Tims-Ferira,Bailey P. Tims-Ferira,,
29479,10539,851,$5000 NAL 1.25m FreeRide Equestrian Jr/Am Classic II.2b,,2313,Mtm Bubba,Evana Somareddy,Davenport Farms,,
29479,10539,851,$5000 NAL 1.25m FreeRide Equestrian Jr/Am Classic II.2b,,2602,Fabian,Bonnie Silver,H&s Horses LLC,,
29479,10539,851,$5000 NAL 1.25m FreeRide Equestrian Jr/Am Classic II.2b,,2717,Catoki's Fly Girl,Campbell Lear,Campbell Lear,,
29479,10539,851,$5000 NAL 1.25m FreeRide Equestrian Jr/Am Classic II.2b,,2718,Lucas 274,Valeska Furlong,John M. Charlebois,,
29479,10539,851,$5000 NAL 1.25m FreeRide Equestrian Jr/Am Classic II.2b,,2722,de Lisle Apollo,Mia Smith,Mia Smith,,
29100,10391,853,$5000 NAL 1.35m Prestige Italia Jr/Am Classic II.2b,1,2528,Indigo,Jesus A. Rigu,Maba Equestrian,,"$1,250"
29100,10391,853,$5000 NAL 1.35m Prestige Italia Jr/Am Classic II.2b,2,1347,Oscars Afterparty,Cullen Drescher,The Goodspeed Group LLC,,$950
29100,10391,853,$5000 NAL 1.35m Prestige Italia Jr/Am Classic II.2b,4,1668,Goodgraf,Lenir Perez,Emco Holding LLC,,$500
29100,10391,853,$5000 NAL 1.35m Prestige Italia Jr/Am Classic II.2b,3,2714,Buga Z,Dolores Funes,Samuel Parot,,$750
29100,10391,853,$5000 NAL 1.35m Prestige Italia Jr/Am Classic II.2b,5,1438,Comeback Queen,Mckenzie Badley,Mckenzie Badley,,$450
29100,10391,853,$5000 NAL 1.35m Prestige Italia Jr/Am Classic II.2b,7,1038,Kindly,Carsyn Korotkin,Sandalwood Farms,,$350
29100,10391,853,$5000 NAL 1.35m Prestige Italia Jr/Am Classic II.2b,9,1571,Shadowfax 111,Noemi Koziol,Noemi Koziol,,
29100,10391,853,$5000 NAL 1.35m Prestige Italia Jr/Am Classic II.2b,10,2706,Pop Tart,Hayley G. Waters Wear,Mr. & Mrs. Chuck Waters,,
29100,10391,853,$5000 NAL 1.35m Prestige Italia Jr/Am Classic II.2b,6,2874,Dropshot Z,Jordan Petersen,Jordan Petersen,,$400
29100,10391,853,$5000 NAL 1.35m Prestige Italia Jr/Am Classic II.2b,12,3087,India-S,Lola Bacardi,Lola Bacardi,,
29100,10391,853,$5000 NAL 1.35m Prestige Italia Jr/Am Classic II.2b,,1674,Koblenz,Ana Cristina Rodriguez,Sophie Heron,,
29100,10391,853,$5000 NAL 1.35m Prestige Italia Jr/Am Classic II.2b,8,2299,Cornet Special,Aurora R. Rangel De Alba,Aurora R. Rangel De Alba,,$350
29100,10391,853,$5000 NAL 1.35m Prestige Italia Jr/Am Classic II.2b,,2300,Jumper,Aurora R. Rangel De Alba,"Integrated Services Florida, LLC",,
29100,10391,853,$5000 NAL 1.35m Prestige Italia Jr/Am Classic II.2b,,1994,Marjolita,Molly Frei,Frei Equestrian LLC,,
29100,10391,853,$5000 NAL 1.35m Prestige Italia Jr/Am Classic II.2b,,2735,Newcomer Z,Xavier Gomez,Dana Kurrle,,
29100,10391,853,$5000 NAL 1.35m Prestige Italia Jr/Am Classic II.2b,11,1269,Ira De Span,Flavio Montenegro,Jose Montenegro,,
29100,10391,853,$5000 NAL 1.35m Prestige Italia Jr/Am Classic II.2b,,1689,Nastelina Van De Witte Driesendijk,Michelle Lin,Michelle Lin,,
29100,10391,853,$5000 NAL 1.35m Prestige Italia Jr/Am Classic II.2b,,2292,Icarus,Bailey P. Tims-Ferira,Bailey P. Tims-Ferira,,
29100,10391,853,$5000 NAL 1.35m Prestige Italia Jr/Am Classic II.2b,,1574,Valdes,Athena Lekkas,Athena Lekkas,,
29100,10391,853,$5000 NAL 1.35m Prestige Italia Jr/Am Classic II.2b,,1856,Zara Www,Kate Phillips,Kate Phillips,,
29100,10391,853,$5000 NAL 1.35m Prestige Italia Jr/Am Classic II.2b,,2076,Condo Lh,Nadine Beck,Nadine Beck,,
29100,10391,853,$5000 NAL 1.35m Prestige Italia Jr/Am Classic II.2b,,2174,Komet 306,Noemi Koziol,Richard Vogel,,
29100,10391,853,$5000 NAL 1.35m Prestige Italia Jr/Am Classic II.2b,,2395,Gigi Top 2,Maja Mossberg,Maja Mossberg,,
29100,10391,853,$5000 NAL 1.35m Prestige Italia Jr/Am Classic II.2b,,2536,Executive,Sharon S. Maloney,Sharon S. Maloney,,
29100,10391,853,$5000 NAL 1.35m Prestige Italia Jr/Am Classic II.2b,,2557,A Golden Girl Sh Z,Taylor Finkle,Taylor Finkle,,
29100,10391,853,$5000 NAL 1.35m Prestige Italia Jr/Am Classic II.2b,,2569,Night Light,Hanna R. Egan,Hanna R. Egan,,
29097,10458,855,"$10,000 1.45m Junior/Amateur Classic II.2b",1,1037,Insider Bh,Victoria Rotsaert,River Gates Ivy LLC,,"$2,500"
29097,10458,855,"$10,000 1.45m Junior/Amateur Classic II.2b",2,1259,Calimero Z,Mallory Vale,Thinkslikeahorse,,"$1,900"
29097,10458,855,"$10,000 1.45m Junior/Amateur Classic II.2b",3,2081,Rsk Quality Cruise,Khloe Kerins,Darragh Kerins,,"$1,400"
29097,10458,855,"$10,000 1.45m Junior/Amateur Classic II.2b",4,2721,Conkelkiefer,Mia Smith,Mia Smith,,$900
29097,10458,855,"$10,000 1.45m Junior/Amateur Classic II.2b",5,2159,Jericho,H Dougl Schreiber,H Dougl Schreiber,,$800
29097,10458,855,"$10,000 1.45m Junior/Amateur Classic II.2b",6,2864,Dominator Touch Z,Kalli Core,Kalli Core,,$700
29097,10458,855,"$10,000 1.45m Junior/Amateur Classic II.2b",7,2727,Global Ph Cocofino,Tyla Hackett,Tyla Hackett,,$600
29097,10458,855,"$10,000 1.45m Junior/Amateur Classic II.2b",8,1044,Peridoni 20,Elisabeth Rotsaert,River Gates Ivy LLC,,$500
29139,10491,856,$7500 1.40m ARIAT Jumper Classic II.2b,1,160,The Golden Road,Camille Maynard,Anne C. Hormel,,"$1,875"
29139,10491,856,$7500 1.40m ARIAT Jumper Classic II.2b,2,2962,Friloux Des Champs,Vicente Guillen,Andrea Gelleni,,"$1,425"
29139,10491,856,$7500 1.40m ARIAT Jumper Classic II.2b,3,1426,Orchidee Vd Bisschop,Devin A. Seek,Stefano Baruzzo LLC,,"$1,125"
29139,10491,856,$7500 1.40m ARIAT Jumper Classic II.2b,4,2132,Goliath,Addison Reed,Reed Training & Sales LLC,,$750
29139,10491,856,$7500 1.40m ARIAT Jumper Classic II.2b,5,2362,Constantin De Hus,John Michael Durr,Worth The Wait LLC,,$675
29139,10491,856,$7500 1.40m ARIAT Jumper Classic II.2b,6,2950,Denison Park Combat,Elizabeth Schumann,"Light Speed Equestrian, LLC",,$600
29139,10491,856,$7500 1.40m ARIAT Jumper Classic II.2b,7,151,Contigo Z,Samuel Parot,Samuel Parot,,$525
29139,10491,856,$7500 1.40m ARIAT Jumper Classic II.2b,8,2961,Evolene De Carles,Vicente Guillen,Tranquility Farm,,$525
29139,10491,856,$7500 1.40m ARIAT Jumper Classic II.2b,9,1223,Ledoux,Megan Wexler,Felyn Farms,,
29139,10491,856,$7500 1.40m ARIAT Jumper Classic II.2b,10,1481,Limerick,Taylor Manning,Taylor Manning,,
29139,10491,856,$7500 1.40m ARIAT Jumper Classic II.2b,11,1962,Isla De Coco,Lauren E. Hough,Anne W. Eldridge,,
29139,10491,856,$7500 1.40m ARIAT Jumper Classic II.2b,,1995,Camino Imperio Egípcio,Ali Arbabi,Ali Arbabi,,
29139,10491,856,$7500 1.40m ARIAT Jumper Classic II.2b,,2957,Oo Seven De L'equipe,Kirk Webby,Doris J. Leventhal,,
29470,10538,900,Short/Long Stirrup Hunter 2',1,2147,Princeton,Lacoste Davis,Christine Davis,,
29470,10538,900,Short/Long Stirrup Hunter 2',2,3004,Rio Mccoy,Brittany Doughty,Brittany Doughty,,
29470,10538,900,Short/Long Stirrup Hunter 2',3,1196,Carolina Bay,Emily Mckendry,Tonya Brown,,
29470,10538,900,Short/Long Stirrup Hunter 2',4,1202,Quizmaster,Lainey Lovell,Kacey Conway,,
29470,10538,900,Short/Long Stirrup Hunter 2',5,2111,Hfo Balou D'amour,Addison Evans,Kelly Evans,,
29470,10538,900,Short/Long Stirrup Hunter 2',6,2620,Lincom's Close Up,Mason Maclean,"Pond View Farm, LLC",,
29470,10538,900,Short/Long Stirrup Hunter 2',7,2115,Simply Good,Emily Caudle,"Capall Stables, LLC",,
29470,10538,900,Short/Long Stirrup Hunter 2',8,1509,Amuze Bouche,Annastasia Valentine,Valentini Equestrian LLC,,
29470,10538,900,Short/Long Stirrup Hunter 2',,1068,Out Of The Blue,Alma Bettant,Daniela Roy,,
29470,10538,900,Short/Long Stirrup Hunter 2',,1090,City Of Angels,Sabine Clark,Sabine Clark,,
29470,10538,900,Short/Long Stirrup Hunter 2',,1093,Worth The Wait,Kennedy Morrison,Faith E. Harrell,,
29470,10538,900,Short/Long Stirrup Hunter 2',,1836,Cento Forever,Pamela Mattel,Pamela Mattel,,
29470,10538,900,Short/Long Stirrup Hunter 2',,1839,Romeo Juliets Shadow,Zella Esposito,Emily Willett,,
29470,10538,900,Short/Long Stirrup Hunter 2',,1881,Bff Signatures Holy Ghost,Ella Ofarrell,Kim Taylor,,
29470,10538,900,Short/Long Stirrup Hunter 2',,2535,Lucky Lakota,Guiliana Itzo,Guiliana Itzo,,
29470,10538,900,Short/Long Stirrup Hunter 2',,2621,Nayla Balou,Mary Jo Engstrom,Mary Jo Engstrom,,
29471,10538,901,Short/Long Stirrup Hunter (1st rnd Classic)) 2',1,2147,Princeton,Lacoste Davis,Christine Davis,,
29471,10538,901,Short/Long Stirrup Hunter (1st rnd Classic)) 2',2,2620,Lincom's Close Up,Mason Maclean,"Pond View Farm, LLC",,
29471,10538,901,Short/Long Stirrup Hunter (1st rnd Classic)) 2',3,2111,Hfo Balou D'amour,Addison Evans,Kelly Evans,,
29471,10538,901,Short/Long Stirrup Hunter (1st rnd Classic)) 2',4,1202,Quizmaster,Lainey Lovell,Kacey Conway,,
29471,10538,901,Short/Long Stirrup Hunter (1st rnd Classic)) 2',5,1836,Cento Forever,Pamela Mattel,Pamela Mattel,,
29471,10538,901,Short/Long Stirrup Hunter (1st rnd Classic)) 2',6,3004,Rio Mccoy,Brittany Doughty,Brittany Doughty,,
29471,10538,901,Short/Long Stirrup Hunter (1st rnd Classic)) 2',7,2115,Simply Good,Emily Caudle,"Capall Stables, LLC",,
29471,10538,901,Short/Long Stirrup Hunter (1st rnd Classic)) 2',8,1509,Amuze Bouche,Annastasia Valentine,Valentini Equestrian LLC,,
29471,10538,901,Short/Long Stirrup Hunter (1st rnd Classic)) 2',,1068,Out Of The Blue,Alma Bettant,Daniela Roy,,
29471,10538,901,Short/Long Stirrup Hunter (1st rnd Classic)) 2',,1090,City Of Angels,Sabine Clark,Sabine Clark,,
29471,10538,901,Short/Long Stirrup Hunter (1st rnd Classic)) 2',,1093,Worth The Wait,Kennedy Morrison,Faith E. Harrell,,
29471,10538,901,Short/Long Stirrup Hunter (1st rnd Classic)) 2',,1196,Carolina Bay,Emily Mckendry,Tonya Brown,,
29471,10538,901,Short/Long Stirrup Hunter (1st rnd Classic)) 2',,1839,Romeo Juliets Shadow,Zella Esposito,Emily Willett,,
29471,10538,901,Short/Long Stirrup Hunter (1st rnd Classic)) 2',,1881,Bff Signatures Holy Ghost,Ella Ofarrell,Kim Taylor,,
29471,10538,901,Short/Long Stirrup Hunter (1st rnd Classic)) 2',,2535,Lucky Lakota,Guiliana Itzo,Guiliana Itzo,,
29472,10538,902,Short/Long Stirrup Hunter 2',1,1202,Quizmaster,Lainey Lovell,Kacey Conway,,
29472,10538,902,Short/Long Stirrup Hunter 2',2,2522,Remix De Ganad,Wendell Abraham,Mad Maple Farm LLC,,
29472,10538,902,Short/Long Stirrup Hunter 2',3,2620,Lincom's Close Up,Mason Maclean,"Pond View Farm, LLC",,
29472,10538,902,Short/Long Stirrup Hunter 2',4,2111,Hfo Balou D'amour,Addison Evans,Kelly Evans,,
29472,10538,902,Short/Long Stirrup Hunter 2',5,2147,Princeton,Lacoste Davis,Christine Davis,,
29472,10538,902,Short/Long Stirrup Hunter 2',6,1509,Amuze Bouche,Annastasia Valentine,Valentini Equestrian LLC,,
29472,10538,902,Short/Long Stirrup Hunter 2',7,1836,Cento Forever,Pamela Mattel,Pamela Mattel,,
29472,10538,902,Short/Long Stirrup Hunter 2',8,2115,Simply Good,Emily Caudle,"Capall Stables, LLC",,
29472,10538,902,Short/Long Stirrup Hunter 2',,1068,Out Of The Blue,Alma Bettant,Daniela Roy,,
29472,10538,902,Short/Long Stirrup Hunter 2',,1090,City Of Angels,Sabine Clark,Sabine Clark,,
29472,10538,902,Short/Long Stirrup Hunter 2',,1093,Worth The Wait,Kennedy Morrison,Faith E. Harrell,,
29472,10538,902,Short/Long Stirrup Hunter 2',,1196,Carolina Bay,Emily Mckendry,Tonya Brown,,
29472,10538,902,Short/Long Stirrup Hunter 2',,1839,Romeo Juliets Shadow,Zella Esposito,Emily Willett,,
29472,10538,902,Short/Long Stirrup Hunter 2',,1881,Bff Signatures Holy Ghost,Ella Ofarrell,Kim Taylor,,
29472,10538,902,Short/Long Stirrup Hunter 2',,2535,Lucky Lakota,Guiliana Itzo,Guiliana Itzo,,
29472,10538,902,Short/Long Stirrup Hunter 2',,3004,Rio Mccoy,Brittany Doughty,Brittany Doughty,,
29473,10538,903,Short/Long Stirrup Hunter 2',1,2147,Princeton,Lacoste Davis,Christine Davis,,
29473,10538,903,Short/Long Stirrup Hunter 2',2,1202,Quizmaster,Lainey Lovell,Kacey Conway,,
29473,10538,903,Short/Long Stirrup Hunter 2',3,1509,Amuze Bouche,Annastasia Valentine,Valentini Equestrian LLC,,
29473,10538,903,Short/Long Stirrup Hunter 2',4,2522,Remix De Ganad,Wendell Abraham,Mad Maple Farm LLC,,
29473,10538,903,Short/Long Stirrup Hunter 2',5,2111,Hfo Balou D'amour,Addison Evans,Kelly Evans,,
29473,10538,903,Short/Long Stirrup Hunter 2',6,1839,Romeo Juliets Shadow,Zella Esposito,Emily Willett,,
29473,10538,903,Short/Long Stirrup Hunter 2',7,2115,Simply Good,Emily Caudle,"Capall Stables, LLC",,
29473,10538,903,Short/Long Stirrup Hunter 2',8,1196,Carolina Bay,Emily Mckendry,Tonya Brown,,
29473,10538,903,Short/Long Stirrup Hunter 2',,1068,Out Of The Blue,Alma Bettant,Daniela Roy,,
29473,10538,903,Short/Long Stirrup Hunter 2',,1090,City Of Angels,Sabine Clark,Sabine Clark,,
29473,10538,903,Short/Long Stirrup Hunter 2',,1093,Worth The Wait,Kennedy Morrison,Faith E. Harrell,,
29473,10538,903,Short/Long Stirrup Hunter 2',,1836,Cento Forever,Pamela Mattel,Pamela Mattel,,
29473,10538,903,Short/Long Stirrup Hunter 2',,1881,Bff Signatures Holy Ghost,Ella Ofarrell,Kim Taylor,,
29473,10538,903,Short/Long Stirrup Hunter 2',,2620,Lincom's Close Up,Mason Maclean,"Pond View Farm, LLC",,
29473,10538,903,Short/Long Stirrup Hunter 2',,3004,Rio Mccoy,Brittany Doughty,Brittany Doughty,,
29474,10538,904,Short/Long Stirrup Hunter U/S,1,1202,Quizmaster,Lainey Lovell,Kacey Conway,,
29474,10538,904,Short/Long Stirrup Hunter U/S,2,2620,Lincom's Close Up,Mason Maclean,"Pond View Farm, LLC",,
29474,10538,904,Short/Long Stirrup Hunter U/S,3,2147,Princeton,Lacoste Davis,Christine Davis,,
29474,10538,904,Short/Long Stirrup Hunter U/S,4,1196,Carolina Bay,Emily Mckendry,Tonya Brown,,
29474,10538,904,Short/Long Stirrup Hunter U/S,5,3004,Rio Mccoy,Brittany Doughty,Brittany Doughty,,
29474,10538,904,Short/Long Stirrup Hunter U/S,6,2535,Lucky Lakota,Guiliana Itzo,Guiliana Itzo,,
29474,10538,904,Short/Long Stirrup Hunter U/S,7,2625,Pie In The Sky,Piper Wise,Ally Tyre,,
29474,10538,904,Short/Long Stirrup Hunter U/S,8,1509,Amuze Bouche,Annastasia Valentine,Valentini Equestrian LLC,,
29474,10538,904,Short/Long Stirrup Hunter U/S,,1068,Out Of The Blue,Alma Bettant,Daniela Roy,,
29474,10538,904,Short/Long Stirrup Hunter U/S,,1090,City Of Angels,Sabine Clark,Sabine Clark,,
29474,10538,904,Short/Long Stirrup Hunter U/S,,1093,Worth The Wait,Kennedy Morrison,Faith E. Harrell,,
29474,10538,904,Short/Long Stirrup Hunter U/S,,1839,Romeo Juliets Shadow,Zella Esposito,Emily Willett,,
29474,10538,904,Short/Long Stirrup Hunter U/S,,1881,Bff Signatures Holy Ghost,Ella Ofarrell,Kim Taylor,,
29474,10538,904,Short/Long Stirrup Hunter U/S,,2111,Hfo Balou D'amour,Addison Evans,Kelly Evans,,
29474,10538,904,Short/Long Stirrup Hunter U/S,,2115,Simply Good,Emily Caudle,"Capall Stables, LLC",,
29474,10538,904,Short/Long Stirrup Hunter U/S,,2621,Nayla Balou,Mary Jo Engstrom,Mary Jo Engstrom,,
29496,10542,910,Short/Long Stirrup Equitation 2',1,1196,Carolina Bay,Lily Gloriod,Tonya Brown,,
29496,10542,910,Short/Long Stirrup Equitation 2',2,2115,Simply Good,Emily Caudle,"Capall Stables, LLC",,
29496,10542,910,Short/Long Stirrup Equitation 2',3,2111,Hfo Balou D'amour,Addison Evans,Kelly Evans,,
29496,10542,910,Short/Long Stirrup Equitation 2',4,2113,Never Ending Story,Zendaya Horner Brown,Zendaya Horner Brown,,
29496,10542,910,Short/Long Stirrup Equitation 2',5,1093,Worth The Wait,Kennedy Morrison,Faith E. Harrell,,
29496,10542,910,Short/Long Stirrup Equitation 2',6,1509,Amuze Bouche,Annastasia Valentine,Valentini Equestrian LLC,,
29496,10542,910,Short/Long Stirrup Equitation 2',7,2086,Psu Krymsun Blue Sky,Anslee Bell,Marsha Adams,,
29496,10542,910,Short/Long Stirrup Equitation 2',,2535,Lucky Lakota,Guiliana Itzo,Guiliana Itzo,,
29496,10542,910,Short/Long Stirrup Equitation 2',,2625,Pie In The Sky,Piper Wise,Ally Tyre,,
29497,10542,911,Short/Long Stirrup Equitation 2',1,1196,Carolina Bay,Lily Gloriod,Tonya Brown,,
29497,10542,911,Short/Long Stirrup Equitation 2',2,1509,Amuze Bouche,Annastasia Valentine,Valentini Equestrian LLC,,
29497,10542,911,Short/Long Stirrup Equitation 2',3,2113,Never Ending Story,Zendaya Horner Brown,Zendaya Horner Brown,,
29497,10542,911,Short/Long Stirrup Equitation 2',4,2115,Simply Good,Emily Caudle,"Capall Stables, LLC",,
29497,10542,911,Short/Long Stirrup Equitation 2',5,2086,Psu Krymsun Blue Sky,Anslee Bell,Marsha Adams,,
29497,10542,911,Short/Long Stirrup Equitation 2',6,2111,Hfo Balou D'amour,Addison Evans,Kelly Evans,,
29497,10542,911,Short/Long Stirrup Equitation 2',7,1093,Worth The Wait,Kennedy Morrison,Faith E. Harrell,,
29497,10542,911,Short/Long Stirrup Equitation 2',,2535,Lucky Lakota,Guiliana Itzo,Guiliana Itzo,,
29497,10542,911,Short/Long Stirrup Equitation 2',,2625,Pie In The Sky,Piper Wise,Ally Tyre,,
29498,10542,912,Short/Long Stirrup Equitation Flat,1,1196,Carolina Bay,Lily Gloriod,Tonya Brown,,
29498,10542,912,Short/Long Stirrup Equitation Flat,2,1509,Amuze Bouche,Annastasia Valentine,Valentini Equestrian LLC,,
29498,10542,912,Short/Long Stirrup Equitation Flat,3,2086,Psu Krymsun Blue Sky,Anslee Bell,Marsha Adams,,
29498,10542,912,Short/Long Stirrup Equitation Flat,4,2115,Simply Good,Emily Caudle,"Capall Stables, LLC",,
29498,10542,912,Short/Long Stirrup Equitation Flat,5,2535,Lucky Lakota,Guiliana Itzo,Guiliana Itzo,,
29498,10542,912,Short/Long Stirrup Equitation Flat,6,2113,Never Ending Story,Zendaya Horner Brown,Zendaya Horner Brown,,
29498,10542,912,Short/Long Stirrup Equitation Flat,7,2111,Hfo Balou D'amour,Addison Evans,Kelly Evans,,
29498,10542,912,Short/Long Stirrup Equitation Flat,8,2625,Pie In The Sky,Piper Wise,Ally Tyre,,
29498,10542,912,Short/Long Stirrup Equitation Flat,,1839,Romeo Juliets Shadow,Zella Esposito,Emily Willett,,
33455,11984,916,"Crossrails 18""",1,2624,Tavish,Samantha Corda-Mcgreevy,Cinthia Ane' Mcgreevy,,
33455,11984,916,"Crossrails 18""",2,2958,Flylow,David Duffy-Levendorf,Olivia Burns,,
33455,11984,916,"Crossrails 18""",3,2606,Posh,Josephine Lurie,Selah Puleo,,
33455,11984,916,"Crossrails 18""",4,1103,Vhf Vegas,Amelia Khan,Julianna D’alto,,
33455,11984,916,"Crossrails 18""",5,2627,Spin Art,Ramsey Wise,Annalee Studstill,,
33455,11984,916,"Crossrails 18""",6,1068,Out Of The Blue,Mona Bettant,Daniela Roy,,
33455,11984,916,"Crossrails 18""",7,2527,Charme Z,Elizabeth Epstein,Elizabeth Epstein,,
33455,11984,916,"Crossrails 18""",8,2801,Bianca,Harlow Kobel,Collins Mcvety,,
33455,11984,916,"Crossrails 18""",,1099,Cms Who's The Man,Madison Boutilier,Madison Boutilier,,
33455,11984,916,"Crossrails 18""",,1287,Whata Heart Throb,Kimberly Ewing,Kimberly Ewing,,
33455,11984,916,"Crossrails 18""",,2084,My Weekend Is Booked,Kit Falzone,Kit Falzone,,
33455,11984,916,"Crossrails 18""",,2086,Psu Krymsun Blue Sky,Isabella Adams,Marsha Adams,,
33455,11984,916,"Crossrails 18""",,2386,Marvick,Emma Reimer,Kevin C. Eufemia,,
33455,11984,916,"Crossrails 18""",,2959,Wrenwood Blue Dream,Robert Duffy-Levendorf,Bluestone Farm,,
33456,11984,917,"Crossrails 18""",1,2624,Tavish,Samantha Corda-Mcgreevy,Cinthia Ane' Mcgreevy,,
33456,11984,917,"Crossrails 18""",2,1103,Vhf Vegas,Amelia Khan,Julianna D’alto,,
33456,11984,917,"Crossrails 18""",3,2627,Spin Art,Ramsey Wise,Annalee Studstill,,
33456,11984,917,"Crossrails 18""",4,2084,My Weekend Is Booked,Kit Falzone,Kit Falzone,,
33456,11984,917,"Crossrails 18""",5,2801,Bianca,Harlow Kobel,Collins Mcvety,,
33456,11984,917,"Crossrails 18""",6,2527,Charme Z,Elizabeth Epstein,Elizabeth Epstein,,
33456,11984,917,"Crossrails 18""",7,2606,Posh,Josephine Lurie,Selah Puleo,,
33456,11984,917,"Crossrails 18""",8,2086,Psu Krymsun Blue Sky,Isabella Adams,Marsha Adams,,
33456,11984,917,"Crossrails 18""",,1068,Out Of The Blue,Mona Bettant,Daniela Roy,,
33456,11984,917,"Crossrails 18""",,1099,Cms Who's The Man,Madison Boutilier,Madison Boutilier,,
33456,11984,917,"Crossrails 18""",,1287,Whata Heart Throb,Kimberly Ewing,Kimberly Ewing,,
33456,11984,917,"Crossrails 18""",,2386,Marvick,Emma Reimer,Kevin C. Eufemia,,
33456,11984,917,"Crossrails 18""",,2958,Flylow,David Duffy-Levendorf,Olivia Burns,,
33456,11984,917,"Crossrails 18""",,2959,Wrenwood Blue Dream,Robert Duffy-Levendorf,Bluestone Farm,,
33457,11984,918,"Crossrails 18""",1,2606,Posh,Josephine Lurie,Selah Puleo,,
33457,11984,918,"Crossrails 18""",2,1287,Whata Heart Throb,Kimberly Ewing,Kimberly Ewing,,
33457,11984,918,"Crossrails 18""",3,2386,Marvick,Emma Reimer,Kevin C. Eufemia,,
33457,11984,918,"Crossrails 18""",4,2624,Tavish,Samantha Corda-Mcgreevy,Cinthia Ane' Mcgreevy,,
33457,11984,918,"Crossrails 18""",5,1099,Cms Who's The Man,Madison Boutilier,Madison Boutilier,,
33457,11984,918,"Crossrails 18""",6,2801,Bianca,Harlow Kobel,Collins Mcvety,,
33457,11984,918,"Crossrails 18""",7,1068,Out Of The Blue,Mona Bettant,Daniela Roy,,
33457,11984,918,"Crossrails 18""",8,2958,Flylow,David Duffy-Levendorf,Olivia Burns,,
33457,11984,918,"Crossrails 18""",,1103,Vhf Vegas,Amelia Khan,Julianna D’alto,,
33457,11984,918,"Crossrails 18""",,2084,My Weekend Is Booked,Kit Falzone,Kit Falzone,,
33457,11984,918,"Crossrails 18""",,2086,Psu Krymsun Blue Sky,Isabella Adams,Marsha Adams,,
33457,11984,918,"Crossrails 18""",,2527,Charme Z,Elizabeth Epstein,Elizabeth Epstein,,
33457,11984,918,"Crossrails 18""",,2627,Spin Art,Ramsey Wise,Annalee Studstill,,
33457,11984,918,"Crossrails 18""",,2959,Wrenwood Blue Dream,Robert Duffy-Levendorf,Bluestone Farm,,
33458,11984,919,"Crossrails 18""",1,1287,Whata Heart Throb,Kimberly Ewing,Kimberly Ewing,,
33458,11984,919,"Crossrails 18""",2,2606,Posh,Josephine Lurie,Selah Puleo,,
33458,11984,919,"Crossrails 18""",3,2627,Spin Art,Ramsey Wise,Annalee Studstill,,
33458,11984,919,"Crossrails 18""",4,2801,Bianca,Harlow Kobel,Collins Mcvety,,
33458,11984,919,"Crossrails 18""",5,2959,Wrenwood Blue Dream,Robert Duffy-Levendorf,Bluestone Farm,,
33458,11984,919,"Crossrails 18""",6,1068,Out Of The Blue,Mona Bettant,Daniela Roy,,
33458,11984,919,"Crossrails 18""",7,2624,Tavish,Samantha Corda-Mcgreevy,Cinthia Ane' Mcgreevy,,
33458,11984,919,"Crossrails 18""",8,2958,Flylow,David Duffy-Levendorf,Olivia Burns,,
33458,11984,919,"Crossrails 18""",,1099,Cms Who's The Man,Madison Boutilier,Madison Boutilier,,
33458,11984,919,"Crossrails 18""",,1103,Vhf Vegas,Amelia Khan,Julianna D’alto,,
33458,11984,919,"Crossrails 18""",,2084,My Weekend Is Booked,Kit Falzone,Kit Falzone,,
33458,11984,919,"Crossrails 18""",,2086,Psu Krymsun Blue Sky,Isabella Adams,Marsha Adams,,
33458,11984,919,"Crossrails 18""",,2386,Marvick,Emma Reimer,Kevin C. Eufemia,,
33458,11984,919,"Crossrails 18""",,2527,Charme Z,Elizabeth Epstein,Elizabeth Epstein,,
33459,11984,920,Crossrails Flat,1,2627,Spin Art,Ramsey Wise,Annalee Studstill,,
33459,11984,920,Crossrails Flat,2,2624,Tavish,Samantha Corda-Mcgreevy,Cinthia Ane' Mcgreevy,,
33459,11984,920,Crossrails Flat,3,2386,Marvick,Emma Reimer,Kevin C. Eufemia,,
33459,11984,920,Crossrails Flat,4,1103,Vhf Vegas,Amelia Khan,Julianna D’alto,,
33459,11984,920,Crossrails Flat,5,2801,Bianca,Harlow Kobel,Collins Mcvety,,
33459,11984,920,Crossrails Flat,6,1287,Whata Heart Throb,Kimberly Ewing,Kimberly Ewing,,
33459,11984,920,Crossrails Flat,7,1099,Cms Who's The Man,Madison Boutilier,Madison Boutilier,,
33459,11984,920,Crossrails Flat,8,2527,Charme Z,Elizabeth Epstein,Elizabeth Epstein,,
33459,11984,920,Crossrails Flat,,1068,Out Of The Blue,Mona Bettant,Daniela Roy,,
33459,11984,920,Crossrails Flat,,2084,My Weekend Is Booked,Kit Falzone,Kit Falzone,,
33459,11984,920,Crossrails Flat,,2086,Psu Krymsun Blue Sky,Isabella Adams,Marsha Adams,,
33459,11984,920,Crossrails Flat,,2606,Posh,Josephine Lurie,Selah Puleo,,
33459,11984,920,Crossrails Flat,,2958,Flylow,David Duffy-Levendorf,Olivia Burns,,
33459,11984,920,Crossrails Flat,,2959,Wrenwood Blue Dream,Robert Duffy-Levendorf,Bluestone Farm,,
29201,0,926,$500 Short Stirrup/Long Stirrup Classic 2',1,2620,Lincom's Close Up,Mason Maclean,"Pond View Farm, LLC",80,$150
29201,0,926,$500 Short Stirrup/Long Stirrup Classic 2',2,1202,Quizmaster,Lainey Lovell,Kacey Conway,78,$110
29201,0,926,$500 Short Stirrup/Long Stirrup Classic 2',3,2111,Hfo Balou D'amour,Addison Evans,Kelly Evans,79,$75
29201,0,926,$500 Short Stirrup/Long Stirrup Classic 2',4,2115,Simply Good,Emily Caudle,"Capall Stables, LLC",70,$60
29201,0,926,$500 Short Stirrup/Long Stirrup Classic 2',5,2147,Princeton,Lacoste Davis,Christine Davis,83,$55
29201,0,926,$500 Short Stirrup/Long Stirrup Classic 2',6,3004,Rio Mccoy,Brittany Doughty,Brittany Doughty,73,$50
29201,0,926,$500 Short Stirrup/Long Stirrup Classic 2',7,1509,Amuze Bouche,Annastasia Valentine,Valentini Equestrian LLC,68,
29201,0,926,$500 Short Stirrup/Long Stirrup Classic 2',8,1093,Worth The Wait,Kennedy Morrison,Faith E. Harrell,67,
29201,0,926,$500 Short Stirrup/Long Stirrup Classic 2',9,1196,Carolina Bay,Emily Mckendry,Tonya Brown,48,
29201,0,926,$500 Short Stirrup/Long Stirrup Classic 2',10,1836,Cento Forever,Pamela Mattel,Pamela Mattel,76,
29201,0,926,$500 Short Stirrup/Long Stirrup Classic 2',11,2535,Lucky Lakota,Guiliana Itzo,Guiliana Itzo,50,
29201,0,926,$500 Short Stirrup/Long Stirrup Classic 2',12,1090,City Of Angels,Sabine Clark,Sabine Clark,45,
29201,0,926,$500 Short Stirrup/Long Stirrup Classic 2',,1839,Romeo Juliets Shadow,Zella Esposito,Emily Willett,40,
29201,0,926,$500 Short Stirrup/Long Stirrup Classic 2',,1881,Bff Signatures Holy Ghost,Ella Ofarrell,Kim Taylor,30,
29248,10470,927,Walk Trot Equitation Ground Rails,1,2801,Bianca,Harlow Kobel,Collins Mcvety,,
29248,10470,927,Walk Trot Equitation Ground Rails,2,1100,Kicks And Giggles W.e.c.,Ella Boutilier,Sb Elite Sporthorse LLC,,
29248,10470,927,Walk Trot Equitation Ground Rails,3,2087,Shenandoah East Wind,Theya Savoy,Leena Rivera,,
29248,10470,927,Walk Trot Equitation Ground Rails,4,2083,Dank's Corner Livin' In The Future,Laikynn Mixon,J'Alynne Rivera,,
29248,10470,927,Walk Trot Equitation Ground Rails,5,2088,Talk To Me Goose,Lyla Payne,Lyla Payne,,
29248,10470,927,Walk Trot Equitation Ground Rails,6,2089,Under The Sea,Kennedy Miller,Kennedy Miller,,
29248,10470,927,Walk Trot Equitation Ground Rails,7,2527,Charme Z,Elizabeth Epstein,Elizabeth Epstein,,
29248,10470,927,Walk Trot Equitation Ground Rails,8,2734,Taffy's Little Charade,Skylyn Crisante,Skylyn Crisante,,
29248,10470,927,Walk Trot Equitation Ground Rails,,2085,Orchard Hills Snapchat,Elliana Rivera,Elliana Rivera,,
29249,10470,928,Walk Trot Equitation Ground Rails,1,2083,Dank's Corner Livin' In The Future,Laikynn Mixon,J'Alynne Rivera,,
29249,10470,928,Walk Trot Equitation Ground Rails,2,2801,Bianca,Harlow Kobel,Collins Mcvety,,
29249,10470,928,Walk Trot Equitation Ground Rails,3,2088,Talk To Me Goose,Lyla Payne,Lyla Payne,,
29249,10470,928,Walk Trot Equitation Ground Rails,4,2527,Charme Z,Elizabeth Epstein,Elizabeth Epstein,,
29249,10470,928,Walk Trot Equitation Ground Rails,5,1100,Kicks And Giggles W.e.c.,Ella Boutilier,Sb Elite Sporthorse LLC,,
29249,10470,928,Walk Trot Equitation Ground Rails,6,2089,Under The Sea,Kennedy Miller,Kennedy Miller,,
29249,10470,928,Walk Trot Equitation Ground Rails,7,2087,Shenandoah East Wind,Theya Savoy,Leena Rivera,,
29249,10470,928,Walk Trot Equitation Ground Rails,8,2085,Orchard Hills Snapchat,Elliana Rivera,Elliana Rivera,,
29249,10470,928,Walk Trot Equitation Ground Rails,,2734,Taffy's Little Charade,Skylyn Crisante,Skylyn Crisante,,
29250,10470,929,Walk Trot Equitation Ground Rails,1,2801,Bianca,Harlow Kobel,Collins Mcvety,,
29250,10470,929,Walk Trot Equitation Ground Rails,2,1100,Kicks And Giggles W.e.c.,Ella Boutilier,Sb Elite Sporthorse LLC,,
29250,10470,929,Walk Trot Equitation Ground Rails,3,2088,Talk To Me Goose,Lyla Payne,Lyla Payne,,
29250,10470,929,Walk Trot Equitation Ground Rails,4,2083,Dank's Corner Livin' In The Future,Laikynn Mixon,J'Alynne Rivera,,
29250,10470,929,Walk Trot Equitation Ground Rails,5,2087,Shenandoah East Wind,Theya Savoy,Leena Rivera,,
29250,10470,929,Walk Trot Equitation Ground Rails,6,2527,Charme Z,Elizabeth Epstein,Elizabeth Epstein,,
29250,10470,929,Walk Trot Equitation Ground Rails,7,2734,Taffy's Little Charade,Skylyn Crisante,Skylyn Crisante,,
29250,10470,929,Walk Trot Equitation Ground Rails,8,2089,Under The Sea,Kennedy Miller,Kennedy Miller,,
29250,10470,929,Walk Trot Equitation Ground Rails,,2085,Orchard Hills Snapchat,Elliana Rivera,Elliana Rivera,,
29251,10470,930,Walk Trot Equitation Ground Rails,1,2801,Bianca,Harlow Kobel,Collins Mcvety,,
29251,10470,930,Walk Trot Equitation Ground Rails,2,2088,Talk To Me Goose,Lyla Payne,Lyla Payne,,
29251,10470,930,Walk Trot Equitation Ground Rails,3,1100,Kicks And Giggles W.e.c.,Ella Boutilier,Sb Elite Sporthorse LLC,,
29251,10470,930,Walk Trot Equitation Ground Rails,4,2083,Dank's Corner Livin' In The Future,Laikynn Mixon,J'Alynne Rivera,,
29251,10470,930,Walk Trot Equitation Ground Rails,5,2527,Charme Z,Elizabeth Epstein,Elizabeth Epstein,,
29251,10470,930,Walk Trot Equitation Ground Rails,6,2087,Shenandoah East Wind,Theya Savoy,Leena Rivera,,
29251,10470,930,Walk Trot Equitation Ground Rails,7,2734,Taffy's Little Charade,Skylyn Crisante,Skylyn Crisante,,
29251,10470,930,Walk Trot Equitation Ground Rails,8,2085,Orchard Hills Snapchat,Elliana Rivera,Elliana Rivera,,
29251,10470,930,Walk Trot Equitation Ground Rails,,2089,Under The Sea,Kennedy Miller,Kennedy Miller,,
29252,10470,931,Walk Trot Equitation Ground Rails Flat,1,2801,Bianca,Harlow Kobel,Collins Mcvety,,
29252,10470,931,Walk Trot Equitation Ground Rails Flat,2,2527,Charme Z,Elizabeth Epstein,Elizabeth Epstein,,
29252,10470,931,Walk Trot Equitation Ground Rails Flat,3,2083,Dank's Corner Livin' In The Future,Laikynn Mixon,J'Alynne Rivera,,
29252,10470,931,Walk Trot Equitation Ground Rails Flat,4,2089,Under The Sea,Kennedy Miller,Kennedy Miller,,
29252,10470,931,Walk Trot Equitation Ground Rails Flat,5,2088,Talk To Me Goose,Lyla Payne,Lyla Payne,,
29252,10470,931,Walk Trot Equitation Ground Rails Flat,6,1100,Kicks And Giggles W.e.c.,Ella Boutilier,Sb Elite Sporthorse LLC,,
29252,10470,931,Walk Trot Equitation Ground Rails Flat,7,2087,Shenandoah East Wind,Theya Savoy,Leena Rivera,,
29252,10470,931,Walk Trot Equitation Ground Rails Flat,8,2085,Orchard Hills Snapchat,Elliana Rivera,Elliana Rivera,,
29247,0,2001,Leadline,,1203,Bravada,Adeline Forrester,Jacqueline Green,,
29247,0,2001,Leadline,,1250,Poptart,Tinsley Robson,Competition Farm LLC,,
29247,0,2001,Leadline,,2087,Shenandoah East Wind,Leena Rivera,Linden Nguyen,,
29247,0,2001,Leadline,,2390,Poptart,Olivia Oakvik,Jessica Heap,,
29247,0,2001,Leadline,,2572,Geisha D'agenais,Andie Ulrich,Laura Gaither,,
29247,0,2001,Leadline,,3207,Belle,Colby Maynard Maddrix,M&m Sporthorses,,
29237,0,2201,"$4,000 4CYTE 1.40m CSI2* Two Phase 222.1.4.3",1,133,My Diamant,,Laura Gaither,,$300
29237,0,2201,"$4,000 4CYTE 1.40m CSI2* Two Phase 222.1.4.3",2,107,Conthalando Ps,,Manuel G. Torres,,$200
29237,0,2201,"$4,000 4CYTE 1.40m CSI2* Two Phase 222.1.4.3",3,108,Chriszi,,David Cameron,,$150
29237,0,2201,"$4,000 4CYTE 1.40m CSI2* Two Phase 222.1.4.3",4,157,Verdini D'houtveld Z,,Lauren Balcomb,,$100
29237,0,2201,"$4,000 4CYTE 1.40m CSI2* Two Phase 222.1.4.3",5,153,Champion League,,Sharn L. Wordley,,$60
29237,0,2201,"$4,000 4CYTE 1.40m CSI2* Two Phase 222.1.4.3",6,151,Contigo Z,,Samuel Parot,,$50
29237,0,2201,"$4,000 4CYTE 1.40m CSI2* Two Phase 222.1.4.3",7,145,Chutter Du Rouet Ps,,Aaron Vale,,$40
29237,0,2201,"$4,000 4CYTE 1.40m CSI2* Two Phase 222.1.4.3",8,115,Goliath De L’ Eldorado,,Declan Egan,,$30
29237,0,2201,"$4,000 4CYTE 1.40m CSI2* Two Phase 222.1.4.3",9,160,The Golden Road,,Camille Maynard,,$20
29237,0,2201,"$4,000 4CYTE 1.40m CSI2* Two Phase 222.1.4.3",10,141,Sternmarke 3,,Wilton J. Porter,,$20
29237,0,2201,"$4,000 4CYTE 1.40m CSI2* Two Phase 222.1.4.3",11,104,Helia Ffh,,Kyle Dewar,,$10
29237,0,2201,"$4,000 4CYTE 1.40m CSI2* Two Phase 222.1.4.3",12,126,Hendrick Des Forets,,Jodie Camberg,,$4
29237,0,2201,"$4,000 4CYTE 1.40m CSI2* Two Phase 222.1.4.3",12,147,Effixe Du Melnire,,Juan E. Hidalgo,,$4
29237,0,2201,"$4,000 4CYTE 1.40m CSI2* Two Phase 222.1.4.3",12,125,Conthinder,,Sophia Ayers,,$4
29237,0,2201,"$4,000 4CYTE 1.40m CSI2* Two Phase 222.1.4.3",12,111,Cascais Hc,,Juan J. Bancalari,,$4
29237,0,2201,"$4,000 4CYTE 1.40m CSI2* Two Phase 222.1.4.3",12,113,Arezzo Z,,Juan M. Bolanos,,$4
29237,0,2201,"$4,000 4CYTE 1.40m CSI2* Two Phase 222.1.4.3",,103,Hutin De L'abbaye,,Kyle Dewar,,
29237,0,2201,"$4,000 4CYTE 1.40m CSI2* Two Phase 222.1.4.3",,105,Hopefull Menjoulet,,Taylor St Jacques,,
29237,0,2201,"$4,000 4CYTE 1.40m CSI2* Two Phase 222.1.4.3",,106,Kadar Hbc,,Simon Arango,,
29237,0,2201,"$4,000 4CYTE 1.40m CSI2* Two Phase 222.1.4.3",,114,Mestizo Ls,,Lukene Arenas,,
29237,0,2201,"$4,000 4CYTE 1.40m CSI2* Two Phase 222.1.4.3",,123,Cordis Totalis Z,,Selcuk Koksalan,,
29237,0,2201,"$4,000 4CYTE 1.40m CSI2* Two Phase 222.1.4.3",,124,Montecristo,,Selcuk Koksalan,,
29237,0,2201,"$4,000 4CYTE 1.40m CSI2* Two Phase 222.1.4.3",,132,Hop Mouche,,Laura Gaither,,
29237,0,2201,"$4,000 4CYTE 1.40m CSI2* Two Phase 222.1.4.3",,134,Hollywood V,,Amanda Gomez,,
29237,0,2201,"$4,000 4CYTE 1.40m CSI2* Two Phase 222.1.4.3",,143,Pmf Inventiv,,Angela Swanson,,
29237,0,2201,"$4,000 4CYTE 1.40m CSI2* Two Phase 222.1.4.3",,158,Icare Chavannais,,Priscilla Broger,,
28941,0,2202,"$32,000 4CYTE 1.45m CSI2* Speed 220.2.1.1",1,152,Gradje O,,Samuel Parot,,"$9,600"
28941,0,2202,"$32,000 4CYTE 1.45m CSI2* Speed 220.2.1.1",2,118,Comme Ci Comme Ca,,Ashlee Bond,,"$6,400"
28941,0,2202,"$32,000 4CYTE 1.45m CSI2* Speed 220.2.1.1",3,154,Hagelin,,Sharn L. Wordley,,"$4,800"
28941,0,2202,"$32,000 4CYTE 1.45m CSI2* Speed 220.2.1.1",4,138,Cardozo 4,,Tanner Korotkin,,"$3,200"
28941,0,2202,"$32,000 4CYTE 1.45m CSI2* Speed 220.2.1.1",5,153,Champion League,,Sharn L. Wordley,,"$1,920"
28941,0,2202,"$32,000 4CYTE 1.45m CSI2* Speed 220.2.1.1",6,140,Dorchester,,Nora Nauss,,"$1,600"
28941,0,2202,"$32,000 4CYTE 1.45m CSI2* Speed 220.2.1.1",7,116,Santiago Vh Netehof,,Cormac Hanley,,"$1,280"
28941,0,2202,"$32,000 4CYTE 1.45m CSI2* Speed 220.2.1.1",8,112,Fraxinus Des Coeuries,,Juan J. Bancalari,,$960
28941,0,2202,"$32,000 4CYTE 1.45m CSI2* Speed 220.2.1.1",9,149,Quicksilver C,,Luis Sabino Goncalves,,$640
28941,0,2202,"$32,000 4CYTE 1.45m CSI2* Speed 220.2.1.1",10,127,Artic Jt Z,,Captain Brian Cournane,,$640
28941,0,2202,"$32,000 4CYTE 1.45m CSI2* Speed 220.2.1.1",11,156,Yalambis Ikon,,Maddison Stephen,,$320
28941,0,2202,"$32,000 4CYTE 1.45m CSI2* Speed 220.2.1.1",12,146,Tulara Cascara,,Aaron Vale,,$320
28941,0,2202,"$32,000 4CYTE 1.45m CSI2* Speed 220.2.1.1",13,120,Charly Brown 353,,Maya Denis,,$320
28941,0,2202,"$32,000 4CYTE 1.45m CSI2* Speed 220.2.1.1",,113,Arezzo Z,,Juan M. Bolanos,,
28941,0,2202,"$32,000 4CYTE 1.45m CSI2* Speed 220.2.1.1",,115,Goliath De L’ Eldorado,,Declan Egan,,
28941,0,2202,"$32,000 4CYTE 1.45m CSI2* Speed 220.2.1.1",,122,Feinschnitt,,Dominique Gonzalez,,
28941,0,2202,"$32,000 4CYTE 1.45m CSI2* Speed 220.2.1.1",,126,Hendrick Des Forets,,Jodie Camberg,,
28941,0,2202,"$32,000 4CYTE 1.45m CSI2* Speed 220.2.1.1",,129,Mtm Can Talk To Me,,Tracy Fenney,,
28941,0,2202,"$32,000 4CYTE 1.45m CSI2* Speed 220.2.1.1",,131,Mtm Pablo,,Tracy Fenney,,
28941,0,2202,"$32,000 4CYTE 1.45m CSI2* Speed 220.2.1.1",,142,Puccini Van Orti,,Lia Screnci,,
28941,0,2202,"$32,000 4CYTE 1.45m CSI2* Speed 220.2.1.1",,151,Contigo Z,,Samuel Parot,,
28941,0,2202,"$32,000 4CYTE 1.45m CSI2* Speed 220.2.1.1",,155,Nimbus Rfb,,Aaron Vale,,
28941,0,2202,"$32,000 4CYTE 1.45m CSI2* Speed 220.2.1.1",,159,S&l Protector,,Ciaran Flynn,,
28943,0,2203,"$32,000 4 CYTE Grand Prix Qualifier CSI2* 1.45m 220.2.1.2",,119,Diamond Rbc Z,,Jenna P. Friedman-Lopez,,
28943,0,2203,"$32,000 4 CYTE Grand Prix Qualifier CSI2* 1.45m 220.2.1.2",1,131,Mtm Pablo,,Tracy Fenney,,"$9,600"
28943,0,2203,"$32,000 4 CYTE Grand Prix Qualifier CSI2* 1.45m 220.2.1.2",13,102,Okidoki Van De Renthoeve,,Lucia Rivas,,$320
28943,0,2203,"$32,000 4 CYTE Grand Prix Qualifier CSI2* 1.45m 220.2.1.2",5,106,Kadar Hbc,,Simon Arango,,"$1,920"
28943,0,2203,"$32,000 4 CYTE Grand Prix Qualifier CSI2* 1.45m 220.2.1.2",12,112,Fraxinus Des Coeuries,,Juan J. Bancalari,,$320
28943,0,2203,"$32,000 4 CYTE Grand Prix Qualifier CSI2* 1.45m 220.2.1.2",,123,Cordis Totalis Z,,Selcuk Koksalan,,
28943,0,2203,"$32,000 4 CYTE Grand Prix Qualifier CSI2* 1.45m 220.2.1.2",3,138,Cardozo 4,,Tanner Korotkin,,"$4,800"
28943,0,2203,"$32,000 4 CYTE Grand Prix Qualifier CSI2* 1.45m 220.2.1.2",7,100,Facundo De La Nutria,,Celso Ariani,,"$1,280"
28943,0,2203,"$32,000 4 CYTE Grand Prix Qualifier CSI2* 1.45m 220.2.1.2",6,116,Santiago Vh Netehof,,Cormac Hanley,,"$1,600"
28943,0,2203,"$32,000 4 CYTE Grand Prix Qualifier CSI2* 1.45m 220.2.1.2",2,111,Cascais Hc,,Juan J. Bancalari,,"$6,400"
28943,0,2203,"$32,000 4 CYTE Grand Prix Qualifier CSI2* 1.45m 220.2.1.2",4,153,Champion League,,Sharn L. Wordley,,"$3,200"
28943,0,2203,"$32,000 4 CYTE Grand Prix Qualifier CSI2* 1.45m 220.2.1.2",8,141,Sternmarke 3,,Wilton J. Porter,,$960
28943,0,2203,"$32,000 4 CYTE Grand Prix Qualifier CSI2* 1.45m 220.2.1.2",9,133,My Diamant,,Laura Gaither,,$640
28943,0,2203,"$32,000 4 CYTE Grand Prix Qualifier CSI2* 1.45m 220.2.1.2",,108,Chriszi,,David Cameron,,
28943,0,2203,"$32,000 4 CYTE Grand Prix Qualifier CSI2* 1.45m 220.2.1.2",10,128,Daytona S.e,,Hanna R. Egan,,$640
28943,0,2203,"$32,000 4 CYTE Grand Prix Qualifier CSI2* 1.45m 220.2.1.2",,130,Mtm Myrbalia O,,Tracy Fenney,,
28943,0,2203,"$32,000 4 CYTE Grand Prix Qualifier CSI2* 1.45m 220.2.1.2",,147,Effixe Du Melnire,,Juan E. Hidalgo,,
28943,0,2203,"$32,000 4 CYTE Grand Prix Qualifier CSI2* 1.45m 220.2.1.2",11,109,Elalisa,,Maleah Lang Mcmahon,,$320
28943,0,2203,"$32,000 4 CYTE Grand Prix Qualifier CSI2* 1.45m 220.2.1.2",,155,Nimbus Rfb,,Aaron Vale,,
28943,0,2203,"$32,000 4 CYTE Grand Prix Qualifier CSI2* 1.45m 220.2.1.2",,107,Conthalando Ps,,Manuel G. Torres,,
28943,0,2203,"$32,000 4 CYTE Grand Prix Qualifier CSI2* 1.45m 220.2.1.2",,115,Goliath De L' Eldorado,,Declan Egan,,
28943,0,2203,"$32,000 4 CYTE Grand Prix Qualifier CSI2* 1.45m 220.2.1.2",,105,Hopefull Menjoulet,,Taylor St Jacques,,
28943,0,2203,"$32,000 4 CYTE Grand Prix Qualifier CSI2* 1.45m 220.2.1.2",,104,Helia Ffh,,Kyle Dewar,,
28943,0,2203,"$32,000 4 CYTE Grand Prix Qualifier CSI2* 1.45m 220.2.1.2",,103,Hutin De L'abbaye,,Kyle Dewar,,
28943,0,2203,"$32,000 4 CYTE Grand Prix Qualifier CSI2* 1.45m 220.2.1.2",,113,Arezzo Z,,Juan M. Bolanos,,
28943,0,2203,"$32,000 4 CYTE Grand Prix Qualifier CSI2* 1.45m 220.2.1.2",,114,Mestizo Ls,,Lukene Arenas,,
28943,0,2203,"$32,000 4 CYTE Grand Prix Qualifier CSI2* 1.45m 220.2.1.2",,120,Charly Brown 353,,Maya Denis,,
28943,0,2203,"$32,000 4 CYTE Grand Prix Qualifier CSI2* 1.45m 220.2.1.2",,124,Montecristo,,Selcuk Koksalan,,
28943,0,2203,"$32,000 4 CYTE Grand Prix Qualifier CSI2* 1.45m 220.2.1.2",,125,Conthinder,,Sophia Ayers,,
28943,0,2203,"$32,000 4 CYTE Grand Prix Qualifier CSI2* 1.45m 220.2.1.2",,127,Artic Jt Z,,Captain Brian Cournane,,
28943,0,2203,"$32,000 4 CYTE Grand Prix Qualifier CSI2* 1.45m 220.2.1.2",,134,Hollywood V,,Amanda Gomez,,
28943,0,2203,"$32,000 4 CYTE Grand Prix Qualifier CSI2* 1.45m 220.2.1.2",,139,Etonemoi Del Cabalero,,Tanner Korotkin,,
28943,0,2203,"$32,000 4 CYTE Grand Prix Qualifier CSI2* 1.45m 220.2.1.2",,140,Dorchester,,Nora Nauss,,
28943,0,2203,"$32,000 4 CYTE Grand Prix Qualifier CSI2* 1.45m 220.2.1.2",,142,Puccini Van Orti,,Lia Screnci,,
28943,0,2203,"$32,000 4 CYTE Grand Prix Qualifier CSI2* 1.45m 220.2.1.2",,143,Pmf Inventiv,,Angela Swanson,,
28943,0,2203,"$32,000 4 CYTE Grand Prix Qualifier CSI2* 1.45m 220.2.1.2",,146,Tulara Cascara,,Aaron Vale,,
28943,0,2203,"$32,000 4 CYTE Grand Prix Qualifier CSI2* 1.45m 220.2.1.2",,149,Quicksilver C,,Luis Sabino Goncalves,,
28943,0,2203,"$32,000 4 CYTE Grand Prix Qualifier CSI2* 1.45m 220.2.1.2",,150,Chrystal Blue,,Samuel Parot,,
28943,0,2203,"$32,000 4 CYTE Grand Prix Qualifier CSI2* 1.45m 220.2.1.2",,151,Contigo Z,,Samuel Parot,,
28943,0,2203,"$32,000 4 CYTE Grand Prix Qualifier CSI2* 1.45m 220.2.1.2",,157,Verdini D'houtveld Z,,Lauren Balcomb,,
28943,0,2203,"$32,000 4 CYTE Grand Prix Qualifier CSI2* 1.45m 220.2.1.2",,158,Icare Chavannais,,Priscilla Broger,,
28943,0,2203,"$32,000 4 CYTE Grand Prix Qualifier CSI2* 1.45m 220.2.1.2",,159,S&l Protector,,Ciaran Flynn,,
28943,0,2203,"$32,000 4 CYTE Grand Prix Qualifier CSI2* 1.45m 220.2.1.2",,160,The Golden Road,,Camille Maynard,,
28943,0,2203,"$32,000 4 CYTE Grand Prix Qualifier CSI2* 1.45m 220.2.1.2",,161,Jason Brown,,Flavio Montenegro,,
28940,0,2204,"$85,000 4CYTE Grand Prix FEI CSI2* 1.45m 220.2.1.2",1,131,Mtm Pablo,,Tracy Fenney,,"$25,500"
28940,0,2204,"$85,000 4CYTE Grand Prix FEI CSI2* 1.45m 220.2.1.2",2,154,Hagelin,,Sharn L. Wordley,,"$17,000"
28940,0,2204,"$85,000 4CYTE Grand Prix FEI CSI2* 1.45m 220.2.1.2",3,141,Sternmarke 3,,Wilton J. Porter,,"$12,750"
28940,0,2204,"$85,000 4CYTE Grand Prix FEI CSI2* 1.45m 220.2.1.2",4,100,Facundo De La Nutria,,Celso Ariani,,"$8,500"
28940,0,2204,"$85,000 4CYTE Grand Prix FEI CSI2* 1.45m 220.2.1.2",5,123,Cordis Totalis Z,,Selcuk Koksalan,,"$5,100"
28940,0,2204,"$85,000 4CYTE Grand Prix FEI CSI2* 1.45m 220.2.1.2",6,145,Chutter Du Rouet Ps,,Aaron Vale,,"$4,250"
28940,0,2204,"$85,000 4CYTE Grand Prix FEI CSI2* 1.45m 220.2.1.2",7,108,Chriszi,,David Cameron,,"$3,400"
28940,0,2204,"$85,000 4CYTE Grand Prix FEI CSI2* 1.45m 220.2.1.2",8,155,Nimbus Rfb,,Aaron Vale,,"$2,550"
28940,0,2204,"$85,000 4CYTE Grand Prix FEI CSI2* 1.45m 220.2.1.2",9,120,Charly Brown 353,,Maya Denis,,"$1,700"
28940,0,2204,"$85,000 4CYTE Grand Prix FEI CSI2* 1.45m 220.2.1.2",10,150,Chrystal Blue,,Samuel Parot,,"$1,700"
28940,0,2204,"$85,000 4CYTE Grand Prix FEI CSI2* 1.45m 220.2.1.2",11,152,Gradje O,,Samuel Parot,,$850
28940,0,2204,"$85,000 4CYTE Grand Prix FEI CSI2* 1.45m 220.2.1.2",12,156,Yalambis Ikon,,Maddison Stephen,,$850
28940,0,2204,"$85,000 4CYTE Grand Prix FEI CSI2* 1.45m 220.2.1.2",13,138,Cardozo 4,,Tanner Korotkin,,$850
28940,0,2204,"$85,000 4CYTE Grand Prix FEI CSI2* 1.45m 220.2.1.2",,106,Kadar Hbc,,Simon Arango,,
28940,0,2204,"$85,000 4CYTE Grand Prix FEI CSI2* 1.45m 220.2.1.2",,147,Effixe Du Melnire,,Juan E. Hidalgo,,
28940,0,2204,"$85,000 4CYTE Grand Prix FEI CSI2* 1.45m 220.2.1.2",,115,Goliath De L' Eldorado,,Declan Egan,,
28940,0,2204,"$85,000 4CYTE Grand Prix FEI CSI2* 1.45m 220.2.1.2",,109,Elalisa,,Maleah Lang Mcmahon,,
28940,0,2204,"$85,000 4CYTE Grand Prix FEI CSI2* 1.45m 220.2.1.2",,127,Artic Jt Z,,Captain Brian Cournane,,
28940,0,2204,"$85,000 4CYTE Grand Prix FEI CSI2* 1.45m 220.2.1.2",,149,Quicksilver C,,Luis Sabino Goncalves,,
28940,0,2204,"$85,000 4CYTE Grand Prix FEI CSI2* 1.45m 220.2.1.2",,130,Mtm Myrbalia O,,Tracy Fenney,,
28940,0,2204,"$85,000 4CYTE Grand Prix FEI CSI2* 1.45m 220.2.1.2",,133,My Diamant,,Laura Gaither,,
28940,0,2204,"$85,000 4CYTE Grand Prix FEI CSI2* 1.45m 220.2.1.2",,118,Comme Ci Comme Ca,,Ashlee Bond,,
28940,0,2204,"$85,000 4CYTE Grand Prix FEI CSI2* 1.45m 220.2.1.2",,158,Icare Chavannais,,Priscilla Broger,,
28940,0,2204,"$85,000 4CYTE Grand Prix FEI CSI2* 1.45m 220.2.1.2",,112,Fraxinus Des Coeuries,,Juan J. Bancalari,,
28940,0,2204,"$85,000 4CYTE Grand Prix FEI CSI2* 1.45m 220.2.1.2",,119,Diamond Rbc Z,,Jenna P. Friedman-Lopez,,
28940,0,2204,"$85,000 4CYTE Grand Prix FEI CSI2* 1.45m 220.2.1.2",,103,Hutin De L'abbaye,,Kyle Dewar,,
28940,0,2204,"$85,000 4CYTE Grand Prix FEI CSI2* 1.45m 220.2.1.2",,128,Daytona S.e,,Hanna R. Egan,,
28940,0,2204,"$85,000 4CYTE Grand Prix FEI CSI2* 1.45m 220.2.1.2",,113,Arezzo Z,,Juan M. Bolanos,,
28940,0,2204,"$85,000 4CYTE Grand Prix FEI CSI2* 1.45m 220.2.1.2",,134,Hollywood V,,Amanda Gomez,,
28940,0,2204,"$85,000 4CYTE Grand Prix FEI CSI2* 1.45m 220.2.1.2",,104,Helia Ffh,,Kyle Dewar,,
28940,0,2204,"$85,000 4CYTE Grand Prix FEI CSI2* 1.45m 220.2.1.2",,161,Jason Brown,,Flavio Montenegro,,
28940,0,2204,"$85,000 4CYTE Grand Prix FEI CSI2* 1.45m 220.2.1.2",,116,Santiago Vh Netehof,,Cormac Hanley,,
28940,0,2204,"$85,000 4CYTE Grand Prix FEI CSI2* 1.45m 220.2.1.2",,107,Conthalando Ps,,Manuel G. Torres,,
28940,0,2204,"$85,000 4CYTE Grand Prix FEI CSI2* 1.45m 220.2.1.2",,126,Hendrick Des Forets,,Jodie Camberg,,
28940,0,2204,"$85,000 4CYTE Grand Prix FEI CSI2* 1.45m 220.2.1.2",,114,Mestizo Ls,,Lukene Arenas,,
28940,0,2204,"$85,000 4CYTE Grand Prix FEI CSI2* 1.45m 220.2.1.2",,140,Dorchester,,Nora Nauss,,
28940,0,2204,"$85,000 4CYTE Grand Prix FEI CSI2* 1.45m 220.2.1.2",,142,Puccini Van Orti,,Lia Screnci,,
28940,0,2204,"$85,000 4CYTE Grand Prix FEI CSI2* 1.45m 220.2.1.2",,105,Hopefull Menjoulet,,Taylor St Jacques,,
28940,0,2204,"$85,000 4CYTE Grand Prix FEI CSI2* 1.45m 220.2.1.2",,111,Cascais Hc,,Juan J. Bancalari,,
28940,0,2204,"$85,000 4CYTE Grand Prix FEI CSI2* 1.45m 220.2.1.2",,143,Pmf Inventiv,,Angela Swanson,,
29401,10414,629a,1.00m Jumper II.2b,1,1074,Caballa Ps,Madison Cohen,Madison Cohen,,
29401,10414,629a,1.00m Jumper II.2b,2,1465,Norelien,Maya Allhusen,Maya Allhusen,,
29401,10414,629a,1.00m Jumper II.2b,3,1589,Kali,Mireya Godoy,Mireya Godoy,,
29401,10414,629a,1.00m Jumper II.2b,4,2930,Miracle Van De Beiaard Z,Declan Egan,Andrea Belofsky,,
29401,10414,629a,1.00m Jumper II.2b,5,2766,Panelja Van Con Amper,Declan Egan,Bruce Stafford,,
29401,10414,629a,1.00m Jumper II.2b,5,2177,Ata Fe Dulce,Kelly Saporito,Lyla Roberts,,
29401,10414,629a,1.00m Jumper II.2b,7,2563,Itoulon B,Spencer Brittan,Jamie Ricciardi,,
29401,10414,629a,1.00m Jumper II.2b,8,2971,Jim,Kaleigh Holroyd,Steven Rattner,,
29401,10414,629a,1.00m Jumper II.2b,,1932,Florian,Windsor Ryan,Windsor Stables LLC,,
29401,10414,629a,1.00m Jumper II.2b,,2290,Castello Z,Declan Egan,Sarah F. Wood,,
33506,10414,629b,1.00m Jumper II.2b,1,1769,Nevada Vdl,Robert Mendoza,Wb Equine Acquisitions,,
33506,10414,629b,1.00m Jumper II.2b,2,2828,Conlondino Ps,Evelyn Byron,"Showcase 81, LLC",,
33506,10414,629b,1.00m Jumper II.2b,3,2375,Sylvester Ter Linden,Lynde Johnson,Lynde Johnson,,
33506,10414,629b,1.00m Jumper II.2b,4,1861,Darc Vader,Emily Plante,Jjp Equestrian LLC,,
33506,10414,629b,1.00m Jumper II.2b,5,1046,Rimini Du Printemps,Tanner Korotkin,Sophie Heap,,
33506,10414,629b,1.00m Jumper II.2b,6,3009,Coby Z,Jenna P. Friedman-Lopez,"Oakridge Farm Performance Horses, LLC",,
33506,10414,629b,1.00m Jumper II.2b,7,2404,Marylee Z,Paige Figueiredo Agrawal,Paige Figueiredo Agrawal,,
33506,10414,629b,1.00m Jumper II.2b,8,2521,Excel Star Fair Play,Alexandra Hird,Lisa A Bermingham,,
33506,10414,629b,1.00m Jumper II.2b,,1102,Talk About Me,Violetta Bergonzoli,Violetta Bergonzoli,,
29113,10484,737a,$200 1.00m Junior Jumper II.1,1,1465,Norelien,Maya Allhusen,Maya Allhusen,,$60
29113,10484,737a,$200 1.00m Junior Jumper II.1,2,2834,Hercules,Maya Allhusen,Mario Garcia,,$44
29113,10484,737a,$200 1.00m Junior Jumper II.1,3,2878,Ilusionist II,Olivia Mcginnis,"Texas De Limache, LLC",,$30
29113,10484,737a,$200 1.00m Junior Jumper II.1,4,2987,Million's Crack Ki,Stella Kraemer,Stella Kraemer,,$24
29113,10484,737a,$200 1.00m Junior Jumper II.1,5,1071,Tolu,Sara Lopez,Daniela Roy,,$22
29113,10484,737a,$200 1.00m Junior Jumper II.1,6,1333,Casillo Hp 2,Samantha Schulze,Diego Vivero,,$20
29113,10484,737a,$200 1.00m Junior Jumper II.1,7,2177,Ata Fe Dulce,Lyla Roberts,Lyla Roberts,,
29113,10484,737a,$200 1.00m Junior Jumper II.1,8,2533,Unstoppable,Brielle Watkins,Lynne Clibburn,,
29113,10484,737a,$200 1.00m Junior Jumper II.1,,1053,Carrizal,Alexandria Gonzalez,Daniela Roy,,
29113,10484,737a,$200 1.00m Junior Jumper II.1,,1057,Epik,Côme Bettant,Côme Bettant,,
29113,10484,737a,$200 1.00m Junior Jumper II.1,,2154,Enzo Ferrari,Kayla Singh,Kayla Singh,,
29113,10484,737a,$200 1.00m Junior Jumper II.1,,3159,Quiet Storm,Asuni Zamudio,Molly Cannon,,
33508,12039,737b,$200 1.00m Junior Jumper II.1,1,2191,Willy Wonka Wb,Danielle Guy,Kelly Cross,,
33508,12039,737b,$200 1.00m Junior Jumper II.1,2,1437,Balencia,Stella Gavin,Kristina Photakis,,
33508,12039,737b,$200 1.00m Junior Jumper II.1,3,1778,Lisdeen Lady Kvj,Ellie Zimmerman,Skyler Lisitza,,
33508,12039,737b,$200 1.00m Junior Jumper II.1,4,2142,Bellefleur Z,Addison Hall,"J3 Stables, LLC",,
33508,12039,737b,$200 1.00m Junior Jumper II.1,5,3070,Neon Spotlight Z,Ameera Chin,Azhara Chin,,
33508,12039,737b,$200 1.00m Junior Jumper II.1,6,2144,U Amon Z,Addison Hall,"J3 Stables, LLC",,
33508,12039,737b,$200 1.00m Junior Jumper II.1,7,2629,On The Clock,Heidi Paulsen,Heidi Paulsen,,
33508,12039,737b,$200 1.00m Junior Jumper II.1,8,2828,Conlondino Ps,Evelyn Byron,"Showcase 81, LLC",,
33508,12039,737b,$200 1.00m Junior Jumper II.1,,1034,Cadans Z,Sarah Callahan,"Amberfax Farm, Inc",,
33508,12039,737b,$200 1.00m Junior Jumper II.1,,1102,Talk About Me,Violetta Bergonzoli,Violetta Bergonzoli,,
33508,12039,737b,$200 1.00m Junior Jumper II.1,,1117,Harley De Youguette,Faith Allen,"Crickety Pines Of Cocoa, LLC",,
33508,12039,737b,$200 1.00m Junior Jumper II.1,,1282,Quesera K Van't Kattenheye,Chloe Peterson,Sabrina Lefebvre,,
33508,12039,737b,$200 1.00m Junior Jumper II.1,,1545,Quincy Too,Sarah Callahan,Jacaranda Farms LLC,,
33508,12039,737b,$200 1.00m Junior Jumper II.1,,1648,Cerveza De Barril,Riley Hilliard,Riley Hilliard,,
33508,12039,737b,$200 1.00m Junior Jumper II.1,,1777,Bz Cancara,Gia Pallitto,Fernanda D. Gabriel,,
33508,12039,737b,$200 1.00m Junior Jumper II.1,,1795,Mazatlan Ps,Violetta Bergonzoli,Patricio Pasquel,,
33508,12039,737b,$200 1.00m Junior Jumper II.1,,2171,Squid,Ella Sasso,Ella Sasso,,
33508,12039,737b,$200 1.00m Junior Jumper II.1,,2405,Billy Suffragette,Emerson Ritter,Senary Sport Horses,,
33508,12039,737b,$200 1.00m Junior Jumper II.1,,2543,Billy Snowdonia,Gabriella Rivera,"Fairy Tail Stables, LLC",,
33508,12039,737b,$200 1.00m Junior Jumper II.1,,3003,Leporsche Th,Ella Saidi,Ella Saidi,,
29114,10484,738a,$200 1.00m Junior Jumper II.2d,1,2533,Unstoppable,Brielle Watkins,Lynne Clibburn,,$60
29114,10484,738a,$200 1.00m Junior Jumper II.2d,2,2834,Hercules,Maya Allhusen,Mario Garcia,,$44
29114,10484,738a,$200 1.00m Junior Jumper II.2d,3,3190,Piebra Filibustero,Asuni Zamudio,Brunella Bartra,,$30
29114,10484,738a,$200 1.00m Junior Jumper II.2d,4,2401,Lance Van't Roosakker,Lola Reardon,Lola Reardon,,$24
29114,10484,738a,$200 1.00m Junior Jumper II.2d,5,1514,Glamour Des Forets,Esme Desautel,Libby Woodworth,,$22
29114,10484,738a,$200 1.00m Junior Jumper II.2d,6,1465,Norelien,Maya Allhusen,Maya Allhusen,,$20
29114,10484,738a,$200 1.00m Junior Jumper II.2d,7,1333,Casillo Hp 2,Samantha Schulze,Diego Vivero,,
29114,10484,738a,$200 1.00m Junior Jumper II.2d,8,1331,Baral Quester,Nicole Schulze,Samantha Schulze,,
29114,10484,738a,$200 1.00m Junior Jumper II.2d,,1053,Carrizal,Alexandria Gonzalez,Daniela Roy,,
29114,10484,738a,$200 1.00m Junior Jumper II.2d,,1057,Epik,Côme Bettant,Côme Bettant,,
29114,10484,738a,$200 1.00m Junior Jumper II.2d,,1071,Tolu,Sara Lopez,Daniela Roy,,
29114,10484,738a,$200 1.00m Junior Jumper II.2d,,1516,Grandia,Esme Desautel,Melissa Burns,,
29114,10484,738a,$200 1.00m Junior Jumper II.2d,,2107,Mary J,Rebecca A. Milliken,Rebecca A. Milliken,,
29114,10484,738a,$200 1.00m Junior Jumper II.2d,,2154,Enzo Ferrari,Kayla Singh,Kayla Singh,,
29114,10484,738a,$200 1.00m Junior Jumper II.2d,,2177,Ata Fe Dulce,Lyla Roberts,Lyla Roberts,,
29114,10484,738a,$200 1.00m Junior Jumper II.2d,,2928,Cypress,Ellery Winkler,Ellery Winkler,,
33510,12039,738b,$200 1.00m Junior Jumper II.2d,1,2543,Billy Snowdonia,Gabriella Rivera,"Fairy Tail Stables, LLC",,$60
33510,12039,738b,$200 1.00m Junior Jumper II.2d,2,1437,Balencia,Stella Gavin,Kristina Photakis,,$44
33510,12039,738b,$200 1.00m Junior Jumper II.2d,3,3070,Neon Spotlight Z,Ameera Chin,Azhara Chin,,$30
33510,12039,738b,$200 1.00m Junior Jumper II.2d,4,1795,Mazatlan Ps,Violetta Bergonzoli,Patricio Pasquel,,$24
33510,12039,738b,$200 1.00m Junior Jumper II.2d,5,2803,Kanai,Kelly Kiser,Reed Training & Sales LLC,,$22
33510,12039,738b,$200 1.00m Junior Jumper II.2d,6,1293,Getthe Muny Bernie,Carrie Riddle,Carrie Riddle,,$20
33510,12039,738b,$200 1.00m Junior Jumper II.2d,7,2629,On The Clock,Heidi Paulsen,Heidi Paulsen,,
33510,12039,738b,$200 1.00m Junior Jumper II.2d,8,2171,Squid,Ella Sasso,Ella Sasso,,
33510,12039,738b,$200 1.00m Junior Jumper II.2d,9,2405,Billy Suffragette,Emerson Ritter,Senary Sport Horses,,
33510,12039,738b,$200 1.00m Junior Jumper II.2d,,1102,Talk About Me,Violetta Bergonzoli,Violetta Bergonzoli,,
33510,12039,738b,$200 1.00m Junior Jumper II.2d,,1117,Harley De Youguette,Faith Allen,"Crickety Pines Of Cocoa, LLC",,
33510,12039,738b,$200 1.00m Junior Jumper II.2d,,1248,Ciemusic Z,Kathryn Camunas,Kathryn Camunas,,
33510,12039,738b,$200 1.00m Junior Jumper II.2d,,1282,Quesera K Van't Kattenheye,Chloe Peterson,Sabrina Lefebvre,,
33510,12039,738b,$200 1.00m Junior Jumper II.2d,,1485,Roncevert,Lila Isaac,Lila Isaac,,
33510,12039,738b,$200 1.00m Junior Jumper II.2d,,1648,Cerveza De Barril,Riley Hilliard,Riley Hilliard,,
33510,12039,738b,$200 1.00m Junior Jumper II.2d,,1777,Bz Cancara,Gia Pallitto,Fernanda D. Gabriel,,
33510,12039,738b,$200 1.00m Junior Jumper II.2d,,1778,Lisdeen Lady Kvj,Ellie Zimmerman,Skyler Lisitza,,
33510,12039,738b,$200 1.00m Junior Jumper II.2d,,2191,Willy Wonka Wb,Danielle Guy,Kelly Cross,,
33510,12039,738b,$200 1.00m Junior Jumper II.2d,,2203,Milburn Monti Casino,Evelyn Byron,Evelyn Byron,,
33510,12039,738b,$200 1.00m Junior Jumper II.2d,,3003,Leporsche Th,Ella Saidi,Ella Saidi,,
33510,12039,738b,$200 1.00m Junior Jumper II.2d,,3168,Barbade Du Ter,David Miller,Fernando Cardenas,,
33510,12039,738b,$200 1.00m Junior Jumper II.2d,,3192,Raise A Glass CF,Serene Moumnine,Serene Moumnine,,
29116,10485,740a,$200 1.00m Amateur Jumper II.1,1,1003,Daizi De Beaufour,Rita de Goes,Wellington Equestrian Center Inc,,$60
29116,10485,740a,$200 1.00m Amateur Jumper II.1,2,1276,Patron,Joy Rollefson,Joy Rollefson,,$44
29116,10485,740a,$200 1.00m Amateur Jumper II.1,3,1059,Global Van T Braunerthof,Tatjana Almeida,Jorge H. Gomez,,$30
29116,10485,740a,$200 1.00m Amateur Jumper II.1,4,2532,Solaguayre Chaquensi,Melanie Mendoza,Melanie Mendoza,,$24
29116,10485,740a,$200 1.00m Amateur Jumper II.1,5,3155,Cookie Z,Ariana Zuccolotto,Cavaletti Equestrian,,$22
29116,10485,740a,$200 1.00m Amateur Jumper II.1,6,1486,Clementine,Megan Charms,Megan Charms,,$20
29116,10485,740a,$200 1.00m Amateur Jumper II.1,7,2156,Lady Roxy,Suzanne Burns,"Sc Equiventures, LLC",,
33507,12012,740b,$200 1.00m Amateur Jumper II.1,1,1279,Samba Do Brasil,Alise Carrico,Maliclaire Glancy,,
33507,12012,740b,$200 1.00m Amateur Jumper II.1,2,2837,Carmenzita,Katherina Sciuto,Antonio J. Martinez,,
33507,12012,740b,$200 1.00m Amateur Jumper II.1,3,2938,Grand Colbert Rtg,Ariane Harris,Linda J. Grover,,
33507,12012,740b,$200 1.00m Amateur Jumper II.1,4,2184,Lonesome Dove,Isabella Ruohomaki,Isabella Ruohomaki,,
33507,12012,740b,$200 1.00m Amateur Jumper II.1,5,2149,Ferris Bueller,Kimberly Tobias,Kimberly Tobias,,
33507,12012,740b,$200 1.00m Amateur Jumper II.1,6,2939,Luke Skywalker,Ariane Harris,Ariane Harris,,
33507,12012,740b,$200 1.00m Amateur Jumper II.1,7,2148,Elle Woods,Kimberly Tobias,Kimberly Tobias,,
33507,12012,740b,$200 1.00m Amateur Jumper II.1,8,1591,Irish Coffee Vhl,Iliana Palumbo,Iliana Palumbo,,
33507,12012,740b,$200 1.00m Amateur Jumper II.1,,1302,Sweet Caroline Na,Juliane Stephan,Juliane Stephan,,
33507,12012,740b,$200 1.00m Amateur Jumper II.1,,1439,Il Dolce,Lauren Flesher,Lauren Flesher,,
33507,12012,740b,$200 1.00m Amateur Jumper II.1,,1767,Gotham De Chalusse,Traci Ribeiro,Traci Ribeiro,,
33507,12012,740b,$200 1.00m Amateur Jumper II.1,,1968,Rocketman,Samantha Brooks,Samantha Brooks,,
33507,12012,740b,$200 1.00m Amateur Jumper II.1,,2523,Lugano,Liliana Nora Menesi,Erin M. Mccabe Clayton,,
29117,10485,741a,$200 1.00m Amateur Jumper II.2d,1,1486,Clementine,Megan Charms,Megan Charms,,$60
29117,10485,741a,$200 1.00m Amateur Jumper II.2d,2,1276,Patron,Joy Rollefson,Joy Rollefson,,$44
29117,10485,741a,$200 1.00m Amateur Jumper II.2d,3,2532,Solaguayre Chaquensi,Melanie Mendoza,Melanie Mendoza,,$30
29117,10485,741a,$200 1.00m Amateur Jumper II.2d,4,3002,Amaro,Gabriela Tirado,Brianna Y. Leone,,$24
29117,10485,741a,$200 1.00m Amateur Jumper II.2d,5,2831,Mugano D'augustijn Z,Chiara Zuccolotto,Cavaletti Equestrian,,$22
29117,10485,741a,$200 1.00m Amateur Jumper II.2d,6,1145,Cecile S,Alicia Taylor,Alicia Taylor,,$20
29117,10485,741a,$200 1.00m Amateur Jumper II.2d,7,1059,Global Van T Braunerthof,Tatjana Almeida,Jorge H. Gomez,,
29117,10485,741a,$200 1.00m Amateur Jumper II.2d,8,2563,Itoulon B,Jamie Ricciardi,Jamie Ricciardi,,
29117,10485,741a,$200 1.00m Amateur Jumper II.2d,,1003,Daizi De Beaufour,Rita de Goes,Wellington Equestrian Center Inc,,
29117,10485,741a,$200 1.00m Amateur Jumper II.2d,,3155,Cookie Z,Ariana Zuccolotto,Cavaletti Equestrian,,
29117,10485,741a,$200 1.00m Amateur Jumper II.2d,,3168,Barbade Du Ter,David Miller,Fernando Cardenas,,
33509,12012,741b,$200 1.00m Amateur Jumper II.2d,1,2938,Grand Colbert Rtg,Ariane Harris,Linda J. Grover,,$60
33509,12012,741b,$200 1.00m Amateur Jumper II.2d,2,1439,Il Dolce,Lauren Flesher,Lauren Flesher,,$44
33509,12012,741b,$200 1.00m Amateur Jumper II.2d,3,1724,Billy Banbury,Alexa Riccio,Amy Nelson,,$30
33509,12012,741b,$200 1.00m Amateur Jumper II.2d,4,2558,Citizen Blue,Kimberly Blake Roth,Kimberly Blake Roth,,$24
33509,12012,741b,$200 1.00m Amateur Jumper II.2d,5,2184,Lonesome Dove,Isabella Ruohomaki,Isabella Ruohomaki,,$22
33509,12012,741b,$200 1.00m Amateur Jumper II.2d,6,2149,Ferris Bueller,Kimberly Tobias,Kimberly Tobias,,$20
33509,12012,741b,$200 1.00m Amateur Jumper II.2d,7,2562,Inlaws Manolo,Kimberly Blake Roth,Kimberly Blake Roth,,
33509,12012,741b,$200 1.00m Amateur Jumper II.2d,8,2939,Luke Skywalker,Ariane Harris,Ariane Harris,,
33509,12012,741b,$200 1.00m Amateur Jumper II.2d,9,1767,Gotham De Chalusse,Traci Ribeiro,Traci Ribeiro,,
33509,12012,741b,$200 1.00m Amateur Jumper II.2d,,1279,Samba Do Brasil,Alise Carrico,Maliclaire Glancy,,
33509,12012,741b,$200 1.00m Amateur Jumper II.2d,,2148,Elle Woods,Kimberly Tobias,Kimberly Tobias,,
33509,12012,741b,$200 1.00m Amateur Jumper II.2d,,2375,Sylvester Ter Linden,Lynde Johnson,Lynde Johnson,,
33509,12012,741b,$200 1.00m Amateur Jumper II.2d,,2667,Calypso,Josephine Demmo,Josephine Demmo,,
33509,12012,741b,$200 1.00m Amateur Jumper II.2d,,2954,Dropshot Z,Paige Jones,"Amberfax Farm, Inc",,
33509,12012,741b,$200 1.00m Amateur Jumper II.2d,,3014,Hazelberg's Opium Dve,Mckenzie Miller,Dutch Valley Sporthorses,,
29115,10484,811a,$750 1.05m Junior Classic II.2b,1,1465,Norelien,Maya Allhusen,Maya Allhusen,,$225
29115,10484,811a,$750 1.05m Junior Classic II.2b,2,2878,Ilusionist II,Olivia Mcginnis,"Texas De Limache, LLC",,$165
29115,10484,811a,$750 1.05m Junior Classic II.2b,3,2401,Lance Van't Roosakker,Lola Reardon,Lola Reardon,,$112.5
29115,10484,811a,$750 1.05m Junior Classic II.2b,4,2834,Hercules,Maya Allhusen,Mario Garcia,,$90
29115,10484,811a,$750 1.05m Junior Classic II.2b,5,2533,Unstoppable,Brielle Watkins,Lynne Clibburn,,$82.5
29115,10484,811a,$750 1.05m Junior Classic II.2b,6,2177,Ata Fe Dulce,Lyla Roberts,Lyla Roberts,,$75
29115,10484,811a,$750 1.05m Junior Classic II.2b,7,1331,Baral Quester,Nicole Schulze,Samantha Schulze,,
29115,10484,811a,$750 1.05m Junior Classic II.2b,8,3190,Piebra Filibustero,Asuni Zamudio,Brunella Bartra,,
29115,10484,811a,$750 1.05m Junior Classic II.2b,9,1932,Florian,Windsor Ryan,Windsor Stables LLC,,
29115,10484,811a,$750 1.05m Junior Classic II.2b,10,2154,Enzo Ferrari,Kayla Singh,Kayla Singh,,
33513,12039,811b,$750 1.05m Junior Classic II.2b,1,1437,Balencia,Stella Gavin,Kristina Photakis,,$225
33513,12039,811b,$750 1.05m Junior Classic II.2b,2,1102,Talk About Me,Violetta Bergonzoli,Violetta Bergonzoli,,$165
33513,12039,811b,$750 1.05m Junior Classic II.2b,3,1293,Getthe Muny Bernie,Carrie Riddle,Carrie Riddle,,$112.5
33513,12039,811b,$750 1.05m Junior Classic II.2b,4,1485,Roncevert,Lila Isaac,Lila Isaac,,$90
33513,12039,811b,$750 1.05m Junior Classic II.2b,5,2405,Billy Suffragette,Emerson Ritter,Senary Sport Horses,,$82.5
33513,12039,811b,$750 1.05m Junior Classic II.2b,6,1117,Harley De Youguette,Faith Allen,"Crickety Pines Of Cocoa, LLC",,$75
33513,12039,811b,$750 1.05m Junior Classic II.2b,7,1282,Quesera K Van't Kattenheye,Chloe Peterson,Sabrina Lefebvre,,
33513,12039,811b,$750 1.05m Junior Classic II.2b,8,2191,Willy Wonka Wb,Danielle Guy,Kelly Cross,,
33513,12039,811b,$750 1.05m Junior Classic II.2b,9,2543,Billy Snowdonia,Gabriella Rivera,"Fairy Tail Stables, LLC",,
33513,12039,811b,$750 1.05m Junior Classic II.2b,10,2629,On The Clock,Heidi Paulsen,Heidi Paulsen,,
33513,12039,811b,$750 1.05m Junior Classic II.2b,11,3070,Neon Spotlight Z,Ameera Chin,Azhara Chin,,
33513,12039,811b,$750 1.05m Junior Classic II.2b,12,2803,Kanai,Kelly Kiser,Reed Training & Sales LLC,,
33513,12039,811b,$750 1.05m Junior Classic II.2b,,1034,Cadans Z,Sarah Callahan,"Amberfax Farm, Inc",,
33513,12039,811b,$750 1.05m Junior Classic II.2b,,1248,Ciemusic Z,Kathryn Camunas,Kathryn Camunas,,
33513,12039,811b,$750 1.05m Junior Classic II.2b,,1545,Quincy Too,Sarah Callahan,Jacaranda Farms LLC,,
33513,12039,811b,$750 1.05m Junior Classic II.2b,,1648,Cerveza De Barril,Riley Hilliard,Riley Hilliard,,
33513,12039,811b,$750 1.05m Junior Classic II.2b,,1795,Mazatlan Ps,Violetta Bergonzoli,Patricio Pasquel,,
33513,12039,811b,$750 1.05m Junior Classic II.2b,,2171,Squid,Ella Sasso,Ella Sasso,,
33513,12039,811b,$750 1.05m Junior Classic II.2b,,3003,Leporsche Th,Ella Saidi,Ella Saidi,,
33513,12039,811b,$750 1.05m Junior Classic II.2b,,3192,Raise A Glass CF,Serene Moumnine,Serene Moumnine,,
29118,10485,812a,$750 1.05m Amateur Classic II.2b,1,1486,Clementine,Megan Charms,Megan Charms,,$225
29118,10485,812a,$750 1.05m Amateur Classic II.2b,2,1276,Patron,Joy Rollefson,Joy Rollefson,,$165
29118,10485,812a,$750 1.05m Amateur Classic II.2b,3,2532,Solaguayre Chaquensi,Melanie Mendoza,Melanie Mendoza,,$112.5
29118,10485,812a,$750 1.05m Amateur Classic II.2b,4,2831,Mugano D'augustijn Z,Chiara Zuccolotto,Cavaletti Equestrian,,$90
29118,10485,812a,$750 1.05m Amateur Classic II.2b,5,3155,Cookie Z,Ariana Zuccolotto,Cavaletti Equestrian,,$82.5
29118,10485,812a,$750 1.05m Amateur Classic II.2b,6,2107,Mary J,Rebecca A. Milliken,Rebecca A. Milliken,,$75
29118,10485,812a,$750 1.05m Amateur Classic II.2b,7,3002,Amaro,Gabriela Tirado,Brianna Y. Leone,,
29118,10485,812a,$750 1.05m Amateur Classic II.2b,8,2156,Lady Roxy,Suzanne Burns,"Sc Equiventures, LLC",,
33512,12012,812b,$750 1.05m Amateur Classic II.2b,1,2938,Grand Colbert Rtg,Ariane Harris,Linda J. Grover,,$225
33512,12012,812b,$750 1.05m Amateur Classic II.2b,2,1724,Billy Banbury,Alexa Riccio,Amy Nelson,,$165
33512,12012,812b,$750 1.05m Amateur Classic II.2b,3,1439,Il Dolce,Lauren Flesher,Lauren Flesher,,$112.5
33512,12012,812b,$750 1.05m Amateur Classic II.2b,4,1968,Rocketman,Samantha Brooks,Samantha Brooks,,$90
33512,12012,812b,$750 1.05m Amateur Classic II.2b,5,1767,Gotham De Chalusse,Traci Ribeiro,Traci Ribeiro,,$82.5
33512,12012,812b,$750 1.05m Amateur Classic II.2b,6,2184,Lonesome Dove,Isabella Ruohomaki,Isabella Ruohomaki,,$75
33512,12012,812b,$750 1.05m Amateur Classic II.2b,7,2523,Lugano,Liliana Nora Menesi,Erin M. Mccabe Clayton,,
33512,12012,812b,$750 1.05m Amateur Classic II.2b,8,2939,Luke Skywalker,Ariane Harris,Ariane Harris,,
33512,12012,812b,$750 1.05m Amateur Classic II.2b,,2667,Calypso,Josephine Demmo,Josephine Demmo,,
