class_no,sect_no,class_number,class_name,place,entry_no,horse,rider,owner,score,prize
33433,11980,18,"$250 Green Hunter 3'3""/3'6""",1,2011,Fpf First Edition,Jenny Miller,Jenny Miller,81.00,$210
33433,11980,18,"$250 Green Hunter 3'3""/3'6""",2,1012,San Destin,Caelyn Grodoski,Caelyn Grodoski,77.00,$154
33433,11980,18,"$250 Green Hunter 3'3""/3'6""",3,1191,Wordsmith,Victoria Free Knott,Allison Wise,45.00,$105
33434,11980,19,"$250 Green Hunter 3'3""/3'6""",1,2011,Fpf First Edition,Jenny Miller,Jenny Miller,80.00,$210
33434,11980,19,"$250 Green Hunter 3'3""/3'6""",2,1191,Wordsmith,Victoria Free Knott,Allison Wise,78.00,$154
33434,11980,19,"$250 Green Hunter 3'3""/3'6""",3,1012,San Destin,Caelyn Grodoski,Caelyn Grodoski,75.00,$105
33435,11980,20,"$250 Green Hunter 3'3""/3'6""",1,1191,Wordsmith,Victoria Free Knott,Allison Wise,84.00,$75
33435,11980,20,"$250 Green Hunter 3'3""/3'6""",2,2011,Fpf First Edition,Jenny Miller,Jenny Miller,82.00,$55
33435,11980,20,"$250 Green Hunter 3'3""/3'6""",3,1012,San Destin,Caelyn Grodoski,Caelyn Grodoski,68.00,$37.5
33436,11980,21,"$250 Green Hunter 3'3""/3'6""",1,1191,Wordsmith,Victoria Free Knott,Allison Wise,86.00,$210
33436,11980,21,"$250 Green Hunter 3'3""/3'6""",2,2011,Fpf First Edition,Jenny Miller,Jenny Miller,82.00,$154
33436,11980,21,"$250 Green Hunter 3'3""/3'6""",3,1012,San Destin,Caelyn Grodoski,Caelyn Grodoski,44.00,$105
33437,11980,22,"Green Hunter 3'3""/3'6"" U/S",1,1191,Wordsmith,Victoria Free Knott,Allison Wise,0.00,$60
33437,11980,22,"Green Hunter 3'3""/3'6"" U/S",2,1012,San Destin,Caelyn Grodoski,Caelyn Grodoski,0.00,$44
33437,11980,22,"Green Hunter 3'3""/3'6"" U/S",3,2011,Fpf First Edition,Jenny Miller,Jenny Miller,0.00,$30
28358,10281,33,"$250 Green Hunter 3'0""",1,2000,Pomme Pasall,Cora Schiavone,Cora Schiavone,83.00,$75
28358,10281,33,"$250 Green Hunter 3'0""",2,1977,Just A Gentleman,Victoria Free Knott,Brittany G. Wyatt,78.00,$55
28358,10281,33,"$250 Green Hunter 3'0""",3,2105,Officer,Annie P. Bolling,Elizabeth Box,72.00,$37.5
28358,10281,33,"$250 Green Hunter 3'0""",4,1823,Aperture Vf,Lia Screnci,Volado Farms,67.00,$30
28358,10281,33,"$250 Green Hunter 3'0""",5,1760,Pistachio,Stephanie Frey,Tarrin Kirby,45.00,$27.5
28359,10281,34,"$250 Green Hunter 3'0""",1,2000,Pomme Pasall,Cora Schiavone,Cora Schiavone,80.50,$75
28359,10281,34,"$250 Green Hunter 3'0""",2,1760,Pistachio,Stephanie Frey,Tarrin Kirby,79.00,$55
28359,10281,34,"$250 Green Hunter 3'0""",3,1977,Just A Gentleman,Victoria Free Knott,Brittany G. Wyatt,78.00,$37.5
28359,10281,34,"$250 Green Hunter 3'0""",4,2105,Officer,Annie P. Bolling,Elizabeth Box,77.00,$30
28359,10281,34,"$250 Green Hunter 3'0""",5,1823,Aperture Vf,Lia Screnci,Volado Farms,45.00,$27.5
28360,10281,35,"$250 Green Hunter 3'0""",1,1977,Just A Gentleman,Victoria Free Knott,Brittany G. Wyatt,80.00,$75
28360,10281,35,"$250 Green Hunter 3'0""",2,1760,Pistachio,Stephanie Frey,Tarrin Kirby,79.00,$55
28360,10281,35,"$250 Green Hunter 3'0""",3,1823,Aperture Vf,Lia Screnci,Volado Farms,75.00,$37.5
28360,10281,35,"$250 Green Hunter 3'0""",4,2105,Officer,Annie P. Bolling,Elizabeth Box,65.00,$30
28360,10281,35,"$250 Green Hunter 3'0""",5,2000,Pomme Pasall,Abby Strohmeyer,Cora Schiavone,45.00,$27.5
28361,10281,36,"$250 Green Hunter 3'0""",1,1977,Just A Gentleman,Victoria Free Knott,Brittany G. Wyatt,83.00,$75
28361,10281,36,"$250 Green Hunter 3'0""",2,1760,Pistachio,Stephanie Frey,Tarrin Kirby,82.00,$55
28361,10281,36,"$250 Green Hunter 3'0""",3,2000,Pomme Pasall,Abby Strohmeyer,Cora Schiavone,80.00,$37.5
28361,10281,36,"$250 Green Hunter 3'0""",4,2105,Officer,Annie P. Bolling,Elizabeth Box,78.50,$30
28361,10281,36,"$250 Green Hunter 3'0""",5,1823,Aperture Vf,Lia Screnci,Volado Farms,76.00,$27.5
28362,10281,37,"Green Hunter 3'0"" U/S",1,2000,Pomme Pasall,Cora Schiavone,Cora Schiavone,0.00,
28362,10281,37,"Green Hunter 3'0"" U/S",2,1760,Pistachio,Stephanie Frey,Tarrin Kirby,0.00,
28362,10281,37,"Green Hunter 3'0"" U/S",3,1977,Just A Gentleman,Victoria Free Knott,Brittany G. Wyatt,0.00,
28362,10281,37,"Green Hunter 3'0"" U/S",4,2105,Officer,Annie P. Bolling,Elizabeth Box,0.00,
28362,10281,37,"Green Hunter 3'0"" U/S",5,1823,Aperture Vf,Lia Screnci,Volado Farms,0.00,
33428,11979,38,"$200 Performance Hunter 3'6""/3'3""",1,1662,Miles Ahead,Katherine F. Dewar,Katherine F. Dewar,83.00,$60
33428,11979,38,"$200 Performance Hunter 3'6""/3'3""",2,2366,Kandoo Pj,Jake Evans,Equestrian Dreams LLC,82.00,$44
33428,11979,38,"$200 Performance Hunter 3'6""/3'3""",3,1521,Ziggy Stardust,Bowers A. Cone,Lisa Howard,79.00,$30
33428,11979,38,"$200 Performance Hunter 3'6""/3'3""",4,1926,Costello,Allison Beck,Allison Beck,78.00,$24
33428,11979,38,"$200 Performance Hunter 3'6""/3'3""",5,1185,Macallan,Victoria Free Knott,Reagan Brown,77.00,$22
33428,11979,38,"$200 Performance Hunter 3'6""/3'3""",6,2104,Lunada Bay,Annie P. Bolling,Kathryn Billesdon,75.00,$20
33428,11979,38,"$200 Performance Hunter 3'6""/3'3""",7,2101,Collin Fz Z,Annie P. Bolling,Brooke Billesdon,73.00,
33428,11979,38,"$200 Performance Hunter 3'6""/3'3""",8,1854,Keira Usa,Madison Wayda Smith,Julie P. Montgomery,65.00,
33428,11979,38,"$200 Performance Hunter 3'6""/3'3""",,1749,Coffee,Kirsten L. Malacarne,Kirsten L. Malacarne,45.00,
33428,11979,38,"$200 Performance Hunter 3'6""/3'3""",,2040,Troubador,Stephanie Frey,Suzanne Deuel,44.00,
33429,11979,39,"$200 Performance Hunter 3'6""/3'3""",1,1521,Ziggy Stardust,Bowers A. Cone,Lisa Howard,85.00,$60
33429,11979,39,"$200 Performance Hunter 3'6""/3'3""",2,2366,Kandoo Pj,Jake Evans,Equestrian Dreams LLC,83.00,$44
33429,11979,39,"$200 Performance Hunter 3'6""/3'3""",3,1662,Miles Ahead,Katherine F. Dewar,Katherine F. Dewar,82.00,$30
33429,11979,39,"$200 Performance Hunter 3'6""/3'3""",4,2104,Lunada Bay,Annie P. Bolling,Kathryn Billesdon,80.00,$24
33429,11979,39,"$200 Performance Hunter 3'6""/3'3""",5,1749,Coffee,Kirsten L. Malacarne,Kirsten L. Malacarne,78.00,$22
33429,11979,39,"$200 Performance Hunter 3'6""/3'3""",6,2040,Troubador,Stephanie Frey,Suzanne Deuel,77.50,$20
33429,11979,39,"$200 Performance Hunter 3'6""/3'3""",7,1854,Keira Usa,Madison Wayda Smith,Julie P. Montgomery,77.00,
33429,11979,39,"$200 Performance Hunter 3'6""/3'3""",8,1185,Macallan,Victoria Free Knott,Reagan Brown,76.00,
33429,11979,39,"$200 Performance Hunter 3'6""/3'3""",,2101,Collin Fz Z,Annie P. Bolling,Brooke Billesdon,72.00,
33430,11979,40,"$200 Performance Hunter 3'6""/3'3""",1,1662,Miles Ahead,Katherine F. Dewar,Katherine F. Dewar,81.00,$60
33430,11979,40,"$200 Performance Hunter 3'6""/3'3""",2,2040,Troubador,Stephanie Frey,Suzanne Deuel,80.00,$44
33430,11979,40,"$200 Performance Hunter 3'6""/3'3""",3,1190,Talk To Me,Victoria Free Knott,Kendall King,77.00,$30
33430,11979,40,"$200 Performance Hunter 3'6""/3'3""",4,1749,Coffee,Kirsten L. Malacarne,Kirsten L. Malacarne,70.00,$24
33430,11979,40,"$200 Performance Hunter 3'6""/3'3""",5,1521,Ziggy Stardust,Bowers A. Cone,Lisa Howard,68.00,$22
33430,11979,40,"$200 Performance Hunter 3'6""/3'3""",,2065,Primo Aslan,Elizabeth C. de Golian,Faith Umland,,
33431,11979,41,"$200 Performance Hunter 3'6""/3'3""-Handy",1,2040,Troubador,Stephanie Frey,Suzanne Deuel,85.00,$60
33431,11979,41,"$200 Performance Hunter 3'6""/3'3""-Handy",2,1521,Ziggy Stardust,Bowers A. Cone,Lisa Howard,81.00,$44
33431,11979,41,"$200 Performance Hunter 3'6""/3'3""-Handy",3,1749,Coffee,Kirsten L. Malacarne,Kirsten L. Malacarne,80.00,$30
33431,11979,41,"$200 Performance Hunter 3'6""/3'3""-Handy",4,1190,Talk To Me,Victoria Free Knott,Kendall King,77.00,$24
33431,11979,41,"$200 Performance Hunter 3'6""/3'3""-Handy",5,1662,Miles Ahead,Katherine F. Dewar,Katherine F. Dewar,73.00,$22
33432,11979,42,"Performance Hunter 3'6""/3'3"" U/S",,1521,Ziggy Stardust,Bowers A. Cone,Lisa Howard,,
33432,11979,42,"Performance Hunter 3'6""/3'3"" U/S",,2366,Kandoo Pj,Jake Evans,Equestrian Dreams LLC,,
33438,11981,48,"Young Hunter 2'9""/3'",1,2350,Likely,Joshua Tabor,Gunnar P. Roeer,,
33438,11981,48,"Young Hunter 2'9""/3'",2,1562,Raja J,Morgan Cusick,Morgan Cusick,,
33439,11981,49,"Young Hunter 2'9""/3'",1,2350,Likely,Joshua Tabor,Gunnar P. Roeer,,
33439,11981,49,"Young Hunter 2'9""/3'",2,1562,Raja J,Morgan Cusick,Morgan Cusick,,
33440,11981,50,"Young Hunter 2'9""/3'",1,1562,Raja J,Morgan Cusick,Morgan Cusick,,
33440,11981,50,"Young Hunter 2'9""/3'",2,2350,Likely,Joshua Tabor,Gunnar P. Roeer,,
33441,11981,51,"Young Hunter 2'9""/3'",1,2350,Likely,Joshua Tabor,Gunnar P. Roeer,,
33441,11981,51,"Young Hunter 2'9""/3'",2,1562,Raja J,Morgan Cusick,Morgan Cusick,,
33476,11988,80,"$300 AO Hunter 3'6""/3'3""",1,1008,Lost Boy,Kimberly S. Maloomian,Terry S Maloomian,86.00,$90
33476,11988,80,"$300 AO Hunter 3'6""/3'3""",2,1009,Only Always,Kimberly S. Maloomian,Kimberly S. Maloomian,84.00,$66
33476,11988,80,"$300 AO Hunter 3'6""/3'3""",3,1926,Costello,Allison Beck,Allison Beck,70.00,$45
33477,11988,81,"$300 AO Hunter 3'6""/3'3"" (1st rnd Classic)",1,1008,Lost Boy,Kimberly S. Maloomian,Terry S Maloomian,82.00,$90
33477,11988,81,"$300 AO Hunter 3'6""/3'3"" (1st rnd Classic)",2,1009,Only Always,Kimberly S. Maloomian,Kimberly S. Maloomian,78.00,$66
33477,11988,81,"$300 AO Hunter 3'6""/3'3"" (1st rnd Classic)",3,1926,Costello,Allison Beck,Allison Beck,72.00,$45
33478,11988,82,"$300 AO Hunter 3'3""/3'6""",1,1009,Only Always,Kimberly S. Maloomian,Kimberly S. Maloomian,87.00,$90
33478,11988,82,"$300 AO Hunter 3'3""/3'6""",2,1008,Lost Boy,Kimberly S. Maloomian,Terry S Maloomian,83.00,$66
33478,11988,82,"$300 AO Hunter 3'3""/3'6""",3,1926,Costello,Allison Beck,Allison Beck,75.00,$45
33479,11988,83,"$300 AO Hunter 3'3""/3'6"" 18-35-Handy/36+-Handy",1,1009,Only Always,Kimberly S. Maloomian,Kimberly S. Maloomian,82.00,$90
33479,11988,83,"$300 AO Hunter 3'3""/3'6"" 18-35-Handy/36+-Handy",2,1008,Lost Boy,Kimberly S. Maloomian,Terry S Maloomian,79.00,$66
33479,11988,83,"$300 AO Hunter 3'3""/3'6"" 18-35-Handy/36+-Handy",3,1926,Costello,Allison Beck,Allison Beck,45.00,$45
33480,11988,84,"AO Hunter 3'3""/3'6"" U/S",1,1009,Only Always,Kimberly S. Maloomian,Kimberly S. Maloomian,,
33480,11988,84,"AO Hunter 3'3""/3'6"" U/S",2,1008,Lost Boy,Kimberly S. Maloomian,Terry S Maloomian,,
33480,11988,84,"AO Hunter 3'3""/3'6"" U/S",3,1926,Costello,Allison Beck,Allison Beck,,
28760,10326,100,"$300 Junior Hunter 3'6""",1,1908,Gosset Rose,Evana Somareddy,Plain Bay Farm,78.00,$90
28760,10326,100,"$300 Junior Hunter 3'6""",2,1833,Cortalima Z,Josephine Foshee,Josephine Foshee,65.00,$66
28760,10326,100,"$300 Junior Hunter 3'6""",3,1911,Quick Moon,Evana Somareddy,Unknown Person,45.00,$45
28761,10326,101,"$300 Junior Hunter 3'6"" (1st rnd Classic)",1,1908,Gosset Rose,Evana Somareddy,Plain Bay Farm,75.00,$90
28761,10326,101,"$300 Junior Hunter 3'6"" (1st rnd Classic)",2,1833,Cortalima Z,Josephine Foshee,Josephine Foshee,73.00,$66
28761,10326,101,"$300 Junior Hunter 3'6"" (1st rnd Classic)",3,1911,Quick Moon,Evana Somareddy,Unknown Person,45.00,$45
28762,10326,102,"$300 Junior Hunter 3'6""",1,1833,Cortalima Z,Josephine Foshee,Josephine Foshee,30.00,$90
28763,10326,103,"$300 Junior Hunter 3'6""-Handy",1,1833,Cortalima Z,Josephine Foshee,Josephine Foshee,40.00,$90
28764,10326,104,"Junior Hunter 3'6"" U/S",1,1833,Cortalima Z,Josephine Foshee,Josephine Foshee,,
28764,10326,104,"Junior Hunter 3'6"" U/S",2,1911,Quick Moon,Evana Somareddy,Unknown Person,,
28764,10326,104,"Junior Hunter 3'6"" U/S",3,1908,Gosset Rose,Evana Somareddy,Plain Bay Farm,,
28820,10333,120,"$300 Junior Hunter 3'3""",1,1835,Sulu,Olivia Boan,Olivia Boan,79.00,$90
28820,10333,120,"$300 Junior Hunter 3'3""",2,1016,Maxwell,Cassie Kelly,"Ashcombe Sporthorses, LLC",75.00,$66
28820,10333,120,"$300 Junior Hunter 3'3""",3,1185,Macallan,Reagan Brown,Reagan Brown,73.00,$45
28820,10333,120,"$300 Junior Hunter 3'3""",4,1834,Gotham,Sophia Williams,Lauren Hatley,72.00,$36
28820,10333,120,"$300 Junior Hunter 3'3""",5,1190,Talk To Me,Kendall King,Kendall King,70.00,$33
28820,10333,120,"$300 Junior Hunter 3'3""",6,1555,Katch Can-Do,Olivia Israel,Hill House Farm LLC,68.00,$30
28821,10333,121,"$300 Junior Hunter 3'3"" (1st rnd Classic)",1,1190,Talk To Me,Kendall King,Kendall King,84.00,$90
28821,10333,121,"$300 Junior Hunter 3'3"" (1st rnd Classic)",2,1016,Maxwell,Cassie Kelly,"Ashcombe Sporthorses, LLC",83.00,$66
28821,10333,121,"$300 Junior Hunter 3'3"" (1st rnd Classic)",3,1835,Sulu,Olivia Boan,Olivia Boan,82.00,$45
28821,10333,121,"$300 Junior Hunter 3'3"" (1st rnd Classic)",4,1555,Katch Can-Do,Olivia Israel,Hill House Farm LLC,77.00,$36
28821,10333,121,"$300 Junior Hunter 3'3"" (1st rnd Classic)",5,1185,Macallan,Reagan Brown,Reagan Brown,70.00,$33
28821,10333,121,"$300 Junior Hunter 3'3"" (1st rnd Classic)",6,1834,Gotham,Sophia Williams,Lauren Hatley,66.00,$30
28822,10333,122,"$300 Junior Hunter 3'3""",1,1835,Sulu,Olivia Boan,Olivia Boan,80.00,$90
28822,10333,122,"$300 Junior Hunter 3'3""",2,1185,Macallan,Reagan Brown,Reagan Brown,79.00,$66
28822,10333,122,"$300 Junior Hunter 3'3""",3,1016,Maxwell,Cassie Kelly,"Ashcombe Sporthorses, LLC",78.00,$45
28822,10333,122,"$300 Junior Hunter 3'3""",4,1190,Talk To Me,Kendall King,Kendall King,77.00,$36
28822,10333,122,"$300 Junior Hunter 3'3""",5,1555,Katch Can-Do,Olivia Israel,Hill House Farm LLC,76.00,$33
28822,10333,122,"$300 Junior Hunter 3'3""",6,1834,Gotham,Sophia Williams,Lauren Hatley,40.00,$30
28823,10333,123,"$300 Junior Hunter 3'3"" -Handy",1,1190,Talk To Me,Kendall King,Kendall King,84.00,$90
28823,10333,123,"$300 Junior Hunter 3'3"" -Handy",2,1016,Maxwell,Cassie Kelly,"Ashcombe Sporthorses, LLC",83.00,$66
28823,10333,123,"$300 Junior Hunter 3'3"" -Handy",3,1185,Macallan,Reagan Brown,Reagan Brown,77.00,$45
28823,10333,123,"$300 Junior Hunter 3'3"" -Handy",4,1555,Katch Can-Do,Olivia Israel,Hill House Farm LLC,70.00,$36
28823,10333,123,"$300 Junior Hunter 3'3"" -Handy",5,1834,Gotham,Sophia Williams,Lauren Hatley,68.00,$33
28823,10333,123,"$300 Junior Hunter 3'3"" -Handy",6,1835,Sulu,Olivia Boan,Olivia Boan,40.00,$30
28824,10333,124,"Junior Hunter 3'3"" U/S",1,1016,Maxwell,Cassie Kelly,"Ashcombe Sporthorses, LLC",,
28824,10333,124,"Junior Hunter 3'3"" U/S",2,1185,Macallan,Reagan Brown,Reagan Brown,,
28824,10333,124,"Junior Hunter 3'3"" U/S",3,1190,Talk To Me,Kendall King,Kendall King,,
28824,10333,124,"Junior Hunter 3'3"" U/S",4,1555,Katch Can-Do,Olivia Israel,Hill House Farm LLC,,
28824,10333,124,"Junior Hunter 3'3"" U/S",5,1835,Sulu,Olivia Boan,Olivia Boan,,
28824,10333,124,"Junior Hunter 3'3"" U/S",6,1834,Gotham,Sophia Williams,Lauren Hatley,,
28355,10338,182,"$200 Pony Conf Hunter 2'3""/2'6""/2'9""",1,1255,Nr Golden Graham,Ella de Hechavarria,Unknown Person,,$60
28355,10338,182,"$200 Pony Conf Hunter 2'3""/2'6""/2'9""",2,2103,Heaven's Dance,Britton Bobowski,Britton Bobowski,,$44
28355,10338,182,"$200 Pony Conf Hunter 2'3""/2'6""/2'9""",,1997,Bounty Rose,Zoe Brandan,Zoe Brandan,,
28780,10338,183,"$200 Pony Hunter 2'3""/2'6""/2'9"" (1st rnd Cl)",1,2103,Heaven's Dance,Britton Bobowski,Britton Bobowski,,$60
28780,10338,183,"$200 Pony Hunter 2'3""/2'6""/2'9"" (1st rnd Cl)",2,1255,Nr Golden Graham,Ella de Hechavarria,Unknown Person,,$44
28780,10338,183,"$200 Pony Hunter 2'3""/2'6""/2'9"" (1st rnd Cl)",3,1997,Bounty Rose,Zoe Brandan,Zoe Brandan,,$30
28781,10338,184,"$200 Pony Hunter Sm2'3""/Med2'6""/Lg2'9""",1,1255,Nr Golden Graham,Ella de Hechavarria,Unknown Person,0.00,$60
28781,10338,184,"$200 Pony Hunter Sm2'3""/Med2'6""/Lg2'9""",2,2103,Heaven's Dance,Britton Bobowski,Britton Bobowski,0.00,$44
28781,10338,184,"$200 Pony Hunter Sm2'3""/Med2'6""/Lg2'9""",3,1997,Bounty Rose,Zoe Brandan,Zoe Brandan,0.00,$30
28782,10338,185,"$200 Pony Hunter Sm2'3""/Med2'6""/Lg2'9""-Handy",1,1255,Nr Golden Graham,Ella de Hechavarria,Unknown Person,0.00,$60
28782,10338,185,"$200 Pony Hunter Sm2'3""/Med2'6""/Lg2'9""-Handy",2,1997,Bounty Rose,Zoe Brandan,Zoe Brandan,0.00,$44
28782,10338,185,"$200 Pony Hunter Sm2'3""/Med2'6""/Lg2'9""-Handy",3,2103,Heaven's Dance,Britton Bobowski,Britton Bobowski,0.00,$30
28783,10338,186,"Pony Hunter Sm2'3""/Med2'6""/Lg2'9"" U/S",1,2103,Heaven's Dance,Britton Bobowski,Britton Bobowski,,
28783,10338,186,"Pony Hunter Sm2'3""/Med2'6""/Lg2'9"" U/S",2,1255,Nr Golden Graham,Ella de Hechavarria,Unknown Person,,
28783,10338,186,"Pony Hunter Sm2'3""/Med2'6""/Lg2'9"" U/S",3,1997,Bounty Rose,Zoe Brandan,Zoe Brandan,,
28366,10348,200,$175 Children's Hunter 3',1,1929,Alesso,Windsor Ryan,Windsor Stables LLC,85.00,$52.5
28366,10348,200,$175 Children's Hunter 3',2,1930,Champ,Windsor Ryan,Windsor Stables LLC,82.00,$38.5
28366,10348,200,$175 Children's Hunter 3',3,1520,Verdi,Scarlett Yana,Scarlett Yana,79.00,$26.25
28366,10348,200,$175 Children's Hunter 3',4,1654,Fever Dream,Riley Hilliard,Riley Hilliard,76.00,$21
28366,10348,200,$175 Children's Hunter 3',5,1840,Glendorado,Olivia Gore,Olivia Gore,75.00,$19.25
28366,10348,200,$175 Children's Hunter 3',6,1528,Mtm Crowd Favorite,Summer Smith,Alexandra Addison,72.00,$17.5
28366,10348,200,$175 Children's Hunter 3',7,1187,Phantom,Adelyn Miller,Adelyn Miller,67.00,
28366,10348,200,$175 Children's Hunter 3',8,2101,Collin Fz Z,Brooke Billesdon,Brooke Billesdon,65.00,
28366,10348,200,$175 Children's Hunter 3',,2104,Lunada Bay,Brooke Billesdon,Kathryn Billesdon,55.00,
28367,10348,201,$175 Children's Hunter (1st rnd Classic) 3',1,1930,Champ,Windsor Ryan,Windsor Stables LLC,85.00,$52.5
28367,10348,201,$175 Children's Hunter (1st rnd Classic) 3',2,1929,Alesso,Windsor Ryan,Windsor Stables LLC,83.00,$38.5
28367,10348,201,$175 Children's Hunter (1st rnd Classic) 3',3,2101,Collin Fz Z,Brooke Billesdon,Brooke Billesdon,81.00,$26.25
28367,10348,201,$175 Children's Hunter (1st rnd Classic) 3',4,1520,Verdi,Scarlett Yana,Scarlett Yana,80.00,$21
28367,10348,201,$175 Children's Hunter (1st rnd Classic) 3',5,1528,Mtm Crowd Favorite,Summer Smith,Alexandra Addison,78.00,$19.25
28367,10348,201,$175 Children's Hunter (1st rnd Classic) 3',6,1654,Fever Dream,Riley Hilliard,Riley Hilliard,74.00,$17.5
28367,10348,201,$175 Children's Hunter (1st rnd Classic) 3',7,1840,Glendorado,Olivia Gore,Olivia Gore,73.00,
28367,10348,201,$175 Children's Hunter (1st rnd Classic) 3',8,1187,Phantom,Adelyn Miller,Adelyn Miller,69.00,
28367,10348,201,$175 Children's Hunter (1st rnd Classic) 3',,2104,Lunada Bay,Brooke Billesdon,Kathryn Billesdon,65.00,
28767,10348,202,$175 Children's Hunter 3',1,2104,Lunada Bay,Brooke Billesdon,Kathryn Billesdon,84.00,$52.5
28767,10348,202,$175 Children's Hunter 3',2,1930,Champ,Windsor Ryan,Windsor Stables LLC,83.50,$38.5
28767,10348,202,$175 Children's Hunter 3',3,1520,Verdi,Scarlett Yana,Scarlett Yana,83.00,$26.25
28767,10348,202,$175 Children's Hunter 3',4,1929,Alesso,Windsor Ryan,Windsor Stables LLC,81.00,$21
28767,10348,202,$175 Children's Hunter 3',5,1528,Mtm Crowd Favorite,Summer Smith,Alexandra Addison,75.00,$19.25
28767,10348,202,$175 Children's Hunter 3',6,1840,Glendorado,Olivia Gore,Olivia Gore,70.00,$17.5
28767,10348,202,$175 Children's Hunter 3',7,1187,Phantom,Adelyn Miller,Adelyn Miller,65.00,
28767,10348,202,$175 Children's Hunter 3',8,1654,Fever Dream,Riley Hilliard,Riley Hilliard,43.00,
28767,10348,202,$175 Children's Hunter 3',,2101,Collin Fz Z,Brooke Billesdon,Brooke Billesdon,0.00,
28768,10348,203,$175 Children's Hunter 3',1,1929,Alesso,Windsor Ryan,Windsor Stables LLC,83.00,$52.5
28768,10348,203,$175 Children's Hunter 3',2,1528,Mtm Crowd Favorite,Summer Smith,Alexandra Addison,81.00,$38.5
28768,10348,203,$175 Children's Hunter 3',3,1840,Glendorado,Olivia Gore,Olivia Gore,80.00,$26.25
28768,10348,203,$175 Children's Hunter 3',4,2104,Lunada Bay,Brooke Billesdon,Kathryn Billesdon,78.00,$21
28768,10348,203,$175 Children's Hunter 3',5,1930,Champ,Windsor Ryan,Windsor Stables LLC,75.00,$19.25
28768,10348,203,$175 Children's Hunter 3',6,1654,Fever Dream,Riley Hilliard,Riley Hilliard,65.00,$17.5
28768,10348,203,$175 Children's Hunter 3',7,1520,Verdi,Scarlett Yana,Scarlett Yana,55.00,
28768,10348,203,$175 Children's Hunter 3',8,1187,Phantom,Adelyn Miller,Adelyn Miller,40.00,
28769,10348,204,Children's Hunter U/S 3',1,1654,Fever Dream,Riley Hilliard,Riley Hilliard,,
28769,10348,204,Children's Hunter U/S 3',2,1528,Mtm Crowd Favorite,Summer Smith,Alexandra Addison,,
28769,10348,204,Children's Hunter U/S 3',3,2101,Collin Fz Z,Brooke Billesdon,Brooke Billesdon,,
28769,10348,204,Children's Hunter U/S 3',4,1929,Alesso,Windsor Ryan,Windsor Stables LLC,,
28769,10348,204,Children's Hunter U/S 3',5,2104,Lunada Bay,Brooke Billesdon,Kathryn Billesdon,,
28769,10348,204,Children's Hunter U/S 3',6,1520,Verdi,Scarlett Yana,Scarlett Yana,,
28769,10348,204,Children's Hunter U/S 3',7,1187,Phantom,Adelyn Miller,Adelyn Miller,,
28769,10348,204,Children's Hunter U/S 3',8,1840,Glendorado,Olivia Gore,Olivia Gore,,
33471,11987,210,"Low Child Pony/Child Hunter Pony 2'/2'6""",1,1254,Howie Do It,Claire de Hechavarria,Finley Morgan,,
33471,11987,210,"Low Child Pony/Child Hunter Pony 2'/2'6""",2,1174,Café Con Leche,Amelia Hollis,Amelia Hollis,,
33471,11987,210,"Low Child Pony/Child Hunter Pony 2'/2'6""",3,1841,Pixar,Chloe Hawbaker,Dana Long,,
33471,11987,210,"Low Child Pony/Child Hunter Pony 2'/2'6""",4,1179,Right On Target,Avery Kranitz,Avery Kranitz,,
33471,11987,210,"Low Child Pony/Child Hunter Pony 2'/2'6""",5,2048,Faylin’s Baby Boomer,Kennedy Donaldson,Markie Morrison,,
33471,11987,210,"Low Child Pony/Child Hunter Pony 2'/2'6""",6,2026,Marvel Comic,Halen Bobowski,Joe Currais,,
33471,11987,210,"Low Child Pony/Child Hunter Pony 2'/2'6""",7,2435,Take A Chance On Me,Cara Babington,Cara Babington,,
33471,11987,210,"Low Child Pony/Child Hunter Pony 2'/2'6""",8,1998,Timbit,Zoe Brandan,Lilly English,,
33472,11987,211,Low Child Pony/Child Hunter Pony (1st rnd Classic),1,1254,Howie Do It,Claire de Hechavarria,Finley Morgan,,
33472,11987,211,Low Child Pony/Child Hunter Pony (1st rnd Classic),2,1841,Pixar,Chloe Hawbaker,Dana Long,,
33472,11987,211,Low Child Pony/Child Hunter Pony (1st rnd Classic),3,1174,Café Con Leche,Amelia Hollis,Amelia Hollis,,
33472,11987,211,Low Child Pony/Child Hunter Pony (1st rnd Classic),4,2435,Take A Chance On Me,Cara Babington,Cara Babington,,
33472,11987,211,Low Child Pony/Child Hunter Pony (1st rnd Classic),5,1998,Timbit,Zoe Brandan,Lilly English,,
33472,11987,211,Low Child Pony/Child Hunter Pony (1st rnd Classic),6,2048,Faylin’s Baby Boomer,Kennedy Donaldson,Markie Morrison,,
33472,11987,211,Low Child Pony/Child Hunter Pony (1st rnd Classic),7,2026,Marvel Comic,Halen Bobowski,Joe Currais,,
33472,11987,211,Low Child Pony/Child Hunter Pony (1st rnd Classic),8,1179,Right On Target,Avery Kranitz,Avery Kranitz,,
33473,11987,212,"Low Child Pony/Child Hunter Pony 2'/2'6""",1,1254,Howie Do It,Claire de Hechavarria,Finley Morgan,0.00,
33473,11987,212,"Low Child Pony/Child Hunter Pony 2'/2'6""",2,2026,Marvel Comic,Halen Bobowski,Joe Currais,0.00,
33473,11987,212,"Low Child Pony/Child Hunter Pony 2'/2'6""",3,2435,Take A Chance On Me,Cara Babington,Cara Babington,0.00,
33473,11987,212,"Low Child Pony/Child Hunter Pony 2'/2'6""",4,1179,Right On Target,Avery Kranitz,Avery Kranitz,0.00,
33473,11987,212,"Low Child Pony/Child Hunter Pony 2'/2'6""",5,1841,Pixar,Chloe Hawbaker,Dana Long,0.00,
33473,11987,212,"Low Child Pony/Child Hunter Pony 2'/2'6""",6,1174,Café Con Leche,Amelia Hollis,Amelia Hollis,0.00,
33473,11987,212,"Low Child Pony/Child Hunter Pony 2'/2'6""",7,2048,Faylin’s Baby Boomer,Kennedy Donaldson,Markie Morrison,0.00,
33473,11987,212,"Low Child Pony/Child Hunter Pony 2'/2'6""",8,1998,Timbit,Zoe Brandan,Lilly English,0.00,
33474,11987,213,"Low Child Pony/Child Hunter Pony 2'/2'6""",1,1254,Howie Do It,Claire de Hechavarria,Finley Morgan,0.00,
33474,11987,213,"Low Child Pony/Child Hunter Pony 2'/2'6""",2,1174,Café Con Leche,Amelia Hollis,Amelia Hollis,0.00,
33474,11987,213,"Low Child Pony/Child Hunter Pony 2'/2'6""",3,1841,Pixar,Chloe Hawbaker,Dana Long,0.00,
33474,11987,213,"Low Child Pony/Child Hunter Pony 2'/2'6""",4,1179,Right On Target,Avery Kranitz,Avery Kranitz,0.00,
33474,11987,213,"Low Child Pony/Child Hunter Pony 2'/2'6""",5,2048,Faylin’s Baby Boomer,Kennedy Donaldson,Markie Morrison,0.00,
33474,11987,213,"Low Child Pony/Child Hunter Pony 2'/2'6""",6,2435,Take A Chance On Me,Cara Babington,Cara Babington,0.00,
33474,11987,213,"Low Child Pony/Child Hunter Pony 2'/2'6""",7,2026,Marvel Comic,Halen Bobowski,Joe Currais,0.00,
33474,11987,213,"Low Child Pony/Child Hunter Pony 2'/2'6""",8,1998,Timbit,Zoe Brandan,Lilly English,0.00,
33475,11987,214,"Low Child Pony/Child Hunter Pony 2'/2'6"" U/S",1,2026,Marvel Comic,Halen Bobowski,Joe Currais,0.00,
33475,11987,214,"Low Child Pony/Child Hunter Pony 2'/2'6"" U/S",2,1254,Howie Do It,Claire de Hechavarria,Finley Morgan,0.00,
33475,11987,214,"Low Child Pony/Child Hunter Pony 2'/2'6"" U/S",3,2048,Faylin’s Baby Boomer,Kennedy Donaldson,Markie Morrison,0.00,
33475,11987,214,"Low Child Pony/Child Hunter Pony 2'/2'6"" U/S",4,1179,Right On Target,Avery Kranitz,Avery Kranitz,0.00,
33475,11987,214,"Low Child Pony/Child Hunter Pony 2'/2'6"" U/S",5,1174,Café Con Leche,Amelia Hollis,Amelia Hollis,0.00,
33475,11987,214,"Low Child Pony/Child Hunter Pony 2'/2'6"" U/S",6,2435,Take A Chance On Me,Cara Babington,Cara Babington,0.00,
33475,11987,214,"Low Child Pony/Child Hunter Pony 2'/2'6"" U/S",7,1841,Pixar,Chloe Hawbaker,Dana Long,0.00,
33475,11987,214,"Low Child Pony/Child Hunter Pony 2'/2'6"" U/S",8,1998,Timbit,Zoe Brandan,Lilly English,0.00,
28356,10354,220,$175 Adult Amateur Hunter 3',1,2070,Krowd Pleaser,Alexis Jessee,Alexis Jessee,85.00,$52.5
28356,10354,220,$175 Adult Amateur Hunter 3',2,1191,Wordsmith,Heidi White,Allison Wise,83.50,$38.5
28356,10354,220,$175 Adult Amateur Hunter 3',3,2032,Novel-T,Lee D. Cesery,Lee D. Cesery,82.00,$26.25
28356,10354,220,$175 Adult Amateur Hunter 3',4,1941,Enjoy Du Gue,Zoe Johnson,Zoe Johnson,80.00,$21
28356,10354,220,$175 Adult Amateur Hunter 3',5,2064,Oslo Mk,Avery Mccracken,Elizabeth C. de Golian,78.00,$19.25
28356,10354,220,$175 Adult Amateur Hunter 3',6,1760,Pistachio,Tarrin Kirby,Tarrin Kirby,73.00,$17.5
28356,10354,220,$175 Adult Amateur Hunter 3',7,1433,Zz,Lauren D. Tjaden,Lauren D. Tjaden,72.00,
28356,10354,220,$175 Adult Amateur Hunter 3',8,1521,Ziggy Stardust,Lisa Howard,Lisa Howard,45.00,
28356,10354,220,$175 Adult Amateur Hunter 3',,2523,Lugano,Liliana Nora Menesi,Erin M. Mccabe Clayton,44.00,
28357,10354,221,$175 Adult Amateur Hunter (1st rnd Classic) 3',1,2070,Krowd Pleaser,Alexis Jessee,Alexis Jessee,86.00,$52.5
28357,10354,221,$175 Adult Amateur Hunter (1st rnd Classic) 3',2,1760,Pistachio,Tarrin Kirby,Tarrin Kirby,80.00,$38.5
28357,10354,221,$175 Adult Amateur Hunter (1st rnd Classic) 3',3,1521,Ziggy Stardust,Lisa Howard,Lisa Howard,79.00,$26.25
28357,10354,221,$175 Adult Amateur Hunter (1st rnd Classic) 3',4,1191,Wordsmith,Heidi White,Allison Wise,77.00,$21
28357,10354,221,$175 Adult Amateur Hunter (1st rnd Classic) 3',5,2064,Oslo Mk,Avery Mccracken,Elizabeth C. de Golian,76.00,$19.25
28357,10354,221,$175 Adult Amateur Hunter (1st rnd Classic) 3',6,1941,Enjoy Du Gue,Zoe Johnson,Zoe Johnson,74.00,$17.5
28357,10354,221,$175 Adult Amateur Hunter (1st rnd Classic) 3',7,1433,Zz,Lauren D. Tjaden,Lauren D. Tjaden,73.00,
28357,10354,221,$175 Adult Amateur Hunter (1st rnd Classic) 3',8,2032,Novel-T,Lee D. Cesery,Lee D. Cesery,65.00,
28357,10354,221,$175 Adult Amateur Hunter (1st rnd Classic) 3',,2523,Lugano,Liliana Nora Menesi,Erin M. Mccabe Clayton,45.00,
28363,10354,222,$175 Adult Amateur Hunter 3',1,1521,Ziggy Stardust,Lisa Howard,Lisa Howard,85.00,$52.5
28363,10354,222,$175 Adult Amateur Hunter 3',2,2070,Krowd Pleaser,Alexis Jessee,Alexis Jessee,84.00,$38.5
28363,10354,222,$175 Adult Amateur Hunter 3',3,1760,Pistachio,Tarrin Kirby,Tarrin Kirby,83.00,$26.25
28363,10354,222,$175 Adult Amateur Hunter 3',4,2064,Oslo Mk,Avery Mccracken,Elizabeth C. de Golian,80.00,$21
28363,10354,222,$175 Adult Amateur Hunter 3',5,1191,Wordsmith,Heidi White,Allison Wise,78.00,$19.25
28363,10354,222,$175 Adult Amateur Hunter 3',6,1941,Enjoy Du Gue,Zoe Johnson,Zoe Johnson,77.00,$17.5
28363,10354,222,$175 Adult Amateur Hunter 3',7,2032,Novel-T,Lee D. Cesery,Lee D. Cesery,76.00,
28363,10354,222,$175 Adult Amateur Hunter 3',8,2523,Lugano,Liliana Nora Menesi,Erin M. Mccabe Clayton,63.00,
28363,10354,222,$175 Adult Amateur Hunter 3',,1433,Zz,Lauren D. Tjaden,Lauren D. Tjaden,39.00,
28363,10354,222,$175 Adult Amateur Hunter 3',,1927,Hicorino,Brooke Borges,Ann Fletcher Easley,45.00,
28363,10354,222,$175 Adult Amateur Hunter 3',,1933,Caligua,Janie Stevenson,Janie Stevenson,40.00,
28364,10354,223,$175 Adult Amateur Hunter 3',1,2064,Oslo Mk,Avery Mccracken,Elizabeth C. de Golian,84.00,$52.5
28364,10354,223,$175 Adult Amateur Hunter 3',2,1760,Pistachio,Tarrin Kirby,Tarrin Kirby,83.00,$38.5
28364,10354,223,$175 Adult Amateur Hunter 3',3,2070,Krowd Pleaser,Alexis Jessee,Alexis Jessee,82.00,$26.25
28364,10354,223,$175 Adult Amateur Hunter 3',4,1521,Ziggy Stardust,Lisa Howard,Lisa Howard,78.00,$21
28364,10354,223,$175 Adult Amateur Hunter 3',5,1927,Hicorino,Brooke Borges,Ann Fletcher Easley,76.00,$19.25
28364,10354,223,$175 Adult Amateur Hunter 3',6,1191,Wordsmith,Heidi White,Allison Wise,75.00,$17.5
28364,10354,223,$175 Adult Amateur Hunter 3',7,2032,Novel-T,Lee D. Cesery,Lee D. Cesery,68.00,
28364,10354,223,$175 Adult Amateur Hunter 3',8,2523,Lugano,Liliana Nora Menesi,Erin M. Mccabe Clayton,60.00,
28364,10354,223,$175 Adult Amateur Hunter 3',,1433,Zz,Lauren D. Tjaden,Lauren D. Tjaden,39.00,
28364,10354,223,$175 Adult Amateur Hunter 3',,1933,Caligua,Janie Stevenson,Janie Stevenson,40.00,
28364,10354,223,$175 Adult Amateur Hunter 3',,1941,Enjoy Du Gue,Zoe Johnson,Zoe Johnson,45.00,
28365,10354,224,Adult Amateur Hunter U/S 3',1,2032,Novel-T,Lee D. Cesery,Lee D. Cesery,,
28365,10354,224,Adult Amateur Hunter U/S 3',2,1191,Wordsmith,Heidi White,Allison Wise,,
28365,10354,224,Adult Amateur Hunter U/S 3',3,1521,Ziggy Stardust,Lisa Howard,Lisa Howard,,
28365,10354,224,Adult Amateur Hunter U/S 3',4,1433,Zz,Lauren D. Tjaden,Lauren D. Tjaden,,
28365,10354,224,Adult Amateur Hunter U/S 3',5,1760,Pistachio,Tarrin Kirby,Tarrin Kirby,,
28365,10354,224,Adult Amateur Hunter U/S 3',6,2070,Krowd Pleaser,Alexis Jessee,Alexis Jessee,,
28365,10354,224,Adult Amateur Hunter U/S 3',7,2523,Lugano,Liliana Nora Menesi,Erin M. Mccabe Clayton,,
28365,10354,224,Adult Amateur Hunter U/S 3',8,1941,Enjoy Du Gue,Zoe Johnson,Zoe Johnson,,
28365,10354,224,Adult Amateur Hunter U/S 3',,1933,Caligua,Janie Stevenson,Janie Stevenson,,
28365,10354,224,Adult Amateur Hunter U/S 3',,2064,Oslo Mk,Avery Mccracken,Elizabeth C. de Golian,,
28561,10258,245,"USHJA Hunter 3'3""",1,1749,Coffee,Kirsten L. Malacarne,Kirsten L. Malacarne,74.00,
28561,10258,245,"USHJA Hunter 3'3""",2,2203,Milburn Monti Casino,Evelyn Byron,Evelyn Byron,45.00,
28561,10258,245,"USHJA Hunter 3'3""",3,1012,San Destin,Caelyn Grodoski,Caelyn Grodoski,44.00,
28562,10258,246,"USHJA Hunter 3'3""",1,2203,Milburn Monti Casino,Evelyn Byron,Evelyn Byron,78.00,
28562,10258,246,"USHJA Hunter 3'3""",2,1749,Coffee,Kirsten L. Malacarne,Kirsten L. Malacarne,76.00,
28563,10258,247,"USHJA Hunter 3'3""",1,2064,Oslo Mk,Avery Mccracken,Elizabeth C. de Golian,83.00,
28563,10258,247,"USHJA Hunter 3'3""",2,2065,Primo Aslan,Elizabeth C. de Golian,Faith Umland,55.00,
28563,10258,247,"USHJA Hunter 3'3""",3,1850,Voodoo,Fernando C. Chebar Lozinsky,Madison Widmer,46.00,
28563,10258,247,"USHJA Hunter 3'3""",4,1749,Coffee,Kirsten L. Malacarne,Kirsten L. Malacarne,45.00,
28564,10258,248,"USHJA Hunter 3'3""",1,2065,Primo Aslan,Elizabeth C. de Golian,Faith Umland,80.00,
28564,10258,248,"USHJA Hunter 3'3""",2,1749,Coffee,Kirsten L. Malacarne,Kirsten L. Malacarne,78.00,
28564,10258,248,"USHJA Hunter 3'3""",3,1850,Voodoo,Fernando C. Chebar Lozinsky,Madison Widmer,76.00,
28541,10371,255,USHJA Hunter 2',1,1557,Qingstone Vh Bloemenhof,Yvette Cummings,Yvette Cummings,,
28541,10371,255,USHJA Hunter 2',2,1554,Going Global,Lindsay Meyer,Kendall Lacy,,
28541,10371,255,USHJA Hunter 2',3,2014,Golden Hour,Sabrina Miller,Knees 2 Nose LLC,,
28541,10371,255,USHJA Hunter 2',4,2102,Golden Ticket,Sabrina Miller,Unknown Person,,
28541,10371,255,USHJA Hunter 2',5,1011,San Castle Dae,Dixieanna Powell,Caelyn Grodoski,,
28542,10371,256,USHJA Hunter 2',1,2014,Golden Hour,Sabrina Miller,Knees 2 Nose LLC,,
28542,10371,256,USHJA Hunter 2',2,1011,San Castle Dae,Dixieanna Powell,Caelyn Grodoski,,
28542,10371,256,USHJA Hunter 2',3,2102,Golden Ticket,Sabrina Miller,Unknown Person,,
28542,10371,256,USHJA Hunter 2',,1557,Qingstone Vh Bloemenhof,Yvette Cummings,Yvette Cummings,,
28543,10371,257,USHJA Hunter 2',1,2014,Golden Hour,Sabrina Miller,Knees 2 Nose LLC,,
28543,10371,257,USHJA Hunter 2',2,1011,San Castle Dae,Dixieanna Powell,Caelyn Grodoski,,
28543,10371,257,USHJA Hunter 2',3,1942,Laguna Beach,Gwendolyn Evans,Kristine Holt,,
28543,10371,257,USHJA Hunter 2',4,2102,Golden Ticket,Sabrina Miller,Knees 2 Nose LLC,,
28543,10371,257,USHJA Hunter 2',,1557,Qingstone Vh Bloemenhof,Yvette Cummings,Yvette Cummings,,
28544,10371,258,USHJA Hunter 2',1,2014,Golden Hour,Sabrina Miller,Knees 2 Nose LLC,,
28544,10371,258,USHJA Hunter 2',2,2102,Golden Ticket,Sabrina Miller,Knees 2 Nose LLC,,
28544,10371,258,USHJA Hunter 2',3,1011,San Castle Dae,Dixieanna Powell,Caelyn Grodoski,,
28544,10371,258,USHJA Hunter 2',4,1557,Qingstone Vh Bloemenhof,Jenny Miller,Yvette Cummings,,
28544,10371,258,USHJA Hunter 2',5,1942,Laguna Beach,Gwendolyn Evans,Kristine Holt,,
28545,10371,259,USHJA Hunter 2' U/S,1,2014,Golden Hour,Sabrina Miller,Knees 2 Nose LLC,,
28545,10371,259,USHJA Hunter 2' U/S,2,1557,Qingstone Vh Bloemenhof,Yvette Cummings,Yvette Cummings,,
28545,10371,259,USHJA Hunter 2' U/S,3,2102,Golden Ticket,Sabrina Miller,Knees 2 Nose LLC,,
28545,10371,259,USHJA Hunter 2' U/S,4,1942,Laguna Beach,Gwendolyn Evans,Kristine Holt,,
28545,10371,259,USHJA Hunter 2' U/S,,1554,Going Global,Lindsay Meyer,Kendall Lacy,,
28546,10261,260,"USHJA Hunter 2'3""",1,1966,Carli De Sabette,Maya Fischl,Vannakay Hurnevich,,
28546,10261,260,"USHJA Hunter 2'3""",2,2041,Qatar Rouge,Wendy B. Hammond,Wendy B. Hammond,,
28546,10261,260,"USHJA Hunter 2'3""",3,1427,French 75,Lanie Nash,Meredith Young,,
28546,10261,260,"USHJA Hunter 2'3""",4,1556,Million Dollar Passion,Jenny Miller,Yvette Cummings,,
28547,10261,261,"USHJA Hunter 2'3""",1,1556,Million Dollar Passion,Jenny Miller,Yvette Cummings,,
28547,10261,261,"USHJA Hunter 2'3""",2,2041,Qatar Rouge,Wendy B. Hammond,Wendy B. Hammond,,
28547,10261,261,"USHJA Hunter 2'3""",3,1966,Carli De Sabette,Maya Fischl,Vannakay Hurnevich,,
28547,10261,261,"USHJA Hunter 2'3""",4,1427,French 75,Lanie Nash,Meredith Young,,
28548,10261,262,"USHJA Hunter 2'3""",1,1556,Million Dollar Passion,Jenny Miller,Yvette Cummings,,
28548,10261,262,"USHJA Hunter 2'3""",2,2041,Qatar Rouge,Wendy B. Hammond,Wendy B. Hammond,,
28548,10261,262,"USHJA Hunter 2'3""",3,1554,Going Global,Jenny Miller,Kendall Lacy,,
28548,10261,262,"USHJA Hunter 2'3""",4,1427,French 75,Lanie Nash,Meredith Young,,
28548,10261,262,"USHJA Hunter 2'3""",5,1966,Carli De Sabette,Maya Fischl,Vannakay Hurnevich,,
28548,10261,262,"USHJA Hunter 2'3""",6,1944,Richemont,Iliana Bonds,Iliana Bonds,,
28549,10261,263,"USHJA Hunter 2'3""",1,2041,Qatar Rouge,Wendy B. Hammond,Wendy B. Hammond,,
28549,10261,263,"USHJA Hunter 2'3""",2,1556,Million Dollar Passion,Jenny Miller,Yvette Cummings,,
28549,10261,263,"USHJA Hunter 2'3""",3,1966,Carli De Sabette,Maya Fischl,Vannakay Hurnevich,,
28549,10261,263,"USHJA Hunter 2'3""",4,1554,Going Global,Jenny Miller,Kendall Lacy,,
28549,10261,263,"USHJA Hunter 2'3""",5,1944,Richemont,Iliana Bonds,Iliana Bonds,,
28550,10261,264,"USHJA Hunter 2'3"" U/S",1,1556,Million Dollar Passion,Jenny Miller,Yvette Cummings,,
28550,10261,264,"USHJA Hunter 2'3"" U/S",2,1944,Richemont,Iliana Bonds,Iliana Bonds,,
28550,10261,264,"USHJA Hunter 2'3"" U/S",3,2041,Qatar Rouge,Wendy B. Hammond,Wendy B. Hammond,,
28550,10261,264,"USHJA Hunter 2'3"" U/S",4,1554,Going Global,Jenny Miller,Kendall Lacy,,
28550,10261,264,"USHJA Hunter 2'3"" U/S",5,1966,Carli De Sabette,Maya Fischl,Vannakay Hurnevich,,
28551,10370,265,"USHJA Hunter 2'6""",1,2358,Paddington,Natalie Johnson Russell,Annabel Cross,,
28551,10370,265,"USHJA Hunter 2'6""",2,1301,Quatro,Lanie Nash,Jackie Sawyer,,
28551,10370,265,"USHJA Hunter 2'6""",3,1943,Lyrical,Shawna Curtis,Shawna Curtis,,
28551,10370,265,"USHJA Hunter 2'6""",4,1553,Animo,Jenny Miller,Lindsay Meyer,,
28551,10370,265,"USHJA Hunter 2'6""",5,1548,Tesserae,Bhuvana Barish,Linda D. Viens,,
28551,10370,265,"USHJA Hunter 2'6""",6,1522,Calid 3,Jake Evans,Summer Smith,,
28551,10370,265,"USHJA Hunter 2'6""",7,1918,The Flying Dutchman,Bryce P. Richardson,Caitlin J. Andersen,,
28551,10370,265,"USHJA Hunter 2'6""",8,1554,Going Global,Jenny Miller,Kendall Lacy,,
28551,10370,265,"USHJA Hunter 2'6""",,1698,Orchard Hills Best Dressed,Ryan Haselden,Stephanie I Sakata,,
28551,10370,265,"USHJA Hunter 2'6""",,1828,Grande Blue,Lia Screnci,Erin Brody,,
28551,10370,265,"USHJA Hunter 2'6""",,1830,Quibell RW,Ashlynn Ulm,Elizabeth Walters,,
28551,10370,265,"USHJA Hunter 2'6""",,1848,Mystery Man,Tricia J. O'Connor,Schuyler Dayner,,
28551,10370,265,"USHJA Hunter 2'6""",,1849,Caymus Calling,Fernando C. Chebar Lozinsky,Kathleen Rose,,
28551,10370,265,"USHJA Hunter 2'6""",,1915,Fbf Sundrop,Stacy A. Ryback,Stacy A. Ryback,,
28551,10370,265,"USHJA Hunter 2'6""",,1936,Sf Old Fashioned,Jamie Reinheimer,Janie Stevenson,,
28551,10370,265,"USHJA Hunter 2'6""",,2369,Winning Von Z,Briana Elizabeth,Briana Elizabeth,,
28551,10370,265,"USHJA Hunter 2'6""",,2454,Sf Valentino,Jamie Reinheimer,Jamie Reinheimer,,
28552,10370,266,"USHJA Hunter 2'6""",1,1553,Animo,Jenny Miller,Lindsay Meyer,,
28552,10370,266,"USHJA Hunter 2'6""",2,1554,Going Global,Jenny Miller,Kendall Lacy,,
28552,10370,266,"USHJA Hunter 2'6""",3,2369,Winning Von Z,Briana Elizabeth,Briana Elizabeth,,
28552,10370,266,"USHJA Hunter 2'6""",4,1848,Mystery Man,Tricia J. O'Connor,Schuyler Dayner,,
28552,10370,266,"USHJA Hunter 2'6""",5,1828,Grande Blue,Lia Screnci,Erin Brody,,
28552,10370,266,"USHJA Hunter 2'6""",6,1936,Sf Old Fashioned,Jamie Reinheimer,Janie Stevenson,,
28552,10370,266,"USHJA Hunter 2'6""",7,1849,Caymus Calling,Fernando C. Chebar Lozinsky,Kathleen Rose,,
28552,10370,266,"USHJA Hunter 2'6""",8,1915,Fbf Sundrop,Stacy A. Ryback,Stacy A. Ryback,,
28552,10370,266,"USHJA Hunter 2'6""",,1522,Calid 3,Jake Evans,Summer Smith,,
28552,10370,266,"USHJA Hunter 2'6""",,1548,Tesserae,Bhuvana Barish,Linda D. Viens,,
28552,10370,266,"USHJA Hunter 2'6""",,1698,Orchard Hills Best Dressed,Ryan Haselden,Stephanie I Sakata,,
28552,10370,266,"USHJA Hunter 2'6""",,1830,Quibell RW,Ashlynn Ulm,Elizabeth Walters,,
28552,10370,266,"USHJA Hunter 2'6""",,1943,Lyrical,Shawna Curtis,Shawna Curtis,,
28552,10370,266,"USHJA Hunter 2'6""",,2454,Sf Valentino,Jamie Reinheimer,Jamie Reinheimer,,
28553,10370,267,"USHJA Hunter 2'6""",1,1553,Animo,Jenny Miller,Lindsay Meyer,,
28553,10370,267,"USHJA Hunter 2'6""",2,1936,Sf Old Fashioned,Jamie Reinheimer,Janie Stevenson,,
28553,10370,267,"USHJA Hunter 2'6""",3,1934,Pompidou,Jamie Reinheimer,Lucky Farm,,
28553,10370,267,"USHJA Hunter 2'6""",4,1522,Calid 3,Jake Evans,Summer Smith,,
28553,10370,267,"USHJA Hunter 2'6""",5,1731,Mister Express,Victoria Free Knott,Gh Stables,,
28553,10370,267,"USHJA Hunter 2'6""",6,1943,Lyrical,Shawna Curtis,Shawna Curtis,,
28553,10370,267,"USHJA Hunter 2'6""",7,2369,Winning Von Z,Briana Elizabeth,Briana Elizabeth,,
28553,10370,267,"USHJA Hunter 2'6""",8,1828,Grande Blue,Lia Screnci,Erin Brody,,
28553,10370,267,"USHJA Hunter 2'6""",,1010,Partyman,Adelaide Sandwith,Adelaide Sandwith,,
28553,10370,267,"USHJA Hunter 2'6""",,1189,Swayze,Victoria Free Knott,Rorie Troemel,,
28553,10370,267,"USHJA Hunter 2'6""",,1428,Insightful,Emma Terry,Kendall Bland,,
28553,10370,267,"USHJA Hunter 2'6""",,1698,Orchard Hills Best Dressed,Ryan Haselden,Stephanie I Sakata,,
28553,10370,267,"USHJA Hunter 2'6""",,1848,Mystery Man,Tricia J. O'Connor,Schuyler Dayner,,
28553,10370,267,"USHJA Hunter 2'6""",,1849,Caymus Calling,Fernando C. Chebar Lozinsky,Kathleen Rose,,
28553,10370,267,"USHJA Hunter 2'6""",,1918,The Flying Dutchman,Bryce P. Richardson,Caitlin J. Andersen,,
28553,10370,267,"USHJA Hunter 2'6""",,1942,Laguna Beach,Shawna Curtis,Kristine Holt,,
28553,10370,267,"USHJA Hunter 2'6""",,2021,Crescendo 55,Andrea Clark,Andrea Clark,,
28553,10370,267,"USHJA Hunter 2'6""",,2454,Sf Valentino,Jamie Reinheimer,Jamie Reinheimer,,
28553,10370,267,"USHJA Hunter 2'6""",,2523,Lugano,Liliana Nora Menesi,Erin M. Mccabe Clayton,,
28554,10370,268,"USHJA Hunter 2'6""",1,1731,Mister Express,Victoria Free Knott,Gh Stables,,
28554,10370,268,"USHJA Hunter 2'6""",2,1428,Insightful,Emma Terry,Kendall Bland,,
28554,10370,268,"USHJA Hunter 2'6""",3,1189,Swayze,Victoria Free Knott,Rorie Troemel,,
28554,10370,268,"USHJA Hunter 2'6""",4,1936,Sf Old Fashioned,Jamie Reinheimer,Janie Stevenson,,
28554,10370,268,"USHJA Hunter 2'6""",5,1934,Pompidou,Jamie Reinheimer,Lucky Farm,,
28554,10370,268,"USHJA Hunter 2'6""",6,1553,Animo,Jenny Miller,Lindsay Meyer,,
28554,10370,268,"USHJA Hunter 2'6""",7,1849,Caymus Calling,Fernando C. Chebar Lozinsky,Kathleen Rose,,
28554,10370,268,"USHJA Hunter 2'6""",8,1828,Grande Blue,Lia Screnci,Erin Brody,,
28554,10370,268,"USHJA Hunter 2'6""",,1010,Partyman,Adelaide Sandwith,Adelaide Sandwith,,
28554,10370,268,"USHJA Hunter 2'6""",,1522,Calid 3,Jake Evans,Summer Smith,,
28554,10370,268,"USHJA Hunter 2'6""",,1698,Orchard Hills Best Dressed,Ryan Haselden,Stephanie I Sakata,,
28554,10370,268,"USHJA Hunter 2'6""",,1942,Laguna Beach,Kristine Holt,Kristine Holt,,
28554,10370,268,"USHJA Hunter 2'6""",,1943,Lyrical,Shawna Curtis,Shawna Curtis,,
28554,10370,268,"USHJA Hunter 2'6""",,2021,Crescendo 55,Andrea Clark,Andrea Clark,,
28554,10370,268,"USHJA Hunter 2'6""",,2369,Winning Von Z,Briana Elizabeth,Briana Elizabeth,,
28554,10370,268,"USHJA Hunter 2'6""",,2454,Sf Valentino,Jamie Reinheimer,Jamie Reinheimer,,
28554,10370,268,"USHJA Hunter 2'6""",,2523,Lugano,Liliana Nora Menesi,Erin M. Mccabe Clayton,,
28555,10370,269,"USHJA Hunter 2'6"" U/S",1,1553,Animo,Jenny Miller,Lindsay Meyer,,
28555,10370,269,"USHJA Hunter 2'6"" U/S",2,1936,Sf Old Fashioned,Jamie Reinheimer,Janie Stevenson,,
28555,10370,269,"USHJA Hunter 2'6"" U/S",3,1522,Calid 3,Jake Evans,Summer Smith,,
28555,10370,269,"USHJA Hunter 2'6"" U/S",4,1548,Tesserae,Bhuvana Barish,Linda D. Viens,,
28555,10370,269,"USHJA Hunter 2'6"" U/S",5,1698,Orchard Hills Best Dressed,Ryan Haselden,Stephanie I Sakata,,
28555,10370,269,"USHJA Hunter 2'6"" U/S",6,1554,Going Global,Jenny Miller,Kendall Lacy,,
28555,10370,269,"USHJA Hunter 2'6"" U/S",7,1943,Lyrical,Shawna Curtis,Shawna Curtis,,
28555,10370,269,"USHJA Hunter 2'6"" U/S",,1848,Mystery Man,Tricia J. O'Connor,Schuyler Dayner,,
28734,10369,270,"USHJA Hunter 2'9""",1,1973,On The Rocks,Natalie Johnson Russell,Courtney Blackburn,,
28734,10369,270,"USHJA Hunter 2'9""",2,1748,Center Stage,Kirsten L. Malacarne,Catherine Souza,,
28734,10369,270,"USHJA Hunter 2'9""",3,1850,Voodoo,Fernando C. Chebar Lozinsky,Madison Widmer,,
28734,10369,270,"USHJA Hunter 2'9""",4,2359,Sf Starboy,Jamie Reinheimer,Hunter Vita LLC,,
28734,10369,270,"USHJA Hunter 2'9""",5,1975,Carsten S,Jennifer Tate,Barbara E. Kravetz,,
28734,10369,270,"USHJA Hunter 2'9""",6,1329,Czar Hs,Lauren Schweppe,Rachel Fugate,,
28734,10369,270,"USHJA Hunter 2'9""",7,1525,Checkmate,Gabriella Savettiere,Empire Lane LLC,,
28733,10369,271,"USHJA Hunter 2'9""",1,1850,Voodoo,Fernando C. Chebar Lozinsky,Madison Widmer,,
28733,10369,271,"USHJA Hunter 2'9""",2,1748,Center Stage,Kirsten L. Malacarne,Catherine Souza,,
28733,10369,271,"USHJA Hunter 2'9""",3,1975,Carsten S,Jennifer Tate,Barbara E. Kravetz,,
28733,10369,271,"USHJA Hunter 2'9""",4,2359,Sf Starboy,Jamie Reinheimer,Hunter Vita LLC,,
28733,10369,271,"USHJA Hunter 2'9""",5,1973,On The Rocks,Natalie Johnson Russell,Courtney Blackburn,,
28733,10369,271,"USHJA Hunter 2'9""",6,1525,Checkmate,Gabriella Savettiere,Empire Lane LLC,,
28733,10369,271,"USHJA Hunter 2'9""",7,1329,Czar Hs,Lauren Schweppe,Rachel Fugate,,
28732,10369,272,"USHJA Hunter 2'9""",1,1525,Checkmate,Gabriella Savettiere,Empire Lane LLC,,
28732,10369,272,"USHJA Hunter 2'9""",2,1929,Alesso,Windsor Ryan,Windsor Stables LLC,,
28732,10369,272,"USHJA Hunter 2'9""",3,1329,Czar Hs,Lauren Schweppe,Rachel Fugate,,
28732,10369,272,"USHJA Hunter 2'9""",4,2359,Sf Starboy,Jamie Reinheimer,Hunter Vita LLC,,
28732,10369,272,"USHJA Hunter 2'9""",5,1973,On The Rocks,Natalie Johnson Russell,Courtney Blackburn,,
28732,10369,272,"USHJA Hunter 2'9""",6,1975,Carsten S,Jennifer Tate,Barbara E. Kravetz,,
28732,10369,272,"USHJA Hunter 2'9""",7,1562,Raja J,Morgan Cusick,Morgan Cusick,,
28731,10369,273,"USHJA Hunter 2'9""",1,2359,Sf Starboy,Jamie Reinheimer,Hunter Vita LLC,,
28731,10369,273,"USHJA Hunter 2'9""",2,1329,Czar Hs,Lauren Schweppe,Rachel Fugate,,
28731,10369,273,"USHJA Hunter 2'9""",3,1525,Checkmate,Gabriella Savettiere,Empire Lane LLC,,
28731,10369,273,"USHJA Hunter 2'9""",4,1975,Carsten S,Jennifer Tate,Barbara E. Kravetz,,
28731,10369,273,"USHJA Hunter 2'9""",5,1929,Alesso,Windsor Ryan,Windsor Stables LLC,,
28731,10369,273,"USHJA Hunter 2'9""",6,1973,On The Rocks,Natalie Johnson Russell,Courtney Blackburn,,
28731,10369,273,"USHJA Hunter 2'9""",7,1562,Raja J,Morgan Cusick,Morgan Cusick,,
28730,10369,274,"USHJA Hunter 2'9"" U/S",1,1329,Czar Hs,Lauren Schweppe,Rachel Fugate,,
28730,10369,274,"USHJA Hunter 2'9"" U/S",2,2359,Sf Starboy,Jamie Reinheimer,Hunter Vita LLC,,
28730,10369,274,"USHJA Hunter 2'9"" U/S",3,1973,On The Rocks,Natalie Johnson Russell,Courtney Blackburn,,
28556,10368,275,USHJA Hunter 3',1,2071,Ludo,Stephanie Frey,Joe Nash,83.00,
28556,10368,275,USHJA Hunter 3',2,1981,E'Clipse Solaire,Bailey P. Tims-Ferira,Michelle Izzi,82.00,
28556,10368,275,USHJA Hunter 3',3,2368,Cheque,Jake Evans,Isltime LLC,81.00,
28556,10368,275,USHJA Hunter 3',4,1654,Fever Dream,Katherine F. Dewar,Riley Hilliard,80.00,
28556,10368,275,USHJA Hunter 3',5,1999,Karaat Es,Abby Strohmeyer,Cora Schiavone,79.00,
28556,10368,275,USHJA Hunter 3',6,1187,Phantom,Victoria Free Knott,Adelyn Miller,78.50,
28556,10368,275,USHJA Hunter 3',7,2475,Colmans Blue,Jake Evans,Maurah Burkholder,78.00,
28556,10368,275,USHJA Hunter 3',8,1428,Insightful,Lanie Nash,Kendall Bland,76.00,
28556,10368,275,USHJA Hunter 3',,1010,Partyman,Adelaide Sandwith,Adelaide Sandwith,40.00,
28556,10368,275,USHJA Hunter 3',,1016,Maxwell,Jake Parker Wymard,"Ashcombe Sporthorses, LLC",65.00,
28556,10368,275,USHJA Hunter 3',,1665,Salt Spring,Kyle Dewar,Kyle Dewar,74.00,
28556,10368,275,USHJA Hunter 3',,1846,Carlos He’las,Evana Somareddy,Adair Moses,75.00,
28556,10368,275,USHJA Hunter 3',,1930,Champ,Windsor Ryan,Windsor Stables LLC,41.00,
28556,10368,275,USHJA Hunter 3',,1941,Enjoy Du Gue,Zoe Johnson,Zoe Johnson,71.00,
28556,10368,275,USHJA Hunter 3',,1942,Laguna Beach,Shawna Curtis,Kristine Holt,74.50,
28556,10368,275,USHJA Hunter 3',,1976,Debonair,Jennifer Tate,Barbara E. Kravetz,40.00,
28556,10368,275,USHJA Hunter 3',,2105,Officer,Annie P. Bolling,Elizabeth Box,70.00,
28556,10368,275,USHJA Hunter 3',,2361,Casuall,John Michael Durr,Ava Hicks,68.00,
28557,10368,276,USHJA Hunter 3',1,2368,Cheque,Jake Evans,Isltime LLC,85.00,
28557,10368,276,USHJA Hunter 3',2,1187,Phantom,Victoria Free Knott,Adelyn Miller,84.00,
28557,10368,276,USHJA Hunter 3',3,1665,Salt Spring,Kyle Dewar,Kyle Dewar,83.50,
28557,10368,276,USHJA Hunter 3',4,1428,Insightful,Lanie Nash,Kendall Bland,83.00,
28557,10368,276,USHJA Hunter 3',5,1930,Champ,Windsor Ryan,Windsor Stables LLC,82.00,
28557,10368,276,USHJA Hunter 3',6,1999,Karaat Es,Abby Strohmeyer,Cora Schiavone,81.00,
28557,10368,276,USHJA Hunter 3',7,2105,Officer,Annie P. Bolling,Elizabeth Box,80.00,
28557,10368,276,USHJA Hunter 3',8,2361,Casuall,John Michael Durr,Ava Hicks,79.75,
28557,10368,276,USHJA Hunter 3',,1010,Partyman,Adelaide Sandwith,Adelaide Sandwith,0.00,
28557,10368,276,USHJA Hunter 3',,1016,Maxwell,Cassie Kelly,"Ashcombe Sporthorses, LLC",45.00,
28557,10368,276,USHJA Hunter 3',,1654,Fever Dream,Katherine F. Dewar,Riley Hilliard,78.00,
28557,10368,276,USHJA Hunter 3',,1846,Carlos He’las,Evana Somareddy,Adair Moses,79.50,
28557,10368,276,USHJA Hunter 3',,1941,Enjoy Du Gue,Zoe Johnson,Zoe Johnson,50.00,
28557,10368,276,USHJA Hunter 3',,1942,Laguna Beach,Shawna Curtis,Kristine Holt,68.00,
28557,10368,276,USHJA Hunter 3',,1976,Debonair,Jennifer Tate,Barbara E. Kravetz,79.00,
28557,10368,276,USHJA Hunter 3',,1981,E'Clipse Solaire,Bailey P. Tims-Ferira,Michelle Izzi,46.00,
28557,10368,276,USHJA Hunter 3',,2071,Ludo,Stephanie Frey,Joe Nash,40.00,
28557,10368,276,USHJA Hunter 3',,2475,Colmans Blue,Jake Evans,Maurah Burkholder,45.00,
28558,10368,277,USHJA Hunter 3',1,2071,Ludo,Stephanie Frey,Joe Nash,85.00,
28558,10368,277,USHJA Hunter 3',2,1933,Caligua,Jamie Reinheimer,Janie Stevenson,83.00,
28558,10368,277,USHJA Hunter 3',3,1665,Salt Spring,Kyle Dewar,Kyle Dewar,81.00,
28558,10368,277,USHJA Hunter 3',4,1931,Cotentin Des Roques,Windsor Ryan,Windsor Stables LLC,80.00,
28558,10368,277,USHJA Hunter 3',5,2368,Cheque,Jake Evans,Isltime LLC,78.00,
28558,10368,277,USHJA Hunter 3',6,1976,Debonair,Jennifer Tate,Barbara E. Kravetz,72.00,
28558,10368,277,USHJA Hunter 3',7,2105,Officer,Annie P. Bolling,Elizabeth Box,71.00,
28558,10368,277,USHJA Hunter 3',8,1555,Katch Can-Do,Olivia Israel,Hill House Farm LLC,69.00,
28558,10368,277,USHJA Hunter 3',,1016,Maxwell,Cassie Kelly,"Ashcombe Sporthorses, LLC",57.00,
28558,10368,277,USHJA Hunter 3',,1528,Mtm Crowd Favorite,Jake Evans,Alexandra Addison,60.00,
28558,10368,277,USHJA Hunter 3',,1930,Champ,Windsor Ryan,Windsor Stables LLC,0.00,
28558,10368,277,USHJA Hunter 3',,1941,Enjoy Du Gue,Zoe Johnson,Zoe Johnson,65.00,
28558,10368,277,USHJA Hunter 3',,1944,Richemont,Iliana Bonds,Iliana Bonds,0.00,
28558,10368,277,USHJA Hunter 3',,2028,Tricolore Z,Valerie Beyer,Unknown Person,45.00,
28558,10368,277,USHJA Hunter 3',,2361,Casuall,John Michael Durr,Ava Hicks,59.00,
28559,10368,278,USHJA Hunter 3',1,2071,Ludo,Stephanie Frey,Joe Nash,85.00,
28559,10368,278,USHJA Hunter 3',2,2368,Cheque,Jake Evans,Isltime LLC,83.00,
28559,10368,278,USHJA Hunter 3',3,1933,Caligua,Jamie Reinheimer,Janie Stevenson,82.00,
28559,10368,278,USHJA Hunter 3',4,1931,Cotentin Des Roques,Windsor Ryan,Windsor Stables LLC,81.00,
28559,10368,278,USHJA Hunter 3',5,1976,Debonair,Jennifer Tate,Barbara E. Kravetz,76.00,
28559,10368,278,USHJA Hunter 3',6,2361,Casuall,John Michael Durr,Ava Hicks,74.00,
28559,10368,278,USHJA Hunter 3',7,1665,Salt Spring,Kyle Dewar,Kyle Dewar,73.00,
28559,10368,278,USHJA Hunter 3',8,2028,Tricolore Z,Valerie Beyer,Unknown Person,72.00,
28559,10368,278,USHJA Hunter 3',,1016,Maxwell,Cassie Kelly,"Ashcombe Sporthorses, LLC",71.50,
28559,10368,278,USHJA Hunter 3',,1528,Mtm Crowd Favorite,Jake Evans,Alexandra Addison,70.00,
28559,10368,278,USHJA Hunter 3',,1930,Champ,Windsor Ryan,Windsor Stables LLC,71.00,
28559,10368,278,USHJA Hunter 3',,1941,Enjoy Du Gue,Zoe Johnson,Zoe Johnson,69.00,
28560,10368,279,USHJA Hunter 3' U/S,1,2361,Casuall,John Michael Durr,Ava Hicks,0.00,
28560,10368,279,USHJA Hunter 3' U/S,2,1187,Phantom,Victoria Free Knott,Adelyn Miller,0.00,
28560,10368,279,USHJA Hunter 3' U/S,3,1941,Enjoy Du Gue,Zoe Johnson,Zoe Johnson,0.00,
28560,10368,279,USHJA Hunter 3' U/S,,1981,E'Clipse Solaire,Bailey P. Tims-Ferira,Michelle Izzi,,
28560,10368,279,USHJA Hunter 3' U/S,,2071,Ludo,Stephanie Frey,Joe Nash,,
28536,10361,280,"Baby Green Hunter 2'6""",1,2358,Paddington,Natalie Johnson Russell,Annabel Cross,,
28536,10361,280,"Baby Green Hunter 2'6""",2,1522,Calid 3,Jake Evans,Summer Smith,,
28536,10361,280,"Baby Green Hunter 2'6""",3,2031,Menlo Park,Jake Evans,Margot Hirsch,,
28536,10361,280,"Baby Green Hunter 2'6""",4,1848,Mystery Man,Tricia J. O'Connor,Schuyler Dayner,,
28536,10361,280,"Baby Green Hunter 2'6""",5,2371,Double Down,Laura R. Jakubauskas,Carol Lynn Richards,,
28536,10361,280,"Baby Green Hunter 2'6""",6,1918,The Flying Dutchman,Bryce P. Richardson,Caitlin J. Andersen,,
28536,10361,280,"Baby Green Hunter 2'6""",7,2454,Sf Valentino,Jamie Reinheimer,Jamie Reinheimer,,
28537,10361,281,"Baby Green Hunter 2'6""",1,2031,Menlo Park,Jake Evans,Margot Hirsch,,
28537,10361,281,"Baby Green Hunter 2'6""",2,1522,Calid 3,Jake Evans,Summer Smith,,
28537,10361,281,"Baby Green Hunter 2'6""",3,2358,Paddington,Natalie Johnson Russell,Annabel Cross,,
28537,10361,281,"Baby Green Hunter 2'6""",4,2454,Sf Valentino,Jamie Reinheimer,Jamie Reinheimer,,
28537,10361,281,"Baby Green Hunter 2'6""",5,1848,Mystery Man,Tricia J. O'Connor,Schuyler Dayner,,
28537,10361,281,"Baby Green Hunter 2'6""",6,2371,Double Down,Laura R. Jakubauskas,Carol Lynn Richards,,
28537,10361,281,"Baby Green Hunter 2'6""",7,1918,The Flying Dutchman,Bryce P. Richardson,Caitlin J. Andersen,,
28538,10361,282,"Baby Green Hunter 2'6""",1,2031,Menlo Park,Jake Evans,Margot Hirsch,,
28538,10361,282,"Baby Green Hunter 2'6""",2,2358,Paddington,Natalie Johnson Russell,Annabel Cross,,
28538,10361,282,"Baby Green Hunter 2'6""",3,1522,Calid 3,Jake Evans,Summer Smith,,
28538,10361,282,"Baby Green Hunter 2'6""",4,1848,Mystery Man,Tricia J. O'Connor,Schuyler Dayner,,
28538,10361,282,"Baby Green Hunter 2'6""",5,2371,Double Down,Laura R. Jakubauskas,Carol Lynn Richards,,
28538,10361,282,"Baby Green Hunter 2'6""",6,1918,The Flying Dutchman,Bryce P. Richardson,Caitlin J. Andersen,,
28538,10361,282,"Baby Green Hunter 2'6""",7,2454,Sf Valentino,Jamie Reinheimer,Jamie Reinheimer,,
28539,10361,283,"Baby Green Hunter 2'6""",1,2031,Menlo Park,Jake Evans,Margot Hirsch,,
28539,10361,283,"Baby Green Hunter 2'6""",2,2358,Paddington,Natalie Johnson Russell,Annabel Cross,,
28539,10361,283,"Baby Green Hunter 2'6""",3,1522,Calid 3,Jake Evans,Summer Smith,,
28539,10361,283,"Baby Green Hunter 2'6""",4,1848,Mystery Man,Tricia J. O'Connor,Schuyler Dayner,,
28539,10361,283,"Baby Green Hunter 2'6""",5,1918,The Flying Dutchman,Bryce P. Richardson,Caitlin J. Andersen,,
28539,10361,283,"Baby Green Hunter 2'6""",6,2371,Double Down,Laura R. Jakubauskas,Carol Lynn Richards,,
28540,10361,284,"Baby Green Hunter U/S 2'6""",1,2358,Paddington,Natalie Johnson Russell,Annabel Cross,,
28540,10361,284,"Baby Green Hunter U/S 2'6""",2,2031,Menlo Park,Jake Evans,Margot Hirsch,,
28540,10361,284,"Baby Green Hunter U/S 2'6""",3,1522,Calid 3,Summer Smith,Summer Smith,,
28540,10361,284,"Baby Green Hunter U/S 2'6""",4,1918,The Flying Dutchman,Bryce P. Richardson,Caitlin J. Andersen,,
28540,10361,284,"Baby Green Hunter U/S 2'6""",5,2371,Double Down,Laura R. Jakubauskas,Carol Lynn Richards,,
28540,10361,284,"Baby Green Hunter U/S 2'6""",,1848,Mystery Man,Tricia J. O'Connor,Schuyler Dayner,,
28540,10361,284,"Baby Green Hunter U/S 2'6""",,2454,Sf Valentino,Jamie Reinheimer,Jamie Reinheimer,,
28840,10363,310,"Low Children's Hunter 2'6""",1,1515,Global Express Vdl,Neyla Pando,Kimberly A. Mccormack,,
28840,10363,310,"Low Children's Hunter 2'6""",2,1176,Fadalka - Zeldenrust,Sophia Corrao,Ella Alvarez,,
28840,10363,310,"Low Children's Hunter 2'6""",3,1010,Partyman,Adelaide Sandwith,Adelaide Sandwith,,
28840,10363,310,"Low Children's Hunter 2'6""",4,1178,Rasgo La Silla,Phoenyx Sandoval,Phoenyx Sandoval,,
28840,10363,310,"Low Children's Hunter 2'6""",5,1944,Richemont,Iliana Bonds,Iliana Bonds,,
28841,10363,311,"Low Children's Hunter (1st rnd Classic) 2'6""",1,1176,Fadalka - Zeldenrust,Sophia Corrao,Ella Alvarez,,
28841,10363,311,"Low Children's Hunter (1st rnd Classic) 2'6""",2,1515,Global Express Vdl,Neyla Pando,Kimberly A. Mccormack,,
28841,10363,311,"Low Children's Hunter (1st rnd Classic) 2'6""",3,1178,Rasgo La Silla,Phoenyx Sandoval,Phoenyx Sandoval,,
28841,10363,311,"Low Children's Hunter (1st rnd Classic) 2'6""",4,1010,Partyman,Adelaide Sandwith,Adelaide Sandwith,,
28841,10363,311,"Low Children's Hunter (1st rnd Classic) 2'6""",5,1944,Richemont,Iliana Bonds,Iliana Bonds,,
28842,10363,312,"Low Children's Hunter 2'6""",1,1178,Rasgo La Silla,Phoenyx Sandoval,Phoenyx Sandoval,,
28842,10363,312,"Low Children's Hunter 2'6""",2,1515,Global Express Vdl,Neyla Pando,Kimberly A. Mccormack,,
28842,10363,312,"Low Children's Hunter 2'6""",3,1176,Fadalka - Zeldenrust,Sophia Corrao,Ella Alvarez,,
28842,10363,312,"Low Children's Hunter 2'6""",4,1010,Partyman,Adelaide Sandwith,Adelaide Sandwith,,
28842,10363,312,"Low Children's Hunter 2'6""",5,1944,Richemont,Iliana Bonds,Iliana Bonds,,
28843,10363,313,"Low Children's Hunter 2'6""",1,1515,Global Express Vdl,Neyla Pando,Kimberly A. Mccormack,,
28843,10363,313,"Low Children's Hunter 2'6""",2,1176,Fadalka - Zeldenrust,Sophia Corrao,Ella Alvarez,,
28843,10363,313,"Low Children's Hunter 2'6""",3,1178,Rasgo La Silla,Phoenyx Sandoval,Phoenyx Sandoval,,
28843,10363,313,"Low Children's Hunter 2'6""",4,1944,Richemont,Iliana Bonds,Iliana Bonds,,
28843,10363,313,"Low Children's Hunter 2'6""",5,1010,Partyman,Adelaide Sandwith,Adelaide Sandwith,,
28844,10363,314,"Low Children's Hunter U/S/2'6""",1,1944,Richemont,Iliana Bonds,Iliana Bonds,0.00,
28844,10363,314,"Low Children's Hunter U/S/2'6""",2,1010,Partyman,Adelaide Sandwith,Adelaide Sandwith,0.00,
28844,10363,314,"Low Children's Hunter U/S/2'6""",3,1515,Global Express Vdl,Neyla Pando,Kimberly A. Mccormack,0.00,
28844,10363,314,"Low Children's Hunter U/S/2'6""",4,1176,Fadalka - Zeldenrust,Sophia Corrao,Ella Alvarez,0.00,
28844,10363,314,"Low Children's Hunter U/S/2'6""",5,1178,Rasgo La Silla,Phoenyx Sandoval,Phoenyx Sandoval,0.00,
28332,10365,315,"Low Adult Hunter 2'6""",1,1301,Quatro,Leah Blomquist,Jackie Sawyer,,
28332,10365,315,"Low Adult Hunter 2'6""",2,1428,Insightful,Emma Terry,Kendall Bland,,
28332,10365,315,"Low Adult Hunter 2'6""",3,1748,Center Stage,Catherine Souza,Catherine Souza,,
28332,10365,315,"Low Adult Hunter 2'6""",4,1329,Czar Hs,Rachel Fugate,Rachel Fugate,,
28332,10365,315,"Low Adult Hunter 2'6""",5,2666,Best Of Me,Ashley Wallace,Ashley Wallace,,
28332,10365,315,"Low Adult Hunter 2'6""",6,1007,Light It Up,Kimberly S. Maloomian,Theodore Iorio,,
28332,10365,315,"Low Adult Hunter 2'6""",7,2031,Menlo Park,Margot Hirsch,Margot Hirsch,,
28332,10365,315,"Low Adult Hunter 2'6""",8,2369,Winning Von Z,Briana Elizabeth,Briana Elizabeth,,
28332,10365,315,"Low Adult Hunter 2'6""",,1548,Tesserae,Bhuvana Barish,Linda D. Viens,,
28332,10365,315,"Low Adult Hunter 2'6""",,1554,Going Global,Lindsay Meyer,Kendall Lacy,,
28332,10365,315,"Low Adult Hunter 2'6""",,1915,Fbf Sundrop,Stacy A. Ryback,Stacy A. Ryback,,
28332,10365,315,"Low Adult Hunter 2'6""",,1924,Argento 2,Aubrey Frank,Aubrey Frank,,
28332,10365,315,"Low Adult Hunter 2'6""",,1934,Pompidou,Samantha Derosa,Lucky Farm,,
28332,10365,315,"Low Adult Hunter 2'6""",,1936,Sf Old Fashioned,Sadie Koresh,Janie Stevenson,,
28332,10365,315,"Low Adult Hunter 2'6""",,1942,Laguna Beach,Kristine Holt,Kristine Holt,,
28332,10365,315,"Low Adult Hunter 2'6""",,1943,Lyrical,Zoe Johnson,Shawna Curtis,,
28332,10365,315,"Low Adult Hunter 2'6""",,1973,On The Rocks,Courtney Blackburn,Courtney Blackburn,,
28332,10365,315,"Low Adult Hunter 2'6""",,1977,Just A Gentleman,Brittany G. Wyatt,Brittany G. Wyatt,,
28332,10365,315,"Low Adult Hunter 2'6""",,1989,Buzz Kill,Katie Rowan,Katie Rowan,,
28332,10365,315,"Low Adult Hunter 2'6""",,2021,Crescendo 55,Andrea Clark,Andrea Clark,,
28332,10365,315,"Low Adult Hunter 2'6""",,2350,Likely,Gayle K. Cox,Gunnar P. Roeer,,
28332,10365,315,"Low Adult Hunter 2'6""",,2520,Dicaprio,Emily F. H. Buxton,Pinnacle Pointe Equestrian,,
28770,10365,316,"Low Adult Hunter (1st rnd Classic) 2'6""",1,1301,Quatro,Leah Blomquist,Jackie Sawyer,,
28770,10365,316,"Low Adult Hunter (1st rnd Classic) 2'6""",2,2666,Best Of Me,Ashley Wallace,Ashley Wallace,,
28770,10365,316,"Low Adult Hunter (1st rnd Classic) 2'6""",3,1007,Light It Up,Kimberly S. Maloomian,Theodore Iorio,,
28770,10365,316,"Low Adult Hunter (1st rnd Classic) 2'6""",4,1329,Czar Hs,Rachel Fugate,Rachel Fugate,,
28770,10365,316,"Low Adult Hunter (1st rnd Classic) 2'6""",5,1428,Insightful,Emma Terry,Kendall Bland,,
28770,10365,316,"Low Adult Hunter (1st rnd Classic) 2'6""",6,1936,Sf Old Fashioned,Sadie Koresh,Janie Stevenson,,
28770,10365,316,"Low Adult Hunter (1st rnd Classic) 2'6""",7,1748,Center Stage,Catherine Souza,Catherine Souza,,
28770,10365,316,"Low Adult Hunter (1st rnd Classic) 2'6""",8,1977,Just A Gentleman,Brittany G. Wyatt,Brittany G. Wyatt,,
28770,10365,316,"Low Adult Hunter (1st rnd Classic) 2'6""",,1548,Tesserae,Bhuvana Barish,Linda D. Viens,,
28770,10365,316,"Low Adult Hunter (1st rnd Classic) 2'6""",,1554,Going Global,Lindsay Meyer,Kendall Lacy,,
28770,10365,316,"Low Adult Hunter (1st rnd Classic) 2'6""",,1915,Fbf Sundrop,Stacy A. Ryback,Stacy A. Ryback,,
28770,10365,316,"Low Adult Hunter (1st rnd Classic) 2'6""",,1924,Argento 2,Aubrey Frank,Aubrey Frank,,
28770,10365,316,"Low Adult Hunter (1st rnd Classic) 2'6""",,1934,Pompidou,Samantha Derosa,Lucky Farm,,
28770,10365,316,"Low Adult Hunter (1st rnd Classic) 2'6""",,1943,Lyrical,Zoe Johnson,Shawna Curtis,,
28770,10365,316,"Low Adult Hunter (1st rnd Classic) 2'6""",,1973,On The Rocks,Courtney Blackburn,Courtney Blackburn,,
28770,10365,316,"Low Adult Hunter (1st rnd Classic) 2'6""",,1989,Buzz Kill,Katie Rowan,Katie Rowan,,
28770,10365,316,"Low Adult Hunter (1st rnd Classic) 2'6""",,2021,Crescendo 55,Andrea Clark,Andrea Clark,,
28770,10365,316,"Low Adult Hunter (1st rnd Classic) 2'6""",,2031,Menlo Park,Margot Hirsch,Margot Hirsch,,
28770,10365,316,"Low Adult Hunter (1st rnd Classic) 2'6""",,2350,Likely,Gayle K. Cox,Gunnar P. Roeer,,
28770,10365,316,"Low Adult Hunter (1st rnd Classic) 2'6""",,2369,Winning Von Z,Briana Elizabeth,Briana Elizabeth,,
28770,10365,316,"Low Adult Hunter (1st rnd Classic) 2'6""",,2520,Dicaprio,Emily F. H. Buxton,Pinnacle Pointe Equestrian,,
28771,10365,317,"Low Adult Hunter 2'6""",1,1301,Quatro,Leah Blomquist,Jackie Sawyer,0.00,
28771,10365,317,"Low Adult Hunter 2'6""",2,1007,Light It Up,Kimberly S. Maloomian,Theodore Iorio,0.00,
28771,10365,317,"Low Adult Hunter 2'6""",3,2520,Dicaprio,Emily F. H. Buxton,Pinnacle Pointe Equestrian,0.00,
28771,10365,317,"Low Adult Hunter 2'6""",4,2666,Best Of Me,Ashley Wallace,Ashley Wallace,0.00,
28771,10365,317,"Low Adult Hunter 2'6""",5,1748,Center Stage,Catherine Souza,Catherine Souza,0.00,
28771,10365,317,"Low Adult Hunter 2'6""",6,2031,Menlo Park,Margot Hirsch,Margot Hirsch,0.00,
28771,10365,317,"Low Adult Hunter 2'6""",7,1915,Fbf Sundrop,Stacy A. Ryback,Stacy A. Ryback,0.00,
28771,10365,317,"Low Adult Hunter 2'6""",8,1554,Going Global,Lindsay Meyer,Kendall Lacy,0.00,
28771,10365,317,"Low Adult Hunter 2'6""",,1329,Czar Hs,Rachel Fugate,Rachel Fugate,,
28771,10365,317,"Low Adult Hunter 2'6""",,1428,Insightful,Emma Terry,Kendall Bland,,
28771,10365,317,"Low Adult Hunter 2'6""",,1924,Argento 2,Aubrey Frank,Aubrey Frank,,
28771,10365,317,"Low Adult Hunter 2'6""",,1934,Pompidou,Samantha Derosa,Lucky Farm,,
28771,10365,317,"Low Adult Hunter 2'6""",,1936,Sf Old Fashioned,Sadie Koresh,Janie Stevenson,,
28771,10365,317,"Low Adult Hunter 2'6""",,1943,Lyrical,Zoe Johnson,Shawna Curtis,,
28771,10365,317,"Low Adult Hunter 2'6""",,1977,Just A Gentleman,Brittany G. Wyatt,Brittany G. Wyatt,,
28771,10365,317,"Low Adult Hunter 2'6""",,2021,Crescendo 55,Andrea Clark,Andrea Clark,,
28771,10365,317,"Low Adult Hunter 2'6""",,2350,Likely,Gayle K. Cox,Gunnar P. Roeer,,
28771,10365,317,"Low Adult Hunter 2'6""",,2369,Winning Von Z,Briana Elizabeth,Briana Elizabeth,,
28772,10365,318,"Low Adult Hunter 2'6""",1,1007,Light It Up,Kimberly S. Maloomian,Theodore Iorio,0.00,
28772,10365,318,"Low Adult Hunter 2'6""",2,1301,Quatro,Leah Blomquist,Jackie Sawyer,0.00,
28772,10365,318,"Low Adult Hunter 2'6""",3,2666,Best Of Me,Ashley Wallace,Ashley Wallace,0.00,
28772,10365,318,"Low Adult Hunter 2'6""",4,2520,Dicaprio,Emily F. H. Buxton,Pinnacle Pointe Equestrian,0.00,
28772,10365,318,"Low Adult Hunter 2'6""",5,1428,Insightful,Emma Terry,Kendall Bland,0.00,
28772,10365,318,"Low Adult Hunter 2'6""",6,1554,Going Global,Lindsay Meyer,Kendall Lacy,0.00,
28772,10365,318,"Low Adult Hunter 2'6""",7,2031,Menlo Park,Margot Hirsch,Margot Hirsch,0.00,
28772,10365,318,"Low Adult Hunter 2'6""",8,1748,Center Stage,Catherine Souza,Catherine Souza,0.00,
28772,10365,318,"Low Adult Hunter 2'6""",,1329,Czar Hs,Rachel Fugate,Rachel Fugate,,
28772,10365,318,"Low Adult Hunter 2'6""",,1915,Fbf Sundrop,Stacy A. Ryback,Stacy A. Ryback,,
28772,10365,318,"Low Adult Hunter 2'6""",,1924,Argento 2,Aubrey Frank,Aubrey Frank,,
28772,10365,318,"Low Adult Hunter 2'6""",,1934,Pompidou,Samantha Derosa,Lucky Farm,,
28772,10365,318,"Low Adult Hunter 2'6""",,1936,Sf Old Fashioned,Sadie Koresh,Janie Stevenson,,
28772,10365,318,"Low Adult Hunter 2'6""",,1943,Lyrical,Zoe Johnson,Shawna Curtis,,
28772,10365,318,"Low Adult Hunter 2'6""",,1977,Just A Gentleman,Brittany G. Wyatt,Brittany G. Wyatt,,
28772,10365,318,"Low Adult Hunter 2'6""",,2021,Crescendo 55,Andrea Clark,Andrea Clark,,
28772,10365,318,"Low Adult Hunter 2'6""",,2350,Likely,Gayle K. Cox,Gunnar P. Roeer,,
28772,10365,318,"Low Adult Hunter 2'6""",,2369,Winning Von Z,Briana Elizabeth,Briana Elizabeth,,
28773,10365,319,"Low Adult Hunter U/S 2'6""",1,2666,Best Of Me,Ashley Wallace,Ashley Wallace,0.00,
28773,10365,319,"Low Adult Hunter U/S 2'6""",2,1924,Argento 2,Aubrey Frank,Aubrey Frank,0.00,
28773,10365,319,"Low Adult Hunter U/S 2'6""",3,1007,Light It Up,Kimberly S. Maloomian,Theodore Iorio,0.00,
28773,10365,319,"Low Adult Hunter U/S 2'6""",4,2350,Likely,Gayle K. Cox,Gunnar P. Roeer,0.00,
28773,10365,319,"Low Adult Hunter U/S 2'6""",5,1554,Going Global,Lindsay Meyer,Kendall Lacy,0.00,
28773,10365,319,"Low Adult Hunter U/S 2'6""",6,1936,Sf Old Fashioned,Sadie Koresh,Janie Stevenson,0.00,
28773,10365,319,"Low Adult Hunter U/S 2'6""",7,1934,Pompidou,Samantha Derosa,Lucky Farm,0.00,
28773,10365,319,"Low Adult Hunter U/S 2'6""",8,1329,Czar Hs,Rachel Fugate,Rachel Fugate,0.00,
28773,10365,319,"Low Adult Hunter U/S 2'6""",,1301,Quatro,Leah Blomquist,Jackie Sawyer,,
28773,10365,319,"Low Adult Hunter U/S 2'6""",,1428,Insightful,Emma Terry,Kendall Bland,,
28773,10365,319,"Low Adult Hunter U/S 2'6""",,1915,Fbf Sundrop,Stacy A. Ryback,Stacy A. Ryback,,
28773,10365,319,"Low Adult Hunter U/S 2'6""",,1943,Lyrical,Zoe Johnson,Shawna Curtis,,
28773,10365,319,"Low Adult Hunter U/S 2'6""",,1977,Just A Gentleman,Brittany G. Wyatt,Brittany G. Wyatt,,
28773,10365,319,"Low Adult Hunter U/S 2'6""",,2021,Crescendo 55,Andrea Clark,Andrea Clark,,
28773,10365,319,"Low Adult Hunter U/S 2'6""",,2031,Menlo Park,Margot Hirsch,Margot Hirsch,,
28773,10365,319,"Low Adult Hunter U/S 2'6""",,2369,Winning Von Z,Briana Elizabeth,Briana Elizabeth,,
28773,10365,319,"Low Adult Hunter U/S 2'6""",,2520,Dicaprio,Emily F. H. Buxton,Pinnacle Pointe Equestrian,,
28659,0,404,"$5,000 USHJA UF Vet Hunter Derby 3'",1,1846,Carlos He’las,Evana Somareddy,Adair Moses,173.50,"$1,500"
28659,0,404,"$5,000 USHJA UF Vet Hunter Derby 3'",2,2040,Troubador,Stephanie Frey,Suzanne Deuel,172.50,"$1,100"
28659,0,404,"$5,000 USHJA UF Vet Hunter Derby 3'",3,1854,Keira Usa,Madison Wayda Smith,Julie P. Montgomery,171.00,$525
28659,0,404,"$5,000 USHJA UF Vet Hunter Derby 3'",3,1981,E'Clipse Solaire,Bailey P. Tims-Ferira,Michelle Izzi,171.00,$525
28659,0,404,"$5,000 USHJA UF Vet Hunter Derby 3'",5,1976,Debonair,Jennifer Tate,Barbara E. Kravetz,166.50,$300
28659,0,404,"$5,000 USHJA UF Vet Hunter Derby 3'",6,1833,Cortalima Z,Josephine Foshee,Josephine Foshee,166.00,$250
28659,0,404,"$5,000 USHJA UF Vet Hunter Derby 3'",7,1823,Aperture Vf,Lia Screnci,Volado Farms,154.00,$200
28659,0,404,"$5,000 USHJA UF Vet Hunter Derby 3'",8,2071,Ludo,Stephanie Frey,Joe Nash,151.00,$150
28659,0,404,"$5,000 USHJA UF Vet Hunter Derby 3'",9,1931,Cotentin Des Roques,Windsor Ryan,Windsor Stables LLC,145.00,$150
28659,0,404,"$5,000 USHJA UF Vet Hunter Derby 3'",10,2368,Cheque,Jake Evans,Isltime LLC,136.00,$100
28659,0,404,"$5,000 USHJA UF Vet Hunter Derby 3'",11,2344,Dali Kelfshof Z,Eric McCarthy,Delaney Mcdowell,132.50,$100
28659,0,404,"$5,000 USHJA UF Vet Hunter Derby 3'",12,1555,Katch Can-Do,Olivia Israel,Hill House Farm LLC,127.00,$100
28659,0,404,"$5,000 USHJA UF Vet Hunter Derby 3'",,1176,Fadalka - Zeldenrust,Ella Alvarez,Ella Alvarez,,
28659,0,404,"$5,000 USHJA UF Vet Hunter Derby 3'",,1185,Macallan,Reagan Brown,Reagan Brown,,
28659,0,404,"$5,000 USHJA UF Vet Hunter Derby 3'",,1190,Talk To Me,Kendall King,Kendall King,,
28659,0,404,"$5,000 USHJA UF Vet Hunter Derby 3'",,1662,Miles Ahead,Katherine F. Dewar,Katherine F. Dewar,,
28659,0,404,"$5,000 USHJA UF Vet Hunter Derby 3'",,1756,Virella,Riley Delbecq,Cynthia D Mesker,,
28659,0,404,"$5,000 USHJA UF Vet Hunter Derby 3'",,1835,Sulu,Olivia Boan,Unknown Person,,
28659,0,404,"$5,000 USHJA UF Vet Hunter Derby 3'",,1840,Glendorado,Olivia Gore,Olivia Gore,,
28659,0,404,"$5,000 USHJA UF Vet Hunter Derby 3'",,2361,Casuall,John Michael Durr,Ava Hicks,,
28658,0,408,"$750 WEC 2'6"" Hunt and Go Derby",1,2666,Best Of Me,Ashley Wallace,Ashley Wallace,169.00,$225
28658,0,408,"$750 WEC 2'6"" Hunt and Go Derby",2,1176,Fadalka - Zeldenrust,Sophia Corrao,Ella Alvarez,160.00,$165
28658,0,408,"$750 WEC 2'6"" Hunt and Go Derby",3,2350,Likely,Gayle K. Cox,Gunnar P. Roeer,145.00,$97.5
28658,0,408,"$750 WEC 2'6"" Hunt and Go Derby",4,2048,Faylin’s Baby Boomer,Kennedy Donaldson,Markie Morrison,134.00,$60
28658,0,408,"$750 WEC 2'6"" Hunt and Go Derby",5,1329,Czar Hs,Rachel Fugate,Rachel Fugate,113.00,$45
28658,0,408,"$750 WEC 2'6"" Hunt and Go Derby",6,1178,Rasgo La Silla,Phoenyx Sandoval,Phoenyx Sandoval,105.00,$37.5
28658,0,408,"$750 WEC 2'6"" Hunt and Go Derby",7,2021,Crescendo 55,Andrea Clark,Andrea Clark,70.00,$30
28658,0,408,"$750 WEC 2'6"" Hunt and Go Derby",8,1977,Just A Gentleman,Brittany G. Wyatt,Brittany G. Wyatt,40.00,$22.5
28658,0,408,"$750 WEC 2'6"" Hunt and Go Derby",,1989,Buzz Kill,Katie Rowan,Katie Rowan,0.00,
33482,0,412,"$1500 AO/JR Hunter Classic 3'3""/3'6""",1,1190,Talk To Me,Kendall King,Kendall King,84,$450
33482,0,412,"$1500 AO/JR Hunter Classic 3'3""/3'6""",2,1008,Lost Boy,Kimberly S. Maloomian,Terry S Maloomian,82,$330
33482,0,412,"$1500 AO/JR Hunter Classic 3'3""/3'6""",3,1835,Sulu,Olivia Boan,Olivia Boan,82,$225
33482,0,412,"$1500 AO/JR Hunter Classic 3'3""/3'6""",4,1009,Only Always,Kimberly S. Maloomian,Kimberly S. Maloomian,78,$180
33482,0,412,"$1500 AO/JR Hunter Classic 3'3""/3'6""",5,1555,Katch Can-Do,Olivia Israel,Hill House Farm LLC,77,$165
33482,0,412,"$1500 AO/JR Hunter Classic 3'3""/3'6""",6,1834,Gotham,Sophia Williams,Lauren Hatley,66,$150
33482,0,412,"$1500 AO/JR Hunter Classic 3'3""/3'6""",7,1185,Macallan,Reagan Brown,Reagan Brown,70,
33482,0,412,"$1500 AO/JR Hunter Classic 3'3""/3'6""",8,1833,Cortalima Z,Josephine Foshee,Josephine Foshee,73,
28667,0,420,"$350 Children's Pony Hunter Classic 2'6""/2'",1,1254,Howie Do It,Claire de Hechavarria,Finley Morgan,82,$87.5
28667,0,420,"$350 Children's Pony Hunter Classic 2'6""/2'",2,1174,Café Con Leche,Amelia Hollis,Amelia Hollis,77,$66.5
28667,0,420,"$350 Children's Pony Hunter Classic 2'6""/2'",3,1841,Pixar,Chloe Hawbaker,Dana Long,78,$52.5
28667,0,420,"$350 Children's Pony Hunter Classic 2'6""/2'",4,2026,Marvel Comic,Halen Bobowski,Joe Currais,65,$35
28667,0,420,"$350 Children's Pony Hunter Classic 2'6""/2'",5,1179,Right On Target,Avery Kranitz,Avery Kranitz,60,$31.5
28667,0,420,"$350 Children's Pony Hunter Classic 2'6""/2'",6,2048,Faylin’s Baby Boomer,Kennedy Donaldson,Markie Morrison,66,$28
28668,0,421,$1000 Children's Hunter Classic 3',1,1930,Champ,Windsor Ryan,Windsor Stables LLC,85,$250
28668,0,421,$1000 Children's Hunter Classic 3',2,1520,Verdi,Scarlett Yana,Scarlett Yana,80,$190
28668,0,421,$1000 Children's Hunter Classic 3',3,1528,Mtm Crowd Favorite,Summer Smith,Alexandra Addison,78,$150
28668,0,421,$1000 Children's Hunter Classic 3',4,2104,Lunada Bay,Brooke Billesdon,Kathryn Billesdon,65,$100
28668,0,421,$1000 Children's Hunter Classic 3',5,1187,Phantom,Adelyn Miller,Adelyn Miller,69,$90
28668,0,421,$1000 Children's Hunter Classic 3',6,1929,Alesso,Windsor Ryan,Windsor Stables LLC,83,$80
28668,0,421,$1000 Children's Hunter Classic 3',7,1654,Fever Dream,Riley Hilliard,Riley Hilliard,74,$70
28668,0,421,$1000 Children's Hunter Classic 3',8,1840,Glendorado,Olivia Gore,Olivia Gore,73,$70
28668,0,421,$1000 Children's Hunter Classic 3',9,2101,Collin Fz Z,Brooke Billesdon,Brooke Billesdon,81,
28669,0,423,$1000 Adult Hunter Classic 3',1,2070,Krowd Pleaser,Alexis Jessee,Alexis Jessee,86,$250
28669,0,423,$1000 Adult Hunter Classic 3',2,1760,Pistachio,Tarrin Kirby,Tarrin Kirby,80,$190
28669,0,423,$1000 Adult Hunter Classic 3',3,1191,Wordsmith,Heidi White,Allison Wise,77,$150
28669,0,423,$1000 Adult Hunter Classic 3',4,2064,Oslo Mk,Avery Mccracken,Elizabeth C. de Golian,76,$100
28669,0,423,$1000 Adult Hunter Classic 3',5,1941,Enjoy Du Gue,Zoe Johnson,Zoe Johnson,74,$90
28669,0,423,$1000 Adult Hunter Classic 3',6,2032,Novel-T,Lee D. Cesery,Lee D. Cesery,65,$80
28669,0,423,$1000 Adult Hunter Classic 3',7,2523,Lugano,Liliana Nora Menesi,Erin M. Mccabe Clayton,45,$70
33483,0,425,"$500 Low Adult/Child Hunter Classic 2'6""",1,2666,Best Of Me,Ashley Wallace,Ashley Wallace,84,$125
33483,0,425,"$500 Low Adult/Child Hunter Classic 2'6""",2,1301,Quatro,Leah Blomquist,Jackie Sawyer,85,$95
33483,0,425,"$500 Low Adult/Child Hunter Classic 2'6""",3,1007,Light It Up,Kimberly S. Maloomian,Theodore Iorio,81,$75
33483,0,425,"$500 Low Adult/Child Hunter Classic 2'6""",4,2031,Menlo Park,Margot Hirsch,Margot Hirsch,78,$50
33483,0,425,"$500 Low Adult/Child Hunter Classic 2'6""",5,1329,Czar Hs,Rachel Fugate,Rachel Fugate,80.5,$45
33483,0,425,"$500 Low Adult/Child Hunter Classic 2'6""",6,1977,Just A Gentleman,Brittany G. Wyatt,Brittany G. Wyatt,78.5,$40
33483,0,425,"$500 Low Adult/Child Hunter Classic 2'6""",7,1428,Insightful,Emma Terry,Kendall Bland,80,$35
33483,0,425,"$500 Low Adult/Child Hunter Classic 2'6""",8,1748,Center Stage,Catherine Souza,Catherine Souza,79,$35
33483,0,425,"$500 Low Adult/Child Hunter Classic 2'6""",9,1943,Lyrical,Zoe Johnson,Shawna Curtis,78,
33483,0,425,"$500 Low Adult/Child Hunter Classic 2'6""",10,1515,Global Express Vdl,Neyla Pando,Kimberly A. Mccormack,79,
33483,0,425,"$500 Low Adult/Child Hunter Classic 2'6""",11,1176,Fadalka - Zeldenrust,Sophia Corrao,Ella Alvarez,85,
33483,0,425,"$500 Low Adult/Child Hunter Classic 2'6""",12,1936,Sf Old Fashioned,Sadie Koresh,Janie Stevenson,79.5,
33483,0,425,"$500 Low Adult/Child Hunter Classic 2'6""",,1010,Partyman,Adelaide Sandwith,Adelaide Sandwith,67,
33483,0,425,"$500 Low Adult/Child Hunter Classic 2'6""",,1915,Fbf Sundrop,Stacy A. Ryback,Stacy A. Ryback,74,
33483,0,425,"$500 Low Adult/Child Hunter Classic 2'6""",,1924,Argento 2,Aubrey Frank,Aubrey Frank,45,
33483,0,425,"$500 Low Adult/Child Hunter Classic 2'6""",,1934,Pompidou,Samantha Derosa,Lucky Farm,66,
33483,0,425,"$500 Low Adult/Child Hunter Classic 2'6""",,1944,Richemont,Iliana Bonds,Iliana Bonds,40,
33483,0,425,"$500 Low Adult/Child Hunter Classic 2'6""",,1989,Buzz Kill,Katie Rowan,Katie Rowan,30,
33483,0,425,"$500 Low Adult/Child Hunter Classic 2'6""",,2021,Crescendo 55,Andrea Clark,Andrea Clark,,
33483,0,425,"$500 Low Adult/Child Hunter Classic 2'6""",,2369,Winning Von Z,Briana Elizabeth,Briana Elizabeth,75,
33483,0,425,"$500 Low Adult/Child Hunter Classic 2'6""",,2520,Dicaprio,Emily F. H. Buxton,Pinnacle Pointe Equestrian,75,
28676,10264,503,Equitation 12-14 2'9',1,1929,Alesso,Windsor Ryan,Windsor Stables LLC,,
28676,10264,503,Equitation 12-14 2'9',2,1520,Verdi,Scarlett Yana,Scarlett Yana,,
28676,10264,503,Equitation 12-14 2'9',3,1834,Gotham,Sophia Williams,Lauren Hatley,,
28676,10264,503,Equitation 12-14 2'9',4,2104,Lunada Bay,Brooke Billesdon,Kathryn Billesdon,,
28677,10264,504,Equitation 12-14 2'9',1,1834,Gotham,Sophia Williams,Lauren Hatley,,
28677,10264,504,Equitation 12-14 2'9',2,1520,Verdi,Scarlett Yana,Scarlett Yana,,
28677,10264,504,Equitation 12-14 2'9',3,2104,Lunada Bay,Brooke Billesdon,Kathryn Billesdon,,
28677,10264,504,Equitation 12-14 2'9',4,1929,Alesso,Windsor Ryan,Windsor Stables LLC,,
28678,10264,505,Equitation 12-14 Flat,1,1929,Alesso,Windsor Ryan,Windsor Stables LLC,,
28678,10264,505,Equitation 12-14 Flat,2,1520,Verdi,Scarlett Yana,Scarlett Yana,,
28678,10264,505,Equitation 12-14 Flat,3,1834,Gotham,Sophia Williams,Lauren Hatley,,
28678,10264,505,Equitation 12-14 Flat,4,2104,Lunada Bay,Brooke Billesdon,Kathryn Billesdon,,
28679,10267,506,"Equitation 15-17 3'3""",1,2600,Splender Van De Achterhoek,Sabrina Miller,Knees 2 Nose LLC,,
28679,10267,506,"Equitation 15-17 3'3""",2,1908,Gosset Rose,Evana Somareddy,Plain Bay Farm,,
28679,10267,506,"Equitation 15-17 3'3""",3,2203,Milburn Monti Casino,Evelyn Byron,Evelyn Byron,,
28679,10267,506,"Equitation 15-17 3'3""",4,1419,Capitolino Dve,Frederica Alcalay,Dutch Valley Sporthorses,,
28680,10267,507,"Equitation 15-17 3'3""",1,2600,Splender Van De Achterhoek,Sabrina Miller,Knees 2 Nose LLC,,
28680,10267,507,"Equitation 15-17 3'3""",2,2203,Milburn Monti Casino,Evelyn Byron,Evelyn Byron,,
28680,10267,507,"Equitation 15-17 3'3""",3,1911,Quick Moon,Evana Somareddy,Unknown Person,,
28680,10267,507,"Equitation 15-17 3'3""",4,1419,Capitolino Dve,Frederica Alcalay,Dutch Valley Sporthorses,,
28681,10267,508,Equitation 15-17 Flat,1,2600,Splender Van De Achterhoek,Sabrina Miller,Knees 2 Nose LLC,,
28681,10267,508,Equitation 15-17 Flat,2,1419,Capitolino Dve,Frederica Alcalay,Dutch Valley Sporthorses,,
28681,10267,508,Equitation 15-17 Flat,3,1908,Gosset Rose,Evana Somareddy,Plain Bay Farm,,
28681,10267,508,Equitation 15-17 Flat,4,2203,Milburn Monti Casino,Evelyn Byron,Evelyn Byron,,
33462,11985,509,Adult/Child Equitation 3',1,1927,Hicorino,Brooke Borges,Ann Fletcher Easley,0.00,
33462,11985,509,Adult/Child Equitation 3',2,1933,Caligua,Janie Stevenson,Janie Stevenson,0.00,
33462,11985,509,Adult/Child Equitation 3',3,1941,Enjoy Du Gue,Zoe Johnson,Zoe Johnson,0.00,
33462,11985,509,Adult/Child Equitation 3',4,2377,Super Fly,Emily M. Collins,Kristen Browning,0.00,
33462,11985,509,Adult/Child Equitation 3',5,2523,Lugano,Liliana Nora Menesi,Erin M. Mccabe Clayton,0.00,
33462,11985,509,Adult/Child Equitation 3',6,1840,Glendorado,Olivia Gore,Olivia Gore,0.00,
33463,11985,510,Adult/Child Equitation 3',1,1927,Hicorino,Brooke Borges,Ann Fletcher Easley,0.00,
33463,11985,510,Adult/Child Equitation 3',2,2377,Super Fly,Emily M. Collins,Kristen Browning,0.00,
33463,11985,510,Adult/Child Equitation 3',3,1941,Enjoy Du Gue,Zoe Johnson,Zoe Johnson,0.00,
33463,11985,510,Adult/Child Equitation 3',4,1933,Caligua,Janie Stevenson,Janie Stevenson,0.00,
33463,11985,510,Adult/Child Equitation 3',5,2523,Lugano,Liliana Nora Menesi,Erin M. Mccabe Clayton,0.00,
33463,11985,510,Adult/Child Equitation 3',,1840,Glendorado,Olivia Gore,Olivia Gore,,
33464,11985,511,Adult/Child Equitation Flat,1,2377,Super Fly,Emily M. Collins,Kristen Browning,0.00,
33464,11985,511,Adult/Child Equitation Flat,2,1927,Hicorino,Brooke Borges,Ann Fletcher Easley,0.00,
33464,11985,511,Adult/Child Equitation Flat,3,1933,Caligua,Janie Stevenson,Janie Stevenson,0.00,
33464,11985,511,Adult/Child Equitation Flat,4,1840,Glendorado,Olivia Gore,Olivia Gore,0.00,
33464,11985,511,Adult/Child Equitation Flat,5,1941,Enjoy Du Gue,Zoe Johnson,Zoe Johnson,0.00,
33464,11985,511,Adult/Child Equitation Flat,,2523,Lugano,Liliana Nora Menesi,Erin M. Mccabe Clayton,,
28688,10282,515,"Low Children's Equitation 2'6""",1,1176,Fadalka - Zeldenrust,Sophia Corrao,Ella Alvarez,,
28688,10282,515,"Low Children's Equitation 2'6""",2,1944,Richemont,Iliana Bonds,Iliana Bonds,,
28688,10282,515,"Low Children's Equitation 2'6""",3,1178,Rasgo La Silla,Phoenyx Sandoval,Phoenyx Sandoval,,
28688,10282,515,"Low Children's Equitation 2'6""",4,1515,Global Express Vdl,Neyla Pando,Kimberly A. Mccormack,,
28688,10282,515,"Low Children's Equitation 2'6""",5,1010,Partyman,Adelaide Sandwith,Adelaide Sandwith,,
28689,10282,516,"Low Children's Equitation 2'6""",1,1176,Fadalka - Zeldenrust,Sophia Corrao,Ella Alvarez,,
28689,10282,516,"Low Children's Equitation 2'6""",2,1178,Rasgo La Silla,Phoenyx Sandoval,Phoenyx Sandoval,,
28689,10282,516,"Low Children's Equitation 2'6""",3,1515,Global Express Vdl,Neyla Pando,Kimberly A. Mccormack,,
28689,10282,516,"Low Children's Equitation 2'6""",4,1010,Partyman,Adelaide Sandwith,Adelaide Sandwith,,
28689,10282,516,"Low Children's Equitation 2'6""",5,1944,Richemont,Iliana Bonds,Iliana Bonds,,
28690,10282,517,Low Children's Equitation Flat,1,1010,Partyman,Adelaide Sandwith,Adelaide Sandwith,,
28690,10282,517,Low Children's Equitation Flat,2,1176,Fadalka - Zeldenrust,Sophia Corrao,Ella Alvarez,,
28690,10282,517,Low Children's Equitation Flat,3,1944,Richemont,Iliana Bonds,Iliana Bonds,,
28690,10282,517,Low Children's Equitation Flat,4,1178,Rasgo La Silla,Phoenyx Sandoval,Phoenyx Sandoval,,
28690,10282,517,Low Children's Equitation Flat,5,1515,Global Express Vdl,Neyla Pando,Kimberly A. Mccormack,,
28691,10284,518,"Low Adult Equitation 2'6""",1,2520,Dicaprio,Emily F. H. Buxton,Pinnacle Pointe Equestrian,,
28691,10284,518,"Low Adult Equitation 2'6""",2,1301,Quatro,Leah Blomquist,Jackie Sawyer,,
28691,10284,518,"Low Adult Equitation 2'6""",3,1428,Insightful,Emma Terry,Kendall Bland,,
28691,10284,518,"Low Adult Equitation 2'6""",4,1936,Sf Old Fashioned,Sadie Koresh,Janie Stevenson,,
28691,10284,518,"Low Adult Equitation 2'6""",5,1934,Pompidou,Samantha Derosa,Lucky Farm,,
28691,10284,518,"Low Adult Equitation 2'6""",6,1548,Tesserae,Bhuvana Barish,Linda D. Viens,,
28691,10284,518,"Low Adult Equitation 2'6""",7,2021,Crescendo 55,Andrea Clark,Andrea Clark,,
28691,10284,518,"Low Adult Equitation 2'6""",,1942,Laguna Beach,Kristine Holt,Kristine Holt,,
28692,10284,519,"Low Adult Equitation 2'6""",1,1934,Pompidou,Samantha Derosa,Lucky Farm,,
28692,10284,519,"Low Adult Equitation 2'6""",2,1428,Insightful,Emma Terry,Kendall Bland,,
28692,10284,519,"Low Adult Equitation 2'6""",3,2520,Dicaprio,Emily F. H. Buxton,Pinnacle Pointe Equestrian,,
28692,10284,519,"Low Adult Equitation 2'6""",4,2021,Crescendo 55,Andrea Clark,Andrea Clark,,
28692,10284,519,"Low Adult Equitation 2'6""",5,1548,Tesserae,Bhuvana Barish,Linda D. Viens,,
28692,10284,519,"Low Adult Equitation 2'6""",6,1936,Sf Old Fashioned,Sadie Koresh,Janie Stevenson,,
28692,10284,519,"Low Adult Equitation 2'6""",,1942,Laguna Beach,Kristine Holt,Kristine Holt,,
28693,10284,520,Low Adult Equitation Flat,1,1942,Laguna Beach,Kristine Holt,Kristine Holt,,
28693,10284,520,Low Adult Equitation Flat,2,2520,Dicaprio,Emily F. H. Buxton,Pinnacle Pointe Equestrian,,
28693,10284,520,Low Adult Equitation Flat,3,1934,Pompidou,Samantha Derosa,Lucky Farm,,
28693,10284,520,Low Adult Equitation Flat,4,1548,Tesserae,Bhuvana Barish,Linda D. Viens,,
28693,10284,520,Low Adult Equitation Flat,5,2021,Crescendo 55,Andrea Clark,Andrea Clark,,
28693,10284,520,Low Adult Equitation Flat,6,1936,Sf Old Fashioned,Sadie Koresh,Janie Stevenson,,
28694,10229,521,"Pony Equitation 2'3""/2'6""/2'9""",1,1179,Right On Target,Avery Kranitz,Avery Kranitz,,
28694,10229,521,"Pony Equitation 2'3""/2'6""/2'9""",2,1997,Bounty Rose,Zoe Brandan,Zoe Brandan,,
28694,10229,521,"Pony Equitation 2'3""/2'6""/2'9""",,1698,Orchard Hills Best Dressed,Ryan Haselden,Stephanie I Sakata,,
28695,10229,522,"Pony Equitation 2'3""/2'6""/2'9""",1,1179,Right On Target,Avery Kranitz,Avery Kranitz,,
28695,10229,522,"Pony Equitation 2'3""/2'6""/2'9""",2,1997,Bounty Rose,Zoe Brandan,Zoe Brandan,,
28695,10229,522,"Pony Equitation 2'3""/2'6""/2'9""",,1698,Orchard Hills Best Dressed,Ryan Haselden,Stephanie I Sakata,,
28696,10229,523,Pony Equitation Flat,1,1179,Right On Target,Avery Kranitz,Avery Kranitz,,
28696,10229,523,Pony Equitation Flat,2,1698,Orchard Hills Best Dressed,Ryan Haselden,Stephanie I Sakata,,
28697,10286,524,"Children's Pony Equitation 2'/2'6""",1,1174,Café Con Leche,Amelia Hollis,Amelia Hollis,,
28697,10286,524,"Children's Pony Equitation 2'/2'6""",2,2048,Faylin’s Baby Boomer,Kennedy Donaldson,Markie Morrison,,
28697,10286,524,"Children's Pony Equitation 2'/2'6""",3,1841,Pixar,Chloe Hawbaker,Dana Long,,
28698,10286,525,"Children's Pony Equitation 2'/2'6""",1,2048,Faylin’s Baby Boomer,Kennedy Donaldson,Markie Morrison,,
28698,10286,525,"Children's Pony Equitation 2'/2'6""",2,1841,Pixar,Chloe Hawbaker,Dana Long,,
28698,10286,525,"Children's Pony Equitation 2'/2'6""",3,1174,Café Con Leche,Amelia Hollis,Amelia Hollis,,
28699,10286,526,Children's Pony Equitation Flat,1,2048,Faylin’s Baby Boomer,Kennedy Donaldson,Markie Morrison,,
28699,10286,526,Children's Pony Equitation Flat,2,1174,Café Con Leche,Amelia Hollis,Amelia Hollis,,
28699,10286,526,Children's Pony Equitation Flat,3,1841,Pixar,Chloe Hawbaker,Dana Long,,
28702,0,527,"Platinum Performance USEF Talent Search 3'9""",,1908,Gosset Rose,Evana Somareddy,Plain Bay Farm,,
28700,0,528,"USEF Hunter Seat Medal 3'6""",1,1685,Hh Hyyerr Calling,Francesca Giarrusso,Unknown Person,,
28700,0,528,"USEF Hunter Seat Medal 3'6""",2,1826,Emi Initia,Sara Lent,Unknown Person,,
28700,0,528,"USEF Hunter Seat Medal 3'6""",3,1908,Gosset Rose,Evana Somareddy,Plain Bay Farm,,
28700,0,528,"USEF Hunter Seat Medal 3'6""",4,2347,Fascinate,Evelyn Byron,Evelyn Byron,,
28710,0,529,"WIHS Equitation Hunter Phase 3'6""",,1908,Gosset Rose,Evana Somareddy,Plain Bay Farm,,
28711,0,530,"WIHS Equitation Jumper Phase 3'6""",,1908,Gosset Rose,Evana Somareddy,Plain Bay Farm,,
28713,0,532,"ASPCA Maclay 3'6""",1,2347,Fascinate,Evelyn Byron,Evelyn Byron,,
28713,0,532,"ASPCA Maclay 3'6""",2,1826,Emi Initia,Sara Lent,Unknown Person,,
28713,0,532,"ASPCA Maclay 3'6""",3,1908,Gosset Rose,Evana Somareddy,Plain Bay Farm,,
28713,0,532,"ASPCA Maclay 3'6""",4,1685,Hh Hyyerr Calling,Francesca Giarrusso,Unknown Person,,
28714,0,533,"NHS Medal 3'3""",1,2203,Milburn Monti Casino,Evelyn Byron,Evelyn Byron,0.00,
28714,0,533,"NHS Medal 3'3""",2,2600,Splender Van De Achterhoek,Sabrina Miller,Knees 2 Nose LLC,0.00,
28714,0,533,"NHS Medal 3'3""",3,1016,Maxwell,Cassie Kelly,"Ashcombe Sporthorses, LLC",0.00,
28714,0,533,"NHS Medal 3'3""",4,1911,Quick Moon,Evana Somareddy,Donald E. Stewart,0.00,
28714,0,533,"NHS Medal 3'3""",,1419,Capitolino Dve,Frederica Alcalay,Dutch Valley Sporthorses,,
28714,0,533,"NHS Medal 3'3""",,1685,Hh Hyyerr Calling,Francesca Giarrusso,Unknown Person,,
28703,0,534,Ariat Adult Medal 3',1,1927,Hicorino,Brooke Borges,Ann Fletcher Easley,82.00,
28657,0,535,THIS Children's Medal 3',1,2600,Splender Van De Achterhoek,Sabrina Miller,Knees 2 Nose LLC,88.00,
28657,0,535,THIS Children's Medal 3',2,1520,Verdi,Scarlett Yana,Scarlett Yana,85.00,
28657,0,535,THIS Children's Medal 3',3,2203,Milburn Monti Casino,Evelyn Byron,Evelyn Byron,84.00,
28657,0,535,THIS Children's Medal 3',4,1929,Alesso,Windsor Ryan,Windsor Stables LLC,75.00,
28657,0,535,THIS Children's Medal 3',5,1840,Glendorado,Olivia Gore,Olivia Gore,67.00,
28657,0,535,THIS Children's Medal 3',6,1832,Constellation,Lauren Hatley,Jessica Williams,0.00,
28707,0,546,"WIHS Pony Equitation (Open Card) 2'3""/2'6""/2'9""",,1698,Orchard Hills Best Dressed,Ryan Haselden,Stephanie I Sakata,,
28716,0,548,"World Equestrian Center Premier Cup 3'6""",1,1908,Gosset Rose,Evana Somareddy,Plain Bay Farm,,
28716,0,548,"World Equestrian Center Premier Cup 3'6""",2,1826,Emi Initia,Sara Lent,Unknown Person,,
28716,0,548,"World Equestrian Center Premier Cup 3'6""",3,1685,Hh Hyyerr Calling,Francesca Giarrusso,Unknown Person,,
28716,0,548,"World Equestrian Center Premier Cup 3'6""",,1833,Cortalima Z,Josephine Foshee,Josephine Foshee,,
28451,0,549,"NCEA Medal 3'3""",,1908,Gosset Rose,Evana Somareddy,Plain Bay Farm,,
28631,10238,600,.65m Jumper Open IV.1,1,1935,Sf Dream Weaver,Jamie Reinheimer,Tricia Brady,,
28631,10238,600,.65m Jumper Open IV.1,2,1664,Pretzel Palooza,Ella Ofarrell,Ella Ofarrell,,
28631,10238,600,.65m Jumper Open IV.1,3,2109,Roundthorn Odara,Anne L. Bingler,Anne L. Bingler,,
28631,10238,600,.65m Jumper Open IV.1,4,1986,Rebellious Actress,Kyndal Mantuano,Maja Turkanik,,
28631,10238,600,.65m Jumper Open IV.1,5,1251,Spice Girl,Bernadette Sobrino,Bernadette Sobrino,,
28631,10238,600,.65m Jumper Open IV.1,6,1985,June Bug,Kyndal Mantuano,John Giza,,
28631,10238,600,.65m Jumper Open IV.1,7,1836,Cento Forever,Rebecca Warth,Pamela Mattel,,
28631,10238,600,.65m Jumper Open IV.1,8,1838,Pursuit Of Honor,Rebecca Warth,Shannon Mcmasters,,
28631,10238,600,.65m Jumper Open IV.1,,1530,Bella Pepperella,Amory Thomas,Amory Thomas,,
28631,10238,600,.65m Jumper Open IV.1,,1967,Juju On That Beat,Kelsey Maynard,Kelsey Maynard,,
28632,10238,601,.65m Jumper Open IV.1,1,1251,Spice Girl,Bernadette Sobrino,Bernadette Sobrino,,
28632,10238,601,.65m Jumper Open IV.1,2,1664,Pretzel Palooza,Ella Ofarrell,Ella Ofarrell,,
28632,10238,601,.65m Jumper Open IV.1,3,1180,You Make It Look Easy,Paige Parry,Paige Parry,,
28632,10238,601,.65m Jumper Open IV.1,4,1985,June Bug,Kyndal Mantuano,John Giza,,
28632,10238,601,.65m Jumper Open IV.1,5,1986,Rebellious Actress,Kyndal Mantuano,Maja Turkanik,,
28632,10238,601,.65m Jumper Open IV.1,6,1967,Juju On That Beat,Kelsey Maynard,Kelsey Maynard,,
28632,10238,601,.65m Jumper Open IV.1,7,1530,Bella Pepperella,Amory Thomas,Amory Thomas,,
28632,10238,601,.65m Jumper Open IV.1,8,1838,Pursuit Of Honor,Shannon Mcmasters,Shannon Mcmasters,,
28633,10238,602,.65m Jumper Open IV.1,1,1251,Spice Girl,Bernadette Sobrino,Bernadette Sobrino,,
28633,10238,602,.65m Jumper Open IV.1,2,1180,You Make It Look Easy,Paige Parry,Paige Parry,,
28633,10238,602,.65m Jumper Open IV.1,3,1935,Sf Dream Weaver,Tricia Brady,Tricia Brady,,
28633,10238,602,.65m Jumper Open IV.1,4,1838,Pursuit Of Honor,Crystal Mielke,Shannon Mcmasters,,
28633,10238,602,.65m Jumper Open IV.1,5,1530,Bella Pepperella,Amory Thomas,Amory Thomas,,
28633,10238,602,.65m Jumper Open IV.1,6,1188,Spot On,Allison Wise,Stephanie Free,,
28633,10238,602,.65m Jumper Open IV.1,,1836,Cento Forever,Rebecca Warth,Pamela Mattel,,
28633,10238,602,.65m Jumper Open IV.1,,2686,Ima Big Dill,Elizabeth Hollnagel,Chrissy Hollnagel,,
28634,10239,603,.65m Jumper Jr/Am Long Creek Farms IV.1,1,1967,Juju On That Beat,Kelsey Maynard,Kelsey Maynard,,
28634,10239,603,.65m Jumper Jr/Am Long Creek Farms IV.1,2,1664,Pretzel Palooza,Ella Ofarrell,Ella Ofarrell,,
28634,10239,603,.65m Jumper Jr/Am Long Creek Farms IV.1,3,1530,Bella Pepperella,Amory Thomas,Amory Thomas,,
28634,10239,603,.65m Jumper Jr/Am Long Creek Farms IV.1,,1935,Sf Dream Weaver,Jamie Reinheimer,Tricia Brady,,
28635,10239,604,.65m Jumper Jr/Am Long Creek Farms IV.1,1,1530,Bella Pepperella,Amory Thomas,Amory Thomas,,
28635,10239,604,.65m Jumper Jr/Am Long Creek Farms IV.1,2,1664,Pretzel Palooza,Ella Ofarrell,Ella Ofarrell,,
28635,10239,604,.65m Jumper Jr/Am Long Creek Farms IV.1,3,1986,Rebellious Actress,Maja Turkanik,Maja Turkanik,,
28635,10239,604,.65m Jumper Jr/Am Long Creek Farms IV.1,4,1180,You Make It Look Easy,Paige Parry,Paige Parry,,
28635,10239,604,.65m Jumper Jr/Am Long Creek Farms IV.1,5,1967,Juju On That Beat,Kelsey Maynard,Kelsey Maynard,,
28635,10239,604,.65m Jumper Jr/Am Long Creek Farms IV.1,6,1838,Pursuit Of Honor,Shannon Mcmasters,Shannon Mcmasters,,
28636,10239,605,.65m Jumper Jr/Am Long Creek Farms IV.1,1,1986,Rebellious Actress,Maja Turkanik,Maja Turkanik,,
28636,10239,605,.65m Jumper Jr/Am Long Creek Farms IV.1,2,1180,You Make It Look Easy,Paige Parry,Paige Parry,,
28636,10239,605,.65m Jumper Jr/Am Long Creek Farms IV.1,3,1935,Sf Dream Weaver,Tricia Brady,Tricia Brady,,
28636,10239,605,.65m Jumper Jr/Am Long Creek Farms IV.1,4,1838,Pursuit Of Honor,Crystal Mielke,Shannon Mcmasters,,
28636,10239,605,.65m Jumper Jr/Am Long Creek Farms IV.1,5,1530,Bella Pepperella,Amory Thomas,Amory Thomas,,
28636,10239,605,.65m Jumper Jr/Am Long Creek Farms IV.1,6,1836,Cento Forever,Rebecca Warth,Pamela Mattel,,
28636,10239,605,.65m Jumper Jr/Am Long Creek Farms IV.1,,2686,Ima Big Dill,Elizabeth Hollnagel,Chrissy Hollnagel,,
28739,10217,606,.75m Jumper Open IV.1,1,2013,Apollonios,Maddie Mcinturf,"Meadowood Farm, LLC",,
28739,10217,606,.75m Jumper Open IV.1,2,2068,Markut,Jamie Reinheimer,"Cricket Hill Farm, Llc.",,
28739,10217,606,.75m Jumper Open IV.1,3,1193,Bono Lerchenberg,Juliann W. Cunningham,Leslie Davies,,
28739,10217,606,.75m Jumper Open IV.1,4,1935,Sf Dream Weaver,Jamie Reinheimer,Tricia Brady,,
28739,10217,606,.75m Jumper Open IV.1,5,2109,Roundthorn Odara,Anne L. Bingler,Anne L. Bingler,,
28739,10217,606,.75m Jumper Open IV.1,6,1518,Mini Mentos,Tilda Berthold,Tilda Berthold,,
28739,10217,606,.75m Jumper Open IV.1,7,1534,Written Dance,Alexis Mack,Ronda Mack,,
28739,10217,606,.75m Jumper Open IV.1,,1188,Spot On,Allison Wise,Stephanie Free,,
28739,10217,606,.75m Jumper Open IV.1,,1990,Moonlight B,Page H. Flournoy,Page H. Flournoy,,
28740,10217,607,.75m Jumper Open IV.1,1,1542,Major Dude,Robert Scott,Robert Scott,,
28740,10217,607,.75m Jumper Open IV.1,2,1752,Cedric 103,Porter Tobin,Olivia Iglesias,,
28740,10217,607,.75m Jumper Open IV.1,3,1193,Bono Lerchenberg,Juliann W. Cunningham,Leslie Davies,,
28740,10217,607,.75m Jumper Open IV.1,4,1935,Sf Dream Weaver,Brennan Brady,Tricia Brady,,
28740,10217,607,.75m Jumper Open IV.1,5,2068,Markut,Jamie Reinheimer,"Cricket Hill Farm, Llc.",,
28740,10217,607,.75m Jumper Open IV.1,6,2013,Apollonios,Maddie Mcinturf,"Meadowood Farm, LLC",,
28740,10217,607,.75m Jumper Open IV.1,7,1534,Written Dance,Alexis Mack,Ronda Mack,,
28740,10217,607,.75m Jumper Open IV.1,8,1517,Himalaya,Kimberley Pickens,Kimberley Pickens,,
28740,10217,607,.75m Jumper Open IV.1,,1188,Spot On,Allison Wise,Stephanie Free,,
28741,10217,608,.75m Jumper Open IV.1,1,2109,Roundthorn Odara,Anne L. Bingler,Anne L. Bingler,,
28741,10217,608,.75m Jumper Open IV.1,2,2013,Apollonios,Maddie Mcinturf,"Meadowood Farm, LLC",,
28741,10217,608,.75m Jumper Open IV.1,3,1188,Spot On,Allison Wise,Stephanie Free,,
28741,10217,608,.75m Jumper Open IV.1,4,1193,Bono Lerchenberg,Juliann W. Cunningham,Leslie Davies,,
28741,10217,608,.75m Jumper Open IV.1,5,1542,Major Dude,Robert Scott,Robert Scott,,
28741,10217,608,.75m Jumper Open IV.1,6,1752,Cedric 103,Kallen Glenn,Olivia Iglesias,,
28741,10217,608,.75m Jumper Open IV.1,7,1534,Written Dance,Alexis Mack,Ronda Mack,,
28741,10217,608,.75m Jumper Open IV.1,8,1517,Himalaya,Kimberley Pickens,Kimberley Pickens,,
28741,10217,608,.75m Jumper Open IV.1,,1967,Juju On That Beat,Kelsey Maynard,Kelsey Maynard,,
28742,10218,609,.75m Jumper Jr/Am IV.1,1,2013,Apollonios,Maddie Mcinturf,"Meadowood Farm, LLC",,
28742,10218,609,.75m Jumper Jr/Am IV.1,2,1188,Spot On,Allison Wise,Stephanie Free,,
28742,10218,609,.75m Jumper Jr/Am IV.1,3,1015,Boca's Envy,Cassie Kelly,Cassie Kelly,,
28742,10218,609,.75m Jumper Jr/Am IV.1,4,1518,Mini Mentos,Tilda Berthold,Tilda Berthold,,
28742,10218,609,.75m Jumper Jr/Am IV.1,5,1193,Bono Lerchenberg,Leslie Davies,Leslie Davies,,
28742,10218,609,.75m Jumper Jr/Am IV.1,6,1534,Written Dance,Alexis Mack,Ronda Mack,,
28742,10218,609,.75m Jumper Jr/Am IV.1,7,1517,Himalaya,Kimberley Pickens,Kimberley Pickens,,
28743,10218,610,.75m Jumper Jr/Am IV.1,1,1193,Bono Lerchenberg,Leslie Davies,Leslie Davies,,
28743,10218,610,.75m Jumper Jr/Am IV.1,2,2013,Apollonios,Maddie Mcinturf,"Meadowood Farm, LLC",,
28743,10218,610,.75m Jumper Jr/Am IV.1,3,1542,Major Dude,Robert Scott,Robert Scott,,
28743,10218,610,.75m Jumper Jr/Am IV.1,4,1708,Glamour Van De Kakebeek,Annalise Kapsokavathis,Anne L. Bingler,,
28743,10218,610,.75m Jumper Jr/Am IV.1,5,1188,Spot On,Allison Wise,Stephanie Free,,
28743,10218,610,.75m Jumper Jr/Am IV.1,6,1534,Written Dance,Alexis Mack,Ronda Mack,,
28743,10218,610,.75m Jumper Jr/Am IV.1,7,1517,Himalaya,Kimberley Pickens,Kimberley Pickens,,
28743,10218,610,.75m Jumper Jr/Am IV.1,8,2042,Frozie,Claire Doran,Tony Doran,,
28744,10218,611,.75m Jumper Jr/Am IV.1,1,1752,Cedric 103,Kallen Glenn,Olivia Iglesias,,
28744,10218,611,.75m Jumper Jr/Am IV.1,2,1193,Bono Lerchenberg,Leslie Davies,Leslie Davies,,
28744,10218,611,.75m Jumper Jr/Am IV.1,3,1542,Major Dude,Robert Scott,Robert Scott,,
28744,10218,611,.75m Jumper Jr/Am IV.1,4,2013,Apollonios,Maddie Mcinturf,"Meadowood Farm, LLC",,
28744,10218,611,.75m Jumper Jr/Am IV.1,5,1534,Written Dance,Alexis Mack,Ronda Mack,,
28744,10218,611,.75m Jumper Jr/Am IV.1,6,1986,Rebellious Actress,Maja Turkanik,Maja Turkanik,,
28744,10218,611,.75m Jumper Jr/Am IV.1,7,1188,Spot On,Allison Wise,Stephanie Free,,
28744,10218,611,.75m Jumper Jr/Am IV.1,8,1967,Juju On That Beat,Kelsey Maynard,Kelsey Maynard,,
28643,10242,618,.85m Jumper Open II.2d,1,1431,Vivaz,Kyndal Mantuano,Michael P. Doyle,,
28643,10242,618,.85m Jumper Open II.2d,2,2051,Smooth Criminal,Kiera H. Wilson,Christina Martin,,
28643,10242,618,.85m Jumper Open II.2d,3,1532,Tipsy,Kamryn Stewart,Gabriella Diaz De Arce,,
28643,10242,618,.85m Jumper Open II.2d,4,2375,Sylvester Ter Linden,Lynde Johnson,Lynde Johnson,,
28643,10242,618,.85m Jumper Open II.2d,5,2543,Billy Snowdonia,Camille Maynard,"Fairy Tail Stables, LLC",,
28643,10242,618,.85m Jumper Open II.2d,6,2540,Wyatt,Michaela Thompson,Michaela Thompson,,
28643,10242,618,.85m Jumper Open II.2d,7,1914,D’or E’cureuil,Bryce P. Richardson,Caitlin J. Andersen,,
28643,10242,618,.85m Jumper Open II.2d,8,1186,Mr. Vice President,Heidi White,Alexis Peace,,
28643,10242,618,.85m Jumper Open II.2d,,1844,Ice Breaker,Fabian Herrera,Stone Oak Equestrian,,
28644,10242,619,.85m Jumper Open II.2d,1,1431,Vivaz,Kyndal Mantuano,Michael P. Doyle,,
28644,10242,619,.85m Jumper Open II.2d,2,1673,Katja,Natalia Perez,Rodriguez Equestrian,,
28644,10242,619,.85m Jumper Open II.2d,3,2042,Frozie,Claire Doran,Tony Doran,,
28644,10242,619,.85m Jumper Open II.2d,4,2375,Sylvester Ter Linden,Lynde Johnson,Lynde Johnson,,
28644,10242,619,.85m Jumper Open II.2d,5,1959,Neisha,Sarah Kraemer,Stella Kraemer,,
28644,10242,619,.85m Jumper Open II.2d,6,1186,Mr. Vice President,Heidi White,Alexis Peace,,
28644,10242,619,.85m Jumper Open II.2d,7,1845,Rival,Fabian Herrera,Fabian Herrera,,
28644,10242,619,.85m Jumper Open II.2d,8,1669,Harmonie,Ana Cristina Rodriguez,Rodriguez Equestrian,,
28644,10242,619,.85m Jumper Open II.2d,,1480,Ameko Chaccord,Taylor Manning,Kari Gilley,,
28644,10242,619,.85m Jumper Open II.2d,,1518,Mini Mentos,Tilda Berthold,Tilda Berthold,,
28644,10242,619,.85m Jumper Open II.2d,,1532,Tipsy,Kamryn Stewart,Gabriella Diaz De Arce,,
28644,10242,619,.85m Jumper Open II.2d,,1844,Ice Breaker,Fabian Herrera,Stone Oak Equestrian,,
28644,10242,619,.85m Jumper Open II.2d,,1914,D’or E’cureuil,Bryce P. Richardson,Caitlin J. Andersen,,
28644,10242,619,.85m Jumper Open II.2d,,2051,Smooth Criminal,Kiera H. Wilson,Christina Martin,,
28646,10242,620,.85m Jumper Open II.2b,1,1844,Ice Breaker,Fabian Herrera,Stone Oak Equestrian,,
28646,10242,620,.85m Jumper Open II.2b,2,2068,Markut,Brennan Brady,"Cricket Hill Farm, Llc.",,
28646,10242,620,.85m Jumper Open II.2b,3,1959,Neisha,Sarah Kraemer,Stella Kraemer,,
28646,10242,620,.85m Jumper Open II.2b,4,1669,Harmonie,Ana Cristina Rodriguez,Rodriguez Equestrian,,
28646,10242,620,.85m Jumper Open II.2b,5,2065,Primo Aslan,Elizabeth C. de Golian,Faith Umland,,
28646,10242,620,.85m Jumper Open II.2b,6,1532,Tipsy,Kamryn Stewart,Gabriella Diaz De Arce,,
28646,10242,620,.85m Jumper Open II.2b,7,2543,Billy Snowdonia,Gabriella Rivera,"Fairy Tail Stables, LLC",,
28646,10242,620,.85m Jumper Open II.2b,8,2051,Smooth Criminal,Kiera H. Wilson,Christina Martin,,
28646,10242,620,.85m Jumper Open II.2b,,1186,Mr. Vice President,Alexis Peace,Alexis Peace,,
28647,10243,621,.85m Jumper Jr/Am II.2d,1,1015,Boca's Envy,Cassie Kelly,Cassie Kelly,,
28647,10243,621,.85m Jumper Jr/Am II.2d,2,1532,Tipsy,Kamryn Stewart,Gabriella Diaz De Arce,,
28647,10243,621,.85m Jumper Jr/Am II.2d,3,1925,Castielle,Evelyn Mathews,Evelyn Mathews,,
28647,10243,621,.85m Jumper Jr/Am II.2d,4,1186,Mr. Vice President,Heidi White,Alexis Peace,,
28647,10243,621,.85m Jumper Jr/Am II.2d,5,2540,Wyatt,Michaela Thompson,Michaela Thompson,,
28647,10243,621,.85m Jumper Jr/Am II.2d,6,2377,Super Fly,Emily M. Collins,Kristen Browning,,
28648,10243,622,.85m Jumper Jr/Am II.2d,1,1529,Sissi Mai,Summer Smith,Summer Smith,,
28648,10243,622,.85m Jumper Jr/Am II.2d,2,1959,Neisha,Sarah Kraemer,Stella Kraemer,,
28648,10243,622,.85m Jumper Jr/Am II.2d,3,2068,Markut,Brennan Brady,"Cricket Hill Farm, Llc.",,
28648,10243,622,.85m Jumper Jr/Am II.2d,4,1518,Mini Mentos,Tilda Berthold,Tilda Berthold,,
28648,10243,622,.85m Jumper Jr/Am II.2d,5,1561,Sir Paul,Emily Rodgers,Cassidy Warren,,
28648,10243,622,.85m Jumper Jr/Am II.2d,6,1708,Glamour Van De Kakebeek,Annalise Kapsokavathis,Anne L. Bingler,,
28648,10243,622,.85m Jumper Jr/Am II.2d,7,1844,Ice Breaker,Stella Hartman,Stone Oak Equestrian,,
28648,10243,622,.85m Jumper Jr/Am II.2d,8,1186,Mr. Vice President,Alexis Peace,Alexis Peace,,
28648,10243,622,.85m Jumper Jr/Am II.2d,,2046,Wineport Rio Grande,Liza Guettler,Liza Guettler,,
28649,10243,623,.85m Jumper Jr/Am II.2b,1,1529,Sissi Mai,Summer Smith,Summer Smith,,
28649,10243,623,.85m Jumper Jr/Am II.2b,2,1004,Don Diego Hdd II,Rita de Goes,Wellington Equestrian Center Inc,,
28649,10243,623,.85m Jumper Jr/Am II.2b,3,1005,Heroine De Kerglenn,Rita de Goes,Wellington Equestrian Center Inc,,
28649,10243,623,.85m Jumper Jr/Am II.2b,4,1959,Neisha,Sarah Kraemer,Stella Kraemer,,
28649,10243,623,.85m Jumper Jr/Am II.2b,5,1708,Glamour Van De Kakebeek,Annalise Kapsokavathis,Anne L. Bingler,,
28649,10243,623,.85m Jumper Jr/Am II.2b,6,1523,Casino Royale,Jessin Blossom,Alexandra V. Ireland,,
28649,10243,623,.85m Jumper Jr/Am II.2b,7,2543,Billy Snowdonia,Gabriella Rivera,"Fairy Tail Stables, LLC",,
28649,10243,623,.85m Jumper Jr/Am II.2b,8,1532,Tipsy,Kamryn Stewart,Gabriella Diaz De Arce,,
28649,10243,623,.85m Jumper Jr/Am II.2b,,1015,Boca's Envy,Cassie Kelly,Cassie Kelly,,
28649,10243,623,.85m Jumper Jr/Am II.2b,,1186,Mr. Vice President,Alexis Peace,Alexis Peace,,
28649,10243,623,.85m Jumper Jr/Am II.2b,,1518,Mini Mentos,Tilda Berthold,Tilda Berthold,,
28649,10243,623,.85m Jumper Jr/Am II.2b,,2068,Markut,Brennan Brady,"Cricket Hill Farm, Llc.",,
28745,0,624,.95m Jumper- II.1,1,1932,Florian,Windsor Ryan,Windsor Stables LLC,,
28745,0,624,.95m Jumper- II.1,2,1982,Herakles,Izabella Mcnerney,Izabella Mcnerney,,
28745,0,624,.95m Jumper- II.1,3,1480,Ameko Chaccord,Taylor Manning,Kari Gilley,,
28745,0,624,.95m Jumper- II.1,4,1714,White Cap,Kristiina A. Claffee,Kristiina A. Claffee,,
28746,0,625,.95m Jumper- II.2d,1,1925,Castielle,Evelyn Mathews,Evelyn Mathews,,
28746,0,625,.95m Jumper- II.2d,2,1912,Scs Kenzo T,Ava Hillary,Ava Hillary,,
28746,0,625,.95m Jumper- II.2d,,1480,Ameko Chaccord,Taylor Manning,Kari Gilley,,
28650,10234,627,1.00m Jumper II.1,1,1422,Perry Girl,Frederica Alcalay,Frederica Alcalay,,
28650,10234,627,1.00m Jumper II.1,2,2034,Kannon 2000 Z,Grace Heidenreich,Grace Heidenreich,,
28650,10234,627,1.00m Jumper II.1,3,1968,Rocketman,Samantha Brooks,Samantha Brooks,,
28650,10234,627,1.00m Jumper II.1,4,1419,Capitolino Dve,Frederica Alcalay,Dutch Valley Sporthorses,,
28650,10234,627,1.00m Jumper II.1,5,2002,Lolita Z,Addison Reed,Ameera Chin,,
28650,10234,627,1.00m Jumper II.1,6,2001,Leporsche Th,Addison Reed,Ella Saidi,,
28650,10234,627,1.00m Jumper II.1,7,1514,Glamour Des Forets,Bowers A. Cone,Libby Woodworth,,
28650,10234,627,1.00m Jumper II.1,8,1653,Duran Duran Z,Adele Dewar,Barbara H. Center,,
28650,10234,627,1.00m Jumper II.1,,1436,Cahira,Erica Lacher,Erica Lacher,,
28650,10234,627,1.00m Jumper II.1,,1516,Grandia,Bowers A. Cone,Melissa Burns,,
28650,10234,627,1.00m Jumper II.1,,1547,Casual Citizen,Declan Egan,Kelly A. Hudyman,,
28650,10234,627,1.00m Jumper II.1,,1859,Hh N-Joy,Natasha Stewart,Double H Farm,,
28650,10234,627,1.00m Jumper II.1,,2374,Unamy Van De Dry Ringhen,Laura R. Jakubauskas,Carol Lynn Richards,,
28651,10234,628,1.00m Jumper II.2d,1,1422,Perry Girl,Frederica Alcalay,Frederica Alcalay,,
28651,10234,628,1.00m Jumper II.2d,2,2370,Diamo De L'anglissant Z,Bryn Hurley,Apex Equestrian Center,,
28651,10234,628,1.00m Jumper II.2d,3,1326,The Getaway Car,Lanie Nash,Anna Scott Ault,,
28651,10234,628,1.00m Jumper II.2d,4,2055,Heartbreaker's Isabella Z,Isabella Freeburg,Gail Dady,,
28651,10234,628,1.00m Jumper II.2d,5,1982,Herakles,Izabella Mcnerney,Izabella Mcnerney,,
28651,10234,628,1.00m Jumper II.2d,6,1653,Duran Duran Z,Adele Dewar,Barbara H. Center,,
28651,10234,628,1.00m Jumper II.2d,7,1932,Florian,Windsor Ryan,Windsor Stables LLC,,
28651,10234,628,1.00m Jumper II.2d,8,2521,Excel Star Fair Play,Alexandra Hird,Lisa A Bermingham,,
28651,10234,628,1.00m Jumper II.2d,,1145,Cecile S,Alicia Taylor,Alicia Taylor,,
28651,10234,628,1.00m Jumper II.2d,,1480,Ameko Chaccord,Taylor Manning,Kari Gilley,,
28651,10234,628,1.00m Jumper II.2d,,1676,Nashua,Natalia Perez,Emco Holding LLC,,
28651,10234,628,1.00m Jumper II.2d,,1685,Hh Hyyerr Calling,Francesca Giarrusso,Unknown Person,,
28651,10234,628,1.00m Jumper II.2d,,1845,Rival,Fabian Herrera,Fabian Herrera,,
28651,10234,628,1.00m Jumper II.2d,,1859,Hh N-Joy,Natasha Stewart,Double H Farm,,
28651,10234,628,1.00m Jumper II.2d,,1911,Quick Moon,Evana Somareddy,Unknown Person,,
28651,10234,628,1.00m Jumper II.2d,,1968,Rocketman,Samantha Brooks,Samantha Brooks,,
28651,10234,628,1.00m Jumper II.2d,,2200,Chagrandino Ps,Ana Elena Armas,Stella Kraemer,,
28651,10234,628,1.00m Jumper II.2d,,2544,Tutti Fruitti Van De Fruitkorf,Vivian Heyer,Vivian Heyer,,
28749,10234,629,1.00m Jumper II.2b,1,2521,Excel Star Fair Play,Alexandra Hird,Lisa A Bermingham,,
28749,10234,629,1.00m Jumper II.2b,2,1932,Florian,Windsor Ryan,Windsor Stables LLC,,
28749,10234,629,1.00m Jumper II.2b,3,2203,Milburn Monti Casino,Evelyn Byron,Evelyn Byron,,
28749,10234,629,1.00m Jumper II.2b,4,1685,Hh Hyyerr Calling,Jessica Collins,Unknown Person,,
28749,10234,629,1.00m Jumper II.2b,5,1653,Duran Duran Z,Adele Dewar,Barbara H. Center,,
28652,10235,630,1.10m Jumper II.1,1,1324,Color Coded,Lanie Nash,Karsyn Edmondson,,
28652,10235,630,1.10m Jumper II.1,2,2455,Ronaldo C,Juan Andres Larrazabal,Lance Haywood,,
28652,10235,630,1.10m Jumper II.1,3,1724,Billy Banbury,Lauren Schweppe,Amy Nelson,,
28652,10235,630,1.10m Jumper II.1,4,1420,Cierra,Liza Guettler,Joyce C. Green,,
28652,10235,630,1.10m Jumper II.1,5,2351,Otto Pilot,Jeannie M. Savegnago,Jennifer Giovino,,
28652,10235,630,1.10m Jumper II.1,6,2345,Funky De L'abbaye,Bryce P. Richardson,Laura Kaiser,,
28652,10235,630,1.10m Jumper II.1,7,1425,Categorico Ec Z,Devin A. Seek,Stefano Baruzzo LLC,,
28652,10235,630,1.10m Jumper II.1,8,1826,Emi Initia,Lia Screnci,Unknown Person,,
28652,10235,630,1.10m Jumper II.1,,1421,Liverpool 56,Liza Guettler,Liza Guettler,,
28652,10235,630,1.10m Jumper II.1,,1651,Close To Me 5,Kyle Dewar,Mandy L. Miller,,
28652,10235,630,1.10m Jumper II.1,,1744,Diatoon Blue Ps,Madison Rose,Madison Rose,,
28652,10235,630,1.10m Jumper II.1,,1955,Diva Du Cache Pot Z,Jasmyne Tanguay,Katherine F. Dewar,,
28652,10235,630,1.10m Jumper II.1,,2010,Baron De Revel,Christoph Schroeder,Eric Lamon,,
28652,10235,630,1.10m Jumper II.1,,2037,Fernhill Touch Of Grandeur,Kendall Stephens,Kendall Stephens,,
28652,10235,630,1.10m Jumper II.1,,2365,Qiana,Katie Rosenfels,Katie Rosenfels,,
28653,10235,631,1.10m Jumper II.2d,1,1738,Dublin,Amelia Tredinnick,Carly Tredinnick,,
28653,10235,631,1.10m Jumper II.2d,2,2002,Lolita Z,Addison Reed,Ameera Chin,,
28653,10235,631,1.10m Jumper II.2d,3,1724,Billy Banbury,Lauren Schweppe,Amy Nelson,,
28653,10235,631,1.10m Jumper II.2d,4,1519,Mtm Clarcona,Anna Mead,Anna Mead,,
28653,10235,631,1.10m Jumper II.2d,5,1651,Close To Me 5,Kyle Dewar,Mandy L. Miller,,
28653,10235,631,1.10m Jumper II.2d,6,1683,Bakham Du Very Z,Blythe Novick,Novick Sporthorses LLC,,
28653,10235,631,1.10m Jumper II.2d,7,2365,Qiana,Katie Rosenfels,Katie Rosenfels,,
28653,10235,631,1.10m Jumper II.2d,8,1908,Gosset Rose,Evana Somareddy,Plain Bay Farm,,
28653,10235,631,1.10m Jumper II.2d,,1248,Ciemusic Z,Kathryn Camunas,Kathryn Camunas,,
28653,10235,631,1.10m Jumper II.2d,,1699,Catago Sh,Riley Delbecq,"Todd Minikus, LTD",,
28653,10235,631,1.10m Jumper II.2d,,1744,Diatoon Blue Ps,Madison Rose,Madison Rose,,
28653,10235,631,1.10m Jumper II.2d,,1859,Hh N-Joy,Natasha Stewart,Double H Farm,,
28653,10235,631,1.10m Jumper II.2d,,2001,Leporsche Th,Addison Reed,Ella Saidi,,
28653,10235,631,1.10m Jumper II.2d,,2010,Baron De Revel,Christoph Schroeder,Eric Lamon,,
28653,10235,631,1.10m Jumper II.2d,,2357,Crazy,Ashley Greene,Ashley Greene,,
28653,10235,631,1.10m Jumper II.2d,,2455,Ronaldo C,Juan Andres Larrazabal,Lance Haywood,,
28654,10235,632,1.10m Jumper II.2b,1,2002,Lolita Z,Addison Reed,Ameera Chin,,
28654,10235,632,1.10m Jumper II.2b,2,2001,Leporsche Th,Addison Reed,Ella Saidi,,
28654,10235,632,1.10m Jumper II.2b,3,1282,Quesera K Van’t Kattenheye,Amanda Flint,Sabrina Lefebvre,,
28654,10235,632,1.10m Jumper II.2b,4,2037,Fernhill Touch Of Grandeur,Kendall Stephens,Kendall Stephens,,
28654,10235,632,1.10m Jumper II.2b,5,2556,Der Mond,Porter Tobin,Porter Tobin,,
28654,10235,632,1.10m Jumper II.2b,6,2351,Otto Pilot,Emily Giovino,Jennifer Giovino,,
28654,10235,632,1.10m Jumper II.2b,7,1683,Bakham Du Very Z,Blythe Novick,Novick Sporthorses LLC,,
28655,10214,633,1.15m Jumper II.1,1,2023,Joaquin Daloubet,Cristobal Castro,Cristobal Castro,,
28655,10214,633,1.15m Jumper II.1,2,1429,Quallie,Lanie Nash,Tanner Hedrick,,
28655,10214,633,1.15m Jumper II.1,3,1519,Mtm Clarcona,Bowers A. Cone,Anna Mead,,
28655,10214,633,1.15m Jumper II.1,4,1241,Balou Blue Z,Brittni A. Raflowitz,Esi Show Jumpers,,
28655,10214,633,1.15m Jumper II.1,5,1485,Roncevert,Lanie Nash,Lila Isaac,,
28655,10214,633,1.15m Jumper II.1,6,1917,Smooth Sailing,Bryce P. Richardson,Claire Arnold,,
28655,10214,633,1.15m Jumper II.1,7,1745,Oa Uno Mas Cerveza,Madison Rose,Madison Rose,,
28655,10214,633,1.15m Jumper II.1,8,2015,Zeus,Riley Delbecq,Nicole Danelyan,,
28655,10214,633,1.15m Jumper II.1,,1145,Cecile S,Bowers A. Cone,Alicia Taylor,,
28655,10214,633,1.15m Jumper II.1,,1326,The Getaway Car,Lanie Nash,Anna Scott Ault,,
28655,10214,633,1.15m Jumper II.1,,1699,Catago Sh,Riley Delbecq,"Todd Minikus, LTD",,
28655,10214,633,1.15m Jumper II.1,,1758,Gof Perle D'amour,Jodie Camberg,"Golden Oaks Farm, LLC",,
28656,10214,634,1.15m Jumper II.2d,1,2015,Zeus,Riley Delbecq,Nicole Danelyan,,
28656,10214,634,1.15m Jumper II.2d,2,1418,Vdl Friedakilly R Z,Ana Sofia Rodriguez,Rodriguez Equestrian,,
28656,10214,634,1.15m Jumper II.2d,3,1958,Hairo,Ana Elena Armas,Skyler Fields,,
28656,10214,634,1.15m Jumper II.2d,4,1963,Chatdenio Bh Z,Lawson Whitaker,Lawson Whitaker,,
28656,10214,634,1.15m Jumper II.2d,5,1241,Balou Blue Z,Brittni A. Raflowitz,Esi Show Jumpers,,
28656,10214,634,1.15m Jumper II.2d,6,1425,Categorico Ec Z,Devin A. Seek,Stefano Baruzzo LLC,,
28656,10214,634,1.15m Jumper II.2d,7,1754,Hollywood Van Het Kapelhof Z,Claire F. Cassidy,"Bully Lane, LLC",,
28656,10214,634,1.15m Jumper II.2d,8,1699,Catago Sh,Riley Delbecq,"Todd Minikus, LTD",,
28656,10214,634,1.15m Jumper II.2d,,1745,Oa Uno Mas Cerveza,Madison Rose,Madison Rose,,
28656,10214,634,1.15m Jumper II.2d,,1857,Chill Z,Juan A. Rodriguez Silva,Leyla Carmona,,
28656,10214,634,1.15m Jumper II.2d,,2037,Fernhill Touch Of Grandeur,Kendall Stephens,Kendall Stephens,,
28750,10214,635,1.15m Jumper II.2b,1,1745,Oa Uno Mas Cerveza,Madison Rose,Madison Rose,,
28750,10214,635,1.15m Jumper II.2b,2,1744,Diatoon Blue Ps,Madison Rose,Madison Rose,,
28750,10214,635,1.15m Jumper II.2b,3,1857,Chill Z,Leyla Carmona,Leyla Carmona,,
28750,10214,635,1.15m Jumper II.2b,4,1948,Madison Square Sb,Francisco Vaca,Frei Equestrian LLC,,
28619,10321,636,1.20m Jumper II.1,1,1020,Santa Rosa Diva,Priscilla Broger,Priscilla Broger,,
28619,10321,636,1.20m Jumper II.1,1,2315,Mtm Caden,Ellham Memari,Davenport Farms,,
28619,10321,636,1.20m Jumper II.1,2,2334,Mtm Wingman,Ellham Memari,Mtm Farm,,
28619,10321,636,1.20m Jumper II.1,2,1939,Harry D'ete RW,Christoph Schroeder,Amanda Carroll,,
28619,10321,636,1.20m Jumper II.1,3,1739,Lucie V/H Vijverbos Z,Amelia Tredinnick,Carly Tredinnick,,
28619,10321,636,1.20m Jumper II.1,3,1697,Nour Alain,Ryan Haselden,Ryan Haselden,,
28619,10321,636,1.20m Jumper II.1,4,2043,Edward Z,Ciaran Flynn,Mclain Ward,,
28619,10321,636,1.20m Jumper II.1,4,1688,Mar Simon,Michelle Lin,Michelle Lin,,
28619,10321,636,1.20m Jumper II.1,5,1694,Hector Du Gue,Declan Egan,Ryan Haselden,,
28619,10321,636,1.20m Jumper II.1,5,1002,Balou's Paul Ps,Diego Gaspar De Goes,Wellington Equestrian Center Inc,,
28619,10321,636,1.20m Jumper II.1,6,1019,Icare Chavannais,Priscilla Broger,Priscilla Broger,,
28619,10321,636,1.20m Jumper II.1,6,1988,Uphoria Di June,Sarah Gordon,"Golden Farm, LLC",,
28619,10321,636,1.20m Jumper II.1,7,1325,Scooby Doo,Lanie Nash,Karsyn Edmondson,,
28619,10321,636,1.20m Jumper II.1,7,1701,Chili Con Cornet,Riley Delbecq,Simon Nizri,,
28619,10321,636,1.20m Jumper II.1,8,2339,KS Emperor,Maleah Lang Mcmahon,Maleah Lang Mcmahon,,
28619,10321,636,1.20m Jumper II.1,8,1907,Wild Kat,Jamie Alnwick,Scott Keach,,
28619,10321,636,1.20m Jumper II.1,9,2033,King Coconut Gvv,Angela Gais,Shaylie Cooke,,
28619,10321,636,1.20m Jumper II.1,9,2372,F Miss Gouvernante Vdl Z,Anthony Sauriol,Mi Casa Stable Holdings Inc.,,
28619,10321,636,1.20m Jumper II.1,,1327,Online,Clark Montgomery,Clark Montgomery,,
28619,10321,636,1.20m Jumper II.1,,1407,Casamigos,Diego Bedoya,Nrg Farm LLC,,
28619,10321,636,1.20m Jumper II.1,,1408,Concara Ps,Diego Bedoya,Nrg Farm LLC,,
28619,10321,636,1.20m Jumper II.1,,1409,Condialuba Ps,Diego Bedoya,Nrg Farm LLC,,
28619,10321,636,1.20m Jumper II.1,,1412,Quala Vd Rollebeek,Diego Bedoya,Nrg Farm LLC,,
28619,10321,636,1.20m Jumper II.1,,1477,Bp Exchange,Lesley Grant-Law,Leslie Law,,
28619,10321,636,1.20m Jumper II.1,,1478,Bp First Of Many,Lesley Grant-Law,Leslie Law,,
28619,10321,636,1.20m Jumper II.1,,1479,Jajadiva,Lesley Grant-Law,Lesley Grant-Law,,
28619,10321,636,1.20m Jumper II.1,,1652,Dolce Arroganza Rouge Bois,Adele Dewar,Adele Dewar,,
28619,10321,636,1.20m Jumper II.1,,1659,London Star,Kyle Dewar,Barbara H. Center,,
28619,10321,636,1.20m Jumper II.1,,1660,Luau Cove Csf,Kyle Dewar,Lori Lynn Davis,,
28619,10321,636,1.20m Jumper II.1,,1661,Major,Kyle Dewar,Mandy L. Miller,,
28619,10321,636,1.20m Jumper II.1,,1692,Cruise Mor,Lindsay Haselden,Lindsay Haselden,,
28619,10321,636,1.20m Jumper II.1,,1695,I Jump D'authuit,Declan Egan,Laura Connolly,,
28619,10321,636,1.20m Jumper II.1,,1712,Lodewijk 39,Elli Yeager,39 Fields LLC,,
28619,10321,636,1.20m Jumper II.1,,1751,Cosiol Vd Padenborre Z,Lisa Mackil,Lisa Mackil,,
28619,10321,636,1.20m Jumper II.1,,1853,Indiana De Riverland,Declan Egan,Izabella Mcnerney,,
28619,10321,636,1.20m Jumper II.1,,1902,Born To Be Wild,Jamie Alnwick,Seumas A. Marwood,,
28619,10321,636,1.20m Jumper II.1,,1904,Copa Cabana Ohf,Jennifer Strickland,Jennifer Strickland,,
28619,10321,636,1.20m Jumper II.1,,1913,Boleybawn Rolo,Bryce P. Richardson,Molly A. Kenney,,
28619,10321,636,1.20m Jumper II.1,,1928,Northern Exposure Wss,Allison Beck,Allison Beck,,
28619,10321,636,1.20m Jumper II.1,,1949,Rihanna Dwerse Hagen,Francisco Vaca,Francisco Vaca,,
28619,10321,636,1.20m Jumper II.1,,1950,Zoronto,Francisco Vaca,"Texas De Limache, LLC",,
28619,10321,636,1.20m Jumper II.1,,1961,Fernhill Athletico Z,Lauren E. Hough,Julie B. Richards,,
28619,10321,636,1.20m Jumper II.1,,1993,Copperfield Ghv Z,Molly Frei,Frei Equestrian LLC,,
28619,10321,636,1.20m Jumper II.1,,1994,Marjolita,Molly Frei,Frei Equestrian LLC,,
28619,10321,636,1.20m Jumper II.1,,2009,Lillet Wildberry,Karl Beyer,Ashley Hartman,,
28619,10321,636,1.20m Jumper II.1,,2020,Kannador,Clark Montgomery,Unknown Person,,
28619,10321,636,1.20m Jumper II.1,,2024,Revelry,Sharon S. Maloney,Sharon S. Maloney,,
28619,10321,636,1.20m Jumper II.1,,2027,Lagegonda Fz,Clark Montgomery,Capital Equine LLC,,
28619,10321,636,1.20m Jumper II.1,,2029,Cobalto,Anne L. Bingler,Anne L. Bingler,,
28619,10321,636,1.20m Jumper II.1,,2045,Don Daddy Z,Mari Gromkowski,Laura G. Fitzgerald,,
28619,10321,636,1.20m Jumper II.1,,2054,Milky Bar Os,Jaime Gibson,Christy Parsons,,
28619,10321,636,1.20m Jumper II.1,,2057,Bucephalus,Bobby Malmrose,Bobby Malmrose,,
28619,10321,636,1.20m Jumper II.1,,2060,Miss Dutton,Bobby Malmrose,Bobby Malmrose,,
28619,10321,636,1.20m Jumper II.1,,2193,Brin D'or De Haute Melen Z,Sharn L. Wordley,Della Wordley,,
28619,10321,636,1.20m Jumper II.1,,2194,Conto Blanco 4,Sharn L. Wordley,Della Wordley,,
28619,10321,636,1.20m Jumper II.1,,2195,Hagelin,Sharn L. Wordley,Della Wordley,,
28619,10321,636,1.20m Jumper II.1,,2196,Kan So,Diego Farje,Timothy I. Hooker,,
28619,10321,636,1.20m Jumper II.1,,2198,Nicolaars,Peyton Hunt,Mark Domitrovich,,
28619,10321,636,1.20m Jumper II.1,,2204,5o1 Stakkatol's Dream,Jacob Fletcher,Fletcher Farms,,
28619,10321,636,1.20m Jumper II.1,,2299,Cornet Special,Aurora R. Rangel De Alba,Aurora R. Rangel De Alba,,
28619,10321,636,1.20m Jumper II.1,,2300,Jumper,Aurora R. Rangel De Alba,"Integrated Services Florida, LLC",,
28619,10321,636,1.20m Jumper II.1,,2352,J. Charley,Joslyn Young,Joslyn Young,,
28619,10321,636,1.20m Jumper II.1,,2354,Kleopatra Hero Z,Luke Sassi,Ashley Govan,,
28619,10321,636,1.20m Jumper II.1,,2373,Rozsa,Anthony Sauriol,Mi Casa Stable Holdings Inc.,,
28620,10321,637,1.20m Jumper II.2d,1,1946,Kashmir,Todd D. Minikus,Casey M. Millis,,
28620,10321,637,1.20m Jumper II.2d,2,1694,Hector Du Gue,Ryan Haselden,Ryan Haselden,,
28620,10321,637,1.20m Jumper II.2d,3,1680,Vdl Jamorkus,Ana Sofia Rodriguez,Rodriguez Equestrian,,
28620,10321,637,1.20m Jumper II.2d,4,1670,Ike,Lenir Perez,Emco Holding LLC,,
28620,10321,637,1.20m Jumper II.2d,5,1660,Luau Cove Csf,Kyle Dewar,Lori Lynn Davis,,
28620,10321,637,1.20m Jumper II.2d,6,2029,Cobalto,Anne L. Bingler,Anne L. Bingler,,
28620,10321,637,1.20m Jumper II.2d,7,1253,I'M Du Vinia,Lizabeth Perez-Pascual,Lizabeth Perez-Pascual,,
28620,10321,637,1.20m Jumper II.2d,8,1512,Jamaica,Dominique H. Damico,"Amberfax Farm, Inc",,
28620,10321,637,1.20m Jumper II.2d,9,2204,5o1 Stakkatol's Dream,Jacob Fletcher,Fletcher Farms,,
28620,10321,637,1.20m Jumper II.2d,,1252,Corleone,Lizabeth Perez-Pascual,Lizabeth Perez-Pascual,,
28620,10321,637,1.20m Jumper II.2d,,1546,Tupac Van De Vrombautshoeve Z,Paige Jones,"Amberfax Farm, Inc",,
28620,10321,637,1.20m Jumper II.2d,,1647,Dionte Van’t Merelsnest Z,Juan A. Rodriguez Silva,Emco Holding LLC,,
28620,10321,637,1.20m Jumper II.2d,,1674,Koblenz,Ana Cristina Rodriguez,Sophie Heron,,
28620,10321,637,1.20m Jumper II.2d,,1678,Seattle,Ana Sofia Perez,Emco Holding LLC,,
28620,10321,637,1.20m Jumper II.2d,,1682,Allegra Van Het Eikenhof Z,Aria Collins,Michelle Lin,,
28620,10321,637,1.20m Jumper II.2d,,1692,Cruise Mor,Lindsay Haselden,Lindsay Haselden,,
28620,10321,637,1.20m Jumper II.2d,,1750,Marley Vdl,Kyndal Mantuano,John Giza,,
28620,10321,637,1.20m Jumper II.2d,,1902,Born To Be Wild,Jamie Alnwick,Seumas A. Marwood,,
28620,10321,637,1.20m Jumper II.2d,,1904,Copa Cabana Ohf,Jennifer Strickland,Jennifer Strickland,,
28620,10321,637,1.20m Jumper II.2d,,1910,Mtm Cascadela,Evana Somareddy,Unknown Person,,
28620,10321,637,1.20m Jumper II.2d,,2067,Oberon R-E,Isabella Freeburg,"Redwood Farm, LLC",,
28620,10321,637,1.20m Jumper II.2d,,2352,J. Charley,Joslyn Young,Joslyn Young,,
28620,10321,637,1.20m Jumper II.2d,,2364,Wild Thing,John Michael Durr,Worth The Wait LLC,,
28620,10321,637,1.20m Jumper II.2d,,2464,C’est La Vie,Lillian Mowrey,Lillian Mowrey,,
28621,10321,638,1.20m Jumper II.2b,1,2196,Kan So,Diego Farje,Timothy I. Hooker,,
28621,10321,638,1.20m Jumper II.2b,2,1215,Temptation V/H Haringvliet Z,Jodie Camberg,Jc Equestrian LLC,,
28621,10321,638,1.20m Jumper II.2b,3,1647,Dionte Van’t Merelsnest Z,Juan A. Rodriguez Silva,Emco Holding LLC,,
28621,10321,638,1.20m Jumper II.2b,4,2197,King William,Sharn L. Wordley,Della Wordley,,
28621,10321,638,1.20m Jumper II.2b,5,2199,Tobias Van Kreyel Mc,Lauren Balcomb,Jessica Steindorff,,
28621,10321,638,1.20m Jumper II.2b,6,1902,Born To Be Wild,Jamie Alnwick,Seumas A. Marwood,,
28621,10321,638,1.20m Jumper II.2b,7,2364,Wild Thing,John Michael Durr,Worth The Wait LLC,,
28621,10321,638,1.20m Jumper II.2b,8,2023,Joaquin Daloubet,Cristobal Castro,Cristobal Castro,,
28621,10321,638,1.20m Jumper II.2b,,2009,Lillet Wildberry,Karl Beyer,Ashley Hartman,,
28621,10321,638,1.20m Jumper II.2b,,2198,Nicolaars,Peyton Hunt,Mark Domitrovich,,
28621,10321,638,1.20m Jumper II.2b,,2465,Tranquilo Van 'T Valissenhof,Diego Farje,Sharn L. Wordley,,
28333,10312,639,1.25m Jumper II.1,1,2376,O.hannah Tp,Juan Carlos Arriaga Radilla,Carlos Aguirre,,
28333,10312,639,1.25m Jumper II.1,2,1700,Chacoons Bellis Z,Todd D. Minikus,Todd D. Minikus,,
28333,10312,639,1.25m Jumper II.1,3,1689,Nastelina Van De Witte Driesendijk,Jessica Collins,Michelle Lin,,
28333,10312,639,1.25m Jumper II.1,4,2004,Apollo,Ashley Romano,Ashley Romano,,
28333,10312,639,1.25m Jumper II.1,5,1831,Umtiti Van De Barlebuis,Lia Screnci,Giavona Pirolo,,
28333,10312,639,1.25m Jumper II.1,6,1940,In Between RW,Amanda Carroll,Amanda Carroll,,
28333,10312,639,1.25m Jumper II.1,7,1426,Orchidee Vd Bisschop,Devin A. Seek,Stefano Baruzzo LLC,,
28333,10312,639,1.25m Jumper II.1,8,2367,Khadiri,Jake Evans,Summer Smith,,
28333,10312,639,1.25m Jumper II.1,9,1727,Perla Pas De Calais,Stephanie Frey,Stephanie Frey,,
28333,10312,639,1.25m Jumper II.1,,1481,Limerick,Taylor Manning,Taylor Manning,,
28333,10312,639,1.25m Jumper II.1,,1687,Ivabella Zimequest,Jessica Collins,Novick Sporthorses LLC,,
28333,10312,639,1.25m Jumper II.1,,1746,K-Carla,Tricia J. O'Connor,Michael Kirby,,
28333,10312,639,1.25m Jumper II.1,,1962,Isla De Coco,Lauren E. Hough,Anne W. Eldridge,,
28333,10312,639,1.25m Jumper II.1,,2044,El Paqui 111 Z,Johan Kachelhoffer,Johan Kachelhoffer,,
28333,10312,639,1.25m Jumper II.1,,2346,Celtic Lady M2s,Cady Klimas,Jumpers Landing LLC,,
28333,10312,639,1.25m Jumper II.1,,2353,Undertaker 7,Lexi Scovil,Lexi Scovil,,
28333,10312,639,1.25m Jumper II.1,,2464,C’est La Vie,Lillian Mowrey,Lillian Mowrey,,
28334,10312,640,1.25m Jumper II.2d,,1477,Bp Exchange,Lesley Grant-Law,Leslie Law,,
28334,10312,640,1.25m Jumper II.2d,,1478,Bp First Of Many,Lesley Grant-Law,Leslie Law,,
28334,10312,640,1.25m Jumper II.2d,,1479,Jajadiva,Lesley Grant-Law,Lesley Grant-Law,,
28334,10312,640,1.25m Jumper II.2d,,1536,Los Algarrobos Utah,Patricio Muente,Patricio Muente,,
28334,10312,640,1.25m Jumper II.2d,,1661,Major,Kyle Dewar,Mandy L. Miller,,
28334,10312,640,1.25m Jumper II.2d,,1701,Chili Con Cornet,Riley Delbecq,Simon Nizri,,
28334,10312,640,1.25m Jumper II.2d,,1712,Lodewijk 39,Elli Yeager,39 Fields LLC,,
28334,10312,640,1.25m Jumper II.2d,,1961,Fernhill Athletico Z,Lauren E. Hough,Julie B. Richards,,
28334,10312,640,1.25m Jumper II.2d,,1994,Marjolita,Molly Frei,Frei Equestrian LLC,,
28334,10312,640,1.25m Jumper II.2d,,2008,Kristoff O.a.,James Gentleman,Darragh Kerins,,
28334,10312,640,1.25m Jumper II.2d,,2022,Global Melody,Amy Evans,Amy Evans,,
28334,10312,640,1.25m Jumper II.2d,,2346,Celtic Lady M2s,Cady Klimas,Jumpers Landing LLC,,
28334,10312,640,1.25m Jumper II.2d,,2372,F Miss Gouvernante Vdl Z,Anthony Sauriol,Mi Casa Stable Holdings Inc.,,
28334,10312,640,1.25m Jumper II.2d,,2373,Rozsa,Anthony Sauriol,Mi Casa Stable Holdings Inc.,,
28335,10312,641,1.25m Jumper II.2b,1,2054,Milky Bar Os,Jaime Gibson,Christy Parsons,,
28335,10312,641,1.25m Jumper II.2b,2,1692,Cruise Mor,Lindsay Haselden,Lindsay Haselden,,
28335,10312,641,1.25m Jumper II.2b,3,1961,Fernhill Athletico Z,Lauren E. Hough,Julie B. Richards,,
28335,10312,641,1.25m Jumper II.2b,4,2353,Undertaker 7,Lexi Scovil,Lexi Scovil,,
28335,10312,641,1.25m Jumper II.2b,5,2346,Celtic Lady M2s,Cady Klimas,Jumpers Landing LLC,,
28335,10312,641,1.25m Jumper II.2b,,1682,Allegra Van Het Eikenhof Z,Aria Collins,Michelle Lin,,
28335,10312,641,1.25m Jumper II.2b,,1687,Ivabella Zimequest,Jessica Collins,Novick Sporthorses LLC,,
28335,10312,641,1.25m Jumper II.2b,,2008,Kristoff O.a.,James Gentleman,Darragh Kerins,,
28622,10315,642,1.30m Jumper II.1,1,1953,Mtm Pablo,Tracy Fenney,Davenport Farms,,
28622,10315,642,1.30m Jumper II.1,2,1017,Défi De La Roque,Juan Benítez,Camille Pacheco,,
28622,10315,642,1.30m Jumper II.1,3,2315,Mtm Caden,Ellham Memari,Davenport Farms,,
28622,10315,642,1.30m Jumper II.1,4,2362,Constantin De Hus,John Michael Durr,Worth The Wait LLC,,
28622,10315,642,1.30m Jumper II.1,5,1916,Hhf Levison's Pride,Bryce P. Richardson,Quintessence International,,
28622,10315,642,1.30m Jumper II.1,6,1703,Gardenia,Riley Delbecq,Stephen Macken,,
28622,10315,642,1.30m Jumper II.1,7,1719,Harthill Magician,Justine L. Dutton Barnard,Justine L. Dutton Barnard,,
28622,10315,642,1.30m Jumper II.1,8,1938,Conthargos,Amanda Carroll,Ac Squared Sporthorses LLC,,
28622,10315,642,1.30m Jumper II.1,9,1906,Vinardi Vh Haringvliet Z,Scott Keach,Scott Keach,,
28622,10315,642,1.30m Jumper II.1,,1213,Gof Casamigos,Megan Wexler,"Golden Oaks Farm, LLC",,
28622,10315,642,1.30m Jumper II.1,,1321,The Golden Road,Camille Maynard,Anne C. Hormel,,
28622,10315,642,1.30m Jumper II.1,,1430,Karlotta Cl,Manuel G. Torres,Alejandra Ortiz Orozco,,
28622,10315,642,1.30m Jumper II.1,,1526,Copyright Cicero Z,Sidney L. Porter,"Slp Show Jumpers, LLC",,
28622,10315,642,1.30m Jumper II.1,,1655,Helia Ffh,Kyle Dewar,Willshire Farm LTD,,
28622,10315,642,1.30m Jumper II.1,,1693,Goliath De L’ Eldorado,Declan Egan,Bailey P. Tims-Ferira,,
28622,10315,642,1.30m Jumper II.1,,1696,Kinmar Candy Hero,Declan Egan,Oakland Ventures LLC,,
28622,10315,642,1.30m Jumper II.1,,1700,Chacoons Bellis Z,Todd D. Minikus,Todd D. Minikus,,
28622,10315,642,1.30m Jumper II.1,,1709,Headleys Kinetic,Anne L. Bingler,Anne L. Bingler,,
28622,10315,642,1.30m Jumper II.1,,1736,Garrincha Van De Kalevallei,Maleah Lang Mcmahon,Linda Bammann,,
28622,10315,642,1.30m Jumper II.1,,1750,Marley Vdl,Kyndal Mantuano,John Giza,,
28622,10315,642,1.30m Jumper II.1,,1829,Puccini Van Orti,Lia Screnci,Lia Screnci,,
28622,10315,642,1.30m Jumper II.1,,1837,Os Quincy,Rebecca Warth,"Warbuck Investments, LLC",,
28622,10315,642,1.30m Jumper II.1,,1903,Caleo S,Scott Keach,Mary Pahides,,
28622,10315,642,1.30m Jumper II.1,,1905,Havane De Cuvry,Scott Keach,Molly Duda,,
28622,10315,642,1.30m Jumper II.1,,1910,Mtm Cascadela,Evana Somareddy,Unknown Person,,
28622,10315,642,1.30m Jumper II.1,,1952,Mtm Neato,Tracy Fenney,Unknown Person,,
28622,10315,642,1.30m Jumper II.1,,1960,Candeux,Lauren E. Hough,"Abs Candeux, LLC",,
28622,10315,642,1.30m Jumper II.1,,1969,Flora De Riverland,Dani Gascoigne,York Story,,
28622,10315,642,1.30m Jumper II.1,,1995,Camino Imperio Egípcio,Ali Arbabi,Sigma Stables LLC,,
28622,10315,642,1.30m Jumper II.1,,1996,Thor Jr,Ali Arbabi,Kalany Stables,,
28622,10315,642,1.30m Jumper II.1,,2331,Mtm Tabitha,Tracy Fenney,Mtm Farm,,
28622,10315,642,1.30m Jumper II.1,,2334,Mtm Wingman,Ellham Memari,Mtm Farm,,
28622,10315,642,1.30m Jumper II.1,,2356,Bull Run's Risen,Annie Goldstein,Della Wordley,,
28623,10315,643,1.30m Jumper II.2d,1,2461,Charly-Ann,Amanda Gomez,Rising Star Equestrian,,
28623,10315,643,1.30m Jumper II.2d,2,2315,Mtm Caden,Ellham Memari,Davenport Farms,,
28623,10315,643,1.30m Jumper II.2d,3,2462,Hollywood V,Amanda Gomez,Rising Star Equestrian,,
28623,10315,643,1.30m Jumper II.2d,4,1417,Vajra Du Blay,Emilio Medina,Emilio Medina,,
28623,10315,643,1.30m Jumper II.2d,5,2020,Kannador,Clark Montgomery,Unknown Person,,
28623,10315,643,1.30m Jumper II.2d,6,2204,5o1 Stakkatol's Dream,Jacob Fletcher,Fletcher Farms,,
28623,10315,643,1.30m Jumper II.2d,7,1526,Copyright Cicero Z,Sidney L. Porter,"Slp Show Jumpers, LLC",,
28623,10315,643,1.30m Jumper II.2d,8,1413,Balou De Revel,Emilio Medina,Emilio Medina,,
28623,10315,643,1.30m Jumper II.2d,9,1244,Kankan,Brittni A. Raflowitz,Esi Show Jumpers,,
28623,10315,643,1.30m Jumper II.2d,,1002,Balou's Paul Ps,Diego Gaspar De Goes,Wellington Equestrian Center Inc,,
28623,10315,643,1.30m Jumper II.2d,,1687,Ivabella Zimequest,Jessica Collins,Novick Sporthorses LLC,,
28623,10315,643,1.30m Jumper II.2d,,1709,Headleys Kinetic,Anne L. Bingler,Anne L. Bingler,,
28623,10315,643,1.30m Jumper II.2d,,1856,Zara Www,Kate Phillips,Kate Phillips,,
28623,10315,643,1.30m Jumper II.2d,,1907,Wild Kat,Jamie Alnwick,Scott Keach,,
28623,10315,643,1.30m Jumper II.2d,,1913,Boleybawn Rolo,Bryce P. Richardson,Molly A. Kenney,,
28623,10315,643,1.30m Jumper II.2d,,1962,Isla De Coco,Lauren E. Hough,Anne W. Eldridge,,
28623,10315,643,1.30m Jumper II.2d,,1972,Celia,Gonzalo Guevara,Gonzalo Guevara,,
28623,10315,643,1.30m Jumper II.2d,,1996,Thor Jr,Ali Arbabi,Kalany Stables,,
28623,10315,643,1.30m Jumper II.2d,,2027,Lagegonda Fz,Clark Montgomery,Capital Equine LLC,,
28623,10315,643,1.30m Jumper II.2d,,2044,El Paqui 111 Z,Johan Kachelhoffer,Johan Kachelhoffer,,
28623,10315,643,1.30m Jumper II.2d,,2052,Hamilton Cb,Kristen Franz,Kristen Franz,,
28623,10315,643,1.30m Jumper II.2d,,2198,Nicolaars,Peyton Hunt,Mark Domitrovich,,
28623,10315,643,1.30m Jumper II.2d,,2334,Mtm Wingman,Ellham Memari,Mtm Farm,,
28623,10315,643,1.30m Jumper II.2d,,2367,Khadiri,Jake Evans,Summer Smith,,
28623,10315,643,1.30m Jumper II.2d,,2376,O.hannah Tp,Juan Carlos Arriaga Radilla,Carlos Aguirre,,
28623,10315,643,1.30m Jumper II.2d,,2433,Niargentus,Agustin Rosales,Agustin Rosales,,
28624,10315,644,1.30m Jumper II.2b,1,2353,Undertaker 7,Lexi Scovil,Lexi Scovil,,
28624,10315,644,1.30m Jumper II.2b,2,1536,Los Algarrobos Utah,Pato Muente,Pato Muente,,
28624,10315,644,1.30m Jumper II.2b,3,1512,Jamaica,Paige Jones,"Amberfax Farm, Inc",,
28624,10315,644,1.30m Jumper II.2b,4,1994,Marjolita,Molly Frei,Frei Equestrian LLC,,
28624,10315,644,1.30m Jumper II.2b,5,1408,Concara Ps,Diego Bedoya,Nrg Farm LLC,,
28624,10315,644,1.30m Jumper II.2b,6,2204,5o1 Stakkatol's Dream,Jacob Fletcher,Fletcher Farms,,
28624,10315,644,1.30m Jumper II.2b,7,2334,Mtm Wingman,Ellham Memari,Mtm Farm,,
28624,10315,644,1.30m Jumper II.2b,8,1211,Charly Brown 353,Maya Denis,"Procedures, Inc",,
28624,10315,644,1.30m Jumper II.2b,,1546,Tupac Van De Vrombautshoeve Z,Paige Jones,"Amberfax Farm, Inc",,
28624,10315,644,1.30m Jumper II.2b,,1696,Kinmar Candy Hero,Declan Egan,Oakland Ventures LLC,,
28624,10315,644,1.30m Jumper II.2b,,1750,Marley Vdl,Kyndal Mantuano,John Giza,,
28624,10315,644,1.30m Jumper II.2b,,1853,Indiana De Riverland,Declan Egan,Izabella Mcnerney,,
28624,10315,644,1.30m Jumper II.2b,,1913,Boleybawn Rolo,Bryce P. Richardson,Molly A. Kenney,,
28624,10315,644,1.30m Jumper II.2b,,2027,Lagegonda Fz,Clark Montgomery,Capital Equine LLC,,
28624,10315,644,1.30m Jumper II.2b,,2315,Mtm Caden,Ellham Memari,Davenport Farms,,
28624,10315,644,1.30m Jumper II.2b,,2339,KS Emperor,Maleah Lang Mcmahon,Maleah Lang Mcmahon,,
28624,10315,644,1.30m Jumper II.2b,,2433,Niargentus,Agustin Rosales,Agustin Rosales,,
28625,10317,645,1.35m Jumper II.1,1,1903,Caleo S,Scott Keach,Mary Pahides,,
28625,10317,645,1.35m Jumper II.1,2,1906,Vinardi Vh Haringvliet Z,Scott Keach,Scott Keach,,
28625,10317,645,1.35m Jumper II.1,3,1951,Mtm Can Talk To Me,Tracy Fenney,Nina K. Koloseike,,
28625,10317,645,1.35m Jumper II.1,4,1414,Maestro B,Diego Loria,Diego Loria,,
28625,10317,645,1.35m Jumper II.1,5,1667,Ferdita,Ana Cristina Rodriguez,Juan A. Rodriguez Silva,,
28625,10317,645,1.35m Jumper II.1,6,1416,Nova,Juan A. Rodriguez Silva,Diego Loria,,
28625,10317,645,1.35m Jumper II.1,7,2331,Mtm Tabitha,Tracy Fenney,Mtm Farm,,
28625,10317,645,1.35m Jumper II.1,8,1952,Mtm Neato,Tracy Fenney,Unknown Person,,
28625,10317,645,1.35m Jumper II.1,9,1905,Havane De Cuvry,Scott Keach,Molly Duda,,
28625,10317,645,1.35m Jumper II.1,,1481,Limerick,Taylor Manning,Taylor Manning,,
28625,10317,645,1.35m Jumper II.1,,1535,Diazino Ps,Pato Muente,Pato Muente,,
28625,10317,645,1.35m Jumper II.1,,1719,Harthill Magician,Justine L. Dutton Barnard,Justine L. Dutton Barnard,,
28625,10317,645,1.35m Jumper II.1,,1733,Hudson,Amanda Flint,Amanda Flint,,
28625,10317,645,1.35m Jumper II.1,,1965,Conlugo Ps,Lawson Whitaker,Lawson Whitaker,,
28625,10317,645,1.35m Jumper II.1,,2038,Okidoki Van De Renthoeve,Lucia Rivas,Bonne Chance Farm,,
28626,10317,646,1.35m Jumper II.2d,1,1412,Quala Vd Rollebeek,Diego Bedoya,Nrg Farm LLC,,
28626,10317,646,1.35m Jumper II.2d,2,2195,Hagelin,Sharn L. Wordley,Della Wordley,,
28626,10317,646,1.35m Jumper II.2d,3,2194,Conto Blanco 4,Sharn L. Wordley,Della Wordley,,
28626,10317,646,1.35m Jumper II.2d,4,1695,I Jump D'authuit,Declan Egan,Laura Connolly,,
28626,10317,646,1.35m Jumper II.2d,5,2193,Brin D'or De Haute Melen Z,Sharn L. Wordley,Della Wordley,,
28626,10317,646,1.35m Jumper II.2d,6,2354,Kleopatra Hero Z,Luke Sassi,Ashley Govan,,
28626,10317,646,1.35m Jumper II.2d,7,1407,Casamigos,Diego Bedoya,Nrg Farm LLC,,
28626,10317,646,1.35m Jumper II.2d,8,2331,Mtm Tabitha,Tracy Fenney,Mtm Farm,,
28626,10317,646,1.35m Jumper II.2d,,1409,Condialuba Ps,Diego Bedoya,Nrg Farm LLC,,
28626,10317,646,1.35m Jumper II.2d,,1952,Mtm Neato,Tracy Fenney,Unknown Person,,
28626,10317,646,1.35m Jumper II.2d,,2356,Bull Run's Risen,Annie Goldstein,Della Wordley,,
28627,10317,647,1.35m Jumper II.2b,1,1415,Nijerite,Diego Loria,Diego Loria,,
28627,10317,647,1.35m Jumper II.2b,2,1719,Harthill Magician,Justine L. Dutton Barnard,Justine L. Dutton Barnard,,
28627,10317,647,1.35m Jumper II.2b,3,1734,Irvington Vdl,Amanda Flint,Amanda Flint,,
28627,10317,647,1.35m Jumper II.2b,4,1995,Camino Imperio Egípcio,Ali Arbabi,Sigma Stables LLC,,
28627,10317,647,1.35m Jumper II.2b,5,1481,Limerick,Taylor Manning,Taylor Manning,,
28627,10317,647,1.35m Jumper II.2b,6,1962,Isla De Coco,Lauren E. Hough,Anne W. Eldridge,,
28627,10317,647,1.35m Jumper II.2b,7,1733,Hudson,Amanda Flint,Amanda Flint,,
28627,10317,647,1.35m Jumper II.2b,8,1709,Headleys Kinetic,Anne L. Bingler,Anne L. Bingler,,
28627,10317,647,1.35m Jumper II.2b,,1996,Thor Jr,Ali Arbabi,Kalany Stables,,
28627,10317,647,1.35m Jumper II.2b,,2020,Kannador,Clark Montgomery,Unknown Person,,
28629,10318,649,1.40m Jumper II.1,1,1953,Mtm Pablo,Tracy Fenney,Davenport Farms,,
28629,10318,649,1.40m Jumper II.1,2,1017,Défi De La Roque,Juan Benítez,Camille Pacheco,,
28629,10318,649,1.40m Jumper II.1,3,2338,Central Park,Maleah Lang Mcmahon,Maleah Lang Mcmahon,,
28629,10318,649,1.40m Jumper II.1,4,1916,Hhf Levison's Pride,Bryce P. Richardson,Quintessence International,,
28629,10318,649,1.40m Jumper II.1,5,1693,Goliath De L’ Eldorado,Declan Egan,Bailey P. Tims-Ferira,,
28629,10318,649,1.40m Jumper II.1,6,1960,Candeux,Lauren E. Hough,"Abs Candeux, LLC",,
28629,10318,649,1.40m Jumper II.1,7,1969,Flora De Riverland,Dani Gascoigne,York Story,,
28629,10318,649,1.40m Jumper II.1,8,1734,Irvington Vdl,Amanda Flint,Amanda Flint,,
28637,0,654,.80m Jumper Open IV.1,1,1561,Sir Paul,Emily Rodgers,Cassidy Warren,,
28637,0,654,.80m Jumper Open IV.1,2,1431,Vivaz,Kyndal Mantuano,Michael P. Doyle,,
28637,0,654,.80m Jumper Open IV.1,3,1532,Tipsy,Kamryn Stewart,Gabriella Diaz De Arce,,
28637,0,654,.80m Jumper Open IV.1,4,1986,Rebellious Actress,Kyndal Mantuano,Maja Turkanik,,
33427,0,655,.85m Jumper Open II.1,1,1729,Caleto,Victoria Free Knott,Victoria Free Knott,,
33427,0,655,.85m Jumper Open II.1,2,2046,Wineport Rio Grande,Liza Guettler,Liza Guettler,,
33427,0,655,.85m Jumper Open II.1,3,1914,D’or E’cureuil,Bryce P. Richardson,Caitlin J. Andersen,,
33427,0,655,.85m Jumper Open II.1,4,2059,G Star RW,Bobby Malmrose,Bobby Malmrose,,
33427,0,655,.85m Jumper Open II.1,5,1480,Ameko Chaccord,Taylor Manning,Kari Gilley,,
28825,0,680,.90m Young Jumpers II,1,1726,As You Are,Miro Frey,Stephanie Frey,,
28825,0,680,.90m Young Jumpers II,1,2340,Penelope De La Fresnière,Luke Sassi,Ashley Govan,,
28825,0,680,.90m Young Jumpers II,1,1855,V Billy Brooklin,Juan Andres Larrazabal,Karen Gamble,,
28825,0,680,.90m Young Jumpers II,1,1980,Princess Peach Na,Christoph Schroeder,Wellex Sporthorses,,
28825,0,680,.90m Young Jumpers II,1,1737,Vienna Van't Kiezelhof Lhf,Marcus Gruenthal,Linda Bammann,,
28825,0,680,.90m Young Jumpers II,6,1435,Hellcat,Megan O'Brien,Megan O'Brien,,
28825,0,680,.90m Young Jumpers II,,2431,Virgules Balou Van 'T Neerhof,Alexandra Goetze Bell,Mi Casa Stable Holdings Inc.,,
28826,0,681,.90m Young Jumpers II,1,2340,Penelope De La Fresnière,Luke Sassi,Ashley Govan,,
28826,0,681,.90m Young Jumpers II,1,1855,V Billy Brooklin,Juan Andres Larrazabal,Karen Gamble,,
28826,0,681,.90m Young Jumpers II,1,1737,Vienna Van't Kiezelhof Lhf,Marcus Gruenthal,Linda Bammann,,
28826,0,681,.90m Young Jumpers II,4,1980,Princess Peach Na,Christoph Schroeder,Wellex Sporthorses,,
28826,0,681,.90m Young Jumpers II,5,2431,Virgules Balou Van 'T Neerhof,Alexandra Goetze Bell,Mi Casa Stable Holdings Inc.,,
28826,0,681,.90m Young Jumpers II,6,2063,Unicorn H Z,Diego Farje,Bobby Malmrose,,
28826,0,681,.90m Young Jumpers II,,1726,As You Are,Miro Frey,Stephanie Frey,,
28827,0,682,.90m Young Jumpers II,1,1435,Hellcat,Megan O'Brien,Megan O'Brien,,
28827,0,682,.90m Young Jumpers II,2,2431,Virgules Balou Van 'T Neerhof,Alexandra Goetze Bell,Mi Casa Stable Holdings Inc.,,
28828,0,683,1.0m Young Jumpers II,1,1757,Frodo,River A. Wylde,River A. Wylde,,
28828,0,683,1.0m Young Jumpers II,1,1825,Cor La Loi Mdm Z,Lia Screnci,Adrianna Schneider,,
28828,0,683,1.0m Young Jumpers II,1,1707,Ally Z,Anne L. Bingler,Anne L. Bingler,,
28828,0,683,1.0m Young Jumpers II,4,1424,Arthur,Stefano Baruzzo,Stefano Baruzzo LLC,,
28828,0,683,1.0m Young Jumpers II,,2431,Virgules Balou Van 'T Neerhof,Alexandra Goetze Bell,Mi Casa Stable Holdings Inc.,,
28829,0,684,1.0m Young Jumpers II,1,1741,Ralvero Vdl,Mike Holtkamp,Mike Holtkamp,,
28829,0,684,1.0m Young Jumpers II,1,1424,Arthur,Stefano Baruzzo,Stefano Baruzzo LLC,,
28830,0,685,1.0m Young Jumpers II,1,1980,Princess Peach Na,Christoph Schroeder,Wellex Sporthorses,,
28830,0,685,1.0m Young Jumpers II,1,2063,Unicorn H Z,Diego Farje,Bobby Malmrose,,
28830,0,685,1.0m Young Jumpers II,1,1855,V Billy Brooklin,Juan Andres Larrazabal,Karen Gamble,,
28830,0,685,1.0m Young Jumpers II,1,1741,Ralvero Vdl,Mike Holtkamp,Mike Holtkamp,,
28830,0,685,1.0m Young Jumpers II,1,1424,Arthur,Stefano Baruzzo,Stefano Baruzzo LLC,,
28830,0,685,1.0m Young Jumpers II,6,1480,Ameko Chaccord,Taylor Manning,Kari Gilley,,
28336,10302,686,1.10m Young Jumpers II,1,2003,Ancelotti,Ashley Romano,Ashley Romano,,
28336,10302,686,1.10m Young Jumpers II,1,2341,Diamant's Invincible Na,Jared P. Petersen,Derek Petersen,,
28336,10302,686,1.10m Young Jumpers II,1,1215,Temptation V/H Haringvliet Z,Jodie Camberg,Jc Equestrian LLC,,
28336,10302,686,1.10m Young Jumpers II,1,1021,Rover,Kelly Prather,Michael K. Kennedy,,
28336,10302,686,1.10m Young Jumpers II,1,2053,Vanellope C,Gonzalo Guevara,Megan Wheeler,,
28336,10302,686,1.10m Young Jumpers II,1,1513,Ck’s Superman,Bowers A. Cone,Libby Woodworth,,
28336,10302,686,1.10m Young Jumpers II,1,1754,Hollywood Van Het Kapelhof Z,Claire F. Cassidy,"Bully Lane, LLC",,
28336,10302,686,1.10m Young Jumpers II,1,1971,Casimir,Gonzalo Guevara,Thomas Uzdavinis,,
28336,10302,686,1.10m Young Jumpers II,1,2436,Tokio Des Desig,Juan Andres Larrazabal,Kathleen Bassett,,
28336,10302,686,1.10m Young Jumpers II,,1720,Iron Maiden,Justine L. Dutton Barnard,Justine L. Dutton Barnard,,
28336,10302,686,1.10m Young Jumpers II,,2374,Unamy Van De Dry Ringhen,Laura R. Jakubauskas,Carol Lynn Richards,,
28337,10302,687,1.10m Young Jumpers II,1,1740,Everest,Margaret L. Swanson,Mike Holtkamp,,
28337,10302,687,1.10m Young Jumpers II,1,2003,Ancelotti,Ashley Romano,Ashley Romano,,
28337,10302,687,1.10m Young Jumpers II,1,2341,Diamant's Invincible Na,Jared P. Petersen,Derek Petersen,,
28337,10302,687,1.10m Young Jumpers II,1,2053,Vanellope C,Gonzalo Guevara,Megan Wheeler,,
28337,10302,687,1.10m Young Jumpers II,1,2374,Unamy Van De Dry Ringhen,Laura R. Jakubauskas,Carol Lynn Richards,,
28337,10302,687,1.10m Young Jumpers II,1,1513,Ck’s Superman,Libby Woodworth,Libby Woodworth,,
28337,10302,687,1.10m Young Jumpers II,1,2436,Tokio Des Desig,Juan Andres Larrazabal,Kathleen Bassett,,
28337,10302,687,1.10m Young Jumpers II,1,1825,Cor La Loi Mdm Z,Lia Screnci,Adrianna Schneider,,
28337,10302,687,1.10m Young Jumpers II,,1021,Rover,Kelly Prather,Michael K. Kennedy,,
28337,10302,687,1.10m Young Jumpers II,,1707,Ally Z,Anne L. Bingler,Anne L. Bingler,,
28337,10302,687,1.10m Young Jumpers II,,1720,Iron Maiden,Justine L. Dutton Barnard,Justine L. Dutton Barnard,,
28337,10302,687,1.10m Young Jumpers II,,1971,Casimir,Gonzalo Guevara,Thomas Uzdavinis,,
28338,10302,688,1.10m YoungJumpers II,1,1754,Hollywood Van Het Kapelhof Z,Claire F. Cassidy,"Bully Lane, LLC",,
28338,10302,688,1.10m YoungJumpers II,1,1707,Ally Z,Anne L. Bingler,Anne L. Bingler,,
28338,10302,688,1.10m YoungJumpers II,1,2436,Tokio Des Desig,Juan Andres Larrazabal,Kathleen Bassett,,
28338,10302,688,1.10m YoungJumpers II,1,1825,Cor La Loi Mdm Z,Lia Screnci,Adrianna Schneider,,
28338,10302,688,1.10m YoungJumpers II,1,1757,Frodo,River A. Wylde,River A. Wylde,,
28338,10302,688,1.10m YoungJumpers II,1,1513,Ck’s Superman,Libby Woodworth,Libby Woodworth,,
28338,10302,688,1.10m YoungJumpers II,1,2003,Ancelotti,Ashley Romano,Ashley Romano,,
28338,10302,688,1.10m YoungJumpers II,1,2556,Der Mond,Porter Tobin,Porter Tobin,,
28338,10302,688,1.10m YoungJumpers II,,1740,Everest,Margaret L. Swanson,Mike Holtkamp,,
28338,10302,688,1.10m YoungJumpers II,,1971,Casimir,Gonzalo Guevara,Thomas Uzdavinis,,
28338,10302,688,1.10m YoungJumpers II,,2018,Anton Der Zweite 2,Laura R. Jakubauskas,Cheryl Buxton,,
28338,10302,688,1.10m YoungJumpers II,,2053,Vanellope C,Gonzalo Guevara,Megan Wheeler,,
28339,10304,689,1.20m Young Jumpers II.1,1,1735,Cachaca Pitu Lhf,Marcus Gruenthal,Linda Bammann,,
28339,10304,689,1.20m Young Jumpers II.1,2,1979,Dallin Na,Christoph Schroeder,Christoph Schroeder,,
28339,10304,689,1.20m Young Jumpers II.1,3,1743,Tillman,Aidan Murphy,Sally Wiley,,
28339,10304,689,1.20m Young Jumpers II.1,4,2342,Diamant's Legendary Na,Derek Petersen,Derek Petersen,,
28339,10304,689,1.20m Young Jumpers II.1,5,2018,Anton Der Zweite 2,Laura R. Jakubauskas,Cheryl Buxton,,
28339,10304,689,1.20m Young Jumpers II.1,6,2069,Bizzy Sh,Jordan Petersen,Renee Gruenthal,,
28339,10304,689,1.20m Young Jumpers II.1,7,1710,Baloumar Tw 39,Amanda Flint,39 Fields LLC,,
28339,10304,689,1.20m Young Jumpers II.1,8,2408,Brightest Star Orf Z,Jenna P. Friedman-Lopez,"Oakridge Farm Performance Horses, LLC",,
28339,10304,689,1.20m Young Jumpers II.1,9,1245,Lucien II Hs,Brittni A. Raflowitz,"Hyperion Stud, LLC",,
28339,10304,689,1.20m Young Jumpers II.1,,1560,Online Hdh,Evita Hermans,Mike Holtkamp,,
28339,10304,689,1.20m Young Jumpers II.1,,1705,Pi-Air,Riley Delbecq,"Todd Minikus, LTD",,
28339,10304,689,1.20m Young Jumpers II.1,,1721,Metallica,Justine L. Dutton Barnard,Justine L. Dutton Barnard,,
28339,10304,689,1.20m Young Jumpers II.1,,1722,Rhubarb And Custard Os,Justine L. Dutton Barnard,Justine L. Dutton Barnard,,
28339,10304,689,1.20m Young Jumpers II.1,,1970,Vdl Palermo,Dani Gascoigne,Dani Gascoigne,,
28339,10304,689,1.20m Young Jumpers II.1,,2036,Diablue Sh Z,Jared P. Petersen,Jordan Petersen,,
28339,10304,689,1.20m Young Jumpers II.1,,2045,Don Daddy Z,Mari Gromkowski,Laura G. Fitzgerald,,
28339,10304,689,1.20m Young Jumpers II.1,,2061,Narmer Z,Bobby Malmrose,Bobby Malmrose,,
28339,10304,689,1.20m Young Jumpers II.1,,2197,King William,Sharn L. Wordley,Della Wordley,,
28339,10304,689,1.20m Young Jumpers II.1,,2199,Tobias Van Kreyel Mc,Lauren Balcomb,Jessica Steindorff,,
28339,10304,689,1.20m Young Jumpers II.1,,2360,Cassaderra Na,Taryn M. Adamy,Taryn M. Adamy,,
28340,10304,690,1.20m Young Jumpers II.2d,1,1721,Metallica,Justine L. Dutton Barnard,Justine L. Dutton Barnard,,
28340,10304,690,1.20m Young Jumpers II.2d,2,1327,Online,Clark Montgomery,Clark Montgomery,,
28340,10304,690,1.20m Young Jumpers II.2d,3,2061,Narmer Z,Bobby Malmrose,Bobby Malmrose,,
28340,10304,690,1.20m Young Jumpers II.2d,4,2408,Brightest Star Orf Z,Jenna P. Friedman-Lopez,"Oakridge Farm Performance Horses, LLC",,
28340,10304,690,1.20m Young Jumpers II.2d,5,2045,Don Daddy Z,Mari Gromkowski,Laura G. Fitzgerald,,
28340,10304,690,1.20m Young Jumpers II.2d,6,2463,Eq Scorpio,Diego Farje,Diego Farje,,
28340,10304,690,1.20m Young Jumpers II.2d,7,1979,Dallin Na,Christoph Schroeder,Christoph Schroeder,,
28340,10304,690,1.20m Young Jumpers II.2d,8,1735,Cachaca Pitu Lhf,Marcus Gruenthal,Linda Bammann,,
28340,10304,690,1.20m Young Jumpers II.2d,9,1722,Rhubarb And Custard Os,Justine L. Dutton Barnard,Justine L. Dutton Barnard,,
28340,10304,690,1.20m Young Jumpers II.2d,,1215,Temptation V/H Haringvliet Z,Jodie Camberg,Jc Equestrian LLC,,
28340,10304,690,1.20m Young Jumpers II.2d,,1245,Lucien II Hs,Brittni A. Raflowitz,"Hyperion Stud, LLC",,
28340,10304,690,1.20m Young Jumpers II.2d,,1560,Online Hdh,Evita Hermans,Mike Holtkamp,,
28340,10304,690,1.20m Young Jumpers II.2d,,1705,Pi-Air,Riley Delbecq,"Todd Minikus, LTD",,
28340,10304,690,1.20m Young Jumpers II.2d,,1710,Baloumar Tw 39,Amanda Flint,39 Fields LLC,,
28340,10304,690,1.20m Young Jumpers II.2d,,1743,Tillman,Aidan Murphy,Sally Wiley,,
28340,10304,690,1.20m Young Jumpers II.2d,,1970,Vdl Palermo,Dani Gascoigne,Dani Gascoigne,,
28340,10304,690,1.20m Young Jumpers II.2d,,2018,Anton Der Zweite 2,Laura R. Jakubauskas,Cheryl Buxton,,
28340,10304,690,1.20m Young Jumpers II.2d,,2036,Diablue Sh Z,Jared P. Petersen,Jordan Petersen,,
28340,10304,690,1.20m Young Jumpers II.2d,,2069,Bizzy Sh,Jordan Petersen,Renee Gruenthal,,
28340,10304,690,1.20m Young Jumpers II.2d,,2199,Tobias Van Kreyel Mc,Lauren Balcomb,Jessica Steindorff,,
28340,10304,690,1.20m Young Jumpers II.2d,,2342,Diamant's Legendary Na,Derek Petersen,Derek Petersen,,
28340,10304,690,1.20m Young Jumpers II.2d,,2360,Cassaderra Na,Taryn M. Adamy,Taryn M. Adamy,,
28340,10304,690,1.20m Young Jumpers II.2d,,2434,Zorro Pj,Agustin Rosales,St. Bride's Farm,,
28340,10304,690,1.20m Young Jumpers II.2d,,2465,Tranquilo Van 'T Valissenhof,Diego Farje,Sharn L. Wordley,,
28341,10304,691,1.20m Young Jumpers II.2b,1,1735,Cachaca Pitu Lhf,Marcus Gruenthal,Linda Bammann,,
28341,10304,691,1.20m Young Jumpers II.2b,2,2069,Bizzy Sh,Jordan Petersen,Renee Gruenthal,,
28341,10304,691,1.20m Young Jumpers II.2b,3,2036,Diablue Sh Z,Jared P. Petersen,Jordan Petersen,,
28341,10304,691,1.20m Young Jumpers II.2b,4,1721,Metallica,Justine L. Dutton Barnard,Justine L. Dutton Barnard,,
28341,10304,691,1.20m Young Jumpers II.2b,5,2463,Eq Scorpio,Diego Farje,Diego Farje,,
28341,10304,691,1.20m Young Jumpers II.2b,6,1560,Online Hdh,Evita Hermans,Mike Holtkamp,,
28341,10304,691,1.20m Young Jumpers II.2b,7,2045,Don Daddy Z,Mari Gromkowski,Laura G. Fitzgerald,,
28341,10304,691,1.20m Young Jumpers II.2b,8,2360,Cassaderra Na,Taryn M. Adamy,Taryn M. Adamy,,
28341,10304,691,1.20m Young Jumpers II.2b,,1705,Pi-Air,Riley Delbecq,"Todd Minikus, LTD",,
28341,10304,691,1.20m Young Jumpers II.2b,,1710,Baloumar Tw 39,Amanda Flint,39 Fields LLC,,
28341,10304,691,1.20m Young Jumpers II.2b,,1722,Rhubarb And Custard Os,Justine L. Dutton Barnard,Justine L. Dutton Barnard,,
28341,10304,691,1.20m Young Jumpers II.2b,,1743,Tillman,Aidan Murphy,Sally Wiley,,
28341,10304,691,1.20m Young Jumpers II.2b,,1970,Vdl Palermo,Dani Gascoigne,Dani Gascoigne,,
28341,10304,691,1.20m Young Jumpers II.2b,,2061,Narmer Z,Bobby Malmrose,Bobby Malmrose,,
28341,10304,691,1.20m Young Jumpers II.2b,,2067,Oberon R-E,Isabella Freeburg,"Redwood Farm, LLC",,
28341,10304,691,1.20m Young Jumpers II.2b,,2197,King William,Sharn L. Wordley,Della Wordley,,
28341,10304,691,1.20m Young Jumpers II.2b,,2408,Brightest Star Orf Z,Jenna P. Friedman-Lopez,"Oakridge Farm Performance Horses, LLC",,
28342,10305,692,1.30m Young Jumper II.1,1,1860,Crusader,Marcus Gruenthal,Marcus Gruenthal,,
28342,10305,692,1.30m Young Jumper II.1,2,1711,Comme Monday Z,Amanda Flint,"Red Oak Partners, LLC",,
28342,10305,692,1.30m Young Jumper II.1,3,1246,Redbull 33 Vdh,Brittni A. Raflowitz,Esi Show Jumpers,,
28342,10305,692,1.30m Young Jumper II.1,4,1732,Canuto,Amanda Flint,Amanda Flint,,
28342,10305,692,1.30m Young Jumper II.1,5,1150,C'Est Moi Z,Juan Andres Larrazabal,Tara Cornelius,,
28343,10305,693,1.30m Young Jumper II.2d,1,1711,Comme Monday Z,Amanda Flint,"Red Oak Partners, LLC",,
28343,10305,693,1.30m Young Jumper II.2d,2,2004,Apollo,Ashley Romano,Ashley Romano,,
28343,10305,693,1.30m Young Jumper II.2d,3,1993,Copperfield Ghv Z,Molly Frei,Frei Equestrian LLC,,
28343,10305,693,1.30m Young Jumper II.2d,4,1860,Crusader,Marcus Gruenthal,Marcus Gruenthal,,
28343,10305,693,1.30m Young Jumper II.2d,5,1246,Redbull 33 Vdh,Brittni A. Raflowitz,Esi Show Jumpers,,
28343,10305,693,1.30m Young Jumper II.2d,6,1732,Canuto,Amanda Flint,Amanda Flint,,
28344,10305,694,1.30m Young Jumper II.2b,1,1860,Crusader,Marcus Gruenthal,Marcus Gruenthal,,
28344,10305,694,1.30m Young Jumper II.2b,2,1327,Online,Clark Montgomery,Clark Montgomery,,
28344,10305,694,1.30m Young Jumper II.2b,3,2004,Apollo,Ashley Romano,Ashley Romano,,
28344,10305,694,1.30m Young Jumper II.2b,4,2376,O.hannah Tp,Juan Carlos Arriaga Radilla,Carlos Aguirre,,
28344,10305,694,1.30m Young Jumper II.2b,5,1732,Canuto,Amanda Flint,Amanda Flint,,
28344,10305,694,1.30m Young Jumper II.2b,6,1711,Comme Monday Z,Amanda Flint,"Red Oak Partners, LLC",,
28798,10308,731,.90m Novice Junior/Amateur Jumper II.1,1,1729,Caleto,Lauren Snellings,Victoria Free Knott,,
28798,10308,731,.90m Novice Junior/Amateur Jumper II.1,2,1034,Cadans Z,Sarah Callahan,"Amberfax Farm, Inc",,
28798,10308,731,.90m Novice Junior/Amateur Jumper II.1,3,1545,Quincy Too,Sarah Callahan,Unknown Person,,
28798,10308,731,.90m Novice Junior/Amateur Jumper II.1,4,1175,Electric Socks,Ava Koplin,Madison Koplin,,
28798,10308,731,.90m Novice Junior/Amateur Jumper II.1,5,1540,Dk Daisy,Marlee Howard,Marlee Howard,,
28798,10308,731,.90m Novice Junior/Amateur Jumper II.1,6,1527,Lex De Nuit,Naomi Soto,"Slp Show Jumpers, LLC",,
28798,10308,731,.90m Novice Junior/Amateur Jumper II.1,7,1925,Castielle,Evelyn Mathews,Evelyn Mathews,,
28798,10308,731,.90m Novice Junior/Amateur Jumper II.1,8,1547,Casual Citizen,Kelly A. Hudyman,Kelly A. Hudyman,,
28798,10308,731,.90m Novice Junior/Amateur Jumper II.1,,1194,Rref Ferrostyle,Hailee Roy,Hailee Roy,,
28798,10308,731,.90m Novice Junior/Amateur Jumper II.1,,1484,Woodford Reserve,Christina Martin,Unknown Person,,
28798,10308,731,.90m Novice Junior/Amateur Jumper II.1,,1514,Glamour Des Forets,Esme Desautel,Libby Woodworth,,
28798,10308,731,.90m Novice Junior/Amateur Jumper II.1,,1516,Grandia,Esme Desautel,Melissa Burns,,
28798,10308,731,.90m Novice Junior/Amateur Jumper II.1,,1532,Tipsy,Kamryn Stewart,Gabriella Diaz De Arce,,
28798,10308,731,.90m Novice Junior/Amateur Jumper II.1,,1845,Rival,Brandie Finger,Fabian Herrera,,
28798,10308,731,.90m Novice Junior/Amateur Jumper II.1,,1937,Certo 8,Anthony Carroll,Anthony Carroll,,
28798,10308,731,.90m Novice Junior/Amateur Jumper II.1,,2382,L’intentionnel,Mina Godden,Alexis Brayboy,,
28799,10308,732,.90m Novice Junior/Amateur Jumper II.2d,1,1175,Electric Socks,Ava Koplin,Madison Koplin,,
28799,10308,732,.90m Novice Junior/Amateur Jumper II.2d,2,1540,Dk Daisy,Marlee Howard,Marlee Howard,,
28799,10308,732,.90m Novice Junior/Amateur Jumper II.2d,3,1673,Katja,Natalia Perez,Rodriguez Equestrian,,
28799,10308,732,.90m Novice Junior/Amateur Jumper II.2d,4,1532,Tipsy,Kamryn Stewart,Gabriella Diaz De Arce,,
28799,10308,732,.90m Novice Junior/Amateur Jumper II.2d,5,1547,Casual Citizen,Kelly A. Hudyman,Kelly A. Hudyman,,
28799,10308,732,.90m Novice Junior/Amateur Jumper II.2d,6,1845,Rival,Brandie Finger,Fabian Herrera,,
28799,10308,732,.90m Novice Junior/Amateur Jumper II.2d,7,1925,Castielle,Evelyn Mathews,Evelyn Mathews,,
28799,10308,732,.90m Novice Junior/Amateur Jumper II.2d,8,1514,Glamour Des Forets,Esme Desautel,Libby Woodworth,,
28799,10308,732,.90m Novice Junior/Amateur Jumper II.2d,,1484,Woodford Reserve,Christina Martin,Unknown Person,,
28799,10308,732,.90m Novice Junior/Amateur Jumper II.2d,,1729,Caleto,Lauren Snellings,Victoria Free Knott,,
28799,10308,732,.90m Novice Junior/Amateur Jumper II.2d,,1844,Ice Breaker,Stella Hartman,Stone Oak Equestrian,,
28795,10310,737,1.00m Junior/Amateur Jumper II.1,1,2015,Zeus,Nicole Danelyan,Nicole Danelyan,,
28795,10310,737,1.00m Junior/Amateur Jumper II.1,2,1422,Perry Girl,Frederica Alcalay,Frederica Alcalay,,
28795,10310,737,1.00m Junior/Amateur Jumper II.1,3,1432,Riverdance Vd Middelstede,Dianna Michaels,Dianna Michaels,,
28795,10310,737,1.00m Junior/Amateur Jumper II.1,4,1486,Clementine,Megan Charms,Megan Charms,,
28795,10310,737,1.00m Junior/Amateur Jumper II.1,5,1524,Catch My Drift,Summer Smith,Summer Smith,,
28795,10310,737,1.00m Junior/Amateur Jumper II.1,6,1326,The Getaway Car,Anna Scott Ault,Anna Scott Ault,,
28795,10310,737,1.00m Junior/Amateur Jumper II.1,7,1706,Airway Semilly,Ella Walker,Ella Walker,,
28795,10310,737,1.00m Junior/Amateur Jumper II.1,8,2615,Foxtrot,Phinley Bloom,"Vii Chimes Show Jumping, LLC",,
28795,10310,737,1.00m Junior/Amateur Jumper II.1,,1194,Rref Ferrostyle,Hailee Roy,Hailee Roy,,
28795,10310,737,1.00m Junior/Amateur Jumper II.1,,1429,Quallie,Tanner Hedrick,Tanner Hedrick,,
28795,10310,737,1.00m Junior/Amateur Jumper II.1,,1485,Roncevert,Lila Isaac,Lila Isaac,,
28795,10310,737,1.00m Junior/Amateur Jumper II.1,,1584,Special Cita,Paige Dugan,Paige Dugan,,
28795,10310,737,1.00m Junior/Amateur Jumper II.1,,1648,Cerveza De Barril,Riley Hilliard,Riley Hilliard,,
28795,10310,737,1.00m Junior/Amateur Jumper II.1,,1676,Nashua,Natalia Perez,Emco Holding LLC,,
28795,10310,737,1.00m Junior/Amateur Jumper II.1,,1714,White Cap,Kristiina A. Claffee,Kristiina A. Claffee,,
28795,10310,737,1.00m Junior/Amateur Jumper II.1,,1912,Scs Kenzo T,Ava Hillary,Ava Hillary,,
28795,10310,737,1.00m Junior/Amateur Jumper II.1,,1925,Castielle,Evelyn Mathews,Evelyn Mathews,,
28795,10310,737,1.00m Junior/Amateur Jumper II.1,,2382,L’intentionnel,Mina Godden,Alexis Brayboy,,
28795,10310,737,1.00m Junior/Amateur Jumper II.1,,2544,Tutti Fruitti Van De Fruitkorf,Vivian Heyer,Vivian Heyer,,
28796,10310,738,1.00m Junior/Amateur Jumper II.2d,1,1545,Quincy Too,Sarah Callahan,Jacaranda Farms LLC,,
28796,10310,738,1.00m Junior/Amateur Jumper II.2d,2,2537,Legend,Paulina Muente,St. Bride's Farm,,
28796,10310,738,1.00m Junior/Amateur Jumper II.2d,3,1034,Cadans Z,Sarah Callahan,"Amberfax Farm, Inc",,
28796,10310,738,1.00m Junior/Amateur Jumper II.2d,4,1524,Catch My Drift,Summer Smith,Summer Smith,,
28796,10310,738,1.00m Junior/Amateur Jumper II.2d,5,1422,Perry Girl,Frederica Alcalay,Frederica Alcalay,,
28796,10310,738,1.00m Junior/Amateur Jumper II.2d,6,1003,Daizi De Beaufour,Rita de Goes,Wellington Equestrian Center Inc,,
28796,10310,738,1.00m Junior/Amateur Jumper II.2d,7,1516,Grandia,Esme Desautel,Melissa Burns,,
28796,10310,738,1.00m Junior/Amateur Jumper II.2d,8,1912,Scs Kenzo T,Ava Hillary,Ava Hillary,,
28796,10310,738,1.00m Junior/Amateur Jumper II.2d,,1145,Cecile S,Alicia Taylor,Alicia Taylor,,
28796,10310,738,1.00m Junior/Amateur Jumper II.2d,,1194,Rref Ferrostyle,Hailee Roy,Hailee Roy,,
28796,10310,738,1.00m Junior/Amateur Jumper II.2d,,1432,Riverdance Vd Middelstede,Dianna Michaels,Dianna Michaels,,
28796,10310,738,1.00m Junior/Amateur Jumper II.2d,,1436,Cahira,Erica Lacher,Erica Lacher,,
28796,10310,738,1.00m Junior/Amateur Jumper II.2d,,1485,Roncevert,Lila Isaac,Lila Isaac,,
28796,10310,738,1.00m Junior/Amateur Jumper II.2d,,1486,Clementine,Megan Charms,Megan Charms,,
28796,10310,738,1.00m Junior/Amateur Jumper II.2d,,1527,Lex De Nuit,Naomi Soto,"Slp Show Jumpers, LLC",,
28796,10310,738,1.00m Junior/Amateur Jumper II.2d,,1584,Special Cita,Paige Dugan,Paige Dugan,,
28796,10310,738,1.00m Junior/Amateur Jumper II.2d,,1648,Cerveza De Barril,Riley Hilliard,Riley Hilliard,,
28796,10310,738,1.00m Junior/Amateur Jumper II.2d,,1714,White Cap,Kristiina A. Claffee,Kristiina A. Claffee,,
28796,10310,738,1.00m Junior/Amateur Jumper II.2d,,1845,Rival,Brandie Finger,Fabian Herrera,,
28796,10310,738,1.00m Junior/Amateur Jumper II.2d,,1925,Castielle,Evelyn Mathews,Evelyn Mathews,,
28796,10310,738,1.00m Junior/Amateur Jumper II.2d,,1927,Hicorino,Brooke Borges,Ann Fletcher Easley,,
28796,10310,738,1.00m Junior/Amateur Jumper II.2d,,1937,Certo 8,Anthony Carroll,Anthony Carroll,,
28796,10310,738,1.00m Junior/Amateur Jumper II.2d,,1957,Chaggy Anne Ps,Stella Kraemer,Stella Kraemer,,
28796,10310,738,1.00m Junior/Amateur Jumper II.2d,,1968,Rocketman,Samantha Brooks,Samantha Brooks,,
28796,10310,738,1.00m Junior/Amateur Jumper II.2d,,1982,Herakles,Izabella Mcnerney,Izabella Mcnerney,,
28796,10310,738,1.00m Junior/Amateur Jumper II.2d,,2015,Zeus,Nicole Danelyan,Nicole Danelyan,,
28796,10310,738,1.00m Junior/Amateur Jumper II.2d,,2200,Chagrandino Ps,Stella Kraemer,Stella Kraemer,,
28796,10310,738,1.00m Junior/Amateur Jumper II.2d,,2382,L’intentionnel,Mina Godden,Alexis Brayboy,,
28784,10299,749,1.10m Junior/Amateur Jumper II.1,1,2370,Diamo De L'anglissant Z,Bryn Hurley,Apex Equestrian Center,,
28784,10299,749,1.10m Junior/Amateur Jumper II.1,2,1184,Cumulonimbus,Reagan Brown,Reagan Brown,,
28784,10299,749,1.10m Junior/Amateur Jumper II.1,3,2016,Giovanna,Emma Kirk,Emma Kirk,,
28784,10299,749,1.10m Junior/Amateur Jumper II.1,4,1177,Larezza Citty C,Madison Koplin,Ava Koplin,,
28784,10299,749,1.10m Junior/Amateur Jumper II.1,5,2201,Diablo,Stella Kraemer,Ashland Farms,,
28784,10299,749,1.10m Junior/Amateur Jumper II.1,6,1723,Berlisto,Amy Nelson,Amy Nelson,,
28784,10299,749,1.10m Junior/Amateur Jumper II.1,7,1974,Stillman,Courtney Blackburn,Courtney Blackburn,,
28784,10299,749,1.10m Junior/Amateur Jumper II.1,8,2034,Kannon 2000 Z,Grace Heidenreich,Grace Heidenreich,,
28784,10299,749,1.10m Junior/Amateur Jumper II.1,,1006,Thompson Ter Doorn Z,Maria Pantaliao,Maria Pantaliao,,
28784,10299,749,1.10m Junior/Amateur Jumper II.1,,1324,Color Coded,Addison Fulbright,Karsyn Edmondson,,
28784,10299,749,1.10m Junior/Amateur Jumper II.1,,1686,Hickstead Legend,Mason Plaumann,Mason Plaumann,,
28784,10299,749,1.10m Junior/Amateur Jumper II.1,,1725,Loudon,Amy Nelson,Amy Nelson,,
28784,10299,749,1.10m Junior/Amateur Jumper II.1,,1758,Gof Perle D'amour,Charlotte Mack,"Golden Oaks Farm, LLC",,
28784,10299,749,1.10m Junior/Amateur Jumper II.1,,1826,Emi Initia,Sara Lent,Unknown Person,,
28784,10299,749,1.10m Junior/Amateur Jumper II.1,,1831,Umtiti Van De Barlebuis,Giavona Pirolo,Giavona Pirolo,,
28784,10299,749,1.10m Junior/Amateur Jumper II.1,,1955,Diva Du Cache Pot Z,Jasmyne Tanguay,Katherine F. Dewar,,
28784,10299,749,1.10m Junior/Amateur Jumper II.1,,2017,United Del Coco,Julia Worden,Julia Worden,,
28784,10299,749,1.10m Junior/Amateur Jumper II.1,,2030,Chili Z,Heather Farmer,Heather Farmer,,
28784,10299,749,1.10m Junior/Amateur Jumper II.1,,2039,Mtm Top Gun,Ashley Wilson,Ashley Wilson,,
28784,10299,749,1.10m Junior/Amateur Jumper II.1,,2351,Otto Pilot,Emily Giovino,Jennifer Giovino,,
28784,10299,749,1.10m Junior/Amateur Jumper II.1,,2357,Crazy,Ashley Greene,Ashley Greene,,
28785,10299,750,1.10m Junior/Amateur Jumper II.2d,1,1324,Color Coded,Addison Fulbright,Karsyn Edmondson,,
28785,10299,750,1.10m Junior/Amateur Jumper II.2d,2,1758,Gof Perle D'amour,Charlotte Mack,"Golden Oaks Farm, LLC",,
28785,10299,750,1.10m Junior/Amateur Jumper II.2d,3,1984,Olli Van De Zuuthoeve,Dana Narayanappa,Bentley Bassick,,
28785,10299,750,1.10m Junior/Amateur Jumper II.2d,4,1974,Stillman,Courtney Blackburn,Courtney Blackburn,,
28785,10299,750,1.10m Junior/Amateur Jumper II.2d,5,1177,Larezza Citty C,Madison Koplin,Ava Koplin,,
28785,10299,750,1.10m Junior/Amateur Jumper II.2d,6,1429,Quallie,Tanner Hedrick,Tanner Hedrick,,
28785,10299,750,1.10m Junior/Amateur Jumper II.2d,7,2017,United Del Coco,Julia Worden,Julia Worden,,
28785,10299,750,1.10m Junior/Amateur Jumper II.2d,8,2357,Crazy,Ashley Greene,Ashley Greene,,
28785,10299,750,1.10m Junior/Amateur Jumper II.2d,,1006,Thompson Ter Doorn Z,Maria Pantaliao,Maria Pantaliao,,
28785,10299,750,1.10m Junior/Amateur Jumper II.2d,,1150,C'Est Moi Z,Tara Cornelius,Tara Cornelius,,
28785,10299,750,1.10m Junior/Amateur Jumper II.2d,,1184,Cumulonimbus,Reagan Brown,Reagan Brown,,
28785,10299,750,1.10m Junior/Amateur Jumper II.2d,,1248,Ciemusic Z,Kathryn Camunas,Kathryn Camunas,,
28785,10299,750,1.10m Junior/Amateur Jumper II.2d,,1326,The Getaway Car,Anna Scott Ault,Anna Scott Ault,,
28785,10299,750,1.10m Junior/Amateur Jumper II.2d,,1651,Close To Me 5,Mandy L. Miller,Mandy L. Miller,,
28785,10299,750,1.10m Junior/Amateur Jumper II.2d,,1686,Hickstead Legend,Mason Plaumann,Mason Plaumann,,
28785,10299,750,1.10m Junior/Amateur Jumper II.2d,,1706,Airway Semilly,Ella Walker,Ella Walker,,
28785,10299,750,1.10m Junior/Amateur Jumper II.2d,,1725,Loudon,Amy Nelson,Amy Nelson,,
28785,10299,750,1.10m Junior/Amateur Jumper II.2d,,1831,Umtiti Van De Barlebuis,Giavona Pirolo,Giavona Pirolo,,
28785,10299,750,1.10m Junior/Amateur Jumper II.2d,,1917,Smooth Sailing,Claire Arnold,Claire Arnold,,
28785,10299,750,1.10m Junior/Amateur Jumper II.2d,,1955,Diva Du Cache Pot Z,Jasmyne Tanguay,Katherine F. Dewar,,
28785,10299,750,1.10m Junior/Amateur Jumper II.2d,,1958,Hairo,Stella Kraemer,Skyler Fields,,
28785,10299,750,1.10m Junior/Amateur Jumper II.2d,,2016,Giovanna,Emma Kirk,Emma Kirk,,
28785,10299,750,1.10m Junior/Amateur Jumper II.2d,,2055,Heartbreaker's Isabella Z,Isabella Freeburg,Gail Dady,,
28785,10299,750,1.10m Junior/Amateur Jumper II.2d,,2201,Diablo,Stella Kraemer,Ashland Farms,,
28785,10299,750,1.10m Junior/Amateur Jumper II.2d,,2351,Otto Pilot,Emily Giovino,Jennifer Giovino,,
28785,10299,750,1.10m Junior/Amateur Jumper II.2d,,2365,Qiana,Katie Rosenfels,Katie Rosenfels,,
28785,10299,750,1.10m Junior/Amateur Jumper II.2d,,2370,Diamo De L'anglissant Z,Bryn Hurley,Apex Equestrian Center,,
28785,10299,750,1.10m Junior/Amateur Jumper II.2d,,2544,Tutti Fruitti Van De Fruitkorf,Vivian Heyer,Vivian Heyer,,
28595,10256,757,1.15m Junior/Amateur Jumper II.1,1,1954,Big Bay Energy,Laura Willson,Francesca Willson,,
28595,10256,757,1.15m Junior/Amateur Jumper II.1,2,1549,Ezin Rk,Alexa Riccio,Alexa Riccio,,
28595,10256,757,1.15m Junior/Amateur Jumper II.1,3,1857,Chill Z,Leyla Carmona,Leyla Carmona,,
28595,10256,757,1.15m Junior/Amateur Jumper II.1,4,1421,Liverpool 56,Liza Guettler,Liza Guettler,,
28595,10256,757,1.15m Junior/Amateur Jumper II.1,5,1420,Cierra,Liza Guettler,Joyce C. Green,,
28595,10256,757,1.15m Junior/Amateur Jumper II.1,6,2345,Funky De L'abbaye,Katherine E. Pitts,Laura Kaiser,,
28595,10256,757,1.15m Junior/Amateur Jumper II.1,7,1956,Zafer,Laura Willson,Laura Willson,,
28596,10256,758,1.15m Junior/Amateur Jumper II.2d,1,2006,Fundament-E,Abbey Slaven,Abbey Slaven,,
28596,10256,758,1.15m Junior/Amateur Jumper II.2d,2,2005,Acapulco,Abbey Slaven,"Showcase 81, LLC",,
28596,10256,758,1.15m Junior/Amateur Jumper II.2d,3,1420,Cierra,Liza Guettler,Joyce C. Green,,
28596,10256,758,1.15m Junior/Amateur Jumper II.2d,4,2039,Mtm Top Gun,Ashley Wilson,Ashley Wilson,,
28596,10256,758,1.15m Junior/Amateur Jumper II.2d,5,1421,Liverpool 56,Liza Guettler,Liza Guettler,,
28596,10256,758,1.15m Junior/Amateur Jumper II.2d,6,1723,Berlisto,Amy Nelson,Amy Nelson,,
28596,10256,758,1.15m Junior/Amateur Jumper II.2d,7,1519,Mtm Clarcona,Anna Mead,Anna Mead,,
28596,10256,758,1.15m Junior/Amateur Jumper II.2d,8,1857,Chill Z,Leyla Carmona,Leyla Carmona,,
28596,10256,758,1.15m Junior/Amateur Jumper II.2d,,1549,Ezin Rk,Alexa Riccio,Alexa Riccio,,
28596,10256,758,1.15m Junior/Amateur Jumper II.2d,,1954,Big Bay Energy,Laura Willson,Francesca Willson,,
28596,10256,758,1.15m Junior/Amateur Jumper II.2d,,1956,Zafer,Laura Willson,Laura Willson,,
28596,10256,758,1.15m Junior/Amateur Jumper II.2d,,2345,Funky De L'abbaye,Katherine E. Pitts,Laura Kaiser,,
28787,10290,768,1.20m Junior/Amateur Jumper II.1,1,1739,Lucie V/H Vijverbos Z,Amelia Tredinnick,Carly Tredinnick,,
28787,10290,768,1.20m Junior/Amateur Jumper II.1,2,1688,Mar Simon,Michelle Lin,Michelle Lin,,
28787,10290,768,1.20m Junior/Amateur Jumper II.1,3,2538,Soufriere,Paulina Muente,Alison Firestone LLC,,
28787,10290,768,1.20m Junior/Amateur Jumper II.1,4,1018,Flint T.s. Et,Camille Pacheco,Camille Pacheco,,
28787,10290,768,1.20m Junior/Amateur Jumper II.1,5,1680,Vdl Jamorkus,Ana Sofia Rodriguez,Rodriguez Equestrian,,
28787,10290,768,1.20m Junior/Amateur Jumper II.1,6,1694,Hector Du Gue,Ryan Haselden,Ryan Haselden,,
28787,10290,768,1.20m Junior/Amateur Jumper II.1,7,2126,Momentum,Zara Adnams,Roberto Teran Tafur,,
28787,10290,768,1.20m Junior/Amateur Jumper II.1,8,2024,Revelry,Sharon S. Maloney,Sharon S. Maloney,,
28787,10290,768,1.20m Junior/Amateur Jumper II.1,9,2057,Bucephalus,Bobby Malmrose,Bobby Malmrose,,
28787,10290,768,1.20m Junior/Amateur Jumper II.1,,1252,Corleone,Lizabeth Perez-Pascual,Lizabeth Perez-Pascual,,
28787,10290,768,1.20m Junior/Amateur Jumper II.1,,1253,I'M Du Vinia,Lizabeth Perez-Pascual,Lizabeth Perez-Pascual,,
28787,10290,768,1.20m Junior/Amateur Jumper II.1,,1325,Scooby Doo,Karsyn Edmondson,Karsyn Edmondson,,
28787,10290,768,1.20m Junior/Amateur Jumper II.1,,1678,Seattle,Ana Sofia Perez,Emco Holding LLC,,
28787,10290,768,1.20m Junior/Amateur Jumper II.1,,1697,Nour Alain,Ryan Haselden,Ryan Haselden,,
28787,10290,768,1.20m Junior/Amateur Jumper II.1,,1751,Cosiol Vd Padenborre Z,Lisa Mackil,Lisa Mackil,,
28787,10290,768,1.20m Junior/Amateur Jumper II.1,,2022,Global Melody,Amy Evans,Amy Evans,,
28787,10290,768,1.20m Junior/Amateur Jumper II.1,,2060,Miss Dutton,Bobby Malmrose,Bobby Malmrose,,
28788,10290,769,1.20m Junior/Amateur Jumper II.2d,1,1946,Kashmir,Casey M. Millis,Casey M. Millis,,
28788,10290,769,1.20m Junior/Amateur Jumper II.2d,2,1018,Flint T.s. Et,Camille Pacheco,Camille Pacheco,,
28788,10290,769,1.20m Junior/Amateur Jumper II.2d,3,1325,Scooby Doo,Karsyn Edmondson,Karsyn Edmondson,,
28788,10290,769,1.20m Junior/Amateur Jumper II.2d,4,1680,Vdl Jamorkus,Ana Sofia Rodriguez,Rodriguez Equestrian,,
28788,10290,769,1.20m Junior/Amateur Jumper II.2d,5,1418,Vdl Friedakilly R Z,Ana Sofia Rodriguez,Rodriguez Equestrian,,
28788,10290,769,1.20m Junior/Amateur Jumper II.2d,6,1694,Hector Du Gue,Ryan Haselden,Ryan Haselden,,
28788,10290,769,1.20m Junior/Amateur Jumper II.2d,7,1678,Seattle,Ana Sofia Perez,Emco Holding LLC,,
28788,10290,769,1.20m Junior/Amateur Jumper II.2d,8,2352,J. Charley,Joslyn Young,Joslyn Young,,
28788,10290,769,1.20m Junior/Amateur Jumper II.2d,,1652,Dolce Arroganza Rouge Bois,Adele Dewar,Adele Dewar,,
28788,10290,769,1.20m Junior/Amateur Jumper II.2d,,1659,London Star,Barbara H. Center,Barbara H. Center,,
28788,10290,769,1.20m Junior/Amateur Jumper II.2d,,1688,Mar Simon,Michelle Lin,Michelle Lin,,
28788,10290,769,1.20m Junior/Amateur Jumper II.2d,,1948,Madison Square Sb,Francisco Vaca,Frei Equestrian LLC,,
28788,10290,769,1.20m Junior/Amateur Jumper II.2d,,2126,Momentum,Zara Adnams,Roberto Teran Tafur,,
28788,10290,769,1.20m Junior/Amateur Jumper II.2d,,2127,Yalambi’s Jingle Bell,Zara Adnams,Reece Adnams,,
28788,10290,769,1.20m Junior/Amateur Jumper II.2d,,2538,Soufriere,Paulina Muente,Alison Firestone LLC,,
28589,10283,775,1.30m Junior/Amateur Jumper II.1,1,1002,Balou's Paul Ps,Diego Gaspar De Goes,Wellington Equestrian Center Inc,,
28589,10283,775,1.30m Junior/Amateur Jumper II.1,2,1417,Vajra Du Blay,Emilio Medina,Emilio Medina,,
28589,10283,775,1.30m Junior/Amateur Jumper II.1,3,1736,Garrincha Van De Kalevallei,Maleah Lang Mcmahon,Linda Bammann,,
28589,10283,775,1.30m Junior/Amateur Jumper II.1,4,1674,Koblenz,Ana Cristina Rodriguez,Sophie Heron,,
28589,10283,775,1.30m Junior/Amateur Jumper II.1,5,1939,Harry D'ete RW,Amanda Carroll,Amanda Carroll,,
28589,10283,775,1.30m Junior/Amateur Jumper II.1,6,1689,Nastelina Van De Witte Driesendijk,Michelle Lin,Michelle Lin,,
28589,10283,775,1.30m Junior/Amateur Jumper II.1,7,2378,Arielle Race,Porter Tobin,Porter Tobin,,
28589,10283,775,1.30m Junior/Amateur Jumper II.1,8,1014,Ic Quadeo Br,Avery Franke,Avery Franke,,
28590,10283,776,1.30m Junior/Amateur Jumper II.2d,1,1922,Montecristo,Selcuk Koksalan,Leyla Stables LLC,,
28590,10283,776,1.30m Junior/Amateur Jumper II.2d,2,1014,Ic Quadeo Br,Avery Franke,Avery Franke,,
28590,10283,776,1.30m Junior/Amateur Jumper II.2d,3,1920,Cordis Totalis Z,Selcuk Koksalan,Selcuk Koksalan,,
28590,10283,776,1.30m Junior/Amateur Jumper II.2d,4,1712,Lodewijk 39,Elli Yeager,39 Fields LLC,,
28590,10283,776,1.30m Junior/Amateur Jumper II.2d,5,1689,Nastelina Van De Witte Driesendijk,Michelle Lin,Michelle Lin,,
28590,10283,776,1.30m Junior/Amateur Jumper II.2d,6,1002,Balou's Paul Ps,Diego Gaspar De Goes,Wellington Equestrian Center Inc,,
28590,10283,776,1.30m Junior/Amateur Jumper II.2d,7,1020,Santa Rosa Diva,Priscilla Broger,Priscilla Broger,,
28586,10278,781,1.40m Junior/Amateur Jumper II.1,1,1753,Cecilija,Tyra Cleary,Tc Sporthorses LLC,,
28586,10278,781,1.40m Junior/Amateur Jumper II.1,2,1940,In Between RW,Amanda Carroll,Amanda Carroll,,
28586,10278,781,1.40m Junior/Amateur Jumper II.1,,1938,Conthargos,Amanda Carroll,Ac Squared Sporthorses LLC,,
28587,10278,782,1.40m Junior/Amateur Jumper II.2d,1,1939,Harry D'ete RW,Amanda Carroll,Amanda Carroll,,
28587,10278,782,1.40m Junior/Amateur Jumper II.2d,2,1856,Zara Www,Kate Phillips,Kate Phillips,,
28660,0,804,$3500 C. Jarvis Insurance Welcome Prix 1.30m II.2b,1,1950,Zoronto,Francisco Vaca,"Texas De Limache, LLC",,$875
28660,0,804,$3500 C. Jarvis Insurance Welcome Prix 1.30m II.2b,2,1851,Dsp Undercover,Lola Bacardi,Lola Bacardi,,$665
28660,0,804,$3500 C. Jarvis Insurance Welcome Prix 1.30m II.2b,3,1214,Madette S,Megan Wexler,Sara Setian,,$525
28660,0,804,$3500 C. Jarvis Insurance Welcome Prix 1.30m II.2b,4,1668,Goodgraf,Lenir Perez,Emco Holding LLC,,$350
28660,0,804,$3500 C. Jarvis Insurance Welcome Prix 1.30m II.2b,5,1551,Scenorrado Vd Hunters Z,Madison Wayda Smith,Madison Wayda Smith,,$315
28660,0,804,$3500 C. Jarvis Insurance Welcome Prix 1.30m II.2b,6,1695,I Jump D'authuit,Declan Egan,Laura Connolly,,$280
28660,0,804,$3500 C. Jarvis Insurance Welcome Prix 1.30m II.2b,7,1019,Icare Chavannais,Priscilla Broger,Priscilla Broger,,$245
28660,0,804,$3500 C. Jarvis Insurance Welcome Prix 1.30m II.2b,8,1858,Kiekeboe Spirit,Riley Delbecq,Spirit Group,,$245
28660,0,804,$3500 C. Jarvis Insurance Welcome Prix 1.30m II.2b,9,1656,Hutin De L'abbaye,Kyle Dewar,Kyle Dewar,,
28660,0,804,$3500 C. Jarvis Insurance Welcome Prix 1.30m II.2b,10,1655,Helia Ffh,Kyle Dewar,Willshire Farm LTD,,
28660,0,804,$3500 C. Jarvis Insurance Welcome Prix 1.30m II.2b,11,2043,Edward Z,Ciaran Flynn,Mclain Ward,,
28660,0,804,$3500 C. Jarvis Insurance Welcome Prix 1.30m II.2b,12,1323,Uncle John’s Band,Camille Maynard,Anne C. Hormel,,
28660,0,804,$3500 C. Jarvis Insurance Welcome Prix 1.30m II.2b,13,1321,The Golden Road,Camille Maynard,Anne C. Hormel,,
28660,0,804,$3500 C. Jarvis Insurance Welcome Prix 1.30m II.2b,14,1949,Rihanna Dwerse Hagen,Francisco Vaca,Francisco Vaca,,
28660,0,804,$3500 C. Jarvis Insurance Welcome Prix 1.30m II.2b,,1020,Santa Rosa Diva,Priscilla Broger,Priscilla Broger,,
28660,0,804,$3500 C. Jarvis Insurance Welcome Prix 1.30m II.2b,,1212,Corinthian,Megan Wexler,"Amen Corner Farm, LLC",,
28660,0,804,$3500 C. Jarvis Insurance Welcome Prix 1.30m II.2b,,1213,Gof Casamigos,Megan Wexler,"Golden Oaks Farm, LLC",,
28660,0,804,$3500 C. Jarvis Insurance Welcome Prix 1.30m II.2b,,1415,Nijerite,Diego Loria,Diego Loria,,
28660,0,804,$3500 C. Jarvis Insurance Welcome Prix 1.30m II.2b,,1426,Orchidee Vd Bisschop,Devin A. Seek,Stefano Baruzzo LLC,,
28660,0,804,$3500 C. Jarvis Insurance Welcome Prix 1.30m II.2b,,1430,Karlotta Cl,Alejandra Ortiz Orozco,Alejandra Ortiz Orozco,,
28660,0,804,$3500 C. Jarvis Insurance Welcome Prix 1.30m II.2b,,1434,Conthalando Ps,Manuel G. Torres,Manuel G. Torres,,
28660,0,804,$3500 C. Jarvis Insurance Welcome Prix 1.30m II.2b,,1538,Mojito Di Villagana,Pato Muente,Pato Muente,,
28660,0,804,$3500 C. Jarvis Insurance Welcome Prix 1.30m II.2b,,1652,Dolce Arroganza Rouge Bois,Adele Dewar,Adele Dewar,,
28660,0,804,$3500 C. Jarvis Insurance Welcome Prix 1.30m II.2b,,1684,Gelano,Jessica Collins,Jessica Collins,,
28660,0,804,$3500 C. Jarvis Insurance Welcome Prix 1.30m II.2b,,1696,Kinmar Candy Hero,Declan Egan,Oakland Ventures LLC,,
28660,0,804,$3500 C. Jarvis Insurance Welcome Prix 1.30m II.2b,,1700,Chacoons Bellis Z,Todd D. Minikus,Todd D. Minikus,,
28660,0,804,$3500 C. Jarvis Insurance Welcome Prix 1.30m II.2b,,1703,Gardenia,Riley Delbecq,Stephen Macken,,
28660,0,804,$3500 C. Jarvis Insurance Welcome Prix 1.30m II.2b,,1727,Perla Pas De Calais,Stephanie Frey,Stephanie Frey,,
28660,0,804,$3500 C. Jarvis Insurance Welcome Prix 1.30m II.2b,,1742,Mason,Aidan Murphy,Linda Murphy,,
28660,0,804,$3500 C. Jarvis Insurance Welcome Prix 1.30m II.2b,,1755,Tres Jolie Van De Noordheuvel,Jasmyne Tanguay,Jasmyne Tanguay,,
28660,0,804,$3500 C. Jarvis Insurance Welcome Prix 1.30m II.2b,,1829,Puccini Van Orti,Lia Screnci,Lia Screnci,,
28660,0,804,$3500 C. Jarvis Insurance Welcome Prix 1.30m II.2b,,1837,Os Quincy,Rebecca Warth,"Warbuck Investments, LLC",,
28660,0,804,$3500 C. Jarvis Insurance Welcome Prix 1.30m II.2b,,1852,Top New Tina,Lola Bacardi,Lola Bacardi,,
28660,0,804,$3500 C. Jarvis Insurance Welcome Prix 1.30m II.2b,,1928,Northern Exposure Wss,Allison Beck,Allison Beck,,
28660,0,804,$3500 C. Jarvis Insurance Welcome Prix 1.30m II.2b,,1964,Cornet’s Liliane,Lawson Whitaker,Lawson Whitaker,,
28660,0,804,$3500 C. Jarvis Insurance Welcome Prix 1.30m II.2b,,1988,Uphoria Di June,Sarah Gordon,"Golden Farm, LLC",,
28660,0,804,$3500 C. Jarvis Insurance Welcome Prix 1.30m II.2b,,2033,King Coconut Gvv,Angela Gais,Shaylie Cooke,,
28660,0,804,$3500 C. Jarvis Insurance Welcome Prix 1.30m II.2b,,2056,Barack Z,Bobby Malmrose,Bobby Malmrose,,
28660,0,804,$3500 C. Jarvis Insurance Welcome Prix 1.30m II.2b,,2058,Budweiser,Bobby Malmrose,Bobby Malmrose,,
28660,0,804,$3500 C. Jarvis Insurance Welcome Prix 1.30m II.2b,,2062,Phaedra Van De Berghoeve,Bobby Malmrose,Bobby Malmrose,,
28660,0,804,$3500 C. Jarvis Insurance Welcome Prix 1.30m II.2b,,2362,Constantin De Hus,John Michael Durr,Worth The Wait LLC,,
28660,0,804,$3500 C. Jarvis Insurance Welcome Prix 1.30m II.2b,,2539,Jhonny Cash,Juan Carlos Arriaga Radilla,Alejandro Monroy Reus,,
28661,0,805,"$16,999 Golden Ocala Grand Prix 1.35/1.40m II.2a Reg Std",1,2461,Charly-Ann,Amanda Gomez,Rising Star Equestrian,,"$5,099.7"
28661,0,805,"$16,999 Golden Ocala Grand Prix 1.35/1.40m II.2a Reg Std",2,2409,Diamond Rbc Z,Jenna P. Friedman-Lopez,"Oakridge Farm Performance Horses, LLC",,"$3,739.78"
28661,0,805,"$16,999 Golden Ocala Grand Prix 1.35/1.40m II.2a Reg Std",3,2194,Conto Blanco 4,Sharn L. Wordley,Della Wordley,,"$2,209.87"
28661,0,805,"$16,999 Golden Ocala Grand Prix 1.35/1.40m II.2a Reg Std",4,1905,Havane De Cuvry,Scott Keach,Molly Duda,,"$1,359.92"
28661,0,805,"$16,999 Golden Ocala Grand Prix 1.35/1.40m II.2a Reg Std",5,2462,Hollywood V,Amanda Gomez,Rising Star Equestrian,,"$1,019.94"
28661,0,805,"$16,999 Golden Ocala Grand Prix 1.35/1.40m II.2a Reg Std",6,1667,Ferdita,Ana Cristina Rodriguez,Juan A. Rodriguez Silva,,$849.95
28661,0,805,"$16,999 Golden Ocala Grand Prix 1.35/1.40m II.2a Reg Std",7,1965,Conlugo Ps,Lawson Whitaker,Lawson Whitaker,,$669.94
28661,0,805,"$16,999 Golden Ocala Grand Prix 1.35/1.40m II.2a Reg Std",8,1693,Goliath De L’ Eldorado,Declan Egan,Bailey P. Tims-Ferira,,$499.95
28661,0,805,"$16,999 Golden Ocala Grand Prix 1.35/1.40m II.2a Reg Std",9,1244,Kankan,Brittni A. Raflowitz,Esi Show Jumpers,,$499.95
28661,0,805,"$16,999 Golden Ocala Grand Prix 1.35/1.40m II.2a Reg Std",10,1656,Hutin De L'abbaye,Kyle Dewar,Kyle Dewar,,$350
28661,0,805,"$16,999 Golden Ocala Grand Prix 1.35/1.40m II.2a Reg Std",11,1953,Mtm Pablo,Tracy Fenney,Davenport Farms,,$350
28661,0,805,"$16,999 Golden Ocala Grand Prix 1.35/1.40m II.2a Reg Std",12,1019,Icare Chavannais,Priscilla Broger,Priscilla Broger,,$350
28661,0,805,"$16,999 Golden Ocala Grand Prix 1.35/1.40m II.2a Reg Std",13,2195,Hagelin,Sharn L. Wordley,Della Wordley,,
28661,0,805,"$16,999 Golden Ocala Grand Prix 1.35/1.40m II.2a Reg Std",14,1546,Tupac Van De Vrombautshoeve Z,Paige Jones,"Amberfax Farm, Inc",,
28661,0,805,"$16,999 Golden Ocala Grand Prix 1.35/1.40m II.2a Reg Std",15,1951,Mtm Can Talk To Me,Tracy Fenney,Nina K. Koloseike,,
28661,0,805,"$16,999 Golden Ocala Grand Prix 1.35/1.40m II.2a Reg Std",16,1426,Orchidee Vd Bisschop,Devin A. Seek,Stefano Baruzzo LLC,,
28661,0,805,"$16,999 Golden Ocala Grand Prix 1.35/1.40m II.2a Reg Std",,1017,Défi De La Roque,Juan Benítez,Camille Pacheco,,
28661,0,805,"$16,999 Golden Ocala Grand Prix 1.35/1.40m II.2a Reg Std",,1211,Charly Brown 353,Maya Denis,"Procedures, Inc",,
28661,0,805,"$16,999 Golden Ocala Grand Prix 1.35/1.40m II.2a Reg Std",,1212,Corinthian,Megan Wexler,"Amen Corner Farm, LLC",,
28661,0,805,"$16,999 Golden Ocala Grand Prix 1.35/1.40m II.2a Reg Std",,1213,Gof Casamigos,Megan Wexler,"Golden Oaks Farm, LLC",,
28661,0,805,"$16,999 Golden Ocala Grand Prix 1.35/1.40m II.2a Reg Std",,1214,Madette S,Megan Wexler,Sara Setian,,
28661,0,805,"$16,999 Golden Ocala Grand Prix 1.35/1.40m II.2a Reg Std",,1321,The Golden Road,Camille Maynard,Anne C. Hormel,,
28661,0,805,"$16,999 Golden Ocala Grand Prix 1.35/1.40m II.2a Reg Std",,1323,Uncle John’s Band,Camille Maynard,Anne C. Hormel,,
28661,0,805,"$16,999 Golden Ocala Grand Prix 1.35/1.40m II.2a Reg Std",,1407,Casamigos,Diego Bedoya,Nrg Farm LLC,,
28661,0,805,"$16,999 Golden Ocala Grand Prix 1.35/1.40m II.2a Reg Std",,1409,Condialuba Ps,Diego Bedoya,Nrg Farm LLC,,
28661,0,805,"$16,999 Golden Ocala Grand Prix 1.35/1.40m II.2a Reg Std",,1412,Quala Vd Rollebeek,Diego Bedoya,Nrg Farm LLC,,
28661,0,805,"$16,999 Golden Ocala Grand Prix 1.35/1.40m II.2a Reg Std",,1413,Balou De Revel,Emilio Medina,Emilio Medina,,
28661,0,805,"$16,999 Golden Ocala Grand Prix 1.35/1.40m II.2a Reg Std",,1414,Maestro B,Diego Loria,Diego Loria,,
28661,0,805,"$16,999 Golden Ocala Grand Prix 1.35/1.40m II.2a Reg Std",,1416,Nova,Juan A. Rodriguez Silva,Diego Loria,,
28661,0,805,"$16,999 Golden Ocala Grand Prix 1.35/1.40m II.2a Reg Std",,1430,Karlotta Cl,Manuel G. Torres,Alejandra Ortiz Orozco,,
28661,0,805,"$16,999 Golden Ocala Grand Prix 1.35/1.40m II.2a Reg Std",,1434,Conthalando Ps,Manuel G. Torres,Manuel G. Torres,,
28661,0,805,"$16,999 Golden Ocala Grand Prix 1.35/1.40m II.2a Reg Std",,1535,Diazino Ps,Pato Muente,Pato Muente,,
28661,0,805,"$16,999 Golden Ocala Grand Prix 1.35/1.40m II.2a Reg Std",,1550,Daytona S.e,Hanna R. Egan,Hanna R. Egan,,
28661,0,805,"$16,999 Golden Ocala Grand Prix 1.35/1.40m II.2a Reg Std",,1551,Scenorrado Vd Hunters Z,Madison Wayda Smith,Madison Wayda Smith,,
28661,0,805,"$16,999 Golden Ocala Grand Prix 1.35/1.40m II.2a Reg Std",,1655,Helia Ffh,Kyle Dewar,Willshire Farm LTD,,
28661,0,805,"$16,999 Golden Ocala Grand Prix 1.35/1.40m II.2a Reg Std",,1668,Goodgraf,Lenir Perez,Emco Holding LLC,,
28661,0,805,"$16,999 Golden Ocala Grand Prix 1.35/1.40m II.2a Reg Std",,1684,Gelano,Jessica Collins,Jessica Collins,,
28661,0,805,"$16,999 Golden Ocala Grand Prix 1.35/1.40m II.2a Reg Std",,1703,Gardenia,Riley Delbecq,Stephen Macken,,
28661,0,805,"$16,999 Golden Ocala Grand Prix 1.35/1.40m II.2a Reg Std",,1742,Mason,Aidan Murphy,Linda Murphy,,
28661,0,805,"$16,999 Golden Ocala Grand Prix 1.35/1.40m II.2a Reg Std",,1829,Puccini Van Orti,Lia Screnci,Lia Screnci,,
28661,0,805,"$16,999 Golden Ocala Grand Prix 1.35/1.40m II.2a Reg Std",,1837,Os Quincy,Rebecca Warth,"Warbuck Investments, LLC",,
28661,0,805,"$16,999 Golden Ocala Grand Prix 1.35/1.40m II.2a Reg Std",,1851,Dsp Undercover,Lola Bacardi,Lola Bacardi,,
28661,0,805,"$16,999 Golden Ocala Grand Prix 1.35/1.40m II.2a Reg Std",,1903,Caleo S,Scott Keach,Mary Pahides,,
28661,0,805,"$16,999 Golden Ocala Grand Prix 1.35/1.40m II.2a Reg Std",,1906,Vinardi Vh Haringvliet Z,Scott Keach,Scott Keach,,
28661,0,805,"$16,999 Golden Ocala Grand Prix 1.35/1.40m II.2a Reg Std",,1916,Hhf Levison's Pride,Bryce P. Richardson,Quintessence International,,
28661,0,805,"$16,999 Golden Ocala Grand Prix 1.35/1.40m II.2a Reg Std",,1949,Rihanna Dwerse Hagen,Francisco Vaca,Francisco Vaca,,
28661,0,805,"$16,999 Golden Ocala Grand Prix 1.35/1.40m II.2a Reg Std",,1950,Zoronto,Francisco Vaca,"Texas De Limache, LLC",,
28661,0,805,"$16,999 Golden Ocala Grand Prix 1.35/1.40m II.2a Reg Std",,1960,Candeux,Lauren E. Hough,"Abs Candeux, LLC",,
28661,0,805,"$16,999 Golden Ocala Grand Prix 1.35/1.40m II.2a Reg Std",,1969,Flora De Riverland,Dani Gascoigne,York Story,,
28661,0,805,"$16,999 Golden Ocala Grand Prix 1.35/1.40m II.2a Reg Std",,1972,Celia,Gonzalo Guevara,Gonzalo Guevara,,
28661,0,805,"$16,999 Golden Ocala Grand Prix 1.35/1.40m II.2a Reg Std",,1988,Uphoria Di June,Sarah Gordon,"Golden Farm, LLC",,
28661,0,805,"$16,999 Golden Ocala Grand Prix 1.35/1.40m II.2a Reg Std",,2038,Okidoki Van De Renthoeve,Lucia Rivas,Bonne Chance Farm,,
28661,0,805,"$16,999 Golden Ocala Grand Prix 1.35/1.40m II.2a Reg Std",,2052,Hamilton Cb,Kristen Franz,Kristen Franz,,
28661,0,805,"$16,999 Golden Ocala Grand Prix 1.35/1.40m II.2a Reg Std",,2058,Budweiser,Bobby Malmrose,Bobby Malmrose,,
28661,0,805,"$16,999 Golden Ocala Grand Prix 1.35/1.40m II.2a Reg Std",,2062,Phaedra Van De Berghoeve,Bobby Malmrose,Bobby Malmrose,,
28661,0,805,"$16,999 Golden Ocala Grand Prix 1.35/1.40m II.2a Reg Std",,2193,Brin D'or De Haute Melen Z,Sharn L. Wordley,Della Wordley,,
28661,0,805,"$16,999 Golden Ocala Grand Prix 1.35/1.40m II.2a Reg Std",,2343,Catwalk Calais,Eric McCarthy,Eric McCarthy,,
28661,0,805,"$16,999 Golden Ocala Grand Prix 1.35/1.40m II.2a Reg Std",,2356,Bull Run's Risen,Annie Goldstein,Della Wordley,,
28661,0,805,"$16,999 Golden Ocala Grand Prix 1.35/1.40m II.2a Reg Std",,2362,Constantin De Hus,John Michael Durr,Worth The Wait LLC,,
28661,0,805,"$16,999 Golden Ocala Grand Prix 1.35/1.40m II.2a Reg Std",,2539,Jhonny Cash,Juan Carlos Arriaga Radilla,Alejandro Monroy Reus,,
28800,10308,809,.95m Novice Junior/Amateur Jumper Classic II.2b,1,1540,Dk Daisy,Marlee Howard,Marlee Howard,,
28800,10308,809,.95m Novice Junior/Amateur Jumper Classic II.2b,2,1516,Grandia,Esme Desautel,Melissa Burns,,
28800,10308,809,.95m Novice Junior/Amateur Jumper Classic II.2b,3,1932,Florian,Windsor Ryan,Windsor Stables LLC,,
28800,10308,809,.95m Novice Junior/Amateur Jumper Classic II.2b,4,1547,Casual Citizen,Kelly A. Hudyman,Kelly A. Hudyman,,
28800,10308,809,.95m Novice Junior/Amateur Jumper Classic II.2b,5,1484,Woodford Reserve,Christina Martin,Unknown Person,,
28800,10308,809,.95m Novice Junior/Amateur Jumper Classic II.2b,6,1514,Glamour Des Forets,Esme Desautel,Libby Woodworth,,
28800,10308,809,.95m Novice Junior/Amateur Jumper Classic II.2b,7,1175,Electric Socks,Ava Koplin,Madison Koplin,,
28800,10308,809,.95m Novice Junior/Amateur Jumper Classic II.2b,8,1729,Caleto,Lauren Snellings,Victoria Free Knott,,
28800,10308,809,.95m Novice Junior/Amateur Jumper Classic II.2b,9,1673,Katja,Natalia Perez,Rodriguez Equestrian,,
28800,10308,809,.95m Novice Junior/Amateur Jumper Classic II.2b,10,1925,Castielle,Evelyn Mathews,Evelyn Mathews,,
28800,10308,809,.95m Novice Junior/Amateur Jumper Classic II.2b,11,1844,Ice Breaker,Stella Hartman,Stone Oak Equestrian,,
28800,10308,809,.95m Novice Junior/Amateur Jumper Classic II.2b,,1527,Lex De Nuit,Naomi Soto,"Slp Show Jumpers, LLC",,
28797,10310,811,$500 1.05m Junior/Amateur Jumper II.2b,1,1034,Cadans Z,Sarah Callahan,"Amberfax Farm, Inc",,$125
28797,10310,811,$500 1.05m Junior/Amateur Jumper II.2b,2,1676,Nashua,Natalia Perez,Emco Holding LLC,,$95
28797,10310,811,$500 1.05m Junior/Amateur Jumper II.2b,3,1486,Clementine,Megan Charms,Megan Charms,,$75
28797,10310,811,$500 1.05m Junior/Amateur Jumper II.2b,4,1003,Daizi De Beaufour,Rita de Goes,Wellington Equestrian Center Inc,,$50
28797,10310,811,$500 1.05m Junior/Amateur Jumper II.2b,5,1957,Chaggy Anne Ps,Stella Kraemer,Stella Kraemer,,$45
28797,10310,811,$500 1.05m Junior/Amateur Jumper II.2b,6,2615,Foxtrot,Phinley Bloom,"Vii Chimes Show Jumping, LLC",,$40
28797,10310,811,$500 1.05m Junior/Amateur Jumper II.2b,7,2382,L’intentionnel,Mina Godden,Alexis Brayboy,,$35
28797,10310,811,$500 1.05m Junior/Amateur Jumper II.2b,8,1432,Riverdance Vd Middelstede,Dianna Michaels,Dianna Michaels,,$35
28797,10310,811,$500 1.05m Junior/Amateur Jumper II.2b,9,1524,Catch My Drift,Summer Smith,Summer Smith,,
28797,10310,811,$500 1.05m Junior/Amateur Jumper II.2b,10,1422,Perry Girl,Frederica Alcalay,Frederica Alcalay,,
28797,10310,811,$500 1.05m Junior/Amateur Jumper II.2b,11,1194,Rref Ferrostyle,Hailee Roy,Hailee Roy,,
28797,10310,811,$500 1.05m Junior/Amateur Jumper II.2b,12,1485,Roncevert,Lila Isaac,Lila Isaac,,
28797,10310,811,$500 1.05m Junior/Amateur Jumper II.2b,,1145,Cecile S,Alicia Taylor,Alicia Taylor,,
28797,10310,811,$500 1.05m Junior/Amateur Jumper II.2b,,1436,Cahira,Erica Lacher,Erica Lacher,,
28797,10310,811,$500 1.05m Junior/Amateur Jumper II.2b,,1545,Quincy Too,Sarah Callahan,Jacaranda Farms LLC,,
28797,10310,811,$500 1.05m Junior/Amateur Jumper II.2b,,1648,Cerveza De Barril,Riley Hilliard,Riley Hilliard,,
28797,10310,811,$500 1.05m Junior/Amateur Jumper II.2b,,1845,Rival,Brandie Finger,Fabian Herrera,,
28797,10310,811,$500 1.05m Junior/Amateur Jumper II.2b,,1912,Scs Kenzo T,Ava Hillary,Ava Hillary,,
28797,10310,811,$500 1.05m Junior/Amateur Jumper II.2b,,1968,Rocketman,Samantha Brooks,Samantha Brooks,,
28797,10310,811,$500 1.05m Junior/Amateur Jumper II.2b,,2015,Zeus,Nicole Danelyan,Nicole Danelyan,,
28797,10310,811,$500 1.05m Junior/Amateur Jumper II.2b,,2537,Legend,Paulina Muente,St. Bride's Farm,,
28786,10299,813,$500 1.10m Jr/Am Classic II.2b,1,1697,Nour Alain,Ryan Haselden,Ryan Haselden,,$125
28786,10299,813,$500 1.10m Jr/Am Classic II.2b,2,1184,Cumulonimbus,Reagan Brown,Reagan Brown,,$95
28786,10299,813,$500 1.10m Jr/Am Classic II.2b,3,1177,Larezza Citty C,Madison Koplin,Ava Koplin,,$75
28786,10299,813,$500 1.10m Jr/Am Classic II.2b,4,2017,United Del Coco,Julia Worden,Julia Worden,,$50
28786,10299,813,$500 1.10m Jr/Am Classic II.2b,5,1725,Loudon,Amy Nelson,Amy Nelson,,$45
28786,10299,813,$500 1.10m Jr/Am Classic II.2b,6,1429,Quallie,Tanner Hedrick,Tanner Hedrick,,$40
28786,10299,813,$500 1.10m Jr/Am Classic II.2b,7,1974,Stillman,Courtney Blackburn,Courtney Blackburn,,$35
28786,10299,813,$500 1.10m Jr/Am Classic II.2b,8,2030,Chili Z,Heather Farmer,Heather Farmer,,$35
28786,10299,813,$500 1.10m Jr/Am Classic II.2b,9,1324,Color Coded,Addison Fulbright,Karsyn Edmondson,,
28786,10299,813,$500 1.10m Jr/Am Classic II.2b,10,1758,Gof Perle D'amour,Charlotte Mack,"Golden Oaks Farm, LLC",,
28786,10299,813,$500 1.10m Jr/Am Classic II.2b,11,1917,Smooth Sailing,Claire Arnold,Claire Arnold,,
28786,10299,813,$500 1.10m Jr/Am Classic II.2b,12,2201,Diablo,Stella Kraemer,Ashland Farms,,
28786,10299,813,$500 1.10m Jr/Am Classic II.2b,,1248,Ciemusic Z,Kathryn Camunas,Kathryn Camunas,,
28786,10299,813,$500 1.10m Jr/Am Classic II.2b,,1326,The Getaway Car,Anna Scott Ault,Anna Scott Ault,,
28786,10299,813,$500 1.10m Jr/Am Classic II.2b,,1651,Close To Me 5,Mandy L. Miller,Mandy L. Miller,,
28786,10299,813,$500 1.10m Jr/Am Classic II.2b,,1686,Hickstead Legend,Mason Plaumann,Mason Plaumann,,
28786,10299,813,$500 1.10m Jr/Am Classic II.2b,,1706,Airway Semilly,Ella Walker,Ella Walker,,
28786,10299,813,$500 1.10m Jr/Am Classic II.2b,,1831,Umtiti Van De Barlebuis,Giavona Pirolo,Giavona Pirolo,,
28786,10299,813,$500 1.10m Jr/Am Classic II.2b,,1958,Hairo,Stella Kraemer,Skyler Fields,,
28786,10299,813,$500 1.10m Jr/Am Classic II.2b,,2016,Giovanna,Emma Kirk,Emma Kirk,,
28786,10299,813,$500 1.10m Jr/Am Classic II.2b,,2034,Kannon 2000 Z,Grace Heidenreich,Grace Heidenreich,,
28786,10299,813,$500 1.10m Jr/Am Classic II.2b,,2055,Heartbreaker's Isabella Z,Isabella Freeburg,Gail Dady,,
28786,10299,813,$500 1.10m Jr/Am Classic II.2b,,2370,Diamo De L'anglissant Z,Bryn Hurley,Apex Equestrian Center,,
28786,10299,813,$500 1.10m Jr/Am Classic II.2b,,2544,Tutti Fruitti Van De Fruitkorf,Vivian Heyer,Vivian Heyer,,
28597,10256,816,$500 1.15m Junior/Amateur Classic II.2b,1,1006,Thompson Ter Doorn Z,Maria Pantaliao,Maria Pantaliao,,$125
28597,10256,816,$500 1.15m Junior/Amateur Classic II.2b,2,1984,Olli Van De Zuuthoeve,Dana Narayanappa,Bentley Bassick,,$95
28597,10256,816,$500 1.15m Junior/Amateur Classic II.2b,3,1420,Cierra,Liza Guettler,Joyce C. Green,,$75
28597,10256,816,$500 1.15m Junior/Amateur Classic II.2b,4,2006,Fundament-E,Abbey Slaven,Abbey Slaven,,$50
28597,10256,816,$500 1.15m Junior/Amateur Classic II.2b,5,1857,Chill Z,Leyla Carmona,Leyla Carmona,,$45
28597,10256,816,$500 1.15m Junior/Amateur Classic II.2b,6,1519,Mtm Clarcona,Anna Mead,Anna Mead,,$40
28597,10256,816,$500 1.15m Junior/Amateur Classic II.2b,7,2039,Mtm Top Gun,Ashley Wilson,Ashley Wilson,,$35
28597,10256,816,$500 1.15m Junior/Amateur Classic II.2b,8,1723,Berlisto,Amy Nelson,Amy Nelson,,$35
28597,10256,816,$500 1.15m Junior/Amateur Classic II.2b,9,1549,Ezin Rk,Alexa Riccio,Alexa Riccio,,
28597,10256,816,$500 1.15m Junior/Amateur Classic II.2b,10,2005,Acapulco,Abbey Slaven,"Showcase 81, LLC",,
28597,10256,816,$500 1.15m Junior/Amateur Classic II.2b,11,1421,Liverpool 56,Liza Guettler,Liza Guettler,,
28597,10256,816,$500 1.15m Junior/Amateur Classic II.2b,,2345,Funky De L'abbaye,Katherine E. Pitts,Laura Kaiser,,
28578,0,817,.65m Jr/Am Long Creek Farm Jumper Classic II.2b,1,1664,Pretzel Palooza,Ella Ofarrell,Ella Ofarrell,,
28578,0,817,.65m Jr/Am Long Creek Farm Jumper Classic II.2b,2,1180,You Make It Look Easy,Paige Parry,Paige Parry,,
28578,0,817,.65m Jr/Am Long Creek Farm Jumper Classic II.2b,3,1530,Bella Pepperella,Amory Thomas,Amory Thomas,,
28578,0,817,.65m Jr/Am Long Creek Farm Jumper Classic II.2b,4,1836,Cento Forever,Pamela Mattel,Pamela Mattel,,
28578,0,817,.65m Jr/Am Long Creek Farm Jumper Classic II.2b,,1935,Sf Dream Weaver,Tricia Brady,Tricia Brady,,
28581,0,818,.75m Jr/Am Jumper Classic II.2b,1,2023,Joaquin Daloubet,Veronica Arenas,Cristobal Castro,,
28581,0,818,.75m Jr/Am Jumper Classic II.2b,2,1186,Mr. Vice President,Alexis Peace,Alexis Peace,,
28581,0,818,.75m Jr/Am Jumper Classic II.2b,3,1542,Major Dude,Robert Scott,Robert Scott,,
28581,0,818,.75m Jr/Am Jumper Classic II.2b,4,1534,Written Dance,Alexis Mack,Ronda Mack,,
28581,0,818,.75m Jr/Am Jumper Classic II.2b,5,2013,Apollonios,Maddie Mcinturf,"Meadowood Farm, LLC",,
28581,0,818,.75m Jr/Am Jumper Classic II.2b,6,1188,Spot On,Allison Wise,Stephanie Free,,
28581,0,818,.75m Jr/Am Jumper Classic II.2b,7,1193,Bono Lerchenberg,Leslie Davies,Leslie Davies,,
28581,0,818,.75m Jr/Am Jumper Classic II.2b,8,1517,Himalaya,Kimberley Pickens,Kimberley Pickens,,
28754,0,820,.85m Jr/Am Jumper Classic II.2b,1,1004,Don Diego Hdd II,Rita de Goes,Wellington Equestrian Center Inc,,
28754,0,820,.85m Jr/Am Jumper Classic II.2b,2,1005,Heroine De Kerglenn,Diego Gaspar De Goes,Wellington Equestrian Center Inc,,
28754,0,820,.85m Jr/Am Jumper Classic II.2b,3,2543,Billy Snowdonia,Gabriella Rivera,"Fairy Tail Stables, LLC",,
28754,0,820,.85m Jr/Am Jumper Classic II.2b,4,1518,Mini Mentos,Tilda Berthold,Tilda Berthold,,
28754,0,820,.85m Jr/Am Jumper Classic II.2b,5,1959,Neisha,Sarah Kraemer,Stella Kraemer,,
28754,0,820,.85m Jr/Am Jumper Classic II.2b,6,1523,Casino Royale,Jessin Blossom,Alexandra V. Ireland,,
28754,0,820,.85m Jr/Am Jumper Classic II.2b,7,2540,Wyatt,Michaela Thompson,Michaela Thompson,,
28754,0,820,.85m Jr/Am Jumper Classic II.2b,8,1752,Cedric 103,Kallen Glenn,Olivia Iglesias,,
28754,0,820,.85m Jr/Am Jumper Classic II.2b,9,1561,Sir Paul,Emily Rodgers,Cassidy Warren,,
28754,0,820,.85m Jr/Am Jumper Classic II.2b,10,2046,Wineport Rio Grande,Liza Guettler,Liza Guettler,,
28754,0,820,.85m Jr/Am Jumper Classic II.2b,11,2068,Markut,Brennan Brady,"Cricket Hill Farm, Llc.",,
28754,0,820,.85m Jr/Am Jumper Classic II.2b,,1532,Tipsy,Kamryn Stewart,Gabriella Diaz De Arce,,
28754,0,820,.85m Jr/Am Jumper Classic II.2b,,1708,Glamour Van De Kakebeek,Annalise Kapsokavathis,Anne L. Bingler,,
28789,10290,851,$1000 FreeRide Equestrian 1.25m Jr/Am Jumper Classic II.2b,1,1739,Lucie V/H Vijverbos Z,Amelia Tredinnick,Carly Tredinnick,,$250
28789,10290,851,$1000 FreeRide Equestrian 1.25m Jr/Am Jumper Classic II.2b,2,1418,Vdl Friedakilly R Z,Ana Sofia Rodriguez,Rodriguez Equestrian,,$190
28789,10290,851,$1000 FreeRide Equestrian 1.25m Jr/Am Jumper Classic II.2b,3,2352,J. Charley,Joslyn Young,Joslyn Young,,$150
28789,10290,851,$1000 FreeRide Equestrian 1.25m Jr/Am Jumper Classic II.2b,4,1678,Seattle,Ana Sofia Perez,Emco Holding LLC,,$100
28789,10290,851,$1000 FreeRide Equestrian 1.25m Jr/Am Jumper Classic II.2b,5,2127,Yalambi’s Jingle Bell,Zara Adnams,Reece Adnams,,$90
28789,10290,851,$1000 FreeRide Equestrian 1.25m Jr/Am Jumper Classic II.2b,6,1252,Corleone,Lizabeth Perez-Pascual,Lizabeth Perez-Pascual,,$80
28789,10290,851,$1000 FreeRide Equestrian 1.25m Jr/Am Jumper Classic II.2b,7,1751,Cosiol Vd Padenborre Z,Lisa Mackil,Lisa Mackil,,$70
28789,10290,851,$1000 FreeRide Equestrian 1.25m Jr/Am Jumper Classic II.2b,8,1923,Olaf,Selcuk Koksalan,Selcuk Koksalan,,$70
28789,10290,851,$1000 FreeRide Equestrian 1.25m Jr/Am Jumper Classic II.2b,9,2022,Global Melody,Amy Evans,Amy Evans,,
28789,10290,851,$1000 FreeRide Equestrian 1.25m Jr/Am Jumper Classic II.2b,10,2378,Arielle Race,Porter Tobin,Porter Tobin,,
28789,10290,851,$1000 FreeRide Equestrian 1.25m Jr/Am Jumper Classic II.2b,11,1688,Mar Simon,Michelle Lin,Michelle Lin,,
28789,10290,851,$1000 FreeRide Equestrian 1.25m Jr/Am Jumper Classic II.2b,12,2024,Revelry,Sharon S. Maloney,Sharon S. Maloney,,
28789,10290,851,$1000 FreeRide Equestrian 1.25m Jr/Am Jumper Classic II.2b,,1018,Flint T.s. Et,Camille Pacheco,Camille Pacheco,,
28789,10290,851,$1000 FreeRide Equestrian 1.25m Jr/Am Jumper Classic II.2b,,1253,I'M Du Vinia,Lizabeth Perez-Pascual,Lizabeth Perez-Pascual,,
28789,10290,851,$1000 FreeRide Equestrian 1.25m Jr/Am Jumper Classic II.2b,,1325,Scooby Doo,Karsyn Edmondson,Karsyn Edmondson,,
28789,10290,851,$1000 FreeRide Equestrian 1.25m Jr/Am Jumper Classic II.2b,,1919,Carla,Selcuk Koksalan,Selcuk Koksalan,,
28789,10290,851,$1000 FreeRide Equestrian 1.25m Jr/Am Jumper Classic II.2b,,1946,Kashmir,Casey M. Millis,Casey M. Millis,,
28789,10290,851,$1000 FreeRide Equestrian 1.25m Jr/Am Jumper Classic II.2b,,2057,Bucephalus,Bobby Malmrose,Bobby Malmrose,,
28789,10290,851,$1000 FreeRide Equestrian 1.25m Jr/Am Jumper Classic II.2b,,2060,Miss Dutton,Bobby Malmrose,Bobby Malmrose,,
28789,10290,851,$1000 FreeRide Equestrian 1.25m Jr/Am Jumper Classic II.2b,,2126,Momentum,Zara Adnams,Roberto Teran Tafur,,
28591,10283,853,$1000 Prestige Italia 1.35m1.45m Jr/Am Classic II.2b,1,1689,Nastelina Van De Witte Driesendijk,Michelle Lin,Michelle Lin,,$250
28591,10283,853,$1000 Prestige Italia 1.35m1.45m Jr/Am Classic II.2b,2,1736,Garrincha Van De Kalevallei,Maleah Lang Mcmahon,Linda Bammann,,$190
28591,10283,853,$1000 Prestige Italia 1.35m1.45m Jr/Am Classic II.2b,3,1417,Vajra Du Blay,Emilio Medina,Emilio Medina,,$150
28591,10283,853,$1000 Prestige Italia 1.35m1.45m Jr/Am Classic II.2b,4,1415,Nijerite,Diego Loria,Diego Loria,,$100
28591,10283,853,$1000 Prestige Italia 1.35m1.45m Jr/Am Classic II.2b,5,1002,Balou's Paul Ps,Diego Gaspar De Goes,Wellington Equestrian Center Inc,,$90
28591,10283,853,$1000 Prestige Italia 1.35m1.45m Jr/Am Classic II.2b,6,1755,Tres Jolie Van De Noordheuvel,Jasmyne Tanguay,Jasmyne Tanguay,,$80
28591,10283,853,$1000 Prestige Italia 1.35m1.45m Jr/Am Classic II.2b,,1753,Cecilija,Tyra Cleary,Tc Sporthorses LLC,,
28591,10283,853,$1000 Prestige Italia 1.35m1.45m Jr/Am Classic II.2b,,1856,Zara Www,Kate Phillips,Kate Phillips,,
28845,10374,900,Short/Long Stirrup Hunter 2',1,1731,Mister Express,Sophia Kachin,Gh Stables,,
28845,10374,900,Short/Long Stirrup Hunter 2',2,2435,Take A Chance On Me,Cara Babington,Cara Babington,,
28845,10374,900,Short/Long Stirrup Hunter 2',3,1942,Laguna Beach,Gwendolyn Evans,Kristine Holt,,
28845,10374,900,Short/Long Stirrup Hunter 2',4,1427,French 75,Lauren Brown,Meredith Young,,
28845,10374,900,Short/Long Stirrup Hunter 2',5,1000,Living Large,Leah Terry,Leah Terry,,
28845,10374,900,Short/Long Stirrup Hunter 2',6,1189,Swayze,Ruby Bermudez,Rorie Troemel,,
28845,10374,900,Short/Long Stirrup Hunter 2',7,1839,Romeo Juliets Shadow,Zella Esposito,Emily Willett,,
28845,10374,900,Short/Long Stirrup Hunter 2',8,1011,San Castle Dae,Dixieanna Powell,Caelyn Grodoski,,
28845,10374,900,Short/Long Stirrup Hunter 2',,1539,Cozette,Ellen Scott,Julie Castonguay,,
28845,10374,900,Short/Long Stirrup Hunter 2',,1541,Loafers Lodge Sweet Temptation,Katherine Crenshaw,Katherine Crenshaw,,
28845,10374,900,Short/Long Stirrup Hunter 2',,1828,Grande Blue,Makenna Shapiro,Erin Brody,,
28845,10374,900,Short/Long Stirrup Hunter 2',,1842,Timbuktu,Leighton Morris,Emily Mcbrayer,,
28845,10374,900,Short/Long Stirrup Hunter 2',,2522,Remix De Ganad,Wendell Abraham,Mad Maple Farm LLC,,
28851,10374,901,Short/Long Stirrup Hunter 2' (1st rnd Classic) 2',1,1000,Living Large,Leah Terry,Leah Terry,,
28851,10374,901,Short/Long Stirrup Hunter 2' (1st rnd Classic) 2',2,1427,French 75,Lauren Brown,Meredith Young,,
28851,10374,901,Short/Long Stirrup Hunter 2' (1st rnd Classic) 2',3,2435,Take A Chance On Me,Cara Babington,Cara Babington,,
28851,10374,901,Short/Long Stirrup Hunter 2' (1st rnd Classic) 2',4,1011,San Castle Dae,Dixieanna Powell,Caelyn Grodoski,,
28851,10374,901,Short/Long Stirrup Hunter 2' (1st rnd Classic) 2',5,1839,Romeo Juliets Shadow,Zella Esposito,Emily Willett,,
28851,10374,901,Short/Long Stirrup Hunter 2' (1st rnd Classic) 2',6,1942,Laguna Beach,Gwendolyn Evans,Kristine Holt,,
28851,10374,901,Short/Long Stirrup Hunter 2' (1st rnd Classic) 2',7,1731,Mister Express,Sophia Kachin,Gh Stables,,
28851,10374,901,Short/Long Stirrup Hunter 2' (1st rnd Classic) 2',8,1189,Swayze,Ruby Bermudez,Rorie Troemel,,
28851,10374,901,Short/Long Stirrup Hunter 2' (1st rnd Classic) 2',,1541,Loafers Lodge Sweet Temptation,Katherine Crenshaw,Katherine Crenshaw,,
28851,10374,901,Short/Long Stirrup Hunter 2' (1st rnd Classic) 2',,1828,Grande Blue,Makenna Shapiro,Erin Brody,,
28851,10374,901,Short/Long Stirrup Hunter 2' (1st rnd Classic) 2',,1842,Timbuktu,Leighton Morris,Emily Mcbrayer,,
28851,10374,901,Short/Long Stirrup Hunter 2' (1st rnd Classic) 2',,2522,Remix De Ganad,Wendell Abraham,Mad Maple Farm LLC,,
28852,10374,902,Short/Long Stirrup Hunter 2',1,1427,French 75,Lauren Brown,Meredith Young,0.00,
28852,10374,902,Short/Long Stirrup Hunter 2',2,2435,Take A Chance On Me,Cara Babington,Cara Babington,0.00,
28852,10374,902,Short/Long Stirrup Hunter 2',3,1558,Brennus,Reese Gaasch,Cassell Wates,0.00,
28852,10374,902,Short/Long Stirrup Hunter 2',4,1000,Living Large,Leah Terry,Leah Terry,0.00,
28852,10374,902,Short/Long Stirrup Hunter 2',5,1011,San Castle Dae,Dixieanna Powell,Caelyn Grodoski,0.00,
28852,10374,902,Short/Long Stirrup Hunter 2',6,1942,Laguna Beach,Gwendolyn Evans,Kristine Holt,0.00,
28852,10374,902,Short/Long Stirrup Hunter 2',7,2522,Remix De Ganad,Wendell Abraham,Mad Maple Farm LLC,0.00,
28852,10374,902,Short/Long Stirrup Hunter 2',8,1189,Swayze,Ruby Bermudez,Rorie Troemel,0.00,
28852,10374,902,Short/Long Stirrup Hunter 2',,1541,Loafers Lodge Sweet Temptation,Katherine Crenshaw,Katherine Crenshaw,,
28852,10374,902,Short/Long Stirrup Hunter 2',,1731,Mister Express,Sophia Kachin,Gh Stables,,
28852,10374,902,Short/Long Stirrup Hunter 2',,1828,Grande Blue,Makenna Shapiro,Erin Brody,,
28852,10374,902,Short/Long Stirrup Hunter 2',,1839,Romeo Juliets Shadow,Zella Esposito,Emily Willett,,
28852,10374,902,Short/Long Stirrup Hunter 2',,1842,Timbuktu,Leighton Morris,Emily Mcbrayer,,
28852,10374,902,Short/Long Stirrup Hunter 2',,2381,Dumbledore,Sofia Arvelo,Joyeux Show Jumpers LLC,,
28853,10374,903,Short/Long Stirrup Hunter 2',1,1427,French 75,Lauren Brown,Meredith Young,0.00,
28853,10374,903,Short/Long Stirrup Hunter 2',2,2522,Remix De Ganad,Wendell Abraham,Mad Maple Farm LLC,0.00,
28853,10374,903,Short/Long Stirrup Hunter 2',3,2435,Take A Chance On Me,Cara Babington,Cara Babington,0.00,
28853,10374,903,Short/Long Stirrup Hunter 2',4,1942,Laguna Beach,Gwendolyn Evans,Kristine Holt,0.00,
28853,10374,903,Short/Long Stirrup Hunter 2',5,1558,Brennus,Reese Gaasch,Cassell Wates,0.00,
28853,10374,903,Short/Long Stirrup Hunter 2',6,1011,San Castle Dae,Dixieanna Powell,Caelyn Grodoski,0.00,
28853,10374,903,Short/Long Stirrup Hunter 2',7,1189,Swayze,Ruby Bermudez,Rorie Troemel,0.00,
28853,10374,903,Short/Long Stirrup Hunter 2',8,1000,Living Large,Leah Terry,Leah Terry,0.00,
28853,10374,903,Short/Long Stirrup Hunter 2',,1541,Loafers Lodge Sweet Temptation,Katherine Crenshaw,Katherine Crenshaw,,
28853,10374,903,Short/Long Stirrup Hunter 2',,1731,Mister Express,Sophia Kachin,Gh Stables,,
28853,10374,903,Short/Long Stirrup Hunter 2',,1828,Grande Blue,Makenna Shapiro,Erin Brody,,
28853,10374,903,Short/Long Stirrup Hunter 2',,1839,Romeo Juliets Shadow,Zella Esposito,Emily Willett,,
28853,10374,903,Short/Long Stirrup Hunter 2',,2381,Dumbledore,Sofia Arvelo,Joyeux Show Jumpers LLC,,
28854,10374,904,Short/Long Stirrup Hunter 2' U/S,1,1539,Cozette,Ellen Scott,Julie Castonguay,,
28854,10374,904,Short/Long Stirrup Hunter 2' U/S,2,1000,Living Large,Leah Terry,Leah Terry,,
28854,10374,904,Short/Long Stirrup Hunter 2' U/S,3,1189,Swayze,Ruby Bermudez,Rorie Troemel,,
28854,10374,904,Short/Long Stirrup Hunter 2' U/S,4,1839,Romeo Juliets Shadow,Zella Esposito,Emily Willett,,
28854,10374,904,Short/Long Stirrup Hunter 2' U/S,5,2435,Take A Chance On Me,Cara Babington,Cara Babington,,
28854,10374,904,Short/Long Stirrup Hunter 2' U/S,6,1828,Grande Blue,Makenna Shapiro,Erin Brody,,
28854,10374,904,Short/Long Stirrup Hunter 2' U/S,7,1942,Laguna Beach,Gwendolyn Evans,Kristine Holt,,
28854,10374,904,Short/Long Stirrup Hunter 2' U/S,8,1541,Loafers Lodge Sweet Temptation,Katherine Crenshaw,Katherine Crenshaw,,
28854,10374,904,Short/Long Stirrup Hunter 2' U/S,,1011,San Castle Dae,Dixieanna Powell,Caelyn Grodoski,,
28854,10374,904,Short/Long Stirrup Hunter 2' U/S,,1731,Mister Express,Sophia Kachin,Gh Stables,,
28854,10374,904,Short/Long Stirrup Hunter 2' U/S,,1842,Timbuktu,Leighton Morris,Emily Mcbrayer,,
28575,10295,910,Short/Long Stirrup Equitation 2',1,1731,Mister Express,Sophia Kachin,Gh Stables,,
28575,10295,910,Short/Long Stirrup Equitation 2',2,1000,Living Large,Leah Terry,Leah Terry,,
28575,10295,910,Short/Long Stirrup Equitation 2',3,1942,Laguna Beach,Gwendolyn Evans,Kristine Holt,,
28575,10295,910,Short/Long Stirrup Equitation 2',4,1541,Loafers Lodge Sweet Temptation,Katherine Crenshaw,Katherine Crenshaw,,
28575,10295,910,Short/Long Stirrup Equitation 2',5,2435,Take A Chance On Me,Cara Babington,Cara Babington,,
28575,10295,910,Short/Long Stirrup Equitation 2',6,1189,Swayze,Ruby Bermudez,Rorie Troemel,,
28575,10295,910,Short/Long Stirrup Equitation 2',7,2381,Dumbledore,Sofia Arvelo,Joyeux Show Jumpers LLC,,
28575,10295,910,Short/Long Stirrup Equitation 2',8,1839,Romeo Juliets Shadow,Zella Esposito,Emily Willett,,
28575,10295,910,Short/Long Stirrup Equitation 2',,1558,Brennus,Reese Gaasch,Cassell Wates,,
28575,10295,910,Short/Long Stirrup Equitation 2',,1828,Grande Blue,Makenna Shapiro,Erin Brody,,
28575,10295,910,Short/Long Stirrup Equitation 2',,1842,Timbuktu,Leighton Morris,Emily Mcbrayer,,
28630,10295,911,Short/Long Stirrup Equitation 2',1,1189,Swayze,Ruby Bermudez,Rorie Troemel,,
28630,10295,911,Short/Long Stirrup Equitation 2',2,2435,Take A Chance On Me,Cara Babington,Cara Babington,,
28630,10295,911,Short/Long Stirrup Equitation 2',3,1000,Living Large,Leah Terry,Leah Terry,,
28630,10295,911,Short/Long Stirrup Equitation 2',4,1828,Grande Blue,Makenna Shapiro,Erin Brody,,
28630,10295,911,Short/Long Stirrup Equitation 2',5,1731,Mister Express,Sophia Kachin,Gh Stables,,
28630,10295,911,Short/Long Stirrup Equitation 2',6,1558,Brennus,Reese Gaasch,Cassell Wates,,
28630,10295,911,Short/Long Stirrup Equitation 2',7,1541,Loafers Lodge Sweet Temptation,Katherine Crenshaw,Katherine Crenshaw,,
28630,10295,911,Short/Long Stirrup Equitation 2',8,2522,Remix De Ganad,Wendell Abraham,Mad Maple Farm LLC,,
28630,10295,911,Short/Long Stirrup Equitation 2',,1839,Romeo Juliets Shadow,Zella Esposito,Emily Willett,,
28630,10295,911,Short/Long Stirrup Equitation 2',,1942,Laguna Beach,Gwendolyn Evans,Kristine Holt,,
28630,10295,911,Short/Long Stirrup Equitation 2',,2381,Dumbledore,Sofia Arvelo,Joyeux Show Jumpers LLC,,
28645,10295,912,Short/Long Stirrup Equitation Flat,1,1731,Mister Express,Sophia Kachin,Gh Stables,,
28645,10295,912,Short/Long Stirrup Equitation Flat,2,1558,Brennus,Reese Gaasch,Cassell Wates,,
28645,10295,912,Short/Long Stirrup Equitation Flat,3,1942,Laguna Beach,Gwendolyn Evans,Kristine Holt,,
28645,10295,912,Short/Long Stirrup Equitation Flat,4,1828,Grande Blue,Makenna Shapiro,Erin Brody,,
28645,10295,912,Short/Long Stirrup Equitation Flat,5,1541,Loafers Lodge Sweet Temptation,Katherine Crenshaw,Katherine Crenshaw,,
28645,10295,912,Short/Long Stirrup Equitation Flat,6,2435,Take A Chance On Me,Cara Babington,Cara Babington,,
28645,10295,912,Short/Long Stirrup Equitation Flat,7,1189,Swayze,Ruby Bermudez,Rorie Troemel,,
28645,10295,912,Short/Long Stirrup Equitation Flat,8,2381,Dumbledore,Sofia Arvelo,Joyeux Show Jumpers LLC,,
28645,10295,912,Short/Long Stirrup Equitation Flat,,1000,Living Large,Leah Terry,Leah Terry,,
28645,10295,912,Short/Long Stirrup Equitation Flat,,1839,Romeo Juliets Shadow,Zella Esposito,Emily Willett,,
28672,0,926,Short Stirrup/Long Stirrup Classic 2',1,1000,Living Large,Leah Terry,Leah Terry,80,
28672,0,926,Short Stirrup/Long Stirrup Classic 2',2,1011,San Castle Dae,Dixieanna Powell,Caelyn Grodoski,74,
28672,0,926,Short Stirrup/Long Stirrup Classic 2',3,1427,French 75,Lauren Brown,Meredith Young,78,
28672,0,926,Short Stirrup/Long Stirrup Classic 2',4,1839,Romeo Juliets Shadow,Zella Esposito,Emily Willett,72,
28672,0,926,Short Stirrup/Long Stirrup Classic 2',5,1731,Mister Express,Sophia Kachin,Gh Stables,66,
28672,0,926,Short Stirrup/Long Stirrup Classic 2',6,1189,Swayze,Ruby Bermudez,Rorie Troemel,64,
28672,0,926,Short Stirrup/Long Stirrup Classic 2',7,1942,Laguna Beach,Gwendolyn Evans,Kristine Holt,70,
28672,0,926,Short Stirrup/Long Stirrup Classic 2',8,1828,Grande Blue,Makenna Shapiro,Erin Brody,55,
28672,0,926,Short Stirrup/Long Stirrup Classic 2',9,1541,Loafers Lodge Sweet Temptation,Katherine Crenshaw,Katherine Crenshaw,40,
28672,0,926,Short Stirrup/Long Stirrup Classic 2',,1842,Timbuktu,Leighton Morris,Emily Mcbrayer,0,
28718,10291,927,Walk Trot Equitation Ground Rails,1,1195,Notelo De Rox,Jane Brennan,Rebekah Herrema,,
28718,10291,927,Walk Trot Equitation Ground Rails,2,1730,Good As Gold,Vera Kachin,Stephanie Free,,
28718,10291,927,Walk Trot Equitation Ground Rails,3,2381,Dumbledore,Sofia Devia,Joyeux Show Jumpers LLC,,
28719,10291,928,Walk Trot Equitation Ground Rails,1,2381,Dumbledore,Sofia Devia,Joyeux Show Jumpers LLC,,
28719,10291,928,Walk Trot Equitation Ground Rails,2,1195,Notelo De Rox,Jane Brennan,Rebekah Herrema,,
28719,10291,928,Walk Trot Equitation Ground Rails,3,1730,Good As Gold,Vera Kachin,Stephanie Free,,
28720,10291,929,Walk Trot Equitation Ground Rails,1,1730,Good As Gold,Vera Kachin,Stephanie Free,0.00,
28720,10291,929,Walk Trot Equitation Ground Rails,2,2381,Dumbledore,Sofia Devia,Joyeux Show Jumpers LLC,0.00,
28720,10291,929,Walk Trot Equitation Ground Rails,3,1195,Notelo De Rox,Jane Brennan,Rebekah Herrema,0.00,
28721,10291,930,Walk Trot Equitation Ground Rails,1,2381,Dumbledore,Sofia Devia,Joyeux Show Jumpers LLC,0.00,
28721,10291,930,Walk Trot Equitation Ground Rails,2,1195,Notelo De Rox,Jane Brennan,Rebekah Herrema,0.00,
28721,10291,930,Walk Trot Equitation Ground Rails,3,1730,Good As Gold,Vera Kachin,Stephanie Free,0.00,
33461,10291,931,Walk Trot Equitation Ground Rails Flat,1,1730,Good As Gold,Vera Kachin,Stephanie Free,,
33461,10291,931,Walk Trot Equitation Ground Rails Flat,2,1195,Notelo De Rox,Jane Brennan,Rebekah Herrema,,
33461,10291,931,Walk Trot Equitation Ground Rails Flat,3,2381,Dumbledore,Sofia Devia,Joyeux Show Jumpers LLC,,
28717,0,2001,Leadline,,1250,Poptart,Tinsley Robson,Competition Farm LLC,,
28717,0,2001,Leadline,,1559,Royal Masterpiece,Isla Wates,Cassell Wates,,
28717,0,2001,Leadline,,1664,Pretzel Palooza,Brook Smith,Ella Ofarrell,,
28717,0,2001,Leadline,,1842,Timbuktu,Asher Bartek,Emily Mcbrayer,,
