record_id,show_no,entry_no,entry_display,horse,horse_display,rider,rider_display,trainer,trainer_display,active
rec01fcLz3gBaOuCk,14907,2961,2961,Evolene De Carles,,Vicente Guillen,Vicente,Vicente Guillen,Vicente Guillen,1
rec04G5QautLKroO5,14907,2535,2535,Lucky Lakota,,Guiliana Itzo,Guiliana,Wendy J. Hechler,Wendy J. Hechler,1
rec04dA4WFyLCjXNw,14907,1675,1675,L.v. Valdrumer,,Nicole Presa Tejada,Nicole,Juan A. Rodriguez Silva,Juan A. Rodriguez Silva,1
rec05KksmIMbP4zEb,14907,3099,3099,Cartoon Sd Z,Cartoon,Tanner Korotkin,Tanner,Alan Korotkin,CWF,1
rec07FCmE0osOA0Z0,14907,2128,2128,Changes In Latitude,,Clara Sipple,Clara,Maisie Wagner,Maisie Wagner,1
rec07T9tJS4DHWlU0,14907,1466,1466,Odaya,,Anna Mazor-Allhusen,Anna,Mario Garcia,Mario Garcia,1
rec08Bcdiirsd0shr,14907,1075,1075,Chris B,,Miley Davidyan,Miley,Benjamin J. Meredith,Benjamin J. Meredith,1
rec0EKYIlKuo6e2gz,14907,1438,1438,Comeback Queen,,Mckenzie Badley,Mckenzie,Matthew Le Master,Matthew Le Master,1
rec0MpaYnNju2ExM0,14907,1457,1457,Kamilla,,Olivia Planer,Olivia,Wendy J. Hechler,Wendy J. Hechler,1
rec0NSJSySU5lKsqL,14907,2964,2964,Chillas Z,,Tanner Korotkin,Tanner,Brooklyn Castellano,Brooklyn Castellano,1
rec0OvFLXfoZKvs15,14907,1251,1251,Spice Girl,,Bernadette Sobrino,Bernadette,Erica Robson,Erica Robson,1
rec0RAU78DTJevqhZ,14907,1237,1237,Weebiscuit,Weebiscuit,,,,,1
rec0YULLcir5vLyAM,14907,2215,2215,Happily Ever After,Happily Ever After,,,,,1
rec0jfy8C1BmZlxoY,14907,3333,3333,Hickstead Houdini,Hickstead Houdini,,,,,1
rec0k3WZoyAveK1JI,14907,1286,1286,Sensation Of The North,,Janice Varandas,Janice,Katie Moniz Floyd,Katie Moniz Floyd,1
rec0nIlVrJ81KpK5w,14907,1585,1585,Artic Jt Z,,Captain Brian Cournane,Captain,Captain Brian Cournane,Captain Brian Cournane,1
rec0oB2Jm5zwqXvq5,14907,1796,1796,Blue Hour,Blue Hour,,,,,1
rec0oK3MXB6M3HAF2,14907,1917,1917,Smooth Sailing,,Claire Arnold,Claire,Bryce P. Richardson,Bryce P. Richardson,1
rec0oUzAUaAoWaLAO,14907,1247,1247,Captain Marvel CF,,Erica Robson,Erica,Erica Robson,Erica Robson,1
rec0on3YwJxmy4UfE,14907,2803,2803,Kanai,,Addison Reed,Addison,Addison Reed,Addison Reed,1
rec0sEBbL6j23F5Gs,14907,154,154,Hagelin,,Sharn L. Wordley,Sharn,Sharn L. Wordley,Sharn L. Wordley,1
rec0toyPx9achffXl,14907,2727,2727,Global Ph Cocofino,,Tyla Hackett,Tyla,David Cameron,David Cameron,1
rec0v0WJGnoB5pLrQ,14907,2874,2874,Dropshot Z,,Jordan Petersen,Jordan,Jared P. Petersen,Jared P. Petersen,1
rec15E164n3x0AA8E,14907,1051,1051,Cajou Mm,,Gabriela Mccloskey,Gabriela,Daniela Roy,Daniela Roy,1
rec1K7ICEFCibF2DT,14907,1589,1589,Kali,,Mireya Godoy,Mireya,Juan M. Bolanos,Juan M. Bolanos,1
rec1RAmQjCfnJ2wyW,14907,2827,2827,Lord Carlino,,Alexandra Hird,Alexandra,August Torsilieri,August Torsilieri,1
rec1SQ2DHhXNH2sz5,14907,2231,2231,Rise Above,Rise Above,,,,,1
rec1SyutrvSIrq6RP,14907,1033,1033,Bellingham,Bellingham,,,,,1
rec1VD4ZNQ8xxCGWk,14907,1006,1006,Thompson Ter Doorn Z,,Maria Pantaliao,Maria,Juan Benítez,Juan Benítez,1
rec1VxuMYNOcb6XCM,14907,3161,3161,Dance Partner,Dance Partner,,,,,1
rec1VyzAqhgOS2rK7,14907,2668266826682668,2668266826682668,,,,,,,1
rec1Zg7zQ1vGAkztx,14907,3028,3028,Kingpin,Kingpin,,,,,1
rec1b3XnJ0xwpUVVO,14907,1063,1063,La Fe Frontera,,Cat Zampieri,Cat,Daniela Roy,Daniela Roy,1
rec1dChOEHy9TphqB,14907,173,173,Joint De Canabis Van De Doornhoeve,,Alberto Michan,Alberto,Alberto Michan,Alberto Michan,1
rec1e77tZXkuTZTKx,14907,1525,1525,Checkmate,,Gabriella Savettiere,Gabriella,Jake Evans,Jake Evans,1
rec1eLaySOTVGfZvf,14907,1882,1882,Kara J D'alve Z,,Alexandria Beneson,Alexandria,Thea N. Stinnett,Thea N. Stinnett,1
rec1h9tikxncztApt,14907,1767,1767,Gotham De Chalusse,,Robert Mendoza,Robert,Robert Mendoza,Robert Mendoza,1
rec1jsiwNJbaqTry3,14907,2190,2190,Kennedy,,Izabella Zourdos,Izabella,Kathryn Delaney,Kathryn Delaney,1
rec1kzOSCYINSWMgd,14907,2385,2385,Casa Quo Vadis,,Grace Harrison,Grace,Lisa Hasenbeck,Lisa Hasenbeck,1
rec1oM5ee7kSk9If7,14907,1088,1088,Titan,,Mckenzie Miller,Mckenzie,Conan Conway,Conan Conway,1
rec1skbI5S4rMKr3H,14907,171,171,Chardonnay,,Robert Blanchette,Robert,Tammy Blanchette,Tammy Blanchette,1
rec1uKd2hbaxLdGQz,14907,3410,3410,Marley,Marley,,,,,1
rec1v4wlYLNcNIVGe,14907,1441,1441,Princeton Mk,,Olivia Gaul,Olivia,Matthew Le Master,Matthew Le Master,1
rec1zG5BsIopNkvgJ,14907,1679,1679,Tarzan Z,,Ana Cristina Rodriguez,Ana,Juan A. Rodriguez Silva,Juan A. Rodriguez Silva,1
rec20ehq3ynW6QPW7,14907,2541,2541,Fireball,,Lucas Garcia,Lucas,Mario Garcia,Mario Garcia,1
rec26JITyiE4sJMw9,14907,2348,2348,Cupido De Jolie Z,,Katlynn Butler,Katlynn,Katlynn Butler,Katlynn Butler,1
rec26u95qyoi4Zpdx,14907,2573,2573,Ballyforan,,Teresa Martinoli,Teresa,Patrick R. Wilcher,Patrick R. Wilcher,1
rec2C8xe0wSoPWTi8,14907,1092,1092,Over Ruled,,Isabella Keyman,Isabella,Alison Jones,Alison Jones,1
rec2GEDCLqOTD54WW,14907,3217,3217,Sy,Sy,,,,,1
rec2I74RoLLuXjE0g,14907,2086,2086,Psu Krymsun Blue Sky,,Isabella Adams,Isabella,Madison Daughdrill,Madison Daughdrill,1
rec2LVSvJYCzH6ntu,14907,1021,1021,Rover,,Kelly Prather,Kelly,Michael K. Kennedy,Michael K. Kennedy,1
rec2QkcnyX1waK5ev,14907,1591,1591,Irish Coffee Vhl,Coffee,Iliana Palumbo,Iliana,Alan Korotkin,CWF,1
rec2SnUDTF5XK7afR,14907,2294,2294,Onetta Vd Fruitkorf Z,,Bailey P. Tims-Ferira,Bailey,Declan Egan,Declan Egan,1
rec2XKiZ3N0mE6REQ,14907,2894,2894,Try Me,Try Me,,,,,1
rec2aORsCT9oH5I42,14907,3181,3181,Smeagle Van't Eigenlo,Smeagle Van't Eigenlo,,,,,1
rec2alpWgee7dQAmr,14907,2393,2393,United's Choice,,Dana Ventrice,Dana,Dana Ventrice,Dana Ventrice,1
rec2baIfOEJG63TMM,14907,2720,2720,Espresso,,Molly Frei,Molly,Sven Frei,Sven Frei,1
rec2c2MFlF74J1ChD,14907,1072,1072,Volodia D'argouges,,Clara Vidal,Clara,Daniela Roy,Daniela Roy,1
rec2cDkWFGecuTXv5,14907,1933,1933,Caligua,,Janie Stevenson,Janie,Jamie Reinheimer,Jamie Reinheimer,1
rec2eUucGK8LzHAZi,14907,2493,2493,In Clover,In Clover,,,,,1
rec2hsK2SEMEvJsQF,14907,3039,3039,Billy Adorable,,Sophie Smith,Sophie,Morgan Taylor,Morgan Taylor,1
rec2kXWkfpJjysxto,14907,2903,2903,Calisto Di Montie Z,Calisto Di Montie Z,,,,,1
rec2oJQmqDACrFDkO,14907,1202,1202,Quizmaster,,Lainey Lovell,Lainey,Kacey Conway,Kacey Conway,1
rec2vyepthImFfxd5,14907,2743,2743,Stoli,Stoli,,,,,1
rec2ycsr5WvP5uEld,14907,1101,1101,Quido,,Reya Popat,Reya,Morgan Taylor,Morgan Taylor,1
rec32qsqLuGDJ9aQ7,14907,1766,1766,Diatendra,,Robert Mendoza,Robert,Robert Mendoza,Robert Mendoza,1
rec36l8EG5RpAgroN,14907,1109,1109,Odilon,,Soleil Katsur,Soleil,Jessica Cross,Jessica Cross,1
rec37oaBKQnkXuFLX,14907,2236,2236,Custom Fit,Custom Fit,,,,,1
rec3AjH1MdATg46Lv,14907,1676,1676,Nashua,,Natalia Perez,Natalia,Juan A. Rodriguez Silva,Juan A. Rodriguez Silva,1
rec3Ajj0at5slKfYA,14907,2736,2736,Olimpink Melloni,,Timothy Maddrix,Timothy,Timothy Maddrix,Timothy Maddrix,1
rec3DpKWemv7a6IRn,14907,2173,2173,Danilo Khr,,Megan Gardiner,Megan,Megan Gardiner,Megan Gardiner,1
rec3FAchzIv5xBucH,14907,1707,1707,Ally Z,,Anne L. Bingler,Anne,Anne L. Bingler,Anne L. Bingler,1
rec3K75aukCEzb49g,14907,1682,1682,Allegra Van Het Eikenhof Z,,Aria Collins,Aria,Jessica Collins,Jessica Collins,1
rec3MT7xCq5XAhkoB,14907,1916,1916,Hhf Levison's Pride,,Bryce P. Richardson,Bryce,Bryce P. Richardson,Bryce P. Richardson,1
rec3Me0gpJHib7Ibm,14907,2017,2017,United Del Coco,,Julia Worden,Julia,Julia Worden,Julia Worden,1
rec3NAfKM6Cekfee9,14907,2258,2258,Layla 74,Layla 74,,,,,1
rec3Px2mda67HXYII,14907,1816,1816,Luna,Luna,,,,,1
rec3UacfaeKhcUceZ,14907,1398,1398,Robijn Van't Roosakker,Robijn Van't Roosakker,,,,,1
rec3Uv3yOB4Q5NwZf,14907,2954,2954,Dropshot Z,,Paige Jones,Paige,Dominique H. Damico,Dominique H. Damico,1
rec3W1m1CRMqKtOku,14907,2383,2383,A La Quattro S,,Vivian Heyer,Vivian,August Torsilieri,August Torsilieri,1
rec3YkBAt3T7g2M9W,14907,1187,1187,Phantom,,Adelyn Miller,Adelyn,Stephanie Free,Stephanie Free,1
rec3YmHX4HQFsL9hK,14907,1355,1355,Chocolat Van De Broy Z,Chocolat Van De Broy Z,,,,,1
rec3Z99UEZL8sSNY7,14907,1095,1095,Cabana Boy,,Isaac Leffkowitz,Isaac,Isaac Leffkowitz,Isaac Leffkowitz,1
rec3a2wD5CY19q8Cn,14907,2319,2319,,,,,,,1
rec3bLIGAk2dqZnDe,14907,3034,3034,Napoleon,,Robert P. Stucky,Robert,Robert P. Stucky,Robert P. Stucky,1
rec3d5aE12ySM19YR,14907,1984,1984,Olli Van De Zuuthoeve,,Dana Narayanappa,Dana,Natalie Johnson Russell,Natalie Johnson Russell,1
rec3hiESyDRNyLtbA,14907,2145,2145,,,,,,,1
rec3wby7DWIiWanEq,14907,1879,1879,Salute To You,,Daniela Pulgar,Daniela,Daniela Roy,Daniela Roy,1
rec3wfvjfMjQ9sCII,14907,1249,1249,Colombiana,,Erica Robson,Erica,Erica Robson,Erica Robson,1
rec3zr0DE8MzOsdpK,14907,1221,1221,Kobalt Des Vk,,Mackenzie R. McGehee,Mackenzie,Megan Wexler,Megan Wexler,1
rec3zyMPoFyldLxW3,14907,107,107,Conthalando Ps,,Manuel G. Torres,Manuel,Manuel G. Torres,Manuel G. Torres,1
rec40RGkxUIYykjih,14907,1544,1544,Prince Henry,,Jackson Callahan,Jackson,Dominique H. Damico,Dominique H. Damico,1
rec41PNz3aD0mIrBn,14907,1930,1930,Champ,,Windsor Ryan,Windsor,Traci A. Weston,Traci A. Weston,1
rec434ZDnG5z2s5yF,14907,223,223,Dragonball,,Chloe D. Reid,Chloe,Chloe D. Reid,Chloe D. Reid,1
rec43Xr9hCD3oLh2g,14907,2926,2926,Clever,,Jake Evans,Jake,Jake Evans,Jake Evans,1
rec45GpYeI1KYllF5,14907,1027,1027,Fort Knox,Knox,Lainey Posa,Lainey,Alan Korotkin,CWF,1
rec48IQH1cLRCSpiA,14907,3509,3509,Arnac Du Mazes,Arnac Du Mazes,,,,,1
rec4BWUfDhA6ovO4X,14907,2664,2664,Callisto,,Angela Gais,Angela,Angela Gais,Angela Gais,1
rec4FOlB92FMkKz2z,14907,1659,1659,London Star,,Barbara H. Center,Barbara,Kyle Dewar,Kyle Dewar,1
rec4HtfJmwxwrcJYO,14907,1428,1428,Insightful,,Kendall Bland,Kendall,Dawn Hersey,Dawn Hersey,1
rec4ITFSuRzNz24pL,14907,2934,2934,Jalanne,,Jelmer Hoekstra,Jelmer,Jelmer Hoekstra,Jelmer Hoekstra,1
rec4V1tpPt3wiEnbN,14907,2137,2137,Falling Moon Front Page,,Kennedy Kluber,Kennedy,Terrie E. Shibley,Terrie E. Shibley,1
rec4X25T8c5jnS9aX,14907,1666,1666,F.ellouette,,Sebastian Presa Tejada,Sebastian,Juan A. Rodriguez Silva,Juan A. Rodriguez Silva,1
rec4aCCXiT3ZzSW5s,14907,2170,2170,Greigiau Spring Johnson,,Ella Sasso,Ella,Juliann W. Cunningham,Juliann W. Cunningham,1
rec4dXlqCDnn7yZkr,14907,1459,1459,Voyageur,,Marie Lawlor,Marie,Wendy J. Hechler,Wendy J. Hechler,1
rec4g5rjcJW2YzDAg,14907,1106,1106,Naomi Hpf,,Hector Florentino,Hector,Benjamin J. Meredith,Benjamin J. Meredith,1
rec4iZ2svnApgdukR,14907,2621,2621,Nayla Balou,,Mary Jo Engstrom,Mary,Debra L. Ward,Debra L. Ward,1
rec4isV75lb5YAcOe,14907,1801,1801,Marseille,Marseille,,,,,1
rec4jeW2DgZUT7qPj,14907,1444,1444,Orette De Kalvarie,Orette De Kalvarie,,,,,1
rec4nko8mSm636TXr,14907,2807,2807,Illusion Cl,Illusion Cl,,,,,1
rec4pOaYgAZalZMzo,14907,1341,1341,Modena Lc,,Juan J. Bancalari,Juan,Juan J. Bancalari,Juan J. Bancalari,1
rec4qUOGVJAGUZqnw,14907,143,143,Pmf Inventiv,,Angela Swanson,Angela,Angela Swanson,Angela Swanson,1
rec4sYbf6VrE4Gdck,14907,2886,2886,Venezia D'austral Z,,Ryan Michael Genn,Ryan,Ryan Michael Genn,Ryan Michael Genn,1
rec4xJM8MrD8yzusL,14907,1488,1488,Crown,,Sofia Fayad,Sofia,Bibby F. Hill,Bibby F. Hill,1
rec50A1e6NvveXW9q,14907,2847,2847,Jurrney,,Wendy B. Rice,Wendy,Lauren Schweppe,Lauren Schweppe,1
rec50DCvX5MF21Jf5,14907,1241,1241,Balou Blue Z,,Brittni A. Raflowitz,Brittni,Brittni A. Raflowitz,Brittni A. Raflowitz,1
rec514OUjwldYovtn,14907,1768,1768,Mistigrise Du Seigneur,,Robert Mendoza,Robert,Robert Mendoza,Robert Mendoza,1
rec53XSizG64Ut8fX,14907,1009,1009,Only Always,,Kimberly S. Maloomian,Kimberly,Kimberly S. Maloomian,Kimberly S. Maloomian,1
rec54726T3NJ6SoIz,14907,1785,1785,Vdl Adancha Z,,Stella Stinnett,Stella,Thea N. Stinnett,Thea N. Stinnett,1
rec54UCrRRaZybrzs,14907,1080,1080,Khinula Wb,,Laura Linback,Laura,Troy Linback,Troy Linback,1
rec55QuaBFAQFcsdh,14907,1575,1575,Bellefour's Steel Fox,,Marlow Rickun,Marlow,Kelsey Duffy,Kelsey Duffy,1
rec5BCZ11djG4ijhg,14907,2796,2796,Santa Rosa Fiona,,Priscilla Broger,Priscilla,Priscilla Broger,Priscilla Broger,1
rec5DPfOVGzqUDCig,14907,3006,3006,Surely,,Audrey Turner,Audrey,Laura Gaither,Laura Gaither,1
rec5HRwfgu8Db9W27,14907,1108,1108,Cali Blue Ps,,Soleil Katsur,Soleil,Jessica Cross,Jessica Cross,1
rec5OBdFACbnwaG76,14907,2966,2966,Beast Mode,,Addison Benio,Addison,Addison Benio,Addison Benio,1
rec5SupXeyjWTgAbz,14907,2732,2732,Leroy Brown,,Amanda Majewski,Amanda,Terrie E. Shibley,Terrie E. Shibley,1
rec5U7pN8TJHOvcg6,14907,2029,2029,Cobalto,,Anne L. Bingler,Anne,Anne L. Bingler,Anne L. Bingler,1
rec5W8zVBAHOmlvOQ,14907,2113,2113,Never Ending Story,,Zendaya Horner Brown,Zendaya,Katie Rudnick,Katie Rudnick,1
rec5WKbSvvNAIspHS,14907,2132,2132,Goliath,,Addison Reed,Addison,Addison Reed,Addison Reed,1
rec5WQl0Uwyt03T0k,14907,1098,1098,Royal Mark,,Isaac Leffkowitz,Isaac,Isaac Leffkowitz,Isaac Leffkowitz,1
rec5f63CZaArtXlEr,14907,10491049,10491049,,,,,,,1
rec5i4vjum6YIHJFG,14907,2008,2008,,,,,,,1
rec5oUulq4v1aqsIA,14907,3406,3406,Shalako,Shalako,,,,,1
rec5pQtQGSG9uVcTL,14907,2930,2930,Miracle Van De Beiaard Z,,Declan Egan,Declan,Declan Egan,Declan Egan,1
rec5pU13zfWM743CN,14907,2292,2292,Icarus,,Bailey P. Tims-Ferira,Bailey,Declan Egan,Declan Egan,1
rec5pmCjObhKYYuY4,14907,2197,2197,King William,,Sharn L. Wordley,Sharn,Sharn L. Wordley,Sharn L. Wordley,1
rec5ppXd3Vi3V3PUp,14907,1878,1878,Futur Du Pomiez,,Reagan Williams,Reagan,Tara G. Bostwick,Tara G. Bostwick,1
rec5uw8rg4rX0wj09,14907,3435,3435,Domingo,Domingo,,,,,1
rec5ygHvQHdrPqVbK,14907,2928,2928,Cypress,,Ellery Winkler,Ellery,Declan Egan,Declan Egan,1
rec5zBhR4G8UOqWRu,14907,1628,1628,Milas D,,Jennifer Strickland,Jennifer,Jennifer Strickland,Jennifer Strickland,1
rec66QuE2Mvd77FhV,14907,2959,2959,Wrenwood Blue Dream,,Robert Duffy-Levendorf,Robert,Kelsey Duffy,Kelsey Duffy,1
rec6AV0thciPwtA0u,14907,1545,1545,Quincy Too,,Sarah Callahan,Sarah,Dominique H. Damico,Dominique H. Damico,1
rec6M1TTc7umBP1As,14907,1065,1065,Lord Cageman,,Jingxuan Zhou,Jingxuan,Daniela Roy,Daniela Roy,1
rec6NKXOnzaqgiEpv,14907,3346,3346,Dsh Absolut,Dsh Absolut,,,,,1
rec6QjeebNQzoD5RS,14907,1791,1791,Kalahari Na,,Katie Drummond,Katie,Jared P. Petersen,Jared P. Petersen,1
rec6Y3LmuGjFdkmyG,14907,2136,2136,Cms Cabernett,Cms Cabernett,,,,,1
rec6ZGNosqNhhZYIP,14907,1064,1064,Locinthe Vdl,,Clara Vidal,Clara,Daniela Roy,Daniela Roy,1
rec6b9get1DuDSNzS,14907,2612,2612,Marshall,,Timothy Maddrix,Timothy,Timothy Maddrix,Timothy Maddrix,1
rec6hj42NmyzUpTvg,14907,2880,2880,Valentine Car,,Sharn L. Wordley,Sharn,Sharn L. Wordley,Sharn L. Wordley,1
rec6iwnGhNhMivPK5,14907,1062,1062,Kalibra S,,Frances Derrer,Frances,Daniela Roy,Daniela Roy,1
rec6jFlPCM76WurPT,14907,3157,3157,Lady Bombastic 3,,Robert Blanchette,Robert,Tammy Blanchette,Tammy Blanchette,1
rec6qEkb6JtyJio2I,14907,2293,2293,Miss Cranny Sarco,,Declan Egan,Declan,Declan Egan,Declan Egan,1
rec6u2HTz330ZyOm3,14907,1293,1293,Getthe Muny Bernie,,Carrie Riddle,Carrie,Lindsay Barrack,Lindsay Barrack,1
rec6uUStMesh3znm5,14907,1907,1907,Wild Kat,,Jamie Alnwick,Jamie,Scott Keach,Scott Keach,1
rec6uoZ2Up2uWPPC2,14907,1548,1548,Tesserae,Tesserae,,,,,1
rec6wNQ8qnyhIyKnM,14907,3037,3037,Malmo 54,,Tom Monaghan,Tom,Tom Monaghan,Tom Monaghan,1
rec6zjv7j1wAQWFiw,14907,2765,2765,Argon Van De Hunters Z,Argon Van De Hunters Z,,,,,1
rec74jz5MQsVEZGqt,14907,1826,1826,Emi Initia,,Sara Lent,Sara,Lia Screnci,Lia Screnci,1
rec79GI4KSUnzcxKK,14907,1263,1263,Eliott Dz,,Aaron Vale,Aaron,Ben Taylor,Ben Taylor,1
rec7Ab9hWgN2MWcXj,14907,1302,1302,Sweet Caroline Na,,Juliane Stephan,Juliane,Alberto Michan,Alberto Michan,1
rec7AkbkjLTZgFxVv,14907,3026,3026,Frf Wandering Turn,Frf Wandering Turn,,,,,1
rec7BwCKMRQDMQgx2,14907,1662,1662,Miles Ahead,,Katherine F. Dewar,Katherine,Kyle Dewar,Kyle Dewar,1
rec7F9hjLstqdYMOO,14907,2147,2147,Princeton,,Lacoste Davis,Lacoste,Christine Davis,Christine Davis,1
rec7HGhhxy0VcsvHr,14907,2945,2945,Koletta,,Stephanie Frey,Stephanie,Stephanie Frey,Stephanie Frey,1
rec7IRQCJhcQjYSyL,14907,158,158,Icare Chavannais,,Priscilla Broger,Priscilla,Priscilla Broger,Priscilla Broger,1
rec7Op9ou8Hbrpp8I,14907,2304,2304,Camden Street,,Phillipa Greenberg,Phillipa,Wendy J. Hechler,Wendy J. Hechler,1
rec7T64fHxv2ICFyD,14907,12961296,12961296,,,,,,,1
rec7TuJvn6kKhK8Rb,14907,2399,2399,Wineham,,Danae Oliveri,Danae,Jacqueline Steffens Daly,Jacqueline Steffens Daly,1
rec7UiVuyI7IU1Nhe,14907,2817,2817,Viscolano,Viscolano,,,,,1
rec7WCHHMldON19KP,14907,1149,1149,Diatano,Diatano,,,,,1
rec7X3x2xYM9fNfws,14907,1790,1790,Cataumet,,Lauren Schweppe,Lauren,Lauren Schweppe,Lauren Schweppe,1
rec7Xhy1diC2mfn1j,14907,161,161,Jason Brown,,Flavio Montenegro,Flavio,Ben Taylor,Ben Taylor,1
rec7azKaPKmD2cx7o,14907,2712,2712,Il Vole Du Park,,Juan E. Hidalgo,Juan,Juan E. Hidalgo,Juan E. Hidalgo,1
rec7bJLZq70fTkdNS,14907,3222,3222,Velour Hf,Velour Hf,,,,,1
rec7dFt7LqAIZa3sg,14907,189,189,Lyjanair,,Richard A. Spooner,Richard,Richard A. Spooner,Richard A. Spooner,1
rec7enZTdsncgJQcM,14907,2094,2094,Gold Du Rouet,,Taylor St Jacques,Taylor,Andrew C. Welles,Andrew C. Welles,1
rec7oPU2U47Im0jah,14907,1025,1025,Dodicci,Dottie,Carsyn Korotkin,Carsyn,Alan Korotkin,CWF,1
rec7pZYSTNNmPkyu6,14907,2561,2561,Indiscreet,,Spencer Brittan,Spencer,Spencer Brittan,Spencer Brittan,1
rec7vnyr2tVcM6JKv,14907,2361,2361,Casuall,,John Michael Durr,John,John Michael Durr,John Michael Durr,1
rec7xtG00LNziiwOy,14907,1936,1936,Sf Old Fashioned,,Jamie Reinheimer,Jamie,Jamie Reinheimer,Jamie Reinheimer,1
rec7zQax96YuurTYP,14907,2083,2083,Dank's Corner Livin' In The Future,,Laikynn Mixon,Laikynn,Madison Daughdrill,Madison Daughdrill,1
rec81sUUNYt18WiAO,14907,1864,1864,La India Catania,,Celso Ariani,Celso,Celso Ariani,Celso Ariani,1
rec88WmrE0gSWXFHr,14907,2968,2968,Anthem L.a. Z,,Stella Kraemer,Stella,Luciano Dome,Luciano Dome,1
rec8BkNjJAu1oqLly,14907,2157,2157,Streya,,Jacqueline Steffens Daly,Jacqueline,Jacqueline Steffens Daly,Jacqueline Steffens Daly,1
rec8DmkeJuEVF6qQP,14907,2408,2408,Brightest Star Orf Z,Brightest Star Orf Z,,,,,1
rec8IWsCUcfLNXWe4,14907,1617,1617,Prescott,Prescott,,,,,1
rec8LsoJURKHZ44D2,14907,1843,1843,Accelerator,,Fabian Herrera,Fabian,Fabian Herrera,Fabian Herrera,1
rec8MFCog8SGj6oyT,14907,3183,3183,Jason,Jason,,,,,1
rec8OYeF4BnG15lvv,14907,3373,3373,22 Cartagena,22 Cartagena,,,,,1
rec8P7VE4xrhSr8iw,14907,2867,2867,Chef Special,,Tracy Fenney,Tracy,Michael J. Mccormick,Michael J. Mccormick,1
rec8PR9MnLxkUXfAc,14907,1037,1037,Insider Bh,Insider,Victoria Rotsaert,Victoria,Alan Korotkin,CWF,1
rec8UGAUAUJ780m3N,14907,1947,1947,Playboy Blue Vh Z,,Casey M. Millis,Casey,Casey M. Millis,Casey M. Millis,1
rec8bEkXQ121XUPro,14907,1823,1823,Aperture Vf,,Lia Screnci,Lia,Lia Screnci,Lia Screnci,1
rec8dMmNDSdG203Mw,14907,2188,2188,Excel Star Herald,,Danielle Platt,Danielle,Danielle Platt,Danielle Platt,1
rec8djTKCR8X4DavJ,14907,2667,2667,Calypso,Calypso,Josephine Demmo,Josephine,Alan Korotkin,CWF,1
rec8dxdOus0dlQQON,14907,2401,2401,Lance Van't Roosakker,,Lola Reardon,Lola,Kimberly Nadler-Russo,Kimberly Nadler-Russo,1
rec8nbieTHlNYfAzC,14907,2534,2534,Callisto De Fetan Z,,Robert Mendoza,Robert,Robert Mendoza,Robert Mendoza,1
rec8q6pzxu3h9BVPr,14907,3422,3422,Fred Astaire,Fred Astaire,,,,,1
rec8qHQrDItvdlQoL,14907,1028,1028,Forte,Macho,Carsyn Korotkin,Carsyn,Alan Korotkin,CWF,1
rec8sI9fvIMgzRWtl,14907,3005,3005,Kilmastulla Quality Touch,,Seanna Reser,Seanna,Stacey L. Reser,Stacey L. Reser,1
rec900wy3a31okVGL,14907,1103,1103,Vhf Vegas,,Amelia Khan,Amelia,Morgan Taylor,Morgan Taylor,1
rec93QEULmoP9lVQ5,14907,3014,3014,Hazelberg's Opium Dve,,,,,,1
rec95VcM0BbVFcEui,14907,3394,3394,Joey Van De Nieuwburghoeve,Joey Van De Nieuwburghoeve,,,,,1
rec97QFWtimduyHuB,14907,1283,1283,Calais,,Kole Floyd,Kole,Katie Moniz Floyd,Katie Moniz Floyd,1
rec9GEPDxYugGa9EC,14907,1261,1261,Com'on Kylie M,,Sophia Ayers,Sophia,Ben Taylor,Ben Taylor,1
rec9HeW9WlmtzBC08,14907,2368,2368,Cheque,,Jake Evans,Jake,Jake Evans,Jake Evans,1
rec9JEZc89Tnnz4bF,14907,2604,2604,Hand Painted,,Jasmine Walsh,Jasmine,Jasmine Walsh,Jasmine Walsh,1
rec9JhcjVE6MzwKwQ,14907,2367,2367,Khadiri,,Jake Evans,Jake,Jake Evans,Jake Evans,1
rec9MCPI5x9Xgr82b,14907,1447,1447,Viva La Vida,Viva La Vida,,,,,1
rec9N1Ti4a8Q38uHS,14907,2618,2618,Quina Blue Ps,,Timothy Maddrix,Timothy,Timothy Maddrix,Timothy Maddrix,1
rec9OpY0lz1fUBcMR,14907,2876,2876,Ewsz Omega,,Gonzalo Guevara,Gonzalo,Gonzalo Guevara,Gonzalo Guevara,1
rec9YY2VQtUbQheE9,14907,2927,2927,Dexter,,Jake Evans,Jake,Jake Evans,Jake Evans,1
rec9Z7hwgNj6ebYKl,14907,3392,3392,Zechariah,Zechariah,,,,,1
rec9d2oNX6g2NauFw,14907,1041,1041,Luminosity Class,Elliot,Tanner Korotkin,Tanner,Alan Korotkin,CWF,1
rec9eOiAQ8imcv9Oj,14907,104,104,Helia Ffh,,Kyle Dewar,Kyle,Kyle Dewar,Kyle Dewar,1
rec9f7ogvI5AiZGXT,14907,1046,1046,Rimini Du Printemps,Rimini,Sophie Heap,Sophie,Alan Korotkin,CWF,1
rec9frvWzFMf9c8Kj,14907,1319,1319,High Time,,Anne C. Hormel,Anne,Camille Maynard,Camille Maynard,1
rec9g3cCnYaJqzg5B,14907,2543,2543,Billy Snowdonia,,Camille Maynard,Camille,Camille Maynard,Camille Maynard,1
rec9nDSYoFWGwzGAh,14907,2303,2303,Nielson Wh,,Margaret L. Swanson,Margaret,Mike Holtkamp,Mike Holtkamp,1
rec9rHx6aDDm4lD8r,14907,1096,1096,Cold Play,,Isaac Leffkowitz,Isaac,Isaac Leffkowitz,Isaac Leffkowitz,1
rec9xf36CYtWUkvnm,14907,1863,1863,,,,,,,1
recA6Nqh637ic9n2z,14907,2037,2037,Fernhill Touch Of Grandeur,,Kendall Stephens,Kendall,Maya Denis,Maya Denis,1
recA9WN5yyh58eP0i,14907,2365,2365,Qiana,,Marcus Gruenthal,Marcus,Marcus Gruenthal,Marcus Gruenthal,1
recA9kx2oc6OtflH9,14907,2146,2146,,,,,,,1
recAAbnrLYYBRf9jM,14907,2943,2943,Gladrags,,Stephanie Frey,Stephanie,Stephanie Frey,Stephanie Frey,1
recAEIaYalYre2llI,14907,2709,2709,Cfh Ricardo Two You,,Annika Quanbeck,Annika,Juan E. Hidalgo,Juan E. Hidalgo,1
recAFC6AKzcuuFK3K,14907,2606,2606,Posh,,Josephine Lurie,Josephine,Jasmine Walsh,Jasmine Walsh,1
recAGLH2rzPGwpBsz,14907,3022,3022,Netezwiggy Vd Watermolen,,Dorothy Douglas,Dorothy,Jelmer Hoekstra,Jelmer Hoekstra,1
recAJVmuF07Cg84od,14907,202,202,Global Ph Cocofino,,Tyla Hackett,Tyla,David Cameron,David Cameron,1
recALnitG3TN7XQ4p,14907,1255,1255,Nr Golden Graham,,Ella de Hechavarria,Ella,Courtney de Hechavarria,Courtney de Hechavarria,1
recARRtM6on1LSMRP,14907,2994,2994,Stapleton Asha,,Lilly Mack,Lilly,Dennis Mitchell,Dennis Mitchell,1
recAUNBS3GXlJCmZj,14907,1430,1430,Karlotta Cl,,Alejandra Ortiz Orozco,Alejandra,Manuel G. Torres,Manuel G. Torres,1
recAZNrHFA3dH55Rq,14907,1795,1795,Mazatlan Ps,,Violetta Bergonzoli,Violetta,Morgan Taylor,Morgan Taylor,1
recAZsGtb0YW2qXwB,14907,2252,2252,Talk Soon,Talk Soon,,,,,1
recAaq5pWLL9bFKdl,14907,1439,1439,Il Dolce,,Lauren Flesher,Lauren,Matthew Le Master,Matthew Le Master,1
recAf5xbq5TLnFkW9,14907,168,168,Chatadel Ps,,Erynn L. Ballard,Erynn,Sydney Rowland,Sydney Rowland,1
recAh6G3L98CK7aqL,14907,1728,1728,Simpatico,,Stephanie Frey,Stephanie,Stephanie Frey,Stephanie Frey,1
recAj54jGkp8UD0u9,14907,2797,2797,Jolita,,Grace Everhart,Grace,Rob Billings,Rob Billings,1
recAlA8aDSqItWKLd,14907,1918,1918,The Flying Dutchman,,Bryce P. Richardson,Bryce,Bryce P. Richardson,Bryce P. Richardson,1
recAqDdmBqy3B5hH6,14907,1567,1567,Octavius Scf,,Antonio J. Martinez,Antonio,Antonio J. Martinez,Antonio J. Martinez,1
recAroYe1116GH63r,14907,2905,2905,Filou Moussardiere,Filou Moussardiere,,,,,1
recAvz0vP9muqD2vt,14907,110,110,Maestro B,,Diego Loria,Diego,Juan A. Rodriguez Silva,Juan A. Rodriguez Silva,1
recB0RNekTiukvqCp,14907,170,170,Genius De Rance,,Erynn L. Ballard,Erynn,Sydney Rowland,Sydney Rowland,1
recB4gLYkAbUQD5P7,14907,3328,3328,Ardeo Taycan,Ardeo Taycan,,,,,1
recB8gxG5LW95xbnl,14907,2818,2818,Fearless,Fearless,,,,,1
recBEFytHdCyQqvMe,14907,218,218,Santana,,Elli Yeager,Elli,Amanda Flint,Amanda Flint,1
recBKYF2PYQxmUqv0,14907,101,101,Jip Van T & L Z,,Celso Ariani,Celso,Celso Ariani,Celso Ariani,1
recBPLymAty28jZIq,14907,1572,1572,Unica Z,,Antonio J. Martinez,Antonio,Antonio J. Martinez,Antonio J. Martinez,1
recBRYaumBF4oWkcx,14907,2738,2738,Captivate,Captivate,,,,,1
recBaBPQ2PRwMqdhN,14907,3218,3218,Syncopation,Syncopation,,,,,1
recBc8B5JwLXimn9V,14907,3003,3003,Leporsche Th,,Ella Saidi,Ella,Raishun Burch,Raishun Burch,1
recBfBZQnclsaJ7hC,14907,1048,1048,Specialist,Tommy,Kate Marisch,Kate,Alan Korotkin,CWF,1
recBhjBj2yY4p1S1s,14907,2075,2075,Colbert Q,,Sophia A. Thomson,Sophia,Darragh Kerins,Darragh Kerins,1
recBjezp7voIF02N8,14907,190,190,Belle Esprit,,Richard A. Spooner,Richard,Richard A. Spooner,Richard A. Spooner,1
recBkSLGFToTKNsUL,14907,1236,1236,Wailea,Wailea,,,,,1
recBpewCzHhSUtPrB,14907,3507,3507,Diamantho Vg Z,Diamantho Vg Z,,,,,1
recBrlPfyzwPNCO75,14907,125,125,Conthinder,,Sophia Ayers,Sophia,Ben Taylor,Ben Taylor,1
recBsU2Jj6yCwEiMr,14907,1052,1052,Captain Morgan,,Gabriel Zampieri,Gabriel,Daniela Roy,Daniela Roy,1
recBxVwJnmFtcPszU,14907,3225,3225,Landslide,Landslide,,,,,1
recBybovGA3QF4KoF,14907,1276,1276,Patron,,Joy Rollefson,Joy,Ben Taylor,Ben Taylor,1
recC24kVXhDADHYQG,14907,220,220,Noucka Ut Frankryk,,Juan Vegas,Juan,Pablo J. Barrios,Pablo J. Barrios,1
recC2byGBYCvuxEuU,14907,2944,2944,Hello Sunshine,,Stephanie Frey,Stephanie,Stephanie Frey,Stephanie Frey,1
recCB9HyG6Q3UySnn,14907,2963,2963,Diadora,,Jordan Petersen,Jordan,Jared P. Petersen,Jared P. Petersen,1
recCBxxMJ1CtUSSZR,14907,2735,2735,Newcomer Z,,Xavier Gomez,Xavier,Dana Kurrle,Dana Kurrle,1
recCGHfmjgSEuux59,14907,2984,2984,Vdl Escape Z,,Savannah Groselle,Savannah,Savannah Groselle,Savannah Groselle,1
recCGWE1dhsYE4exQ,14907,3103,3103,Jack Daniels,Jack Daniels,,,,,1
recCHDzOJSCmcfF8D,14907,1047,1047,Sandenal,Snoop,Tanner Korotkin,Tanner,Alan Korotkin,CWF,1
recCK9Bbw2Ctvpst0,14907,1347,1347,Oscars Afterparty,,Cullen Drescher,Cullen,Derek Reed,Derek Reed,1
recCKsDYIvnhxHHYi,14907,114,114,Mestizo Ls,,Lukene Arenas,Lukene,Lukene Arenas,Lukene Arenas,1
recCPYDQqze5U10UO,14907,1456,1456,Best Kept Secret,,Audrey Price,Audrey,Wendy J. Hechler,Wendy J. Hechler,1
recCWibIx9ZSSHJwS,14907,1555,1555,Katch Can-Do,,Olivia Israel,Olivia,Jenny Miller,Jenny Miller,1
recCWzEeFLRL2YGDr,14907,1563,1563,Herlich,,Kennedy Callis,Kennedy,Stephen Dicarlo,Stephen Dicarlo,1
recCXnGJSdTBJQL6t,14907,1300,1300,Helium De La Virée Au Vent,,Emma J Lopez,Emma,Daniela Roy,Daniela Roy,1
recCY7zbeSXS3tfDd,14907,1472,1472,Nova Rain,,Lilly Bradish,Lilly,Rileigh Amorginos,Rileigh Amorginos,1
recCZIv5H1vyEdNse,14907,3433,3433,Cortero,Cortero,,,,,1
recCcWOumf0LuMidU,14907,2882,2882,Crush,,Scott Diffey,Scott,Scott Diffey,Scott Diffey,1
recCdbr6CdaNbQ4Ix,14907,3379,3379,All In Horses Hulysse Des Joncs,All In Horses Hulysse Des Joncs,,,,,1
recCke5DtPAUI7Pty,14907,1708,1708,Glamour Van De Kakebeek,,Annalise Kapsokavathis,Annalise,Anne L. Bingler,Anne L. Bingler,1
recCmdRjYGpsudvSd,14907,3383,3383,Afterglow,Afterglow,,,,,1
recCn1vBgRO4HmWDo,14907,182,182,Sanella 6,,Mary Frances Looke,Mary,Sydney Rowland,Sydney Rowland,1
recCnnePf7K82RFVC,14907,2974,2974,St. Nick,,Kalli Core,Kalli,Bobby Boulger,Bobby Boulger,1
recCq52WuubpC3gZ0,14907,2802,2802,Conchita Blue Ps,,Julianne Lurie,Julianne,Jasmine Walsh,Jasmine Walsh,1
recCsSwjsbcad6kVC,14907,2120,2120,Freeman,,Caroline Willard Briles,Caroline,Caroline Willard Briles,Caroline Willard Briles,1
recCujvGOmv06gqb6,14907,175,175,Castlefield Dream,,Captain Brian Cournane,Captain,Captain Brian Cournane,Captain Brian Cournane,1
recCvPdmSpujeWcbR,14907,3415,3415,Macabu,Macabu,,,,,1
recCwmz5hAOJ9DEol,14907,1758,1758,Gof Perle D'amour,,Allison Donahue,Allison,Megan Wexler,Megan Wexler,1
recD8QLvOlOYU5hLo,14907,1470,1470,Sashay Sls,Sashay Sls,,,,,1
recDcvuGk0pbvPwVV,14907,1802,1802,Toronto's Bay Watch,Toronto's Bay Watch,,,,,1
recDe1y6uIdQHGe9n,14907,3327,3327,Sunday Best,Sunday Best,,,,,1
recDeEoTJnJUvD3nI,14907,1200,1200,Cinderella's Boyfriend,,Lindsay Woinarowicz,Lindsay,Kacey Conway,Kacey Conway,1
recDg97u6E8ueRkPR,14907,1508,1508,Guerrera,,Dakota Sheikh,Dakota,Mario Garcia,Mario Garcia,1
recDrDugMSrjj5r70,14907,1644,1644,Business Concept Z,,Catalina Arzu,Catalina,Juan A. Rodriguez Silva,Juan A. Rodriguez Silva,1
recDwDMZvyoaSoh3B,14907,1278,1278,Remus Van't Merelsnest,,Sophia Ayers,Sophia,Ben Taylor,Ben Taylor,1
recDwpje2NX8oFmje,14907,1448,1448,Cattrepel,,Elle Bassion,Elle,Taylor St Jacques,Taylor St Jacques,1
recDzMHWC9M9N2YQB,14907,2631,2631,Zhardas Kil,,Ashlynn Meuchel,Ashlynn,Ashlynn Meuchel,Ashlynn Meuchel,1
recE0VaX8Y1xYPUCM,14907,1057,1057,Epik,,Côme Bettant,Côme,Daniela Roy,Daniela Roy,1
recE1MaNADKY9B2V1,14907,131,131,Mtm Pablo,,Tracy Fenney,Tracy,Michael J. Mccormick,Michael J. Mccormick,1
recE2BhgAO7GfSHM0,14907,3297,3297,Material Girl,Material Girl,,,,,1
recE3kUkNcZeNsPCh,14907,2089,2089,Under The Sea,,Kennedy Miller,Kennedy,Madison Daughdrill,Madison Daughdrill,1
recE62RogZyu0j9w7,14907,1582,1582,Harmony De Muze,,Jake Evans,Jake,Jake Evans,Jake Evans,1
recE6rTI9nxl3ddcz,14907,1285,1285,Rock Bottom,,Farrah Whiddon,Farrah,Katie Moniz Floyd,Katie Moniz Floyd,1
recEBnEGKib6TlHbN,14907,2287,2287,Dayton 30,Dayton 30,,,,,1
recEDxqpF2gZV7nU1,14907,1323,1323,Uncle John's Band,,Camille Maynard,Camille,Camille Maynard,Camille Maynard,1
recEGqQL7rG7xysMK,14907,3167,3167,Sunday Rose,,Shiloh Roseboom,Shiloh,Camille Maynard,Camille Maynard,1
recEI0YkmBLtGklD6,14907,1848,1848,Mystery Man,,Schuyler Dayner,Schuyler,Heather Dayner,Heather Dayner,1
recEPsQgrMuuOT3X4,14907,180,180,Ib Mercedes,Ben,Tanner Korotkin,Tanner,Alan Korotkin,CWF,1
recEQeYA6DQnvwbRg,14907,3156,3156,Coupis,,Robert Blanchette,Robert,Tammy Blanchette,Tammy Blanchette,1
recEYzAWJtKTMKxhT,14907,1569,1569,Rondalla Ls,,Victoria Fazio,Victoria,Antonio J. Martinez,Antonio J. Martinez,1
recEZqAaLXIqWFEM1,14907,1462,1462,Pavarotti Van De Schutskooi,,Cormac Hanley,Cormac,Thea N. Stinnett,Thea N. Stinnett,1
recEdw7ABaZUmblEB,14907,3194,3194,Castillo,Castillo,,,,,1
recEffmo1q5bLQKId,14907,2131,2131,Unbridled Bond,,Ainsley Colvin,Ainsley,Maisie Wagner,Maisie Wagner,1
recEiVFckiGl6vosq,14907,2114,2114,Picture Me,,Marli Scott,Marli,Katie Rudnick,Katie Rudnick,1
recEkFnTV0eOxmAVo,14907,104310431043,104310431043,,,,,,,1
recEkFqamrTfpSxMi,14907,1744,1744,Diatoon Blue Ps,,Madison Rose,Madison,Madison Rose,Madison Rose,1
recEmCbMAWDw9uh5N,14907,1905,1905,Havane De Cuvry,Havane De Cuvry,,,,,1
recEmcKd7RW2NEeOK,14907,2726,2726,Lightning Pj,,Chloe Mouton,Chloe,Chloe Mouton,Chloe Mouton,1
recEoFwhtXkzQI3E6,14907,1082,1082,Skat 15,,Laura Linback,Laura,Troy Linback,Troy Linback,1
recEowePriWsC8ik3,14907,1778,1778,Lisdeen Lady Kvj,,Ellie Zimmerman,Ellie,Antonio J. Martinez,Antonio J. Martinez,1
recEqZqbeLMd1XiVB,14907,126,126,Hendrick Des Forets,,Jodie Camberg,Jodie,Megan Wexler,Megan Wexler,1
recErvqm79bH2fW1B,14907,3029,3029,Cak-Mak,Cak-Mak,,,,,1
recEtrgSLDlku4M8H,14907,1418,1418,Vdl Friedakilly R Z,,Ana Sofia Rodriguez,Ana,Juan A. Rodriguez Silva,Juan A. Rodriguez Silva,1
recEwOsVOO6ZyT8A3,14907,1852,1852,Top New Tina,,Lola Bacardi,Lola,Alexa Marino Bacardi,Alexa Marino Bacardi,1
recEzPgkWwYBSTMGr,14907,1121,1121,Cardinal,Cardinal,,,,,1
recF0W8eoTTbrb02f,14907,1181,1181,Kentucky N,,Wilton J. Porter,Wilton,Wilton J. Porter,Wilton J. Porter,1
recF1KOSrxolwmkkL,14907,3237,3237,Balou For Pleasure,Balou For Pleasure,,,,,1
recF2g68sPDG6VP8g,14907,2074,2074,Carlina,,Nadine Beck,Nadine,Darragh Kerins,Darragh Kerins,1
recF4bd7IJf4Vmg1L,14907,129712971297,129712971297,,,,,,,1
recF4cj2RXKDMSliP,14907,2998,2998,Granslam De Lezellec,,Lilly Mack,Lilly,Dennis Mitchell,Dennis Mitchell,1
recF8OUcyPZuRkfxm,14907,1440,1440,Maeberry,,Ryan Haselden,Ryan,Matthew Le Master,Matthew Le Master,1
recFB0TgRNnTOkKPZ,14907,2050,2050,Ehayla,Ehayla,,,,,1
recFC4S68ul0cqpsl,14907,2641,2641,Gk Charmeur,Gk Charmeur,,,,,1
recFErNmkCCvUfXDw,14907,1719,1719,Harthill Magician,,Justine L. Dutton Barnard,Justine,Justine L. Dutton Barnard,Justine L. Dutton Barnard,1
recFHYHmKsAqbUX2M,14907,2226,2226,Dress Blue,Dress Blue,,,,,1
recFHbfpKiKSr9rgq,14907,1779,1779,Lowie Van De Opstal,,Zeynep Mira Ozyurt,Zeynep,Antonio J. Martinez,Antonio J. Martinez,1
recFIql8NQczd9Ery,14907,1426,1426,Orchidee Vd Bisschop,,Devin A. Seek,Devin,Stefano Baruzzo,Stefano Baruzzo,1
recFIucAwqNnrCEri,14907,1743,1743,Tillman,,Aidan Murphy,Aidan,Candice King,Candice King,1
recFPompwNuUcxVJg,14907,1576,1576,Cadenza,,Amelia Ruth,Amelia,Kelsey Duffy,Kelsey Duffy,1
recFTySYGOjzn9lnR,14907,185,185,Crossover 4,,Chloe D. Reid,Chloe,Chloe D. Reid,Chloe D. Reid,1
recFWVWeiAyXXNZ1q,14907,1753,1753,Cecilija,,Tyra Cleary,Tyra,Terry Gonzalez,Terry Gonzalez,1
recFZqfjjBg2iwfJO,14907,2725,2725,Coeur D'honneur,,Jennifer Phethean,Jennifer,Jennifer Phethean,Jennifer Phethean,1
recFa588ULfAZelY7,14907,1742,1742,Mason,,Aidan Murphy,Aidan,Candice King,Candice King,1
recFb6XxY2PYTnFAi,14907,2879,2879,Mick Jagger,,Sharn L. Wordley,Sharn,Sharn L. Wordley,Sharn L. Wordley,1
recFfJUbnQtbefgoX,14907,1509,1509,Amuze Bouche,,Annastasia Valentine,Annastasia,Wendy J. Hechler,Wendy J. Hechler,1
recFilGQOdQJWtF4n,14907,1698,1698,Orchard Hills Best Dressed,,Ryan Haselden,Ryan,Lindsay Haselden,Lindsay Haselden,1
recFjNjYx9SKPOSZJ,14907,174,174,Gallaxia De Ferval Z,,Luis Sabino Goncalves,Luis,Luis Sabino Goncalves,Luis Sabino Goncalves,1
recFn1mUqnRymx1oy,14907,1908,1908,Gosset Rose,,Evana Somareddy,Evana,Heather Dayner,Heather Dayner,1
recFtnmzhTDGlhFbC,14907,1008,1008,Lost Boy,,Kimberly S. Maloomian,Kimberly,Kimberly S. Maloomian,Kimberly S. Maloomian,1
recG0ObOIx4SWYBfZ,14907,3040,3040,Olivia Ve,,Anthony Sauriol,Anthony,Anthony Sauriol,Anthony Sauriol,1
recG2OVyitHn9s0Ns,14907,1595,1595,Levano,,Sarah E. Turner,Sarah,Ben Taylor,Ben Taylor,1
recG4NPYs6LUAyjtd,14907,1458,1458,Sweeter Than Fiction,,Addy Dewalt,Addy,Wendy J. Hechler,Wendy J. Hechler,1
recG6gde4nzJTUk19,14907,3351,3351,Orphus Dv,Orphus Dv,,,,,1
recG7ZESHapLjzCLG,14907,2398,2398,Zenith Casall You Got,,Molly Adams,Molly,David Cameron,David Cameron,1
recGFiJ6cMzhPin8q,14907,1003,1003,Daizi De Beaufour,,Rita de Goes,Rita,Juan Benítez,Juan Benítez,1
recGFkkceS45C6uQC,14907,1151,1151,Mr. Magoo,,Finley Hilson,Finley,Javier Camargo,Javier Camargo,1
recGKqV4V8wQLmIO4,14907,2011,2011,Fpf First Edition,,Jenny Miller,Jenny,Jenny Miller,Jenny Miller,1
recGNgC61nUbQ8dS7,14907,2186,2186,Vintage,,Linda E. Vellman,Linda,Caroline Willard Briles,Caroline Willard Briles,1
recGRczw4eXlBMkK6,14907,2846,2846,KS Barbie,,Maleah Lang Mcmahon,Maleah,Maleah Lang Mcmahon,Maleah Lang Mcmahon,1
recGS7VKuqwRHs47B,14907,2164,2164,Bellagio,,Jennifer Moclair,Jennifer,Jenelle Branom,Jenelle Branom,1
recGSVJUYKGSVySVM,14907,1849,1849,Caymus Calling,Caymus Calling,,,,,1
recGUgEWq3kKZIevT,14907,2939,2939,Luke Skywalker,,Ariane Harris,Ariane,Marissa Creviston,Marissa Creviston,1
recGVvNJkGdpHOcrN,14907,3059,3059,Cassandro,Cassandro,,,,,1
recGdLYbzVtS8Q2ji,14907,1649,1649,Chacoons Gisa Blue Z,,Kyle Dewar,Kyle,Kyle Dewar,Kyle Dewar,1
recGkzsNmGx79SXhQ,14907,1350,1350,Jaspe Villers,Jaspe Villers,,,,,1
recGqU1adYTxtWrLN,14907,3266,3266,Coneata Ps,Coneata Ps,,,,,1
recGshODz6BUHkuIt,14907,2015,2015,Zeus,Zeus,,,,,1
recGxwMQqAoMxxYAE,14907,2322,2322,Mtm Louboutin,Mtm Louboutin,,,,,1
recH9GMKvul5k3Cq6,14907,1304,1304,Iottie,Iottie,,,,,1
recH9zd7c9s4GvFvJ,14907,1032,1032,,,,,,,1
recHCgUvTLCR9Vd64,14907,3142,3142,Cobalou 3,,Stephanie Ezzo,Stephanie,Juan Benítez,Juan Benítez,1
recHFLwyRYGy4cKNa,14907,1763,1763,Dominic Toretto,,Ashlee Bond,Ashlee,Ashlee Bond,Ashlee Bond,1
recHI4yrp2NFdPoy4,14907,2982,2982,Cylano,,Savannah Groselle,Savannah,Savannah Groselle,Savannah Groselle,1
recHLGoRYIQhAP6dl,14907,2409,2409,Diamond Rbc Z,Diamond Rbc Z,,,,,1
recHRio76gkDwcBrS,14907,1340,1340,Light Blue Mystic Rose,,Juan M. Bolanos,Juan,Juan M. Bolanos,Juan M. Bolanos,1
recHX5P9TK4TYXgVf,14907,2069,2069,Bizzy Sh,,Jordan Petersen,Jordan,Jared P. Petersen,Jared P. Petersen,1
recHYiLPns3ywXPMS,14907,1856,1856,Zara Www,,Kate Phillips,Kate,Manuel G. Torres,Manuel G. Torres,1
recHZbJYccRY2KuMe,14907,1931,1931,Cotentin Des Roques,,Windsor Ryan,Windsor,Traci A. Weston,Traci A. Weston,1
recHazRoKQXJgpW96,14907,2717,2717,Catoki's Fly Girl,,Campbell Lear,Campbell,Pamela Gomez,Pamela Gomez,1
recHb5cOldbcxqVRF,14907,2814,2814,Achill Adelheid Z,Achill Adelheid Z,,,,,1
recHb7nYCyxL0yEEM,14907,2564,2564,Larcelo,,Spencer Brittan,Spencer,Spencer Brittan,Spencer Brittan,1
recHdEimES3YNDBMv,14907,2922,2922,Crown Ridge Just So,Crown Ridge Just So,,,,,1
recHdfTDJcesQMSdN,14907,1880,1880,Poliana Van Op De Berg,,Alberto Sarmiento,Alberto,Juan M. Bolanos,Juan M. Bolanos,1
recHgtJzrNafSqKMs,14907,2748,2748,Midnight Ruby Tuesday,Midnight Ruby Tuesday,,,,,1
recHs8RP528qvk0N3,14907,2715,2715,Living The Dream,,Aidan Murphy,Aidan,Candice King,Candice King,1
recHty4PZ51DfdrOL,14907,2098,2098,James Bond,,Isaac Leffkowitz,Isaac,Isaac Leffkowitz,Isaac Leffkowitz,1
recHy72LAvDJQ6toq,14907,1695,1695,I Jump D'authuit,,Declan Egan,Declan,Declan Egan,Declan Egan,1
recHyHhVdVkhcmkRB,14907,2938,2938,Grand Colbert Rtg,,Ariane Harris,Ariane,Linda J. Grover,Linda J. Grover,1
recHyN19AKl4BWiCZ,14907,2836,2836,Forseti,,Ben Taylor,Ben,Ben Taylor,Ben Taylor,1
recI4HsHvBLcZuZw6,14907,2495,2495,Attack Van De Hunters Z,Attack Van De Hunters Z,,,,,1
recI8Aeh6KyBGtUTc,14907,1837,1837,Os Quincy,,Rebecca Warth,Rebecca,Rebecca Warth,Rebecca Warth,1
recIB9y39yALOHTJe,14907,3405,3405,Nacomina,Nacomina,,,,,1
recIBZtdHXGHy1sST,14907,2806,2806,Arctic,Arctic,,,,,1
recIFbblss2EakCsc,14907,1873,1873,Fletcher W,,Olivia Johnson,Olivia,Kimberly Nadler-Russo,Kimberly Nadler-Russo,1
recIH6NTGqFpovgsh,14907,2883,2883,Faveur De Piquet,,Ryan Michael Genn,Ryan,Ryan Michael Genn,Ryan Michael Genn,1
recIHvvFrm0mVpd4u,14907,2753,2753,Guimero  M,Guimero  M,,,,,1
recIILOTkzdwkPqea,14907,2713,2713,Superman Eh,,Juan E. Hidalgo,Juan,Juan E. Hidalgo,Juan E. Hidalgo,1
recILcoLqiRnvt23v,14907,1672,1672,Isadora S,,Kamal Gabrie,Kamal,Juan A. Rodriguez Silva,Juan A. Rodriguez Silva,1
recIM5iX7O0l4QqCT,14907,2969,2969,Kismet,,Joshua Tabor,Joshua,Joshua Tabor,Joshua Tabor,1
recIMKGigHqeqWAOa,14907,1344,1344,Riskana Ls La Silla,,Maria Balleza,Maria,Juan M. Bolanos,Juan M. Bolanos,1
recINCGddD6yZMriD,14907,2521,2521,Excel Star Fair Play,,Alexandra Hird,Alexandra,August Torsilieri,August Torsilieri,1
recIQVgKeN2LNZnrj,14907,1684,1684,Gelano,,Jessica Collins,Jessica,Jessica Collins,Jessica Collins,1
recIR6cOMBZe15Qoi,14907,3002,3002,Amaro,,Gabriela Tirado,Gabriela,Gabriela Tirado,Gabriela Tirado,1
recISqJY9P7QLFTtw,14907,2290,2290,Castello Z,,Declan Egan,Declan,Declan Egan,Declan Egan,1
recISrLE0Luu2n8x0,14907,1850,1850,Voodoo,Voodoo,,,,,1
recIXCj7zFo3EnV4p,14907,1678,1678,Seattle,,Ana Sofia Perez,Ana,Juan A. Rodriguez Silva,Juan A. Rodriguez Silva,1
recIYS51CTVPVlsjT,14907,2706,2706,Pop Tart,,Hayley G. Waters Wear,Hayley,Dana G. Waters,Dana G. Waters,1
recIYxeHFC9JEjB4J,14907,3430,3430,Cotton Eye Candy,Cotton Eye Candy,,,,,1
recIZlv5njbVi0Nxl,14907,2168,2168,Alejandro Fcf,,Averie Foss,Averie,Matthias Hollberg,Matthias Hollberg,1
recIcH8Q9JMVfQglf,14907,2722,2722,de Lisle Apollo,,Mia Smith,Mia,David Cameron,David Cameron,1
recIem3eXtuwqkBpL,14907,1288,1288,Cash The First Des Rosiers Z,,Angela Swanson,Angela,Angela Swanson,Angela Swanson,1
recIhMfEjFOm4OBbI,14907,1592,1592,Oakland,,Belen Guarderas,Belen,Juan M. Bolanos,Juan M. Bolanos,1
recIhzAdUcT22s0mP,14907,2754,2754,Zirocc Steady,Zirocc Steady,,,,,1
recIi4MEO7GyvJqKG,14907,2626,2626,Quicksilver Hercules,,,,,,1
recIknyTzybO0tSwd,14907,2956,2956,Cornetta Lazar,,Kirk Webby,Kirk,Kirk Webby,Kirk Webby,1
recIlgMW1ejpGgIE3,14907,2182,2182,Outlaw,,Isabella Agliano,Isabella,Robert P. Stucky,Robert P. Stucky,1
recIsgyCC9k8b5fCm,14907,2106,2106,Levitate Fw Z,,Isaac Leffkowitz,Isaac,Isaac Leffkowitz,Isaac Leffkowitz,1
recIypiFssfzPh7qm,14907,1326,1326,The Getaway Car,,Anna Scott Ault,Anna,Dawn Hersey,Dawn Hersey,1
recIzCje3rUoRNWcW,14907,1783,1783,Gucci Musterd,,Bruno Diniz Das Neves,Bruno,Bruno Diniz Das Neves,Bruno Diniz Das Neves,1
recIzJr0UEUtBAHmD,14907,2211,2211,,,,,,,1
recIzehtQuF1GS1Mz,14907,1277,1277,Reelz,,Mallory Vale,Mallory,Ben Taylor,Ben Taylor,1
recJ2N6GUDzAQ66R5,14907,1919,1919,Carla,,Selcuk Koksalan,Selcuk,Selcuk Koksalan,Selcuk Koksalan,1
recJ3UqDyllaCAglQ,14907,1867,1867,Orindus W,,Celso Ariani,Celso,Celso Ariani,Celso Ariani,1
recJ4Bdi9oCKyHeOZ,14907,2245,2245,Casparia Ps,Casparia Ps,,,,,1
recJ4NWtwjlgWB5Zp,14907,2394,2394,Bambina,,Elin Mossberg,Elin,Patrick R. Wilcher,Patrick R. Wilcher,1
recJAiYAKePehi8lW,14907,1122,1122,Claddagh Hesa,Claddagh Hesa,,,,,1
recJCBLWHQeV030cH,14907,1929,1929,Alesso,Alesso,,,,,1
recJHIs0tHVP2BiYM,14907,1486,1486,Clementine,,Megan Charms,Megan,Natalie Geller,Natalie Geller,1
recJHYRElkwolfSEq,14907,2141,2141,So Dashing,,Jane C. Ehrhart,Jane,Jane C. Ehrhart,Jane C. Ehrhart,1
recJJuRLOBAHL5kcg,14907,1961,1961,Fernhill Athletico Z,,Lauren E. Hough,Lauren,Lauren E. Hough,Lauren E. Hough,1
recJJy7he0lR3hHm0,14907,1016,1016,Maxwell,Maxwell,,,,,1
recJK0GVhpxF0XD36,14907,2020,2020,Kannador,,Clark Montgomery,Clark,Molly A. Kenney,Molly A. Kenney,1
recJQOMHixtKzkxGz,14907,2047,2047,Bangkok,,Ana Sofia Rodriguez,Ana,Juan A. Rodriguez Silva,Juan A. Rodriguez Silva,1
recJT9v8bWD7VMxpO,14907,1038,1038,Kindly,Bee,Carsyn Korotkin,Carsyn,Alan Korotkin,CWF,1
recJXyicG8Vx1pmCH,14907,1701,1701,Chili Con Cornet,,Katie M. Savarise,Katie,Todd D. Minikus,Todd D. Minikus,1
recJfRY874NXmzZHa,14907,1252,1252,Corleone,Corleone,,,,,1
recJfg4wJMkdEpx9m,14907,160,160,The Golden Road,,Camille Maynard,Camille,Camille Maynard,Camille Maynard,1
recJhRHASG3TyEeHK,14907,1053,1053,Carrizal,,Alexandria Gonzalez,Alexandria,Daniela Roy,Daniela Roy,1
recJqrIYbEn1kZUEe,14907,3391,3391,Quadira,Quadira,,,,,1
recJsEsg8iT9Xn06S,14907,2299,2299,Cornet Special,,Aurora R. Rangel De Alba,Aurora,Aurora R. Rangel De Alba,Aurora R. Rangel De Alba,1
recJuDUOmFVaMsUEd,14907,141,141,Sternmarke 3,,Wilton J. Porter,Wilton,Wilton J. Porter,Wilton J. Porter,1
recK2qgLZ3lQcZgqJ,14907,1055,1055,Chess,,Lourdes Lopez,Lourdes,Daniela Roy,Daniela Roy,1
recK4fk5IS1EPZ4z1,14907,2313,2313,Mtm Bubba,,Evana Somareddy,Evana,Michael J. Mccormick,Michael J. Mccormick,1
recK5fvOPrmUZKM7Y,14907,1689,1689,Nastelina Van De Witte Driesendijk,,Michelle Lin,Michelle,Jessica Collins,Jessica Collins,1
recKBQJJB72VmxEj9,14907,2942,2942,Ten Pin Ally,,Windsor Ryan,Windsor,Traci A. Weston,Traci A. Weston,1
recKPimrHjDSJCbJW,14907,1030,1030,Hermes D'armanville,Hermes,Tanner Korotkin,Tanner,Alan Korotkin,CWF,1
recKQc8FIWEv0zD7f,14907,2149,2149,Ferris Bueller,,Kimberly Tobias,Kimberly,Abby Strohmeyer,Abby Strohmeyer,1
recKUwvBt5a6lxpCi,14907,2674,2674,Silent Partner,Silent Partner,,,,,1
recKW4U4oeowAzAG0,14907,1568,1568,Picobella De Pot,,Khloe Brinkmann,Khloe,Antonio J. Martinez,Antonio J. Martinez,1
recKWHZ0JHKoBW0QO,14907,2666,2666,,,,,,,1
recKZtBqdXWSfdJP3,14907,1854,1854,Keira Usa,,Madison Wayda Smith,Madison,Kyle Dewar,Kyle Dewar,1
recKahgfXa7xbeZ1t,14907,2027,2027,Lagegonda Fz,,Clark Montgomery,Clark,Clark Montgomery,Clark Montgomery,1
recKcYv5A7peie9dW,14907,2794,2794,Joylon Gb,,Brinley Farr,Brinley,Matt Martin,Matt Martin,1
recKdVYeeR3yELBJG,14907,1817,1817,Apple Jack,Apple Jack,,,,,1
recKf9uorI8nw0z5l,14907,1279,1279,Samba Do Brasil,,Aaron Vale,Aaron,Ben Taylor,Ben Taylor,1
recKi6qUvYh12cWYj,14907,2718,2718,Lucas 274,,Valeska Furlong,Valeska,Pamela Gomez,Pamela Gomez,1
recKixOH4Ep6JOkPO,14907,2117,2117,Bye Chance,,Linda E. Vellman,Linda,Caroline Willard Briles,Caroline Willard Briles,1
recKmuCb4PkIDdbvP,14907,1301,1301,Quatro,,Lanie Nash,Lanie,Dawn Hersey,Dawn Hersey,1
recKnpes6SEjkV7pz,14907,1865,1865,Libera Lux Di Alma Terra,,Celso Ariani,Celso,Celso Ariani,Celso Ariani,1
recKqQzhbfKxF94HK,14907,2977,2977,Dialey Ak,,Helen Goddard,Helen,Helen Goddard,Helen Goddard,1
recKsME2eoH8BD2JB,14907,2798,2798,Rhapsody,,Kendall Crowell,Kendall,Rob Billings,Rob Billings,1
recKtli3fmhLv4STL,14907,2085,2085,Orchard Hills Snapchat,,Elliana Rivera,Elliana,Madison Daughdrill,Madison Daughdrill,1
recKudLyrLWKeNdxA,14907,1741,1741,Ralvero Vdl,,Mike Holtkamp,Mike,Mike Holtkamp,Mike Holtkamp,1
recKvCPQXpkZxHALi,14907,2823,2823,Conlando 55,,John M. Struzzieri,John,Ryan Michael Genn,Ryan Michael Genn,1
recKvJQ41PmPPNBFi,14907,1911,1911,Quick Moon,,Evana Somareddy,Evana,Heather Dayner,Heather Dayner,1
recKz5mZ1p6WVaQrA,14907,2835,2835,Gladstone,,Shelby Heyer,Shelby,Lauren Schweppe,Lauren Schweppe,1
recKzDfntCx1MMtAY,14907,3001,3001,Kilenka Gl,,Alyssa Amberge,Alyssa,Alyssa Amberge,Alyssa Amberge,1
recL1SsZsFHnzYjRl,14907,2142,2142,Bellefleur Z,,Addison Hall,Addison,Carson L. Ruff,Carson L. Ruff,1
recL4jKm0eoF4WCaH,14907,1866,1866,Mckenzie Z,,Celso Ariani,Celso,Celso Ariani,Celso Ariani,1
recL5WOVEUlD6bwan,14907,2079,2079,Orange Blossom Na,,Sarah Kerins,Sarah,Darragh Kerins,Darragh Kerins,1
recL79rQFdXMiytEa,14907,1671,1671,Il Etait Une Fois A Rivereuille,,Ana Sofia Rodriguez,Ana,Juan A. Rodriguez Silva,Juan A. Rodriguez Silva,1
recL7zOOnXMgwHQb1,14907,2498,2498,Quisette Van Baublo,Quisette Van Baublo,,,,,1
recL8Xw3EnQGVbX13,14907,2013,2013,Apollonios,,Maddie Mcinturf,Maddie,Lauren Schweppe,Lauren Schweppe,1
recL9C3kD0QooRtpW,14907,3397,3397,Fento Des Fontaines,Fento Des Fontaines,,,,,1
recLBWor6xkC0nJOx,14907,139,139,Etonemoi Del Cabalero,Toni,Tanner Korotkin,Tanner,Alan Korotkin,CWF,1
recLFRSm7FwRiqFzQ,14907,2670,2670,Svf Charles,Svf Charles,,,,,1
recLJrOuDzuNMTQCU,14907,2805,2805,Dorien,,Leslie Taylor,Leslie,Derek Van Der Burgh,Derek Van Der Burgh,1
recLNFtwfaKcmLFZ2,14907,2770,2770,Cr Bravado,Cr Bravado,,,,,1
recLOo5SvdDQeT0uL,14907,1197,1197,Code Of Honor,,Sofia Parise,Sofia,Stephanie Free,Stephanie Free,1
recLT7QRZdjY1XWGU,14907,1932,1932,Florian,,Windsor Ryan,Windsor,Traci A. Weston,Traci A. Weston,1
recLTmLCPw5lgjbVj,14907,1694,1694,Hector Du Gue,,Ryan Haselden,Ryan,Declan Egan,Declan Egan,1
recLWMPYe8N5YKlMb,14907,2723,2723,Limitless,,Stephanie King,Stephanie,Stephanie King,Stephanie King,1
recLe5HKdO4Ch1uW8,14907,2386,2386,Marvick,,Emma Reimer,Emma,Lisa Hasenbeck,Lisa Hasenbeck,1
recLeXGaasG5rMb5L,14907,1692,1692,Cruise Mor,,Lindsay Haselden,Lindsay,Lindsay Haselden,Lindsay Haselden,1
recLjMKKG4rDvPOy3,14907,1004,1004,Don Diego Hdd II,,Rita de Goes,Rita,Juan Benítez,Juan Benítez,1
recLruOIbdzzznMUu,14907,1573,1573,Vaillant Fz Rwb,,Katherine Brinkmann,Katherine,Antonio J. Martinez,Antonio J. Martinez,1
recLtTlkSqGBDbkyM,14907,1680,1680,Vdl Jamorkus,,Ana Sofia Rodriguez,Ana,Juan A. Rodriguez Silva,Juan A. Rodriguez Silva,1
recLvWuP2J8cSVcb4,14907,155,155,Nimbus Rfb,,Aaron Vale,Aaron,Ben Taylor,Ben Taylor,1
recLxYW68a4aVL6gK,14907,1800,1800,Legacy Es,Legacy Es,,,,,1
recLxa6eLuCJCSevU,14907,2218,2218,Sachi,Sachi,,,,,1
recLzsSI5ImoRFuuv,14907,1648,1648,Cerveza De Barril,,Riley Hilliard,Riley,Kyle Dewar,Kyle Dewar,1
recM1V8ZmP1ZDK5fp,14907,1029,1029,Halo,Paisley,Carsyn Korotkin,Carsyn,Alan Korotkin,CWF,1
recM1mGbDxboroFgQ,14907,1297,1297,La La Land,La La Land,Christina Faninger,Christina,Alan Korotkin,CWF,1
recM4F3aWl3O07VeU,14907,159,159,S&l Protector,,Ciaran Flynn,Ciaran,Michael J. Mccormick,Michael J. Mccormick,1
recMDcq9uN5X1rDjh,14907,3031,3031,Ozone Vdl,,Patrick R. Wilcher,Patrick,Patrick R. Wilcher,Patrick R. Wilcher,1
recMGucKzTW2VvRV4,14907,1988,1988,Uphoria Di June,,Sarah Gordon,Sarah,Sarah Gordon,Sarah Gordon,1
recMHkHP94rBg1MfE,14907,2973,2973,Khan Of Ballmore,,Mari Gromkowski,Mari,Mari Gromkowski,Mari Gromkowski,1
recMIj7GWnsABQF2Q,14907,1822,1822,Prolific,Prolific,,,,,1
recMJsHMWsRj3ORHk,14907,229,229,Gold Du Rouet,,Taylor St Jacques,Taylor,Andrew C. Welles,Andrew C. Welles,1
recMKzrJ2Q9vgeEPC,14907,1686,1686,Hickstead Legend,,Mason Plaumann,Mason,Jessica Collins,Jessica Collins,1
recMNRHUI8kmJGhnW,14907,2724,2724,Play Maker,,Stephanie King,Stephanie,Stephanie King,Stephanie King,1
recMR6m9Bk1EksRAk,14907,1497,1497,True Love's Kiss,,Katherine Addington,Katherine,Bibby F. Hill,Bibby F. Hill,1
recMVxMSrs3FRRYBF,14907,105,105,Hopefull Menjoulet,,Taylor St Jacques,Taylor,Taylor St Jacques,Taylor St Jacques,1
recMWVCsnuFxNS8t1,14907,1514,1514,Glamour Des Forets,,Esme Desautel,Esme,Stephen Dicarlo,Stephen Dicarlo,1
recMZso9DB7uue7lH,14907,1433,1433,Zz,Zz,,,,,1
recMad1pnvulSXFrt,14907,1226,1226,Callaway,Callaway,,,,,1
recMemx832jy1SfEr,14907,1691,1691,Quite Clever,,Jessica Collins,Jessica,Jessica Collins,Jessica Collins,1
recMfB58BvPWlpgal,14907,3208,3208,Belina,Belina,,,,,1
recMhBycg7yN8Y4g2,14907,1017,1017,Défi De La Roque,,Juan Benítez,Juan,Juan Benítez,Juan Benítez,1
recMhgviuW1ZkuiFX,14907,2826,2826,,,,,,,1
recMk2zeczItF2s3g,14907,1883,1883,Untouchable's Unique,,Dominic Arnold,Dominic,Alyssa Venn,Alyssa Venn,1
recMl7T8npEco3A2D,14907,1876,1876,Churchill Blue,,Reagan Williams,Reagan,Tara G. Bostwick,Tara G. Bostwick,1
recMlcP9J5BfsR5Nh,14907,1294,1294,The Real Slim Shady,,Elleana Bender,Elleana,Lindsay Barrack,Lindsay Barrack,1
recMmaa1g7XCE4aVK,14907,2555,2555,Horizon De Marsois,Horizon De Marsois,,,,,1
recMstLZCnETX2Z5P,14907,3272,3272,Woodlands Smarty Marty,Woodlands Smarty Marty,,,,,1
recMuGhK4AAprIzD4,14907,2221,2221,Varsity Blues,Varsity Blues,,,,,1
recMuRotnCxQR9iwp,14907,2870,2870,Bonne Chance,,Alexandra Stauffer,Alexandra,Angela Gais,Angela Gais,1
recMw3vZvAvTFLYOW,14907,1774,1774,Endeavor In His Name,,Alyson Jones,Alyson,Kim Taylor,Kim Taylor,1
recN0sT2reQTFi1Da,14907,1460,1460,Cognac Vh Gebergte Z,,Cormac Hanley,Cormac,Thea N. Stinnett,Thea N. Stinnett,1
recN5KhTvL1b6Wxp7,14907,1674,1674,Koblenz,,Ana Cristina Rodriguez,Ana,Juan A. Rodriguez Silva,Juan A. Rodriguez Silva,1
recNChyFhnUHd16fW,14907,2916,2916,Simply Valentino,Simply Valentino,,,,,1
recNHVkQ5KFrWoE3n,14907,2306,2306,Valeo Des Aulnes,,Amanda Cabel,Amanda,Juan Benítez,Juan Benítez,1
recNKgqZa5hxOLbfq,14907,2396,2396,Psj Hana 6,,Elin Mossberg,Elin,Patrick R. Wilcher,Patrick R. Wilcher,1
recNMq45IIW6vAlQY,14907,1002,1002,Balou's Paul Ps,,Diego Gaspar De Goes,Diego,Juan Benítez,Juan Benítez,1
recNSanExf7hcOBoM,14907,1700,1700,Chacoons Bellis Z,,Todd D. Minikus,Todd,Todd D. Minikus,Todd D. Minikus,1
recNSqR2GLBH1gzvl,14907,2177,2177,Ata Fe Dulce,,Lyla Roberts,Lyla,Mario Garcia,Mario Garcia,1
recNVaEWSnFbWs024,14907,2529,2529,Kascaya Z,,Miranda Gabrielli,Miranda,Gianni Gabrielli,Gianni Gabrielli,1
recNfHPg3nWeEtmZe,14907,2988,2988,Hidden Springs Star Attraction,,Bay Hammer,Bay,Bibby F. Hill,Bibby F. Hill,1
recNfeoH2LrS54hVE,14907,3043,3043,Playground,,Dorothy Douglas,Dorothy,Jelmer Hoekstra,Jelmer Hoekstra,1
recNgH57AAv2QuVR2,14907,1217,1217,Dream Boat,,Megan Wexler,Megan,Megan Wexler,Megan Wexler,1
recNhGu8Ypiw7ym9f,14907,1083,1083,Col De Knolton,,Harper Conway,Harper,Conan Conway,Conan Conway,1
recNjbOAcTg809hYR,14907,1827,1827,Frosty Hd,,Lia Screnci,Lia,Lia Screnci,Lia Screnci,1
recNmPji96bx60SCQ,14907,2308,2308,Sunset's Pirouette,,Ada Rose Walker,Ada,Darragh Kerins,Darragh Kerins,1
recNtjRjQXWHrQ5ll,14907,1594,1594,Nibolensky,,Brinley Farr,Brinley,Matt Martin,Matt Martin,1
recNuQZgLFZzx6m0C,14907,133,133,My Diamant,,Laura Gaither,Laura,Laura Gaither,Laura Gaither,1
recNuRyQtxfcZtq8r,14907,3100,3100,Navigator,Navy,Taylor Oakvik,Taylor,Alan Korotkin,CWF,1
recNuqtXWZGSWRx9A,14907,1203,1203,Bravada,,Daisy Green,Daisy,Jacqueline Green,Jacqueline Green,1
recNx8OaYNInxl0xh,14907,2527,2527,Charme Z,,Elizabeth Epstein,Elizabeth,Gianni Gabrielli,Gianni Gabrielli,1
recO1lIzShqVic8Dq,14907,205,205,Charlie Ps,,Emma Brody,Emma,Jelmer Hoekstra,Jelmer Hoekstra,1
recO3sBM1Ej8rFE5M,14907,2199,2199,Tobias Van Kreyel Mc,,Lauren Balcomb,Lauren,Sharn L. Wordley,Sharn L. Wordley,1
recO6KU4WirqGei7w,14907,1586,1586,Castlefield Dream,,Captain Brian Cournane,Captain,Captain Brian Cournane,Captain Brian Cournane,1
recOAX1RDtyWEjryg,14907,1071,1071,Tolu,,Sara Lopez,Sara,Daniela Roy,Daniela Roy,1
recOB0gvl9ol4FFKr,14907,199,199,Jantien De Muze,,Maya Denis,Maya,Maya Denis,Maya Denis,1
recODNwf8fCzBc7jj,14907,1129,1129,Monarca,Monarca,,,,,1
recODusAFzSnsCmKQ,14907,3230,3230,C�te D'or,C�te D'or,,,,,1
recOMmK8MSH3g7A94,14907,2002,2002,Lolita Z,,Sienna Jones,Sienna,Raishun Burch,Raishun Burch,1
recOQJY6MEQg7VRgJ,14907,2162,2162,Paulownia,,Josh Dolan,Josh,Josh Dolan,Josh Dolan,1
recOYTNI1gtAOSfii,14907,1007,1007,Light It Up,Light It Up,,,,,1
recOfLdHsiYbcIuT8,14907,1455,1455,Phoenix Air,,Lanie Nash,Lanie,Dawn Hersey,Dawn Hersey,1
recOh6WROWngbwipw,14907,1891,1891,Cara Mia,Cara Mia,,,,,1
recOj7oe5IWRqLGu4,14907,1327,1327,Online,,Clark Montgomery,Clark,Clark Montgomery,Clark Montgomery,1
recOlHBWITPhZK4g5,14907,1735,1735,Cachaca Pitu Lhf,,Marcus Gruenthal,Marcus,Marcus Gruenthal,Marcus Gruenthal,1
recOlVHFYzhGze1e4,14907,2991,2991,San Cristobal,,Ella Jane Blaisdell,Ella,Elizabeth D. Blaisdell,Elizabeth D. Blaisdell,1
recOpcMSGzNAaHJ87,14907,2733,2733,Balisto,,Maya Denis,Maya,Joachim Englert,Joachim Englert,1
recOpmNMHcQpdCtC9,14907,1522,1522,Calid 3,,Jake Evans,Jake,Jake Evans,Jake Evans,1
recOrQbqhd52tVKex,14907,2004,2004,Apollo,,Ashley Romano,Ashley,Ashley Romano,Ashley Romano,1
recOy3ctcaxKys2cW,14907,2840,2840,Gabriella T,,Mary Collier Pope,Mary,Andras Szieberth,Andras Szieberth,1
recP069o09wRfHVzl,14907,2609,2609,Numero Dos,,Peyton Krumin,Peyton,Jasmine Walsh,Jasmine Walsh,1
recP6lQmxUMAGVJMs,14907,2885,2885,Official First Hj Z,,Ryan Michael Genn,Ryan,Ryan Michael Genn,Ryan Michael Genn,1
recP9GX2qUvMfVRfh,14907,1624,1624,Benetton Rvp,Benetton Rvp,,,,,1
recP9krIgQmy0my4R,14907,1307,1307,On My Way,On My Way,,,,,1
recPIAO5BCqqtYyO8,14907,2009,2009,Lillet Wildberry,Lillet Wildberry,,,,,1
recPJ6YvbKjAIesqL,14907,1461,1461,Cornerado Vdl,Cornerado Vdl,,,,,1
recPO0LJIpCgiyGYx,14907,146,146,Tulara Cascara,,Aaron Vale,Aaron,Ben Taylor,Ben Taylor,1
recPOYwljVGxMKLTP,14907,1287,1287,Whata Heart Throb,,Kimberly Ewing,Kimberly,Katie Moniz Floyd,Katie Moniz Floyd,1
recPT54BMP2hZ2LYD,14907,1959,1959,Neisha,,Sarah Kraemer,Sarah,Luciano Dome,Luciano Dome,1
recPV22xSTSD1xxxA,14907,2285,2285,Belichick,Belichick,,,,,1
recPYtOlXEMAgy51Q,14907,1946,1946,Kashmir,,Casey M. Millis,Casey,Casey M. Millis,Casey M. Millis,1
recPerTCQD2I9qkKg,14907,1086,1086,It Is West,,Rebecca Conway,Rebecca,Conan Conway,Conan Conway,1
recPiw2ep6uP6wRTx,14907,2558,2558,Citizen Blue,,Kimberly Blake Roth,Kimberly,Spencer Brittan,Spencer Brittan,1
recPiy0rzjsL2Rsre,14907,1336,1336,Dorothea Mystic Rose,,Juan M. Bolanos,Juan,Juan M. Bolanos,Juan M. Bolanos,1
recPkDXCz5fooby5m,14907,2072,2072,O'Quality Z,,Jenna Wentroth,Jenna,Kyle Dewar,Kyle Dewar,1
recPkfOIzHbqYJLLy,14907,183,183,Cicero Hs,,Audrey Muscari,Audrey,Kris Killam,Kris Killam,1
recPmzZUk6IzAwcX0,14907,2571,2571,Snap Chat,,Taylor St Jacques,Taylor,Taylor St Jacques,Taylor St Jacques,1
recPn4rsgZJufengs,14907,1596,1596,Canonboy Keraudry Z,,Tatjana Almeida,Tatjana,Daniela Roy,Daniela Roy,1
recPqk1gcpeR3OmWa,14907,123,123,Cordis Totalis Z,,Selcuk Koksalan,Selcuk,Selcuk Koksalan,Selcuk Koksalan,1
recPs89Jz6WyzBvdm,14907,1058,1058,Face The Stars,,Abigail Sterling,Abigail,Daniela Roy,Daniela Roy,1
recPtjIrAj2aGAHxY,14907,1184,1184,Cumulonimbus,,Reagan Brown,Reagan,Stephanie Free,Stephanie Free,1
recQ08GxtyZiioC8f,14907,2078,2078,Lissino,,Khloe Kerins,Khloe,Darragh Kerins,Darragh Kerins,1
recQ0igUe5Q77bG81,14907,3179,3179,Gorgeous Greta,Gorgeous Greta,,,,,1
recQ1Kstofjb9fnXH,14907,1479,1479,Jajadiva,,Lesley Grant-Law,Lesley,Lesley Grant-Law,Lesley Grant-Law,1
recQ1bnNgpGfjjO3F,14907,2750,2750,Ojos Verdes Dandy Chica Under,Ojos Verdes Dandy Chica Under,,,,,1
recQ7HnsEnibn4AGr,14907,2985,2985,Vdl Masque-Unea,,Savannah Groselle,Savannah,Savannah Groselle,Savannah Groselle,1
recQ8smWGjQ46Uxma,14907,192,192,Gucci,,Della White,Della,Sydney Rowland,Sydney Rowland,1
recQBQoJ1XqG7D9zR,14907,2834,2834,Hercules,,Maya Allhusen,Maya,Mario Garcia,Mario Garcia,1
recQBcW7clyHLcXmK,14907,196,196,Ferdita,,Ana Cristina Rodriguez,Ana,Juan A. Rodriguez Silva,Juan A. Rodriguez Silva,1
recQCUi9gMth3vZD2,14907,1587,1587,Dominance Z,,Captain Brian Cournane,Captain,Captain Brian Cournane,Captain Brian Cournane,1
recQElW6T9mPWiDeT,14907,2675,2675,Stargazing,Stargazing,,,,,1
recQFKovks5uOznMN,14907,226,226,Kinmar Quality Hero,Kinmar,Tanner Korotkin,Tanner,Alan Korotkin,CWF,1
recQGYH4BgQy9zVf9,14907,1821,1821,Chaqui's Girl Z,Chaqui's Girl Z,,,,,1
recQGfgR7p6R2czNJ,14907,3025,3025,Bluegrass Genuine Risk,Bluegrass Genuine Risk,,,,,1
recQGvjw92VWHTcTV,14907,2201,2201,Diablo,,Stella Kraemer,Stella,Luciano Dome,Luciano Dome,1
recQIGIc8cE2pgwWI,14907,1771,1771,Bona Fide,,Brooke Eddy,Brooke,Brooke Eddy,Brooke Eddy,1
recQKRRPsv4UmJwLN,14907,2090,2090,Boozeman Na,,Andrew C. Welles,Andrew,Andrew C. Welles,Andrew C. Welles,1
recQQNSRvgx8fEVqj,14907,1036,1036,Indigo Van De Muggenhoek,Indy,Carsyn Korotkin,Carsyn,Alan Korotkin,CWF,1
recQUJzVTnwF3CiJW,14907,1054,1054,Celine Db Z,,Mia Felipe,Mia,Daniela Roy,Daniela Roy,1
recQUhxttilVTEAXi,14907,2705,2705,Nitemoves,,Hayley G. Waters Wear,Hayley,Dana G. Waters,Dana G. Waters,1
recQadhnwp62oGhc1,14907,1668,1668,Goodgraf,,Lenir Perez,Lenir,Juan A. Rodriguez Silva,Juan A. Rodriguez Silva,1
recQay4lUnB4pRhOZ,14907,1213,1213,Gof Casamigos,,Megan Wexler,Megan,Megan Wexler,Megan Wexler,1
recQefzWA7zkHVhfY,14907,2360,2360,Cassaderra Na,,Taryn M. Adamy,Taryn,Taryn M. Adamy,Taryn M. Adamy,1
recQgzW00V8UL9jDG,14907,2822,2822,Chabluevara Ps,,Ryan Michael Genn,Ryan,Ryan Michael Genn,Ryan Michael Genn,1
recQiGG8bUwdhs9Th,14907,2189,2189,Indianapolis,,Ivy Nyberg,Ivy,Ivy Nyberg,Ivy Nyberg,1
recQisO5xtuWBm2O6,14907,2824,2824,Dame Bruchetta Z,,Kitt Ritter,Kitt,Ryan Michael Genn,Ryan Michael Genn,1
recQoysjcAG0qyHVc,14907,2800,2800,Watchusayin,,Grayson Moore,Grayson,Rob Billings,Rob Billings,1
recQtqCuhjUD3zjO6,14907,1264,1264,Elocia,,Mya Carrico,Mya,Ben Taylor,Ben Taylor,1
recQvAK9J6jkpyCVI,14907,2978,2978,Toussant,,Helen Goddard,Helen,Helen Goddard,Helen Goddard,1
recQvWDwga9UpZqB7,14907,3190,3190,Piebra Filibustero,,Asuni Zamudio,Asuni,Gianni Gabrielli,Gianni Gabrielli,1
recR3IdUau2yzKVNC,14907,3403,3403,Where's The Fun?!,Where's The Fun?!,,,,,1
recR3W8k6i3qacHOC,14907,200,200,Copabella Voltage,,Georgia Bouzaid,Georgia,David Cameron,David Cameron,1
recR7HhkrDqKCc30u,14907,3228,3228,Epa Fionn,Epa Fionn,,,,,1
recRHVJ2gqfIym4cq,14907,1073,1073,Zamba,,Campbell Cobb,Campbell,Daniela Roy,Daniela Roy,1
recRJcobFH0FGTx45,14907,3018,3018,Corzico Melloni Z,,Dorothy Douglas,Dorothy,Jelmer Hoekstra,Jelmer Hoekstra,1
recRNP3eMAyRJEFMu,14907,1190,1190,Talk To Me,,Kendall King,Kendall,Stephanie Free,Stephanie Free,1
recROXckIZdYxVSgq,14907,167,167,Casamigos,,Diego Bedoya,Diego,Diego Bedoya,Diego Bedoya,1
recRPfRo59FcQb68k,14907,1216,1216,Crimson Tide,,Lucy Wexler,Lucy,Megan Wexler,Megan Wexler,1
recRPs1ydxqIDjEOg,14907,152,152,Gradje O,,Samuel Parot,Samuel,Samuel Parot,Samuel Parot,1
recRUZRcJvzoor1Iu,14907,1335,1335,Comeback De La Manade,,Graciela Bolanos,Graciela,Juan M. Bolanos,Juan M. Bolanos,1
recRUmhoOe0gPinCh,14907,119,119,Diamond Rbc Z,,Jenna P. Friedman-Lopez,Jenna,Jenna P. Friedman-Lopez,Jenna P. Friedman-Lopez,1
recRYg0YIM8JzWYG8,14907,3042,3042,Makuna,,Savannah Groselle,Savannah,Savannah Groselle,Savannah Groselle,1
recRZNv8l8lpqrl18,14907,3154,3154,Chardonnay,,Robert Blanchette,Robert,Tammy Blanchette,Tammy Blanchette,1
recRbbMFoVkddrW9l,14907,10281028,10281028,,,,,,,1
recRg11BQ0Q6CMESR,14907,2095,2095,Nexstar-Lh,,Chandler Robinson,Chandler,Andrew C. Welles,Andrew C. Welles,1
recRhFjbDRMY2A7QM,14907,1049,1049,Vote For Pedro,Pedro,Aria Waxman,Aria,Alan Korotkin,CWF,1
recRoJAbrPShJIYyt,14907,1402,1402,Spider Van D Hemelse Breedte,Spider Van D Hemelse Breedte,,,,,1
recRproOFAZVL30I8,14907,1580,1580,Won To Love,,Audrey Haywood,Audrey,Kelsey Duffy,Kelsey Duffy,1
recRpw1ZxUCf8j6jG,14907,1551,1551,Scenorrado Vd Hunters Z,,Madison Wayda Smith,Madison,Kyle Dewar,Kyle Dewar,1
recRtjLP4rb9ozJlc,14907,1359,1359,Coline De Will,Coline De Will,,,,,1
recRvuYNkCcNsRnFq,14907,2209,2209,Anthem Row,Anthem Row,,,,,1
recRwYDAB03ykBYId,14907,1645,1645,Comedian Of Picobello Z,,Sebastian Presa Tejada,Sebastian,Juan A. Rodriguez Silva,Juan A. Rodriguez Silva,1
recRwcC3j4fTkRYts,14907,2175,2175,Ravina 22,,Valentina Autiero,Valentina,Antonio J. Martinez,Antonio J. Martinez,1
recRzK78bR4xQ8ovU,14907,2154,2154,Enzo Ferrari,,Kayla Singh,Kayla,Andres A. Correa,Andres A. Correa,1
recS0Uh8pIAsXEauR,14907,1960,1960,Candeux,,Lauren E. Hough,Lauren,Lauren E. Hough,Lauren E. Hough,1
recS6Yi3xMApohadp,14907,1839,1839,Romeo Juliets Shadow,,Zella Esposito,Zella,Rebecca Warth,Rebecca Warth,1
recS8Qvl6kH4ja9Po,14907,2261,2261,Acora Ps,Acora Ps,,,,,1
recS99fXzDcO0MRWs,14907,1334,1334,Classical Touch,,Juan M. Bolanos,Juan,Juan M. Bolanos,Juan M. Bolanos,1
recSAF0IdEdEUFC1d,14907,2661,2661,Ustina,,Isaac Leffkowitz,Isaac,Isaac Leffkowitz,Isaac Leffkowitz,1
recSEYXiZxQFGbHXq,14907,1094,1094,Bella Vida,,Isaac Leffkowitz,Isaac,Isaac Leffkowitz,Isaac Leffkowitz,1
recSGdNaylECpMpNa,14907,1214,1214,Madette S,,Sara Setian,Sara,Megan Wexler,Megan Wexler,1
recSISgiC5t0suxEY,14907,128,128,Daytona S.e,,Hanna R. Egan,Hanna,Hanna R. Egan,Hanna R. Egan,1
recSJLnuRigTEuee6,14907,1066,1066,Lufrieda Vdl,,Clara Vidal,Clara,Daniela Roy,Daniela Roy,1
recSL9HbNYEgGrSQz,14907,102,102,Okidoki Van De Renthoeve,,Lucia Rivas,Lucia,Lucia Rivas,Lucia Rivas,1
recSO5TNcUacuQlT1,14907,103,103,Hutin De L'abbaye,,Kyle Dewar,Kyle,Kyle Dewar,Kyle Dewar,1
recSOPFK4Hu983pbP,14907,2832,2832,Lindy Hop,,Clark Montgomery,Clark,Clark Montgomery,Clark Montgomery,1
recSPeyPMpegjPJEC,14907,2084,2084,My Weekend Is Booked,,Kit Falzone,Kit,Madison Daughdrill,Madison Daughdrill,1
recSQWPXrhPWXzxAt,14907,2187,2187,En Vogue,,Collyn Smitherman,Collyn,David Cameron,David Cameron,1
recSQzHuz4JIZFsuE,14907,1506,1506,W.e.c. High Dollar Lad,,Clementine Lidsky,Clementine,Morgan Taylor,Morgan Taylor,1
recSRTctssQmFt5Zq,14907,3007,3007,Del’arkan,,Ryan Baldwin,Ryan,Debbie L. Mccarthy-Connor,Debbie L. Mccarthy-Connor,1
recSUHXG1aUOdU7eF,14907,100,100,Facundo De La Nutria,,Celso Ariani,Celso,Celso Ariani,Celso Ariani,1
recSagAG8IFRylsx2,14907,1902,1902,Born To Be Wild,,Jamie Alnwick,Jamie,Scott Keach,Scott Keach,1
recSpXIJ25DfqTbXv,14907,1769,1769,Nevada Vdl,,Robert Mendoza,Robert,Robert Mendoza,Robert Mendoza,1
recSpoDIMbZJaCFQg,14907,1786,1786,Lyonheart,,Robert Mendoza,Robert,Hanna Pieri,Hanna Pieri,1
recSq8P0NfinWRF3k,14907,1838,1838,Pursuit Of Honor,,Josh Dolan,Josh,Rebecca Warth,Rebecca Warth,1
recSreSDbd6p6RAsb,14907,1223,1223,Ledoux,,Megan Wexler,Megan,Megan Wexler,Megan Wexler,1
recStFvN12aPsOfGR,14907,2619,2619,Copernicus Z,,Grace Phan,Grace,Debra L. Ward,Debra L. Ward,1
recSu8KzOmYJDg4Em,14907,1877,1877,Daham,,Reagan Williams,Reagan,Tara G. Bostwick,Tara G. Bostwick,1
recSzFNwry2qPWwVo,14907,187,187,Frieda,,Grant Seger,Grant,Grant Seger,Grant Seger,1
recSza5wPNL92sOLn,14907,2544,2544,Tutti Fruitti Van De Fruitkorf,,Vivian Heyer,Vivian,August Torsilieri,August Torsilieri,1
recT0MIArmVjwzqu8,14907,232,232,Guibet P,Guibet P,,,,,1
recT9pmUhPadagTou,14907,106,106,Kadar Hbc,,Simon Arango,Simon,Juan M. Bolanos,Juan M. Bolanos,1
recTA1ZVZrvwdBJPz,14907,2337,2337,Cassina,,Maleah Lang Mcmahon,Maleah,Maleah Lang Mcmahon,Maleah Lang Mcmahon,1
recTB2sMib3ga8Eu6,14907,1549,1549,Ezin Rk,,Alexa Riccio,Alexa,Stephanie Frey,Stephanie Frey,1
recTBFm0ySysqGw0a,14907,1495,1495,Parade,,Devin A. Seek,Devin,Bibby F. Hill,Bibby F. Hill,1
recTBGxYqTMhlMCuV,14907,1268,1268,Invictus,,Aaron Vale,Aaron,Ben Taylor,Ben Taylor,1
recTI0WpyrK2n4Kj9,14907,3013,3013,Frf Marquis,,Lynn M. Reed,Lynn,Lynn M. Reed,Lynn M. Reed,1
recTQQUiSBgycx0XQ,14907,169,169,Greta De La Dinais,,Erynn L. Ballard,Erynn,Sydney Rowland,Sydney Rowland,1
recTUSzO5pmuIHeoZ,14907,2375,2375,Sylvester Ter Linden,,Lynde Johnson,Lynde,August Torsilieri,August Torsilieri,1
recTWGfcaKHM5eIdI,14907,3290,3290,Dumbledore Cl,Dumbledore Cl,,,,,1
recTYuCuVNfUvncak,14907,118,118,Comme Ci Comme Ca,,Ashlee Bond,Ashlee,Ashlee Bond,Ashlee Bond,1
recTayOSJm4BUxgZ6,14907,1647,1647,Dionte Van’t Merelsnest Z,,Juan A. Rodriguez Silva,Juan,Juan A. Rodriguez Silva,Juan A. Rodriguez Silva,1
recTbOKPef595y7fv,14907,2330,2330,Mtm Secret,Mtm Secret,,,,,1
recTiJDnV6SBB5Zej,14907,1345,1345,Waterloo Rose,,Estefania Lee,Estefania,Juan M. Bolanos,Juan M. Bolanos,1
recTjZf2U9rwRh5lj,14907,3158,3158,Douglas,,Adina Gesthalter,Adina,Matthias Hollberg,Matthias Hollberg,1
recTkiEVasmCr1Jiu,14907,266726672667,266726672667,,,,,,,1
recTlLTDXukUWUlOX,14907,2208,2208,Landis Sur La Mer,Landis Sur La Mer,,,,,1
recTllW1I5Hp3rsKI,14907,1254,1254,Howie Do It,,Finley Morgan,Finley,Courtney de Hechavarria,Courtney de Hechavarria,1
recTls64pZq4X5EVG,14907,2148,2148,Elle Woods,,Kimberly Tobias,Kimberly,Abby Strohmeyer,Abby Strohmeyer,1
recTnAc0xDieqSDlZ,14907,1107,1107,Splendid,,Mila Meredith,Mila,Benjamin J. Meredith,Benjamin J. Meredith,1
recToI8ktnABOD4rJ,14907,2972,2972,Cartier De Muze,,Lincoln Russell,Lincoln,Lincoln Russell,Lincoln Russell,1
recTqHtUA7a1azoGY,14907,2946,2946,Calderon T,,Andras Szieberth,Andras,Andras Szieberth,Andras Szieberth,1
recTuBceIkBwwFJt3,14907,3178,3178,Copper Charm,Copper Charm,,,,,1
recU0Bf1mF8h8yM7G,14907,2955,2955,Cameron 38,,Kirk Webby,Kirk,Kirk Webby,Kirk Webby,1
recU0jOLumK458kcA,14907,2958,2958,Flylow,,David Duffy-Levendorf,David,Kelsey Duffy,Kelsey Duffy,1
recU3GJlI2Ia8ZISJ,14907,104810481048,104810481048,,,,,,,1
recU702x9XlGPM9j0,14907,2099,2099,Loire,,Isaac Leffkowitz,Isaac,Isaac Leffkowitz,Isaac Leffkowitz,1
recU9FdSfOVPTyxvg,14907,2179,2179,Nice Cool De Virton,,Paul O'Shea,Paul,Kaileigh Brandt,Kaileigh Brandt,1
recUL49ibX0YY0fBk,14907,2892,2892,Patronus,Patronus,,,,,1
recURpiT91CHk3NR8,14907,1737,1737,Vienna Van't Kiezelhof Lhf,,Marcus Gruenthal,Marcus,Marcus Gruenthal,Marcus Gruenthal,1
recUaZSseNtF2Jklm,14907,2907,2907,Mucho Gusto,Mucho Gusto,,,,,1
recUeIkizb9YfjohZ,14907,2740,2740,Chardonnay Van Overis Z,Chardonnay Van Overis Z,,,,,1
recUkpaADkz8192ZH,14907,102910291029,102910291029,,,,,,,1
recUmMDYagGRbgrYv,14907,103710371037,103710371037,,,,,,,1
recUn4v7SAM0cx5OA,14907,3102,3102,Grs Chianti,,Alexandra Dastjerdi,Alexandra,Jordan Melfi,Jordan Melfi,1
recUqU7pPcDCKpVrj,14907,2710,2710,Elwen M' Aurea,,Juan E. Hidalgo,Juan,Juan E. Hidalgo,Juan E. Hidalgo,1
recUtlg8od1chADBZ,14907,3010,3010,Rianthe Van 'T Merelsnest,,Jenna P. Friedman-Lopez,Jenna,Jenna P. Friedman-Lopez,Jenna P. Friedman-Lopez,1
recUxyV5yb4LFF1EB,14907,2865,2865,Ewsz Chardonnay,,Kalli Core,Kalli,Bobby Boulger,Bobby Boulger,1
recV6W9xPPlc1hmiJ,14907,2339,2339,KS Emperor,,Maleah Lang Mcmahon,Maleah,Maleah Lang Mcmahon,Maleah Lang Mcmahon,1
recVDOlZqvn378Rhs,14907,2042,2042,Frozie,,Claire Doran,Claire,Tony Doran,Tony Doran,1
recVEJVQOCfivJpff,14907,1600,1600,Carlo 546,,Clara Vidal,Clara,Daniela Roy,Daniela Roy,1
recVEMvy0QLo2P805,14907,3098,3098,Unairo,,Juan Carlos Arriaga Radilla,Juan,Carlos Aguirre,Carlos Aguirre,1
recVIe471MSnlYhTy,14907,1577,1577,Game Day,,Audrey Haywood,Audrey,Kelsey Duffy,Kelsey Duffy,1
recVLcZffu8eU3CHc,14907,2087,2087,Shenandoah East Wind,,Theya Savoy,Theya,Madison Daughdrill,Madison Daughdrill,1
recVOGkNENJbP9Xxb,14907,1421,1421,Liverpool 56,,Liza Guettler,Liza,Meghan Green,Meghan Green,1
recVQl1bG82CSQkOp,14907,176,176,Maminka,,Lexi Ferder,Lexi,Sydney Rowland,Sydney Rowland,1
recVUmGO6khwmUVT2,14907,2992,2992,Riverstown Flamenco Cruise,,Jenny Walker,Jenny,Darragh Kerins,Darragh Kerins,1
recVWFdI1DsDCkv3m,14907,1480,1480,Ameko Chaccord,,Taylor Manning,Taylor,Taylor Manning,Taylor Manning,1
recVZOhdcpfeBfzV8,14907,1521,1521,Ziggy Stardust,,Bowers A. Cone,Bowers,Stephen Dicarlo,Stephen Dicarlo,1
recVa3Ph0uD7GFNQy,14907,1185,1185,Macallan,,Reagan Brown,Reagan,Stephanie Free,Stephanie Free,1
recVbTvLpQcgnDCW8,14907,124,124,Montecristo,,Selcuk Koksalan,Selcuk,Selcuk Koksalan,Selcuk Koksalan,1
recVhSxn2uPUOlIcp,14907,2217,2217,Quiz,,Currie Cooper,Currie,Katey Grau,Katey Grau,1
recViExca4G5K4I8d,14907,2610,2610,Starridor,,Charlotte H. Wiese,Charlotte,Jasmine Walsh,Jasmine Walsh,1
recVjZPLbYbj7sYPi,14907,3375,3375,Eloriana Na,Eloriana Na,,,,,1
recVoPNyQWvqU4tMF,14907,132,132,Hop Mouche,,Laura Gaither,Laura,Laura Gaither,Laura Gaither,1
recVscUeLQRzogBzv,14907,1299,1299,Smilla's Sense Of Snow,,Scarlett Hamaoui,Scarlett,Morgan Taylor,Morgan Taylor,1
recVtBbwobTXncVAO,14907,1018,1018,Flint T.s. Et,,Camille Pacheco,Camille,Juan Benítez,Juan Benítez,1
recVys8qg27M44Naf,14907,1565,1565,Diabolo De La Roque,,Antonio J. Martinez,Antonio,Antonio J. Martinez,Antonio J. Martinez,1
recW3ACUzfPxwrYxR,14907,2174,2174,Komet 306,,Noemi Koziol,Noemi,Antonio J. Martinez,Antonio J. Martinez,1
recW4W2Sd7UGjIZJk,14907,2320,2320,Mtm Good Question,,Tracy Fenney,Tracy,Michael J. Mccormick,Michael J. Mccormick,1
recWEmBEBZFdENopE,14907,2914,2914,Name Of The Game Hx,Name Of The Game Hx,,,,,1
recWHpJIOYcFDetXH,14907,3038,3038,Scarlett O'hara,,Katherine Addington,Katherine,Bibby F. Hill,Bibby F. Hill,1
recWOHzb2SxrbXnLA,14907,1910,1910,Mtm Cascadela,,Evana Somareddy,Evana,Heather Dayner,Heather Dayner,1
recWPdGVFI6Qz09or,14907,2542,2542,Sunkist,,Holly K. Sims,Holly,Terry L. Brown,Terry L. Brown,1
recWRSQyU8e94yiTZ,14907,2801,2801,Bianca,,Harlow Kobel,Harlow,Jasmine Walsh,Jasmine Walsh,1
recWT956YoaTu2VYL,14907,3270,3270,Cajun Bandit,Cajun Bandit,,,,,1
recWUrpDr1kPZ7RMM,14907,2728,2728,Wingardium Leviosa KS,,Dominic Arnold,Dominic,Alyssa Venn,Alyssa Venn,1
recWXO4ts3p4Au4to,14907,109,109,Elalisa,,Maleah Lang Mcmahon,Maleah,Maleah Lang Mcmahon,Maleah Lang Mcmahon,1
recWZYPesnF1w0ZOc,14907,3016,3016,Dorado Sdn,,Cooper Beisel,Cooper,Ben Taylor,Ben Taylor,1
recWbhpCskGQ80Mdw,14907,221,221,Brin D'or De Haute Melen Z,,Sharn L. Wordley,Sharn,Sharn L. Wordley,Sharn L. Wordley,1
recWj8PI8RNelRviJ,14907,1150,1150,C'Est Moi Z,C'Est Moi Z,,,,,1
recWktbRAlMADqRYM,14907,2204,2204,5o1 Stakkatol's Dream,,Jacob Fletcher,Jacob,Jacob Fletcher,Jacob Fletcher,1
recWl9xEhrRDshUkR,14907,1477,1477,Bp Exchange,,Lesley Grant-Law,Lesley,Lesley Grant-Law,Lesley Grant-Law,1
recWnEvzuG97LP2dX,14907,2397,2397,Renkum Corsair,,Molly Adams,Molly,David Cameron,David Cameron,1
recWnwuX7YEpOVN6X,14907,130,130,Mtm Myrbalia O,,Tracy Fenney,Tracy,Michael J. Mccormick,Michael J. Mccormick,1
recWv5cRARoLwBg6g,14907,1487,1487,Annandale Sherlock,,Linden Nguyen,Linden,Bibby F. Hill,Bibby F. Hill,1
recWxE5xbvlhuQSg2,14907,1776,1776,Lavei,,Alyson Jones,Alyson,Kim Taylor,Kim Taylor,1
recWzBOkxZD3KE8v5,14907,1968,1968,Rocketman,,Samantha Brooks,Samantha,Kim E. Burnette,Kim E. Burnette,1
recX5qWot6Av0Z3oy,14907,2140,2140,So Dapper,,Jane C. Ehrhart,Jane,Jane C. Ehrhart,Jane C. Ehrhart,1
recX78rajRi4FZjoP,14907,1056,1056,Costacalvo,,Emma Ecarius,Emma,Daniela Roy,Daniela Roy,1
recX7ZLMmQ0SEzHLB,14907,2340,2340,Penelope De La Fresnière,,Luke Sassi,Luke,Luke Sassi,Luke Sassi,1
recX9g99Tp8bqIckk,14907,10381038,10381038,,,,,,,1
recXBVUKO7zxFbwbX,14907,1292,1292,Caans Navy Blues,,Maddie Yarborough,Maddie,Lindsay Barrack,Lindsay Barrack,1
recXEXzWgxgc1AjBl,14907,1483,1483,Thunder Shark,,Fabian Herrera,Fabian,Fabian Herrera,Fabian Herrera,1
recXK4as2MW3qqBnf,14907,2123,2123,Primo Cbi Cornet,,Paul O'Shea,Paul,Davide Troncanetti,Davide Troncanetti,1
recXQEcjWOL1CE99r,14907,1331,1331,Baral Quester,,Nicole Schulze,Nicole,Juan M. Bolanos,Juan M. Bolanos,1
recXVAmPRAaecjeqx,14907,3274,3274,Amber Beach,Amber Beach,,,,,1
recXXh36YDfwO8wY1,14907,2235,2235,Chicago Du Ru,Chicago Du Ru,,,,,1
recXdiMuxByPt9WsM,14907,2682,2682,Coralie DC Z,Coralie DC Z,,,,,1
recXfdq94kwzDFpx8,14907,2250,2250,Inspiration,Inspiration,,,,,1
recXhFNIq8ga5um2X,14907,1570,1570,Rustica Ls La Silla,,Antonio J. Martinez,Antonio,Antonio J. Martinez,Antonio J. Martinez,1
recXhnw9jzNNP3Ri9,14907,2950,2950,Denison Park Combat,,Elizabeth Schumann,Elizabeth,Brian Murphy,Brian Murphy,1
recXjp76LDifCcTvu,14907,1240,1240,Don D'alme C Z,,Pablo J. Barrios,Pablo,Pablo J. Barrios,Pablo J. Barrios,1
recXlVytJyucOaIpe,14907,3295,3295,Darcy,Darcy,,,,,1
recXng0ma9MdJcCCB,14907,2569,2569,Night Light,,Hanna R. Egan,Hanna,Hanna R. Egan,Hanna R. Egan,1
recXp9EOzKv62kg0i,14907,3163,3163,Fernhill Milchem Matteo,,Ved Sarma Sarkar,Ved,Ved Sarma Sarkar,Ved Sarma Sarkar,1
recXuqqlFVYFkPPXD,14907,2887,2887,Chacco Jack,Chacco Jack,,,,,1
recXz6aFV8UtHxxo5,14907,1748,1748,Center Stage,,Kirsten L. Malacarne,Kirsten,George J. Bessette,George J. Bessette,1
recY1yX8JfuDCrmCx,14907,1498,1498,Untitled,,Katherine Addington,Katherine,Bibby F. Hill,Bibby F. Hill,1
recY5sI1UZ86CydL8,14907,2533,2533,Unstoppable,,Brielle Watkins,Brielle,Gianni Gabrielli,Gianni Gabrielli,1
recY5wqxBMZlvxGt0,14907,2275,2275,Hazelnut,Hazelnut,,,,,1
recY6Z7QD5eq6Xr7g,14907,2274,2274,Contigo Va,Contigo Va,,,,,1
recY76HaZ6xNxQMVd,14907,1660,1660,Luau Cove Csf,,Kyle Dewar,Kyle,Kyle Dewar,Kyle Dewar,1
recYEDMMczdm5WY7T,14907,1623,1623,I'M Blue,I'M Blue,,,,,1
recYGsSRmqIR5bpls,14907,3095,3095,Caraibe Sunheup Z,Caraibe Sunheup Z,,,,,1
recYHW3mL96UcmZy3,14907,157,157,Verdini D'houtveld Z,,Lauren Balcomb,Lauren,Sharn L. Wordley,Sharn L. Wordley,1
recYJFZqSSjmkiNKU,14907,3289,3289,Relevé,,Katelyn Martin,Katelyn,Jennifer Strickland,Jennifer Strickland,1
recYKFpnvTWJrs05H,14907,3263,3263,Heathrow,Heathrow,,,,,1
recYL9lSIQ7JRA5TV,14907,2898,2898,I.adermie R 4,I.adermie R 4,,,,,1
recYMjXkeMz3isTBm,14907,3036,3036,Luttoria,,Tom Monaghan,Tom,Tom Monaghan,Tom Monaghan,1
recYOe2ff0v83G5zh,14907,198,198,Lin Lin,,Maya Denis,Maya,Maya Denis,Maya Denis,1
recYPwPcWiti4adUl,14907,134,134,Hollywood V,,Amanda Gomez,Amanda,Pamela Gomez,Pamela Gomez,1
recYRv1kTpO87FWpx,14907,3386,3386,Hopscotch,Hopscotch,,,,,1
recYXTtfrpAJ3Nvvm,14907,211,211,Clyde Va,,Maggie Jacobs,Maggie,Pablo J. Barrios,Pablo J. Barrios,1
recYeQd4oCVSWM9nf,14907,1924,1924,Argento 2,,Aubrey Frank,Aubrey,Derek Van Der Burgh,Derek Van Der Burgh,1
recYehcVBRs1IYVFM,14907,201,201,Istina Van De Kapel,,Georgia Bouzaid,Georgia,David Cameron,David Cameron,1
recYevHlb2XE1C0WJ,14907,1250,1250,,,,,,,1
recYgMJVcEQNPuJOv,14907,3015,3015,6-7,,Kinser Vale,Kinser,Ben Taylor,Ben Taylor,1
recYj5GpXnppyAzHu,14907,1125,1125,In Private,In Private,,,,,1
recYt2bS3S9KPlmzG,14907,1117,1117,Harley De Youguette,,Madelyn Stillwell,Madelyn,Kathryn Delaney,Kathryn Delaney,1
recYuedDh3gvFjEuj,14907,2741,2741,Ferragamo,Ferragamo,,,,,1
recYzjtSeoo3iQJjz,14907,2526,2526,Bonnie M Z,,Jesus A. Rigu,Jesus,Gianni Gabrielli,Gianni Gabrielli,1
recZ6ePCGKjsNz47Y,14907,2628,2628,Eiffel,,Heidi Paulsen,Heidi,John Paulsen,John Paulsen,1
recZ969Ndb9cj3ytT,14907,2623,2623,Sophistakkato,,Katherine Nunez,Katherine,Debra L. Ward,Debra L. Ward,1
recZAqR8gjvCXznoZ,14907,2492,2492,Hsh Quotable,Hsh Quotable,,,,,1
recZDAxAONTYwOS6n,14907,1296,1296,Calou Us,Calou,Tanner Korotkin,Tanner,Alan Korotkin,CWF,1
recZEWnkjgpa4OQns,14907,1777,1777,Bz Cancara,,Gia Pallitto,Gia,Antonio J. Martinez,Antonio J. Martinez,1
recZH5LJ6exgReT0B,14907,2127,2127,Yalambi's Jingle Bell,,Zara Adnams,Zara,Scott Keach,Scott Keach,1
recZHr1YLaKCu8owF,14907,1566,1566,Itos S,,Noemi Koziol,Noemi,Antonio J. Martinez,Antonio J. Martinez,1
recZJzNfAeLstAbSR,14907,1793,1793,Comme Il Hero Z,,Matthew Le Master,Matthew,Matthew Le Master,Matthew Le Master,1
recZNJ7ALepjMkTD7,14907,1198,1198,Luau,,Alyssa Padlo,Alyssa,Stephanie Free,Stephanie Free,1
recZNJ9sLZjsWr4Mc,14907,1945,1945,Action Girl Z,,Casey M. Millis,Casey,Casey M. Millis,Casey M. Millis,1
recZeRDlzip5lxPtT,14907,2702,2702,For Jens Z,,Patrick R. Wilcher,Patrick,Dana G. Waters,Dana G. Waters,1
recZf5JilxOykAhlL,14907,2987,2987,Million's Crack Ki,,Stella Kraemer,Stella,Luciano Dome,Luciano Dome,1
recZhshSDnMVLef3m,14907,2373,2373,Rozsa,,Anthony Sauriol,Anthony,Anthony Sauriol,Anthony Sauriol,1
recZjVJhvDeW8E4h6,14907,2633,2633,Dimazzo,,Leah Lang-Gluscic,Leah,Leah Lang-Gluscic,Leah Lang-Gluscic,1
recZnssMwPiGKbLvF,14907,1435,1435,Hellcat,,Megan O'Brien,Megan,Megan O'Brien,Megan O'Brien,1
recZpqPhNHYT2KGLP,14907,2155,2155,La Luciole,,Jacqueline Steffens Daly,Jacqueline,Jacqueline Steffens Daly,Jacqueline Steffens Daly,1
recZqFdHXmURIhVhk,14907,1034,1034,Cadans Z,,Sarah Callahan,Sarah,Dominique H. Damico,Dominique H. Damico,1
recZrqsPurBAf5Ep8,14907,1772,1772,Harbor Boy,,Fallon Badini,Fallon,Brooke Eddy,Brooke Eddy,1
recZu88uJonIdPVyP,14907,1927,1927,Hicorino,,Brooke Borges,Brooke,Derek Van Der Burgh,Derek Van Der Burgh,1
recZzqcKYNFbxV7Pp,14907,2152,2152,Bluebelle,,Andres A. Correa,Andres,Andres A. Correa,Andres A. Correa,1
reca0h4RLbgEQB1f6,14907,1543,1543,Ironclad's Fairmont,,Randi Callahan,Randi,Dominique H. Damico,Dominique H. Damico,1
reca6JPxYZPlxbSyK,14907,215,215,Conlugo Ps,,Lawson Whitaker,Lawson,Gaston Escamez,Gaston Escamez,1
reca9DLtSE2IygyqS,14907,179,179,Farinjo Des Mec,,Bliss Heers,Bliss,Bliss Heers,Bliss Heers,1
reca9rzGRwNyYhf9J,14907,3243,3243,Konig Der Loewen,Konig Der Loewen,,,,,1
recaDBKCxqYv7GOz2,14907,1554,1554,Going Global,,Jenny Miller,Jenny,Jenny Miller,Jenny Miller,1
recaEXjAW8CwJkP3y,14907,2412,2412,Invicta,Invicta,,,,,1
recaKN30sYkeitstu,14907,3192,3192,Raise A Glass CF,,Serene Moumnine,Serene,Maya Abdallah,Maya Abdallah,1
recaUTGJY1Dqd5k87,14907,2249,2249,Heaven Sent,Heaven Sent,,,,,1
recaWvN0eKTl3rKul,14907,3012,3012,Frf Athena,,Lynn M. Reed,Lynn,Lynn M. Reed,Lynn M. Reed,1
recabD0Iks2s2NpGr,14907,2935,2935,Paseana,,Jelmer Hoekstra,Jelmer,Jelmer Hoekstra,Jelmer Hoekstra,1
recapiXQPWvNxuZL6,14907,1420,1420,Cierra,,Liza Guettler,Liza,Meghan Green,Meghan Green,1
recarEx7mlbqpeP8N,14907,1709,1709,Headleys Kinetic,,Anne L. Bingler,Anne,Anne L. Bingler,Anne L. Bingler,1
recauzEWZogoAhBmF,14907,1042,1042,Maiki,Maiki,Taylor Oakvik,Taylor,Alan Korotkin,CWF,1
recawK4STNftWVsnu,14907,1196,1196,Carolina Bay,,Emily Mckendry,Emily,Stephanie Free,Stephanie Free,1
recayKzI158ZQuZFC,14907,2342,2342,Diamant's Legendary Na,Diamant's Legendary Na,,,,,1
recb53GpxiO8qrZKB,14907,3024,3024,Frf Royal Decree,Frf Royal Decree,,,,,1
recb5aLOWcDGO2C5d,14907,1853,1853,Indiana De Riverland,,Declan Egan,Declan,Declan Egan,Declan Egan,1
recb666cCgReqLBEk,14907,2629,2629,On The Clock,,Heidi Paulsen,Heidi,John Paulsen,John Paulsen,1
recb8kY0wI96J5yl3,14907,1222,1222,Ladies Night,,Megan Wexler,Megan,Megan Wexler,Megan Wexler,1
recb9c821crhAUlDV,14907,1284,1284,Kalipso,,Katie Moniz Floyd,Katie,Katie Moniz Floyd,Katie Moniz Floyd,1
recbBkivjo9pQUAWb,14907,2528,2528,Indigo,,Jesus A. Rigu,Jesus,Gianni Gabrielli,Gianni Gabrielli,1
recbBuCGoa2DVvxQE,14907,2107,2107,Mary J,,Rebecca A. Milliken,Rebecca,Isaac Leffkowitz,Isaac Leffkowitz,1
recbILz4rBUcKWHxq,14907,1259,1259,Calimero Z,,Mallory Vale,Mallory,Ben Taylor,Ben Taylor,1
recbJbaJrLSZZhemR,14907,2021,2021,Crescendo 55,,Andrea Clark,Andrea,Heather Dayner,Heather Dayner,1
recbKbRy6uWOYVoxn,14907,1914,1914,D’or E’cureuil,,Bryce P. Richardson,Bryce,Bryce P. Richardson,Bryce P. Richardson,1
recbLGzVtUzPM0ehq,14907,1646,1646,Con Sol,,Nicole Presa Tejada,Nicole,Juan A. Rodriguez Silva,Juan A. Rodriguez Silva,1
recbMPQBiWhaRjoiX,14907,159115911591,159115911591,,,,,,,1
recbMUxRpLNLEqBal,14907,2884,2884,Karma,,Ryan Michael Genn,Ryan,Ryan Michael Genn,Ryan Michael Genn,1
recbN9hcuwyHaXSOt,14907,2082,2082,Blue Magic,,Anslee Bell,Anslee,Madison Daughdrill,Madison Daughdrill,1
recbNkeX7Ld3HWbxU,14907,2093,2093,Dragonfly,,Nora Nauss,Nora,Andrew C. Welles,Andrew C. Welles,1
recbQlO6CvoZuDUWm,14907,2531,2531,Satis Van Het Moeshof,,Jesus A. Rigu,Jesus,Gianni Gabrielli,Gianni Gabrielli,1
recbTTLdQQzmaK8Yy,14907,1099,1099,Cms Who's The Man,,Madison Boutilier,Madison,Morgan Taylor,Morgan Taylor,1
recbZwSP6BzBgUDSP,14907,210,210,Bull Run's Risen,Bull Run's Risen,,,,,1
recbbC4cEx63PP1dA,14907,2522,2522,Remix De Ganad,,Wendell Abraham,Wendell,August Torsilieri,August Torsilieri,1
recbcJelLtShLACB0,14907,2172,2172,Castell 21,,Amanda Gardiner,Amanda,Megan Gardiner,Megan Gardiner,1
recbf6iOpW2tMd2cU,14907,2975,2975,Plush Ponies' Kickapoo Kiwi Bliss,,Sofia Clark,Sofia,No Trainer,No Trainer,1
recbgWWvdLtzPxRIW,14907,197,197,Balou De Revel,,Emilio Medina,Emilio,Juan A. Rodriguez Silva,Juan A. Rodriguez Silva,1
recbgldNCIUiH43uJ,14907,3264,3264,It's Easy,It's Easy,,,,,1
recbhoeEZbeIiWOod,14907,1424,1424,Arthur,,Stefano Baruzzo,Stefano,Stefano Baruzzo,Stefano Baruzzo,1
recbjLwlo9lhPfYJN,14907,3097,3097,Jet Setter,,Jana Schwartzberg,Jana,Carlos Aguirre,Carlos Aguirre,1
recbjuX89mJbML7Yi,14907,25022502,25022502,,,,,,,1
recbkPoe4t8Irl2NP,14907,2940,2940,Obora’s Sandman,,Marissa Creviston,Marissa,Marissa Creviston,Marissa Creviston,1
recblspk3KEWqGdwI,14907,2150,2150,Marty Mcfly,,Abby Strohmeyer,Abby,Abby Strohmeyer,Abby Strohmeyer,1
recbmPBeYROu9jS0A,14907,3169,3169,,,,,,,1
recbnlfnvtulJzkOU,14907,3398,3398,Brume De La Catiniere,Brume De La Catiniere,,,,,1
recbnrH2OpnjTaOko,14907,1310,1310,Clarissima 3,Clarissima 3,,,,,1
recbudwFhpwTGxAjY,14907,177,177,Ezarka De Belheme,,Lexi Ferder,Lexi,Sydney Rowland,Sydney Rowland,1
recbyeHnj0OT9sByX,14907,1246,1246,Redbull 33 Vdh,,Brittni A. Raflowitz,Brittni,Brittni A. Raflowitz,Brittni A. Raflowitz,1
recc0jIcjOJMEQbuG,14907,2191,2191,Willy Wonka Wb,,Danielle Guy,Danielle,Jenelle Branom,Jenelle Branom,1
recc51YkKZgpedrZ0,14907,1706,1706,Airway Semilly,,Ella Walker,Ella,Anne L. Bingler,Anne L. Bingler,1
recc7xn13H6oiCRUV,14907,2559,2559,Dee Dee Gz,,Samantha Fields,Samantha,Spencer Brittan,Spencer Brittan,1
reccFg4JNik72evV7,14907,2196,2196,Kan So,,Diego Farje,Diego,Sharn L. Wordley,Sharn L. Wordley,1
reccII7BFSPqJETYJ,14907,1105,1105,Legacy Rs,,Lauren E. Hough,Lauren,Benjamin J. Meredith,Benjamin J. Meredith,1
reccJGzhx3OasZ6fm,14907,1738,1738,Dublin,,Amelia Tredinnick,Amelia,Carly Tredinnick,Carly Tredinnick,1
reccLR3YbRcGmma61,14907,1044,1044,Peridoni 20,Peri,Elisabeth Rotsaert,Elisabeth,Alan Korotkin,CWF,1
reccSvyV9EOPrkFO6,14907,2248,2248,Devoted,Devoted,,,,,1
reccTSAFpxDh2s7Ho,14907,2719,2719,Nobeltje,,Amanda Gomez,Amanda,Pamela Gomez,Pamela Gomez,1
reccW5aQFbF99rjQe,14907,2893,2893,Sandcastle,Sandcastle,,,,,1
reccXmVIqqAkI8PEo,14907,2246,2246,Chatoyer,Chatoyer,,,,,1
recccgm4LNfYTtd8R,14907,2703,2703,Genuine,,Hayley G. Waters Wear,Hayley,Dana G. Waters,Dana G. Waters,1
reccfnhd9Nq3KBBkl,14907,2828,2828,Conlondino Ps,,Evelyn Byron,Evelyn,Lauren Schweppe,Lauren Schweppe,1
reccigib2ijRnWs41,14907,3048,3048,Conchacco Ps,,Alyssa Pascucci,Alyssa,Alyssa Pascucci,Alyssa Pascucci,1
reccj1xq63gumqxGY,14907,2615,2615,Foxtrot,Foxtrot,,,,,1
recckZ7igwuvZmixO,14907,2134,2134,O-Toulon K,,Addison Reed,Addison,Addison Reed,Addison Reed,1
reccmBs7OIEJDnVJB,14907,2711,2711,Emyr De Launay,,Mauricio Gruener,Mauricio,Juan E. Hidalgo,Juan E. Hidalgo,1
reccmjiFpM818Ryfd,14907,2388,2388,Choco Du Reverdy,Choco,Sophie Heap,Sophie,Alan Korotkin,CWF,1
reccpYhCZAY4DbLiD,14907,1705,1705,Pi-Air,,Riley Delbecq,Riley,Todd D. Minikus,Todd D. Minikus,1
reccujd0VKQiRtCar,14907,2842,2842,Chatomina Ps,Chatomina Ps,,,,,1
reccw0MYAF5N4ys2S,14907,2077,2077,Diamant Joe,,Annie Ashton,Annie,Darragh Kerins,Darragh Kerins,1
reccwbe0M6JlsdOvR,14907,1415,1415,Nijerite,,Diego Loria,Diego,Juan A. Rodriguez Silva,Juan A. Rodriguez Silva,1
reccwyKvnNpDXRx8Z,14907,2232,2232,Sg's Carnelian,Sg's Carnelian,,,,,1
reccyRIzHp9ugs8vK,14907,2962,2962,Friloux Des Champs,,Vicente Guillen,Vicente,Vicente Guillen,Vicente Guillen,1
reccydfziSmL8Nnrd,14907,1100,1100,Kicks And Giggles W.e.c.,,Ella Boutilier,Ella,Morgan Taylor,Morgan Taylor,1
recd2i8o2VFvqHaXj,14907,1076,1076,Curioso Van Maarle Z,,Miley Davidyan,Miley,Benjamin J. Meredith,Benjamin J. Meredith,1
recd84T95KYRhjbjj,14907,2387,2387,Winterfells Castle Black,,Sierra Montgomery,Sierra,Lisa Hasenbeck,Lisa Hasenbeck,1
recdDY3OooTIqQUpY,14907,3424,3424,Le Granno Quick Ps,Le Granno Quick Ps,,,,,1
recdLD4MEv2hH8NIU,14907,1356,1356,Cibel Z,Cibel Z,,,,,1
recdM6wDRahirh7oO,14907,1721,1721,Metallica,,Justine L. Dutton Barnard,Justine,Justine L. Dutton Barnard,Justine L. Dutton Barnard,1
recdMAFrp27NIbeGF,14907,2603,2603,Dominus Z,,Emery Kobel,Emery,Jasmine Walsh,Jasmine Walsh,1
recdMawPmNGGlbYJu,14907,1412,1412,Quala Vd Rollebeek,,Diego Bedoya,Diego,Diego Bedoya,Diego Bedoya,1
recdOBrLHAVTVoaxj,14907,1983,1983,Koh I Knoor,,Natalie Johnson Russell,Natalie,Natalie Johnson Russell,Natalie Johnson Russell,1
recdPMOFigX7AuBXi,14907,1050,1050,Benjamin,,Maria Ospina,Maria,Daniela Roy,Daniela Roy,1
recdSBzmfWk1wFuCX,14907,3273,3273,Fuzzy Mcfadden,Fuzzy Mcfadden,,,,,1
recdWBkutEkpHaYZ3,14907,2830,2830,Carson Too,,Danielle Platt,Danielle,Danielle Platt,Danielle Platt,1
recddkhIwq0I9QZKq,14907,1442,1442,Rr Monster,,Mckenzie Badley,Mckenzie,Matthew Le Master,Matthew Le Master,1
recdeUfxo0vGgm3Pm,14907,2838,2838,Delisa Gp,,Heather Froehlich Cortell,Heather,Heather Froehlich Cortell,Heather Froehlich Cortell,1
recdjcosoDVDYiKsc,14907,2548,2548,Catemaco Ls,Catemaco Ls,,,,,1
recdkGK7Ky8tTodPI,14907,2156,2156,Lady Roxy,,Suzanne Burns,Suzanne,Jacqueline Steffens Daly,Jacqueline Steffens Daly,1
recdonopJ0WtIypgP,14907,2066,2066,Red Admiral,,Elizabeth C. de Golian,Elizabeth,Elizabeth C. de Golian,Elizabeth C. de Golian,1
recdqd8c1RiqEIyWS,14907,1993,1993,Copperfield Ghv Z,,Molly Frei,Molly,Sven Frei,Sven Frei,1
recdvY5Bhns0iSO9A,14907,1349,1349,Rich Girl,,Felicia Rodgers,Felicia,Derek Reed,Derek Reed,1
recdwOEYGZ8DxLTUJ,14907,151,151,Contigo Z,,Samuel Parot,Samuel,Samuel Parot,Samuel Parot,1
recdz9efg7lPIZqB1,14907,2758,2758,Mien Seuten,Mien Seuten,,,,,1
rece25flOa0mVqrar,14907,1963,1963,Chatdenio Bh Z,Chatdenio Bh Z,,,,,1
rece8QRDzcNymM2DX,14907,1225,1225,Cardline Kdw Z,,Megan Wexler,Megan,Megan Wexler,Megan Wexler,1
rece95JcAhAVDDtRR,14907,1464,1464,Gossip Girl,,Hannah Morejon,Hannah,Mario Garcia,Mario Garcia,1
receAni6UqAZEBEMR,14907,2076,2076,Condo Lh,,Nadine Beck,Nadine,Darragh Kerins,Darragh Kerins,1
receBxobjvudw9YS9,14907,2557,2557,A Golden Girl Sh Z,,Taylor Finkle,Taylor,Spencer Brittan,Spencer Brittan,1
receFL2jrZgtEi18s,14907,2868,2868,Mtm Drop The Mic,,Tracy Fenney,Tracy,Michael J. Mccormick,Michael J. Mccormick,1
receFg4UH7Fm3c82b,14907,2602,2602,Fabian,,Bonnie Silver,Bonnie,Annalee Bennett,Annalee Bennett,1
receHMwvoy2idZQiI,14907,1622,1622,Absolutely,,Kelsey Duffy,Kelsey,Kelsey Duffy,Kelsey Duffy,1
receIq5ahZGPMIpTF,14907,2567,2567,Voyou De Tiji Z,,Jamie Ricciardi,Jamie,Spencer Brittan,Spencer Brittan,1
receIqLsngoO1MZ2g,14907,212,212,Vago Chin Z,Vago,Tanner Korotkin,Tanner,Brock Clermont,Brock Clermont,1
receQTRxo3VWVmZvb,14907,2933,2933,Iron Rock,,Dorothy Douglas,Dorothy,Jelmer Hoekstra,Jelmer Hoekstra,1
receZXN69jZceM53p,14907,3358,3358,Thankful,Thankful,,,,,1
receaM2LKpNAV1WIS,14907,188,188,Kunigunde,,Grant Seger,Grant,Grant Seger,Grant Seger,1
recebQmUQ4MWj8thS,14907,2130,2130,Spectacular Jedi,,Avery Rush,Avery,Maisie Wagner,Maisie Wagner,1
recec81GNG4x3ieVX,14907,2997,2997,Qatar,,Hector Florentino,Hector,Hector Florentino,Hector Florentino,1
recedrYSb4A4mDbzy,14907,1248,1248,Ciemusic Z,,Kathryn Camunas,Kathryn,Erica Robson,Erica Robson,1
recefpyK3hQv6P795,14907,1343,1343,Pedro Molino,,Kristen Litteken,Kristen,Juan M. Bolanos,Juan M. Bolanos,1
recehaqN3PSPhQsKt,14907,3364,3364,Chasing Pilot Ps,Chasing Pilot Ps,,,,,1
recehrzQUYcDtPpB9,14907,2932,2932,Dakota Z,,Jelmer Hoekstra,Jelmer,Jelmer Hoekstra,Jelmer Hoekstra,1
recekpq15X3Ab7sHt,14907,2281,2281,Undercover Vd Middelstedde,Undercover Vd Middelstedde,,,,,1
receo6taKueoXOJxq,14907,194,194,Central Park,,Maleah Lang Mcmahon,Maleah,Maleah Lang Mcmahon,Maleah Lang Mcmahon,1
receotXwf9JfD39Gm,14907,1550,1550,Daytona S.e,,Hanna R. Egan,Hanna,Hanna R. Egan,Hanna R. Egan,1
receqLIpBjLAvXgsf,14907,1578,1578,London Boy,,,,,,1
recer4I9JB8bWtgM0,14907,2176,2176,Novio,,Sydney Shelby,Sydney,Jake Evans,Jake Evans,1
recewHW8INK4Tj9yE,14907,2402,2402,Diabalou Ps,,Lukene Arenas,Lukene,Lukene Arenas,Lukene Arenas,1
receyJ4kFtolZYR1u,14907,2291,2291,Fleurescent,,Christine M. Reilly,Christine,Declan Egan,Declan Egan,1
recf32m9uv1cIoTdZ,14907,1516,1516,Grandia,,Esme Desautel,Esme,Stephen Dicarlo,Stephen Dicarlo,1
recf62hHvI2xUVoy2,14907,2627,2627,Spin Art,,Ramsey Wise,Ramsey,Grace Dreyer,Grace Dreyer,1
recf7XhHRIWSt1q5G,14907,2354,2354,Kleopatra Hero Z,,Luke Sassi,Luke,Luke Sassi,Luke Sassi,1
recf8fYcyCh6Edatw,14907,2744,2744,Alistair,Alistair,,,,,1
recfA3fwGRVHqsxbN,14907,1620,1620,Silver Lining,Silver Lining,,,,,1
recfCCwGu6ZvbT6Jo,14907,2391,2391,Benlea Magic Dragon,,Noemi Varela,Noemi,Dana Ventrice,Dana Ventrice,1
recfIaLRRrNQvVGDr,14907,3060,3060,Minute He Walks In,Minute He Walks In,,,,,1
recfKc7mykWwAnnCx,14907,2608,2608,Vincent Van Gough,,Jasmine Walsh,Jasmine,Jasmine Walsh,Jasmine Walsh,1
recfNXRYXeRBEUVb8,14907,2869,2869,Aphrodite,,Kennedy Kluber,Kennedy,Terrie E. Shibley,Terrie E. Shibley,1
recfOfSlCckrsYl0H,14907,2560,2560,Fc Sensational,,Bianca Renard Roth,Bianca,Spencer Brittan,Spencer Brittan,1
recfRV0fKdZ5hUABj,14907,3054,3054,Uptown Girl,Uptown Girl,,,,,1
recfTISFDwyJLZnkA,14907,1419,1419,Capitolino Dve,,Frederica Alcalay,Frederica,Meghan Green,Meghan Green,1
recfUavC1vih6Z4fE,14907,2431,2431,Virgules Balou Van 'T Neerhof,,Alexandra Goetze Bell,Alexandra,Alexandra Goetze Bell,Alexandra Goetze Bell,1
recfWJGl3PLx7Z9Mn,14907,2105,2105,Officer,Officer,,,,,1
recfZjErV6grXiOk4,14907,162,162,Hakatann De Lojou,,Ashlee Bond,Ashlee,Ashlee Bond,Ashlee Bond,1
recfbl0lg85yH6S4h,14907,1519,1519,Mtm Clarcona,,Anna Mead,Anna,Stephen Dicarlo,Stephen Dicarlo,1
recfcYc88XderhX4o,14907,2949,2949,Nadia I,,Daina Greene,Daina,Andras Szieberth,Andras Szieberth,1
recfceJucrzwxFkvk,14907,2331,2331,Mtm Tabitha,,Tracy Fenney,Tracy,Michael J. Mccormick,Michael J. Mccormick,1
recfehbw8pxUeFhve,14907,2601,2601,Espoir De Bethune,,Bonnie Silver,Bonnie,Annalee Bennett,Annalee Bennett,1
recfhMswWm3nrFDpD,14907,3165,3165,Dua Lipa,Dua Lipa,,,,,1
recfjVuC8K6N1bqm5,14907,3046,3046,Dolittle 32,,Bruno Diniz Das Neves,Bruno,Bruno Diniz Das Neves,Bruno Diniz Das Neves,1
recfmZckWPiD4Rqmf,14907,1425,1425,Categorico Ec Z,,Devin A. Seek,Devin,Stefano Baruzzo,Stefano Baruzzo,1
recfojdF7DYTJjZnH,14907,2096,2096,Unstoppable,,Nora Nauss,Nora,Andrew C. Welles,Andrew C. Welles,1
recfqL62ibBDvEmQn,14907,2825,2825,Kereen Cobra,,Kitt Ritter,Kitt,Ryan Michael Genn,Ryan Michael Genn,1
recfrkI5ncUSGzaDn,14907,1081,1081,Main Squeeze,,Laura Linback,Laura,Troy Linback,Troy Linback,1
recfryL6PGR0Eqe6n,14907,3399,3399,Crescendo,Crescendo,,,,,1
recfyOAWYulsQNwCK,14907,156,156,Yalambis Ikon,,Maddison Stephen,Maddison,Maddison Stephen,Maddison Stephen,1
recg11DzLD3aVrPCu,14907,2562,2562,Inlaws Manolo,,Spencer Brittan,Spencer,Spencer Brittan,Spencer Brittan,1
recg1BskB6PGtMP8B,14907,2566,2566,Tough Enough,,Spencer Brittan,Spencer,Spencer Brittan,Spencer Brittan,1
recg1bdKplpiMn6CM,14907,3045,3045,Hpf Melania,,Francisco Vaca,Francisco,Shannon Y. Clifford,Shannon Y. Clifford,1
recg27Zq2bCUfGxQA,14907,2708,2708,Volcano Bbf,,Hayley G. Waters Wear,Hayley,Dana G. Waters,Dana G. Waters,1
recg2q8fBl6zY3Mak,14907,1060,1060,Interkalen V.d.o,,Camila Inestroza,Camila,Daniela Roy,Daniela Roy,1
recg3iVOGhe4SnUe2,14907,1201,1201,Contika 46,,Kacey Conway,Kacey,Kacey Conway,Kacey Conway,1
recg4MujYfUwxwTAE,14907,2721,2721,Conkelkiefer,,Mia Smith,Mia,David Cameron,David Cameron,1
recg58xkAVuWMvUpw,14907,1090,1090,City Of Angels,,Sabine Clark,Sabine,Alison Jones,Alison Jones,1
recg5nQ2AXyvOj0eD,14907,2742,2742,Land's End Piccadilly,Land's End Piccadilly,,,,,1
recg6kKiUWZAEzm6W,14907,2169,2169,Rio Bravo,Rio Bravo,,,,,1
recg8icWIBxr0wkbY,14907,3011,3011,Guibet P,,Amanda Gomez,Amanda,Pamela Gomez,Pamela Gomez,1
recgCHJBPI61TTWw5,14907,1452,1452,Onyx,,Elle Bassion,Elle,Taylor St Jacques,Taylor St Jacques,1
recgDTaT57VvTFcLZ,14907,1437,1437,Balencia,,Stella Gavin,Stella,Matthew Le Master,Matthew Le Master,1
recgDhuSDQ6zMAbx7,14907,1102,1102,Talk About Me,,Violetta Bergonzoli,Violetta,Morgan Taylor,Morgan Taylor,1
recgEoMjHrZ4zO91e,14907,112,112,Fraxinus Des Coeuries,,Juan J. Bancalari,Juan,Juan M. Bolanos,Juan M. Bolanos,1
recgKQ2d9LL6SOBLX,14907,3008,3008,Mon-Ami,,Debbie L. Mccarthy-Connor,Debbie,Debbie L. Mccarthy-Connor,Debbie L. Mccarthy-Connor,1
recgMKpUgxDJ06pWU,14907,1673,1673,Katja,,Natalia Perez,Natalia,Juan A. Rodriguez Silva,Juan A. Rodriguez Silva,1
recgRHgfP8iQuOORR,14907,1446,1446,Viento,Viento,,,,,1
recgRutfSbyZDsyAC,14907,2341,2341,Diamant's Invincible Na,,Jared P. Petersen,Jared,Derek Petersen,Derek Petersen,1
recgetIPZxLJGdtu8,14907,1124,1124,Guizmo De Riverland,Guizmo De Riverland,,,,,1
recgkh1Xq8PkiNLhc,14907,2996,2996,Maleficent Ht,,Hector Florentino,Hector,Benjamin J. Meredith,Benjamin J. Meredith,1
recgtycNp1GFBLio2,14907,2405,2405,Billy Suffragette,,Emerson Ritter,Emerson,Morgan Taylor,Morgan Taylor,1
recgug85X8x8t1niL,14907,163,163,Vasco 109,,Luis Pedro Biraben,Luis,Luis Pedro Biraben,Luis Pedro Biraben,1
recgwJ6UxbDX2QWZ1,14907,2990,2990,High Renaissance,,Elizabeth D. Blaisdell,Elizabeth,Elizabeth D. Blaisdell,Elizabeth D. Blaisdell,1
recgziuhN4UFvs9im,14907,2554,2554,Splendid,Splendid,,,,,1
rech1rYweDID2wBr4,14907,2491,2491,Charlie's Angel,Charlie's Angel,,,,,1
rech6WrNCtoGKdbWD,14907,2643,2643,Hollywood,Hollywood,,,,,1
rech6wXoI6X3xY90b,14907,1685,1685,Hh Hyyerr Calling,,Jessica Collins,Jessica,Jessica Collins,Jessica Collins,1
rech7sFSTS6x49XVc,14907,150,150,Chrystal Blue,,Samuel Parot,Samuel,Samuel Parot,Samuel Parot,1
rechB4V3R2X5w3Mv2,14907,2307,2307,Channing,,Joanne Clemente,Joanne,Joanne Clemente,Joanne Clemente,1
rechBh5Yev9JRyn1u,14907,1681,1681,Vdl Liantha,,Camille Gabrie,Camille,Juan A. Rodriguez Silva,Juan A. Rodriguez Silva,1
rechGPF30MTRNxo4R,14907,2030,2030,Chili Z,,Heather Farmer,Heather,Anne L. Bingler,Anne L. Bingler,1
rechJ2xCxkNKhhG4e,14907,116,116,Santiago Vh Netehof,,Cormac Hanley,Cormac,Thea N. Stinnett,Thea N. Stinnett,1
rechKstVyTQoKky7M,14907,1604,1604,Fury,Fury,,,,,1
rechSSLCfmY0qzoCf,14907,1422,1422,Perry Girl,,Frederica Alcalay,Frederica,Meghan Green,Meghan Green,1
rechTDwvrnTzsDx7H,14907,1507,1507,Cyrus,,Dakota Sheikh,Dakota,Mario Garcia,Mario Garcia,1
rechTSL0KCt5yYk7Z,14907,2073,2073,Ballyheerin Belle Jorado,,Sarah Kerins,Sarah,Darragh Kerins,Darragh Kerins,1
rechWFudM5B9xmSx2,14907,1494,1494,Magical Powers,,Katherine Addington,Katherine,Bibby F. Hill,Bibby F. Hill,1
rechWxMsoOezO0sNj,14907,2931,2931,Bellissima Dh Z,,Jelmer Hoekstra,Jelmer,Jelmer Hoekstra,Jelmer Hoekstra,1
rechZbNQ92TC1QapY,14907,2793,2793,Ibalia,,Debbie Smith,Debbie,Matt Martin,Matt Martin,1
rechgoOSG1jAOreGN,14907,1871,1871,Cherrybrook Valentino,,Shelby Romp,Shelby,Kimberly Nadler-Russo,Kimberly Nadler-Russo,1
rechhDd96Tr0FRqYz,14907,219,219,Clarisimo,,Juan Vegas,Juan,No Trainer,No Trainer,1
rechpesAfBhZbYCmC,14907,2672,2672,Svf Maeve,Svf Maeve,,,,,1
reci2dsUGmNKNrxEV,14907,1787,1787,Tarantino De Rie,,Robert Mendoza,Robert,Hanna Pieri,Hanna Pieri,1
reci9QxCtUr806F3U,14907,1619,1619,Sicario,Sicario,,,,,1
reciDvLCK0Gc6NOIA,14907,1298,1298,Pays Bas V,,Scarlett Hamaoui,Scarlett,Morgan Taylor,Morgan Taylor,1
reciEAJdtrYf6qWOe,14907,1958,1958,Hairo,,Stella Kraemer,Stella,Luciano Dome,Luciano Dome,1
reciJE5obHvzvhYMB,14907,2355,2355,,,,,,,1
reciJX9eWBLJxzGOR,14907,1757,1757,Frodo,,River A. Wylde,River,River A. Wylde,River A. Wylde,1
reciL3LwjauBag7Qk,14907,118311831183,118311831183,,,,,,,1
reciUYPuxHcgL26wE,14907,2936,2936,Delta Blues,,Marissa Creviston,Marissa,Marissa Creviston,Marissa Creviston,1
reciZLzI85ELzOUlg,14907,2091,2091,Cismet 4,,Andrew C. Welles,Andrew,Andrew C. Welles,Andrew C. Welles,1
recicIQgWEAEfHWzW,14907,3432,3432,Balouco Et,Balouco Et,,,,,1
recieR1tGsakViJ0x,14907,1070,1070,Secret,,Estefania Navarro,Estefania,Daniela Roy,Daniela Roy,1
recip4oonp4VDC2B0,14907,3086,3086,Accelerator,,Fabian Herrera,Fabian,Fabian Herrera,Fabian Herrera,1
recipSAUhnv1II7Rp,14907,3354,3354,Authentic Se,Authentic Se,,,,,1
recir6581O5r8Cs7B,14907,3377,3377,Moonshine's Orange Crush,Moonshine's Orange Crush,,,,,1
recj616ffiWAOHEUy,14907,1453,1453,Childhood Dream,,Lanie Nash,Lanie,Dawn Hersey,Dawn Hersey,1
recj76r3HlyuTM8ji,14907,1722,1722,Rhubarb And Custard Os,,Justine L. Dutton Barnard,Justine,Justine L. Dutton Barnard,Justine L. Dutton Barnard,1
recjAxZRuXSki6nRO,14907,3088,3088,Midnight Queen,,Dana Narayanappa,Dana,Natalie Johnson Russell,Natalie Johnson Russell,1
recjCnx5L33NjcNQP,14907,3419,3419,Beth Dutton,Beth Dutton,,,,,1
recjEm87XWn7DtIVE,14907,2965,2965,Kurano Sp Z,,Brooklyn Castellano,Brooklyn,Brooklyn Castellano,Brooklyn Castellano,1
recjGNQ3XOeNkwqQn,14907,122,122,Feinschnitt,,Dominique Gonzalez,Dominique,Terry Gonzalez,Terry Gonzalez,1
recjHivoFbaUMdi8z,14907,2929,2929,Kaytaro,,Declan Egan,Declan,Declan Egan,Declan Egan,1
recjP93mSGRLQnDjS,14907,1324,1324,Color Coded,,Addison Fulbright,Addison,Dawn Hersey,Dawn Hersey,1
recjPe7jVWzibc1lp,14907,1994,1994,Marjolita,,Molly Frei,Molly,Sven Frei,Sven Frei,1
recjPrL35wsPGmFue,14907,1445,1445,Princesse Fz,Princesse Fz,,,,,1
recjToWEyadTYGYMe,14907,3051,3051,Undercover,,Staisha Connors,Staisha,Michael Connors,Michael Connors,1
recjXCJemMjvGYGEu,14907,2049,2049,Top Secret Hk,,Helen Goddard,Helen,Helen Goddard,Helen Goddard,1
recjbDppYrArFofn3,14907,3047,3047,Jasmin De L’abbaye,,Gianni Gabrielli,Gianni,Gianni Gabrielli,Gianni Gabrielli,1
recjfRtkOKKC94jcu,14907,1861,1861,Darc Vader,,Emily Plante,Emily,Celso Ariani,Celso Ariani,1
recjfkDHSe8wbBSCq,14907,1870,1870,Techon Master Bronze,,Jolene Plante,Jolene,Emily Plante,Emily Plante,1
recjo0sdsw0E4cELH,14907,1043,1043,Markanto A,Mark,Tanner Korotkin,Tanner,Alan Korotkin,CWF,1
recjoa5HxFvEF8f0H,14907,2881,2881,Don Cor Z,,Ryan Michael Genn,Ryan,Ryan Michael Genn,Ryan Michael Genn,1
recjpVv2M9RZcpiim,14907,1977,1977,Just A Gentleman,,Brittany G. Wyatt,Brittany,Stephanie Free,Stephanie Free,1
recjrSjFsAkrG0f5H,14907,1520,1520,Verdi,,Scarlett Yana,Scarlett,Stephen Dicarlo,Stephen Dicarlo,1
recjtOwq4yyhryhyx,14907,2986,2986,Maui,,Autumn Farr,Autumn,Matt Martin,Matt Martin,1
recjuhxmP88d5UfTA,14907,2845,2845,Naturel De Walput,,Luke Sassi,Luke,Luke Sassi,Luke Sassi,1
reck7F7nbuJr5D50O,14907,1523,1523,Casino Royale,,Jessin Blossom,Jessin,Jake Evans,Jake Evans,1
reck7KNxJVatu5qIK,14907,2200,2200,Chagrandino Ps,,Stella Kraemer,Stella,Luciano Dome,Luciano Dome,1
reck904n4YGYEK8w1,14907,3168,3168,Barbade Du Ter,,David Miller,David,Fernando Cardenas,Fernando Cardenas,1
reck9s0LeWOz74yhw,14907,104610461046,104610461046,,,,,,,1
reckA4khnOmuCzQG8,14907,1881,1881,Bff Signatures Holy Ghost,,Ella Ofarrell,Ella,Kim Taylor,Kim Taylor,1
reckBvzRGUzmn0bFq,14907,2031,2031,Menlo Park,,Jake Evans,Jake,Jake Evans,Jake Evans,1
reckCCF8405IxrG9C,14907,10441044,10441044,,,,,,,1
reckDFumqtxbWhdn2,14907,2109,2109,Roundthorn Odara,,Anne L. Bingler,Anne,Anne L. Bingler,Anne L. Bingler,1
reckGbKWhq8UTvTKs,14907,1183,1183,Mastermind,Munster,Naomi Selleck,Naomi,Alan Korotkin,CWF,1
reckGdtQLqOYR3OWT,14907,2111,2111,Hfo Balou D'amour,,Addison Evans,Addison,Katie Rudnick,Katie Rudnick,1
reckHWLHPNl8zsd7B,14907,145,145,Chutter Du Rouet Ps,,Aaron Vale,Aaron,Ben Taylor,Ben Taylor,1
reckIJrZ0tZOsHo6x,14907,1734,1734,Irvington Vdl,Irvington Vdl,,,,,1
reckJKgk676RKWabB,14907,3009,3009,Coby Z,,Jenna P. Friedman-Lopez,Jenna,Jenna P. Friedman-Lopez,Jenna P. Friedman-Lopez,1
reckKVHNZ1Ip1GNg7,14907,213,213,Cozumel,,Hailey Royce,Hailey,Daniel Michan,Daniel Michan,1
reckMm1E7Fb0j7QMa,14907,3188,3188,Clockwork,Clockwork,,,,,1
reckOFVSzlsgIng3j,14907,1266,1266,Hopeful Z,,Sophia Ayers,Sophia,Ben Taylor,Ben Taylor,1
reckOnxVceHZPnCPX,14907,2117,2117,Bye Chance,,Linda E. Vellman,Linda,Caroline Willard Briles,Caroline Willard Briles,1
reckUoAy4E5f7VFWf,14907,3035,3035,Cooley Elusive,,Tom Monaghan,Tom,Tom Monaghan,Tom Monaghan,1
reckWRVtlbUj1NWlr,14907,2153,2153,Dulce,,Andres A. Correa,Andres,Andres A. Correa,Andres A. Correa,1
reckgkIWQJ2f09WP9,14907,1035,1035,Ideal,Doug,Grace Lyons,Grace,Alan Korotkin,CWF,1
reckjNpWmPPwthLkp,14907,3418,3418,Kingham Hill,Kingham Hill,,,,,1
reckuCuNfbtfkMAfs,14907,1782,1782,Cash For Roses,,Bruno Diniz Das Neves,Bruno,Bruno Diniz Das Neves,Bruno Diniz Das Neves,1
reckvF1nGccZ2LlCd,14907,1775,1775,Once Upon A Time,,Alyson Jones,Alyson,Kim Taylor,Kim Taylor,1
reckxC9woEmMfLJsu,14907,1784,1784,Storiall Blue,,Stella Stinnett,Stella,Thea N. Stinnett,Thea N. Stinnett,1
reckz7DLuW7CZb0Wk,14907,129,129,Mtm Can Talk To Me,,Tracy Fenney,Tracy,Michael J. Mccormick,Michael J. Mccormick,1
recl1Yyh9xf8holkv,14907,3211,3211,Puertas Koncelo,Puertas Koncelo,,,,,1
recl7NGfdcTTxC02z,14907,2734,2734,Taffy's Little Charade,,Skylyn Crisante,Skylyn,Morgan Taylor,Morgan Taylor,1
recl89eMKrGFi7WO6,14907,2229,2229,Muchacho Zan,Muchacho Zan,,,,,1
recl8AF6ygtIXoyFP,14907,2821,2821,Arianna Rv,,John M. Struzzieri,John,Ryan Michael Genn,Ryan Michael Genn,1
recl9BBW73Kxkrm33,14907,195,195,Ganesh Des Till,,Sofia Popescu,Sofia,Sydney Rowland,Sydney Rowland,1
reclDGIaFrwuPh5vb,14907,2831,2831,Mugano D'augustijn Z,,Chiara Zuccolotto,Chiara,Katlynn Butler,Katlynn Butler,1
reclE4ZtKbGovcIdP,14907,1269,1269,Ira De Span,,Jose Montenegro,Jose,Ben Taylor,Ben Taylor,1
reclHZtWCBDKaidMf,14907,2475,2475,Colmans Blue,,Maurah Burkholder,Maurah,Jake Evans,Jake Evans,1
reclJXmGJpF3hBccU,14907,142,142,Puccini Van Orti,,Lia Screnci,Lia,Lia Screnci,Lia Screnci,1
reclRKdPoWFOjaNtJ,14907,1794,1794,Chico Bella Z,,Lily Niebur,Lily,Louise Pejstrup,Louise Pejstrup,1
reclTLHAbzUXz3vyG,14907,2165,2165,Kts Dijandra,Kts Dijandra,,,,,1
reclWybHblGXd0Tm1,14907,1781,1781,Una Beretta,,Lukene Arenas,Lukene,Lukene Arenas,Lukene Arenas,1
reclZ66kVPSeBf8I8,14907,2837,2837,Carmenzita,,Katherina Sciuto,Katherina,Antonio J. Martinez,Antonio J. Martinez,1
reclavbS4Ml00OPAd,14907,1792,1792,Roberlina Dg,Roberlina Dg,,,,,1
reclazRctUbtl3xLE,14907,2980,2980,Gayfields Tickety Boo,,Sophia Sankowski,Sophia,Casey Johns,Casey Johns,1
reclbFTgTXXRks9ji,14907,1571,1571,Shadowfax 111,,Noemi Koziol,Noemi,Antonio J. Martinez,Antonio J. Martinez,1
reclctOBnLLxmyn46,14907,206,206,Lady Castle,,Emma Brody,Emma,Jelmer Hoekstra,Jelmer Hoekstra,1
recliHRgKFSnFzTYm,14907,1191,1191,Wordsmith,,Heidi White,Heidi,Stephanie Free,Stephanie Free,1
reclp8EHQN3cHJbmQ,14907,1819,1819,Southwind Beau Regard,Southwind Beau Regard,,,,,1
reclsY08SqwyDzHjv,14907,3173,3173,Fallon Wef,Fallon Wef,,,,,1
recltcolsUJ0XBksP,14907,104110411041,104110411041,,,,,,,1
recluh74zTtNZDrzh,14907,1513,1513,Ck’s Superman,,Libby Woodworth,Libby,Stephen Dicarlo,Stephen Dicarlo,1
reclz9p8bHaG9Ng8I,14907,3563,3563,Leroy Blue,Leroy Blue,,,,,1
recm2Hq6l48jQ4P9u,14907,2302,2302,Kind Of Magic Stm,,Aurora R. Rangel De Alba,Aurora,Aurora R. Rangel De Alba,Aurora R. Rangel De Alba,1
recm9pFshfHGazS1c,14907,2630,2630,Vamos,,Ashlynn Meuchel,Ashlynn,Ashlynn Meuchel,Ashlynn Meuchel,1
recmDziVtijL9ugUR,14907,3366,3366,Acorn,Acorn,,,,,1
recmG8pUBon6HR51g,14907,227,227,Sandenal,Snoop,Tanner Korotkin,Tanner,Alan Korotkin,CWF,1
recmJGAQaVFIet5vD,14907,2160,2160,North Shore Hal,,H Dougl Schreiber,H,H Dougl Schreiber,H Dougl Schreiber,1
recmKmpLlRO8FJeAZ,14907,2771,2771,Tully Lark,Tully Lark,,,,,1
recmO75fAMLAZyXbH,14907,1978,1978,Secret Affair,,Cindy Secret,Cindy,Stephanie Free,Stephanie Free,1
recmPbLSRxfN8A94K,14907,1996,1996,Thor Jr,,Ali Arbabi,Ali,Sharn L. Wordley,Sharn L. Wordley,1
recmPbUNYeendKqzd,14907,1091,1091,Going For Broke,,Emma Parker,Emma,Alison Jones,Alison Jones,1
recmVUp383DmNilwm,14907,1846,1846,Carlos He’las,,Evana Somareddy,Evana,Heather Dayner,Heather Dayner,1
recmZqCDdrzOipU6k,14907,1756,1756,Virella,,Cynthia D Mesker,Cynthia,Cynthia D Mesker,Cynthia D Mesker,1
recmbLe9gjwLn55mt,14907,2097,2097,Cleveland 42,,Isaac Leffkowitz,Isaac,Isaac Leffkowitz,Isaac Leffkowitz,1
recmfTI0Mzxvlh9zu,14907,2212,2212,Down To A T,,Annie Cooper,Annie,Katey Grau,Katey Grau,1
recmjA8gjfJK5IuQR,14907,2210,2210,Ascott,,Currie Cooper,Currie,Katey Grau,Katey Grau,1
recmlfR0dYooBb4oc,14907,1322,1322,Top Shelf,,Camille Maynard,Camille,Camille Maynard,Camille Maynard,1
recmm15yWyhSwlMBk,14907,1467,1467,Ask Nicely,Ask Nicely,,,,,1
recmnSL3EzVstxiPe,14907,113,113,Arezzo Z,,Juan M. Bolanos,Juan,Juan M. Bolanos,Juan M. Bolanos,1
recmwSV8aoUmWPYJS,14907,2864,2864,Dominator Touch Z,,Kalli Core,Kalli,Bobby Boulger,Bobby Boulger,1
recmwk4lub8lpVuWq,14907,3324,3324,Pireusa,Pireusa,,,,,1
recmxAqtZ4KLikEmy,14907,2730,2730,Striking Elsa,,Phillipa Greenberg,Phillipa,Jennifer Phethean,Jennifer Phethean,1
recmzPISUiG35CDv2,14907,2115,2115,Simply Good,,Julianna Irwin,Julianna,Katie Rudnick,Katie Rudnick,1
recn03qKoP5fKW5eC,14907,3032,3032,Dylan Odf,,Lindsay Standley,Lindsay,Lindsay Standley,Lindsay Standley,1
recn1OI77c1sK4d97,14907,1857,1857,Chill Z,Chill Z,,,,,1
recn1unfGymTEIZEv,14907,2873,2873,Comme II Reality,,Elizabeth Solomon,Elizabeth,Elizabeth Solomon,Elizabeth Solomon,1
recn5rU9lpxExos5N,14907,3561,3561,Fashion Famous,Fashion Famous,,,,,1
recn69BbC5W9yCi8K,14907,3191,3191,44 North,,Reena Moumnine,Reena,Maya Abdallah,Maya Abdallah,1
recn6pSL8Dii9COa7,14907,2159,2159,Jericho,,H Dougl Schreiber,H,H Dougl Schreiber,H Dougl Schreiber,1
recn8FQD4z3GHLeRo,14907,1417,1417,Vajra Du Blay,,Emilio Medina,Emilio,Juan A. Rodriguez Silva,Juan A. Rodriguez Silva,1
recn8aUhLr2zY5e2X,14907,1342,1342,Only Love B,,Juan M. Bolanos,Juan,Juan M. Bolanos,Juan M. Bolanos,1
recnGImQGdEswUBto,14907,2546,2546,In The Wind Wow,,Laura Gaither,Laura,Laura Gaither,Laura Gaither,1
recnGKDwXHXTEyLRr,14907,2669,2669,Kingston,Kingston,,,,,1
recnHXqzRVrS79XjN,14907,2844,2844,KS Kiwi,,Luke Sassi,Luke,Luke Sassi,Luke Sassi,1
recnJs6w15cjgPtZy,14907,1788,1788,Confidentially,,Lucy Wexler,Lucy,Megan Wexler,Megan Wexler,1
recnNrYsi8o4MRX76,14907,2888,2888,Chappalo,Chappalo,,,,,1
recnQKa2UumXaPD1u,14907,1449,1449,Curacao D'elsendam Z,,Taylor St Jacques,Taylor,Taylor St Jacques,Taylor St Jacques,1
recnYJsnlrzgsBnQQ,14907,3162,3162,Doc Holiday,Doc Holiday,,,,,1
recnbXSrYEH5xCPCR,14907,2896,2896,Effortlessly Cool,Effortlessly Cool,,,,,1
recnbrWUy8MyJer3G,14907,1597,1597,Quintana Viii,,Jessica L. Roth Thomas,Jessica,Robert Mendoza,Robert Mendoza,1
recndAQc2jxNEagYU,14907,2622,2622,Rosmel's Silver Rose,,Madelyn Oster,Madelyn,Debra L. Ward,Debra L. Ward,1
recnfn1gtJVCOdwYl,14907,2166,2166,Fellini,,Kennedy Kluber,Kennedy,Terrie E. Shibley,Terrie E. Shibley,1
recnh1Bj039igYQHp,14907,3182,3182,de Lorean,de Lorean,,,,,1
recnjnyY9UT59zeAn,14907,1720,1720,Iron Maiden,,Justine L. Dutton Barnard,Justine,Justine L. Dutton Barnard,Justine L. Dutton Barnard,1
recnjpJmwjKOEdE4N,14907,2941,2941,Nightfall,,Windsor Ryan,Windsor,Traci A. Weston,Traci A. Weston,1
recnnk8wjfB6422Fn,14907,1119,1119,Cayetana,Cayetana,,,,,1
recntTllVz5o3TKQU,14907,2384,2384,Casa Delle Farfalle,,Sierra Montgomery,Sierra,Lisa Hasenbeck,Lisa Hasenbeck,1
recntoeUdfpjKN1pJ,14907,2129,2129,Martini Maker,,Morgan Daly,Morgan,Maisie Wagner,Maisie Wagner,1
recnvWnMm8ppryCqV,14907,1045,1045,Qastaar Van't Heike,Q,Taylor Oakvik,Taylor,Alan Korotkin,CWF,1
reco3kmN6MpfNfLx2,14907,1346,1346,Britney Ps,,Cullen Drescher,Cullen,Derek Reed,Derek Reed,1
reco5YOoGE2hQYgsK,14907,1517,1517,Himalaya,,Kimberley Pickens,Kimberley,Stephen Dicarlo,Stephen Dicarlo,1
reco8Lh3dqriKoZWO,14907,2747,2747,Kingsland,Kingsland,,,,,1
reco9xhyefVGZdBVj,14907,1745,1745,Oa Uno Mas Cerveza,,Madison Rose,Madison,Madison Rose,Madison Rose,1
recoDTRwnbckxoP3P,14907,115,115,Goliath De L' Eldorado,,Declan Egan,Declan,Declan Egan,Declan Egan,1
recoKVvoZfjTDebAw,14907,2536,2536,Executive,,Sharon S. Maloney,Sharon,Molly A. Kenney,Molly A. Kenney,1
recoKhtHWlDxbFv5x,14907,1416,1416,Nova,,Juan A. Rodriguez Silva,Juan,Juan A. Rodriguez Silva,Juan A. Rodriguez Silva,1
recoVpUg1DgaXBKqa,14907,1726,1726,As You Are,,Miro Frey,Miro,Stephanie Frey,Stephanie Frey,1
recoYqLa0kNb7DMAe,14907,2910,2910,Oriana Di Villagana,Oriana Di Villagana,,,,,1
recoiKpT2bIqQtXt6,14907,3070,3070,Neon Spotlight Z,,Ameera Chin,Ameera,Raishun Burch,Raishun Burch,1
recojwrDJjepNrSne,14907,2704,2704,Newberry Balia Nl,,Hayley G. Waters Wear,Hayley,Dana G. Waters,Dana G. Waters,1
reconx5lBicdfU2ys,14907,1289,1289,Engas Aurantiaco,,Angela Swanson,Angela,Angela Swanson,Angela Swanson,1
recourNzdMD1KelT0,14907,2520,2520,Dicaprio,,Emily F. H. Buxton,Emily,August Torsilieri,August Torsilieri,1
recov2ReRhLrvfSbg,14907,3159,3159,Quiet Storm,,Asuni Zamudio,Asuni,Gianni Gabrielli,Gianni Gabrielli,1
recoy0U7Ey6vMbpPP,14907,2971,2971,Jim,,Kaleigh Holroyd,Kaleigh,No Trainer,No Trainer,1
recoyj0xjbyklzVtn,14907,2477,2477,Deltina,Deltina,,,,,1
recoz0TdckJTC6our,14907,2563,2563,Itoulon B,,Jamie Ricciardi,Jamie,Spencer Brittan,Spencer Brittan,1
recp2rDbwj2WAY6ci,14907,2617,2617,Istina Van De Kapel,,Georgia Bouzaid,Georgia,David Cameron,David Cameron,1
recp4Js48OsSdHJ1k,14907,2110,2110,Forget Me Not,,Annaliz Alberts,Annaliz,Katie Rudnick,Katie Rudnick,1
recp6b51kUAbyMUJm,14907,1593,1593,Vdl Nevena,,Belen Guarderas,Belen,Juan M. Bolanos,Juan M. Bolanos,1
recp93phGinm0I9vG,14907,1665,1665,Salt Spring,,Kyle Dewar,Kyle,Kyle Dewar,Kyle Dewar,1
recp9HI8GRrjfLTJU,14907,1089,1089,Changes In Latitude,,Ava Parker,Ava,Alison Jones,Alison Jones,1
recpF7BQH9k4kO7Cg,14907,1061,1061,Izitop Aaa,,Mia Baez,Mia,Daniela Roy,Daniela Roy,1
recpFHkXxPMFq5Tpp,14907,1093,1093,Worth The Wait,,Kennedy Morrison,Kennedy,Alison Jones,Alison Jones,1
recpFk671KXWBaulC,14907,1031,1031,Hurricane,Hurricane,Taylor Oakvik,Taylor,Alan Korotkin,CWF,1
recpFlXg7xMv2h2em,14907,1760,1760,Pistachio,,Tarrin Kirby,Tarrin,Stephanie Frey,Stephanie Frey,1
recpGXFL5Gw43iH4m,14907,2866,2866,Kateri,,Kalli Core,Kalli,Bobby Boulger,Bobby Boulger,1
recpIloT88g3wW465,14907,165,165,Kingston,,Tomas Yofre,Tomas,Justine Raven,Justine Raven,1
recpP4j7nPlQwSf15,14907,2108,2108,Spice Of Life,,Isaac Leffkowitz,Isaac,Isaac Leffkowitz,Isaac Leffkowitz,1
recpQXvg7DeD84UtF,14907,1068,1068,Out Of The Blue,,Mona Bettant,Mona,Daniela Roy,Daniela Roy,1
recpQj5KPgaEWjxEa,14907,2875,2875,Kawir Ms,,Jared P. Petersen,Jared,Jared P. Petersen,Jared P. Petersen,1
recpWtLvV9tJmVvFU,14907,2820,2820,Peyton Cm Kapade,,Angelina M Palmeri,Angelina,Derek Van Der Burgh,Derek Van Der Burgh,1
recpXueurS377Mrkk,14907,2877,2877,Big Castle,,Shannon Y. Clifford,Shannon,Shannon Y. Clifford,Shannon Y. Clifford,1
recpb9eX1g9FU54id,14907,1258,1258,Balou's Captain,,Kinser Vale,Kinser,Ben Taylor,Ben Taylor,1
recpe5ZBLVRS3S138,14907,2970,2970,Fe Crack The Code,,Henley Fletcher,Henley,Megan Gardiner,Megan Gardiner,1
recpfvulZdiy5IQvn,14907,1245,1245,Lucien II Hs,,Brittni A. Raflowitz,Brittni,Brittni A. Raflowitz,Brittni A. Raflowitz,1
recpi1e8PjnPt3ijH,14907,1723,1723,Berlisto,,Amy Nelson,Amy,Lauren Schweppe,Lauren Schweppe,1
recpi7FbJ0BNBPikZ,14907,164,164,Chacco Bumpy,,Luis Pedro Biraben,Luis,Luis Pedro Biraben,Luis Pedro Biraben,1
recpnCzQhA8RBpccs,14907,1059,1059,Global Van T Braunerthof,,Tatjana Almeida,Tatjana,Daniela Roy,Daniela Roy,1
recpsk0GK3P9KiK5r,14907,2267,2267,Get It Girl,Get It Girl,,,,,1
recpvSgkX3GgNA6SU,14907,172,172,Diamant,,Jad Dana,Jad,Jad Dana,Jad Dana,1
recpx4srwMNP8KfvP,14907,2572,2572,Geisha D'agenais,,Brooklyn Delgado,Brooklyn,Laura Gaither,Laura Gaither,1
recpxFnECH9oYoLgn,14907,1265,1265,Elusive,,Kinser Vale,Kinser,Ben Taylor,Ben Taylor,1
recpy9qy1UpqoYGC2,14907,2532,2532,Solaguayre Chaquensi,,Melanie Mendoza,Melanie,Gianni Gabrielli,Gianni Gabrielli,1
recq1R812rInQp3yE,14907,222,222,Conto Blanco 4,,Sharn L. Wordley,Sharn,Sharn L. Wordley,Sharn L. Wordley,1
recq3TA2ZvEBsMBNd,14907,2171,2171,Squid,,Ella Sasso,Ella,Juliann W. Cunningham,Juliann W. Cunningham,1
recqF2CYSleghftTq,14907,3223,3223,Billy Awesome,Billy Awesome,,,,,1
recqHqELghHkZD2hE,14907,2203,2203,Milburn Monti Casino,,,,,,1
recqIQOo8hyHnd5d2,14907,2731,2731,Picar,,Mario Garcia,Mario,Mario Garcia,Mario Garcia,1
recqLhLtFgcKkbKqZ,14907,2878,2878,Ilusionist II,,Olivia Mcginnis,Olivia,Shannon Y. Clifford,Shannon Y. Clifford,1
recqMaDteMbkSTVIv,14907,2614,2614,Naton Wi Ro Z,,Laura Sherren,Laura,Jessica Cross,Jessica Cross,1
recqPmHb1W2pXL1PF,14907,2668,2668,Curtis 89,Curtis,Josephine Demmo,Josephine,Alan Korotkin,CWF,1
recqVh52mOV5zCfP5,14907,1491,1491,Dunkin Donuts,,Katherine Addington,Katherine,Bibby F. Hill,Bibby F. Hill,1
recqqmboGHECUlJyn,14907,1574,1574,Valdes,,Antonio J. Martinez,Antonio,Antonio J. Martinez,Antonio J. Martinez,1
recqrDljxlnEyCaVN,14907,3004,3004,Rio Mccoy,,Brittany Doughty,Brittany,Lauren Schweppe,Lauren Schweppe,1
recqvsikbAFYAqlpk,14907,1923,1923,Olaf,,Selcuk Koksalan,Selcuk,Selcuk Koksalan,Selcuk Koksalan,1
recqyHqh6tBpG6zaa,14907,1358,1358,Coconet,Coconet,,,,,1
recqzYIr22FSPmONx,14907,2372,2372,F Miss Gouvernante Vdl Z,,Anthony Sauriol,Anthony,Anthony Sauriol,Anthony Sauriol,1
recr0Gm2CqKg25ilW,14907,1926,1926,Costello,,Allison Beck,Allison,Derek Van Der Burgh,Derek Van Der Burgh,1
recr57PyYYUA0cB6N,14907,2403,2403,Chacco Blue's Camelot,,Sophie Sacagiu,Sophie,Jenna P. Friedman-Lopez,Jenna P. Friedman-Lopez,1
recr7okJrTWDibQUA,14907,1112,1112,Cavendish,,Wilton J. Porter,Wilton,Wilton J. Porter,Wilton J. Porter,1
recr98HPDjgIiZDSE,14907,2023,2023,Joaquin Daloubet,,Veronica Arenas,Veronica,Cristobal Castro,Cristobal Castro,1
recrBCwVhPdsZ0yqo,14907,3023,3023,Frf Princess Royal,Frf Princess Royal,,,,,1
recrBjQEKkSDgWttF,14907,1244,1244,Kankan,,Brittni A. Raflowitz,Brittni,Brittni A. Raflowitz,Brittni A. Raflowitz,1
recrI0ZFUd7suGMKJ,14907,2989,2989,Green Book,,Madison Olvert,Madison,Taylor St Jacques,Taylor St Jacques,1
recrIYf0Es1HnC62P,14907,2620,2620,Lincom's Close Up,,Mason Maclean,Mason,Debra L. Ward,Debra L. Ward,1
recrLZtwVCXp7OLBN,14907,3205,3205,Poofy's Bailey,Poofy's Bailey,,,,,1
recrMi1Uqm4je5bL2,14907,2301,2301,Karamba Hdh,,Aurora R. Rangel De Alba,Aurora,Aurora R. Rangel De Alba,Aurora R. Rangel De Alba,1
recrOYFqsYdfrWENu,14907,1078,1078,Cole Younger,,Laura Linback,Laura,Troy Linback,Troy Linback,1
recrRJCCx8bMO8AHH,14907,2496,2496,Viva Blue 2,Viva Blue 2,,,,,1
recrRoNFqjPts97do,14907,1134,1134,Syl Dandy,Syl Dandy,,,,,1
recrU2ek0zMbrnuce,14907,2213,2213,Ea De Casavieja,,Currie Cooper,Currie,Katey Grau,Katey Grau,1
recrUgJqtSNyjM7Ng,14907,2829,2829,Noran,,Kelly P. Murphy,Kelly,Daniela Roy,Daniela Roy,1
recrWqNtXGqR0SWHN,14907,2624,2624,Tavish,,Samantha Corda-Mcgreevy,Samantha,Debra L. Ward,Debra L. Ward,1
recrakE8uCpPiKueL,14907,1736,1736,Garrincha Van De Kalevallei,,Maleah Lang Mcmahon,Maleah,Marcus Gruenthal,Marcus Gruenthal,1
recrcGvEq9VjLfJM7,14907,2625,2625,Pie In The Sky,,Ella Clark,Ella,Grace Dreyer,Grace Dreyer,1
recrhTIGLAHgE4tE9,14907,2138,2138,Madhappy,,Joan V. Ehrhart,Joan,Jane C. Ehrhart,Jane C. Ehrhart,1
recrir75mhqUa4sKv,14907,193,193,Don D'alme C Z,Don D'alme C Z,,,,,1
recrjgn1n26XhdPsI,14907,3049,3049,Donna Lucardie Z,,Francesca Chiatti,Francesca,Anna Christina Gansauer,Anna Christina Gansauer,1
recrl3ROs2cbiMFu6,14907,3287,3287,Papa Smurf,Papa Smurf,,,,,1
recrogcv51FvGgW5m,14907,2032,2032,Novel-T,,Lee D. Cesery,Lee,Robin Swinderman Mitchell,Robin Swinderman Mitchell,1
recrpIaLGqiuVDWF9,14907,3387,3387,Indian Summer,Indian Summer,,,,,1
recrrANhwcT5xhNy7,14907,2799,2799,Steely Dan,,Kendall Crowell,Kendall,Rob Billings,Rob Billings,1
recs0olEcPhG6L0j3,14907,2395,2395,Gigi Top 2,,Maja Mossberg,Maja,Patrick R. Wilcher,Patrick R. Wilcher,1
recs0rRpUMYVPs1fd,14907,1995,1995,Camino Imperio Egípcio,,Ali Arbabi,Ali,Sharn L. Wordley,Sharn L. Wordley,1
recs4QUdI17DyVMJz,14907,3033,3033,Mr. Ed,,Robert P. Stucky,Robert,Robert P. Stucky,Robert P. Stucky,1
recs7PhIVX66MFcNR,14907,2043,2043,Edward Z,,Ciaran Flynn,Ciaran,Ciaran Flynn,Ciaran Flynn,1
recs8NjqDztH8N2ot,14907,1696,1696,Kinmar Candy Hero,,Declan Egan,Declan,Declan Egan,Declan Egan,1
recsBQYy05ONMMFwj,14907,1469,1469,Pretty Well Marqued,Pretty Well Marqued,,,,,1
recsDtJjqiuoQmPaf,14907,3087,3087,India-S,,Lola Bacardi,Lola,Alexa Marino Bacardi,Alexa Marino Bacardi,1
recsFtggllL03jP3d,14907,239023902390,239023902390,,,,,,,1
recsGLgZzmF73HcM5,14907,2081,2081,Rsk Quality Cruise,,Khloe Kerins,Khloe,Darragh Kerins,Darragh Kerins,1
recsIjdKEsOQGFlUO,14907,2392,2392,Lady Glitter Sparkles,,Cassie Gil,Cassie,Dana Ventrice,Dana Ventrice,1
recsKorlosWuL3nkw,14907,108,108,Chriszi,,David Cameron,David,David Cameron,David Cameron,1
recsKx81yXefHm2mi,14907,1215,1215,Temptation V/H Haringvliet Z,,Jodie Camberg,Jodie,Megan Wexler,Megan Wexler,1
recsNZqumTeVwS3r6,14907,1079,1079,Grande Dame,,Laura Linback,Laura,Troy Linback,Troy Linback,1
recsPY5EGJuNn2oFw,14907,2523,2523,Lugano,,Liliana Nora Menesi,Liliana,August Torsilieri,August Torsilieri,1
recsQfoa7vchRkI2b,14907,2979,2979,Wodka,Wodka,,,,,1
recsYbyKto6qpy0S0,14907,1145,1145,Cecile S,,Alicia Taylor,Alicia,Stephen Dicarlo,Stephen Dicarlo,1
recsbUFgLfmWmpRDL,14907,2276,2276,Kamara,Kamara,,,,,1
recsgc6l5dq6bv58T,14907,1330,1330,Arezzo Z,Arezzo Z,,,,,1
recsgqRYcMam5zMYd,14907,2463,2463,Eq Scorpio,,Diego Farje,Diego,Sharn L. Wordley,Sharn L. Wordley,1
recskrY2ERXLInXy1,14907,1683,1683,Bakham Du Very Z,,Blythe Novick,Blythe,Jessica Collins,Jessica Collins,1
recslqd83nSNdxImJ,14907,2133,2133,O'Malley Rfb,,Addison Reed,Addison,Addison Reed,Addison Reed,1
recsn5lYwAOsYIFXs,14907,2951,2951,Elvis Blue Hallelujah,,Peyton Villalona,Peyton,Brian Murphy,Brian Murphy,1
recspOBmv9RNHSFDP,14907,1388,1388,Let's Fly,Let's Fly,,,,,1
recsqOkaczV6jKDvC,14907,2952,2952,Glenara Chacco Dp,,Brian Murphy,Brian,Brian Murphy,Brian Murphy,1
recsqsoE9SMDSF5JV,14907,1915,1915,Fbf Sundrop,,Stacy A. Ryback,Stacy,Bryce P. Richardson,Bryce P. Richardson,1
recsuO9dXevR7qQ6h,14907,1831,1831,Umtiti Van De Barlebuis,,Giavona Pirolo,Giavona,Lia Screnci,Lia Screnci,1
recsx8UsBHNLe7SDS,14907,1661,1661,Major,,Kyle Dewar,Kyle,Kyle Dewar,Kyle Dewar,1
rect1d7lN7ldDNNRM,14907,1188,1188,Spot On,,Allison Wise,Allison,Stephanie Free,Stephanie Free,1
rect4ecy9WO592VH5,14907,2158,2158,Calibur W,,H Dougl Schreiber,H,H Dougl Schreiber,H Dougl Schreiber,1
rect87snjPMcY7fbo,14907,1860,1860,Crusader,,Marcus Gruenthal,Marcus,Marcus Gruenthal,Marcus Gruenthal,1
rect9kuSGZd3zCfJT,14907,2953,2953,Ivanhoe,,Elizabeth Schumann,Elizabeth,Brian Murphy,Brian Murphy,1
rectAgVU3we2blL9U,14907,2184,2184,Lonesome Dove,,Isabella Ruohomaki,Isabella,Patrick R. Wilcher,Patrick R. Wilcher,1
rectB3iiD9s1xf55m,14907,111,111,Cascais Hc,,Juan J. Bancalari,Juan,Juan M. Bolanos,Juan M. Bolanos,1
rectDB55uRU4HAI9U,14907,3096,3096,Caltitza,,Francisco E. Toro,Francisco,Carlos Aguirre,Carlos Aguirre,1
rectDIaOKW17DJty7,14907,1669,1669,Harmonie,,Tiffany Townson,Tiffany,Juan A. Rodriguez Silva,Juan A. Rodriguez Silva,1
rectFtbsLs4W8L2Ip,14907,2305,2305,Eye Of The Tiger,,Lillian Hardman,Lillian,Wendy J. Hechler,Wendy J. Hechler,1
rectPDx3d1SOQkKUB,14907,1454,1454,Mr Dw,,Jackie Sawyer,Jackie,Dawn Hersey,Dawn Hersey,1
rectXRpiS4Dy2lUlR,14907,1333,1333,Casillo Hp 2,,Samantha Schulze,Samantha,Juan M. Bolanos,Juan M. Bolanos,1
rectY3GOus6n9pmIQ,14907,214,214,KS Kiwi,,Luke Sassi,Luke,Luke Sassi,Luke Sassi,1
rectZxA8z9uiUO7Yk,14907,3284,3284,Proud Mary,Proud Mary,,,,,1
rectewCqSQS4vXcSn,14907,1025102510251025,1025102510251025,,,,,,,1
rectiPuYi4cnJuWhY,14907,1975,1975,Carsten S,,Jennifer Tate,Jennifer,Jennifer Tate,Jennifer Tate,1
rectj1icJwe5T3DsL,14907,2993,2993,Delando De St Leger,,Dorothy Douglas,Dorothy,Jelmer Hoekstra,Jelmer Hoekstra,1
rectlICPZxA60eEOd,14907,1233,1233,Pocket,Pocket,,,,,1
rectlw76gHQdcUM6x,14907,3277,3277,Alena Fz,Alena Fz,,,,,1
rectp3hEvedZE6M94,14907,1478,1478,Bp First Of Many,,Lesley Grant-Law,Lesley,Lesley Grant-Law,Lesley Grant-Law,1
rectrltH39Rd7pVVb,14907,2116,2116,Junebug,Junebug,,,,,1
rectskKSrlE9AWIF0,14907,1609,1609,Quintano Van Den Eikenbos,Quintano Van Den Eikenbos,,,,,1
rectwreYfKfGgUoW4,14907,1481,1481,Limerick,,Taylor Manning,Taylor,Taylor Manning,Taylor Manning,1
recu1a42EXQUojyia,14907,1874,1874,Icandy,,,,,,1
recu2ChEbYzzkg52e,14907,1982,1982,Herakles,,Izabella Mcnerney,Izabella,Izabella Mcnerney,Izabella Mcnerney,1
recu5l2tyVid7cZE4,14907,2404,2404,Marylee Z,,Paige Figueiredo Agrawal,Paige,Celso Ariani,Celso Ariani,1
recuEGBoV7kKfnAh0,14907,2729,2729,Clearville,,Emily Kowit,Emily,Heather Froehlich Cortell,Heather Froehlich Cortell,1
recuNQ00z5v7WxF6j,14907,1724,1724,Billy Banbury,,Alexa Riccio,Alexa,Stephanie Frey,Stephanie Frey,1
recuO3aIl1Zy8yISR,14907,1725,1725,Loudon,,Amy Nelson,Amy,Lauren Schweppe,Lauren Schweppe,1
recuPBx5yKoynvNJL,14907,1337,1337,Double R Jacaranda,,Carlota Goyeneche,Carlota,Juan M. Bolanos,Juan M. Bolanos,1
recuSzIZFy4vBG8jp,14907,1085,1085,Conthargos Gold,,Rebecca Conway,Rebecca,Conan Conway,Conan Conway,1
recuTXf9H0hZHoqdK,14907,2460,2460,Tenor Van't Klavertje Vier,Shrek,Lola Applebaum,Lola,Alan Korotkin,CWF,1
recuXLShazq7IOZKb,14907,2126,2126,Momentum,,Zara Adnams,Zara,Scott Keach,Scott Keach,1
recuXuZ2bGvhPkD4L,14907,1238,1238,Christy B,Christy B,,,,,1
recuddIKIuwNLGEe2,14907,1579,1579,V.h. Paris Fox,,Marlow Rickun,Marlow,Kelsey Duffy,Kelsey Duffy,1
recugWgvDfNb66AlQ,14907,2080,2080,P-Capitola,,Sarah Kerins,Sarah,Darragh Kerins,Darragh Kerins,1
recuinxSmvH1u9KHl,14907,1564,1564,Mtm Silhouette,,Leslie S. Prinz,Leslie,Stephen Dicarlo,Stephen Dicarlo,1
recul7YU3h0jBRd89,14907,2634,2634,Mtm Nutmeg,,Rachel Zaluski,Rachel,Natalie Geller,Natalie Geller,1
recul9Pr69tRlOjOC,14907,2960,2960,Dracko Van Het Vinckenhof Z,,Vicente Guillen,Vicente,Vicente Guillen,Vicente Guillen,1
recuoqJOcF2si7HDS,14907,2530,2530,Royce Van Den Henxbroek,,Skylah Watkins,Skylah,Gianni Gabrielli,Gianni Gabrielli,1
recusGpYIKh04LH18,14907,2019,2019,Bss Prince Charming,,Sophia Oosthuizen,Sophia,Stefanie L. Collier,Stefanie L. Collier,1
recusM5NdBZFA8R4I,14907,2183,2183,Follow Me Home,,Caitlin Maloney,Caitlin,Caitlin Maloney,Caitlin Maloney,1
recutOuRfDtmGYnr5,14907,2035,2035,Simply Bliss,,Elizabeth C. de Golian,Elizabeth,Elizabeth C. de Golian,Elizabeth C. de Golian,1
recutvWECAJbYHvFO,14907,2937,2937,Follow Me,,Marissa Creviston,Marissa,Marissa Creviston,Marissa Creviston,1
recuvPZVD2efT8yCl,14907,2381,2381,Dumbledore,Dumbledore,,,,,1
recuxxtlQ8FlkNjqC,14907,147,147,Effixe Du Melnire,,Juan E. Hidalgo,Juan,Juan E. Hidalgo,Juan E. Hidalgo,1
recv0B2iG4iBLz2LX,14907,3101,3101,Chanel,,Raquel V Toro,Raquel,Carlos Aguirre,Carlos Aguirre,1
recv1bz0TLXgVFK4A,14907,166,166,Billy Mc Dermit,,Rowan Willis,Rowan,Rowan Willis,Rowan Willis,1
recv79kftJHQbcGbx,14907,1465,1465,Norelien,,Maya Allhusen,Maya,Mario Garcia,Mario Garcia,1
recv8nlDjgvbvp6ZJ,14907,1496,1496,Somermist Secret Admirer,,Katherine Addington,Katherine,Bibby F. Hill,Bibby F. Hill,1
recv9pN07UPLwgUlv,14907,1272,1272,Mtm Anonymous Z,,Alise Carrico,Alise,Ben Taylor,Ben Taylor,1
recvGTmncdJsfGqa8,14907,1493,1493,Lyon,,Katherine Addington,Katherine,Bibby F. Hill,Bibby F. Hill,1
recvHB0yjIYO7QtDx,14907,2819,2819,Mattador,,Allison Beck,Allison,Derek Van Der Burgh,Derek Van Der Burgh,1
recvHtEFJEg2EU4nO,14907,1111,1111,Mtm Apple,,Tracy Fenney,Tracy,Michael J. Mccormick,Michael J. Mccormick,1
recvJUwvnGNi2qyFG,14907,153,153,Champion League,,Sharn L. Wordley,Sharn,Sharn L. Wordley,Sharn L. Wordley,1
recvJc1GYL1CAgS4R,14907,3155,3155,Cookie Z,,Ariana Zuccolotto,Ariana,Tammy Blanchette,Tammy Blanchette,1
recvKAArSusorh5to,14907,127,127,Artic Jt Z,,Captain Brian Cournane,Captain,Captain Brian Cournane,Captain Brian Cournane,1
recvKHl9VcledFfVP,14907,3321,3321,Thunderbird Cafe,Thunderbird Cafe,,,,,1
recvMGPH0clJ6e919,14907,1074,1074,Caballa Ps,,Madison Cohen,Madison,Benjamin J. Meredith,Benjamin J. Meredith,1
recvS4oaEuUxfdgB7,14907,2329,2329,Mtm Rico Suave,,Tracy Fenney,Tracy,Michael J. Mccormick,Michael J. Mccormick,1
recvUVUzrTnEs4ih3,14907,1199,1199,All Class,,Samantha Delany,Samantha,Kacey Conway,Kacey Conway,1
recvUkJmo2MpUJzWH,14907,1069,1069,Quinta Van De Helle Z,,Susannah Cooper,Susannah,Daniela Roy,Daniela Roy,1
recvXYulV8iOfgMp0,14907,2241,2241,Oro Del Sole,Oro Del Sole,,,,,1
recvbelvX44Ma1YIP,14907,2003,2003,Ancelotti,,Ashley Romano,Ashley,Ashley Romano,Ashley Romano,1
recvjSnNyrwcGgAu8,14907,2611,2611,Tyamo,,Peyton Krumin,Peyton,Jasmine Walsh,Jasmine Walsh,1
recvmrYoAgi0HWS1H,14907,1275,1275,Norton Vdl,,Abby Grabowski,Abby,Ben Taylor,Ben Taylor,1
recvxTs1okJ0DWwtC,14907,1067,1067,Noah,,Clara Vidal,Clara,Daniela Roy,Daniela Roy,1
recw15cQ3GOGZLo0a,14907,1749,1749,Coffee,,Kirsten L. Malacarne,Kirsten,George J. Bessette,George J. Bessette,1
recw4QGfBff6LBKoD,14907,2480,2480,Hell's Angel 6,Hell's Angel 6,,,,,1
recw6zyhFDji5ixp0,14907,2135,2135,Orisco,,Addison Reed,Addison,Addison Reed,Addison Reed,1
recw8YOxXzNsCNT9X,14907,3276,3276,Quaprice Van 'T Rietveld,Quaprice Van 'T Rietveld,,,,,1
recw8ohQRJT1u6Kd0,14907,1130,1130,O'Coloury M,O'Coloury M,,,,,1
recwGcO2bv6w3EA36,14907,1598,1598,Sublime,,Pranadha Sheela,Pranadha,Morgan Taylor,Morgan Taylor,1
recwIYoYdZrRyZqp1,14907,2362,2362,Constantin De Hus,,John Michael Durr,John,John Michael Durr,John Michael Durr,1
recwPFzPwL9QsRqzW,14907,1607,1607,Ijesto Vdp,Ijesto Vdp,,,,,1
recwPvS0fTpPNe0CW,14907,2607,2607,Santino,,Jasmine Walsh,Jasmine,Jasmine Walsh,Jasmine Walsh,1
recwRRSvRvajFvpfV,14907,2983,2983,Miracle Es,,Savannah Groselle,Savannah,Savannah Groselle,Savannah Groselle,1
recwWOG240Qq3NTxd,14907,2280,2280,Rise Up Na,Rise Up Na,,,,,1
recwYhzRtCDiI5xSW,14907,1770,1770,Dsh Gran Torino,,Leslie Law,Leslie,Lesley Grant-Law,Lesley Grant-Law,1
recwcHiK4uHqobZog,14907,1976,1976,Debonair,,Jennifer Tate,Jennifer,Jennifer Tate,Jennifer Tate,1
recweIMsj19oIxZbO,14907,2300,2300,Jumper,,Aurora R. Rangel De Alba,Aurora,Aurora R. Rangel De Alba,Aurora R. Rangel De Alba,1
recwhHBdbXr3nioUL,14907,1798,1798,Cr Diaconcello Es,Cr Diaconcello Es,,,,,1
recwnjKuBVkFxw7GV,14907,1039,1039,King Z,King,Victoria Rotsaert,Victoria,Alan Korotkin,CWF,1
recwpKZrzKeu5qt2f,14907,1390,1390,Maminka,,Lexi Ferder,Lexi,Sydney Rowland,Sydney Rowland,1
recwtt6JgdgBaJB4b,14907,1485,1485,Roncevert,,Lanie Nash,Lanie,Dawn Hersey,Dawn Hersey,1
recwxhnQFuwUfaehT,14907,1702,1702,Edita,,Katie M. Savarise,Katie,Todd D. Minikus,Todd D. Minikus,1
recx1kojPJGAckAQi,14907,1120,1120,Chaccolouet Tw,Chaccolouet Tw,,,,,1
recx5V5UYxIPodNVd,14907,2366,2366,Kandoo Pj,,Maurah Burkholder,Maurah,Jake Evans,Jake Evans,1
recxCrUaZp3KapOAl,14907,3271,3271,Mtm Diego,Mtm Diego,,,,,1
recxF9q0GD48Trd4e,14907,2502,2502,Fernhill Kudos,Fernhill Kudos,Lynn Yoos,Lynn,Alan Korotkin,CWF,1
recxHix12TaoXWWG1,14907,136,136,Quality Star Z,,Bliss Heers,Bliss,Bliss Heers,Bliss Heers,1
recxKkGj8JrPQSHJA,14907,1282,1282,Quesera K Van't Kattenheye,,Chloe Peterson,Chloe,Erica Robson,Erica Robson,1
recxKx5Adn1Lx38Zf,14907,3396,3396,Sambuca Q,Sambuca Q,,,,,1
recxPVzLjOfU3oKd7,14907,3431,3431,Integrity Second Chance,Integrity Second Chance,,,,,1
recxQELeISHzsdFNx,14907,140,140,Dorchester,,Nora Nauss,Nora,Andrew C. Welles,Andrew C. Welles,1
recxTJKdQIV5W4Pm1,14907,2390,2390,Poptart,Poptart,Lainey Posa,Lainey,Alan Korotkin,CWF,1
recxVD0nzlj8GuBu7,14907,2185,2185,Inka Malpic,,Rebecca Conway,Rebecca,Conan Conway,Conan Conway,1
recxdKZ1k90OnH1tC,14907,2957,2957,Oo Seven De L'equipe,,Kirk Webby,Kirk,Kirk Webby,Kirk Webby,1
recxf2hJeyR0Pod4b,14907,1273,1273,Mucksmaeuschenstill,,Aaron Vale,Aaron,Ben Taylor,Ben Taylor,1
recxfeSSIkc6ZVnCZ,14907,209,209,Ici,,Jake Endicott,Jake,Sydney Rowland,Sydney Rowland,1
recxhhLw5OQ6dQ3im,14907,2871,2871,Rakona Z,,Ashlee Bond,Ashlee,Ashlee Bond,Ashlee Bond,1
recxiI7bR50kOkLz2,14907,120,120,Charly Brown 353,,Maya Denis,Maya,Megan Wexler,Megan Wexler,1
recxloaG3vDKK6KgS,14907,1836,1836,Cento Forever,,Pamela Mattel,Pamela,Rebecca Warth,Rebecca Warth,1
recxoqsw7Vlz8HTgf,14907,2433,2433,Niargentus,Niargentus,,,,,1
recxqkpsWuxGHmTs3,14907,1489,1489,Crown Ridge Footloose,,Bay Hammer,Bay,Bibby F. Hill,Bibby F. Hill,1
recxrdRq2KHam1QlL,14907,1966,1966,Carli De Sabette,,Vannakay Hurnevich,Vannakay,Kim E. Burnette,Kim E. Burnette,1
recxvbzrlM93EUJOx,14907,2389,2389,Fanfan Boy,Fan,Tanner Korotkin,Tanner,Alan Korotkin,CWF,1
recxycCAxrV17fAzz,14907,1562,1562,Raja J,,Morgan Cusick,Morgan,Derek Van Der Burgh,Derek Van Der Burgh,1
recyBchSSmAI3EeIP,14907,2791,2791,,,,,,,1
recyC211wdLSWalr9,14907,1890,1890,Rock & Roll D'eres Z,Rock & Roll D'eres Z,,,,,1
recyGmCLlAYOqFFts,14907,20,20,DRAG BREAK,,DRAG BREAK,DRAG,No Trainer,No Trainer,1
recyH0D7hf3GolOjQ,14907,2045,2045,Don Daddy Z,Don Daddy Z,,,,,1
recyIn6WNt6HlgIDB,14907,2144,2144,U Amon Z,,Addison Hall,Addison,Carson L. Ruff,Carson L. Ruff,1
recyKbRMCGmfGewAV,14907,2714,2714,Buga Z,,Dolores Funes,Dolores,Samuel Parot,Samuel Parot,1
recyN0zO7TiYNyGAw,14907,1546,1546,Tupac Van De Vrombautshoeve Z,,Paige Jones,Paige,Dominique H. Damico,Dominique H. Damico,1
recyPJIuIT4RGZCT5,14907,2338,2338,Central Park,,Maleah Lang Mcmahon,Maleah,Maleah Lang Mcmahon,Maleah Lang Mcmahon,1
recyPlATW6FbyWfpY,14907,1257,1257,Avalanche,,Mallory Vale,Mallory,Ben Taylor,Ben Taylor,1
recyQRsugfqFd7Hlq,14907,1104,1104,Hallmark Hpf,,Hector Florentino,Hector,Benjamin J. Meredith,Benjamin J. Meredith,1
recyUgHplw37ztedH,14907,3502,3502,Pandor Fortuna,Pandor Fortuna,,,,,1
recyVcaLOvsk1Ik1S,14907,2088,2088,Talk To Me Goose,,Lyla Payne,Lyla,Madison Daughdrill,Madison Daughdrill,1
recyad0MnsQ6b0jC7,14907,1182,1182,Lupina Colada,,Wilton J. Porter,Wilton,Wilton J. Porter,Wilton J. Porter,1
recyfyN4kujFVTi3w,14907,2833,2833,Top Gun Z,,Samuel Parot,Samuel,Samuel Parot,Samuel Parot,1
recygGog8FLxrMnVH,14907,2181,2181,Chaning Tatum,,Samantha Mccleerey,Samantha,Samantha Mccleerey,Samantha Mccleerey,1
recyh6ROTkkw13BrX,14907,2025,2025,Piazza Di Siena,,Lia Screnci,Lia,Lia Screnci,Lia Screnci,1
recykDsuwpWbA5U1N,14907,1825,1825,Cor La Loi Mdm Z,,Adrianna Schneider,Adrianna,Lia Screnci,Lia Screnci,1
recylwU4Wbx8orr3X,14907,1401,1401,Sea To Sky,Sea To Sky,,,,,1
recyoV70nYdspP18A,14907,1875,1875,Maestro Van't Laar,,Braeden Simons,Braeden,Kimberly Nadler-Russo,Kimberly Nadler-Russo,1
recyrvLrihL58fzZD,14907,2565,2565,Quasar De Medi,,Marlene Gonzalez,Marlene,Spencer Brittan,Spencer Brittan,1
recysJxjwgm0Tj0rd,14907,2792,2792,Helia Des Bergeries,,Debbie Smith,Debbie,Matt Martin,Matt Martin,1
recyvOQBUftNZ9zAB,14907,2635,2635,Tugano Van Klapscheut,,Addison Reed,Addison,Raishun Burch,Raishun Burch,1
recyxu2pa8vIITr73,14907,2911,2911,Safira,Safira,,,,,1
recz3QUJ7HdroTZPU,14907,1844,1844,Ice Breaker,,Stella Hartman,Stella,Fabian Herrera,Fabian Herrera,1
recz8Od4fzbW65MXo,14907,1505,1505,Unbreakable Z,,Gabriela Juron,Gabriela,Morgan Taylor,Morgan Taylor,1
reczI8T7J4s9G4bdJ,14907,1913,1913,Boleybawn Rolo,,Bryce P. Richardson,Bryce,Bryce P. Richardson,Bryce P. Richardson,1
reczNMRYgWOH2Hl6m,14907,2701,2701,Bull Run's Luminous,,Hayley G. Waters Wear,Hayley,Dana G. Waters,Dana G. Waters,1
reczOTwv7DErytw0W,14907,2605,2605,Lumiere,,Emery Kobel,Emery,Jasmine Walsh,Jasmine Walsh,1
reczPBGCE21Cd5gI2,14907,2746,2746,King Conan,King Conan,,,,,1
reczUfsjadnxdNGOl,14907,2568,2568,Nasia’s Girl Keros,,Hanna R. Egan,Hanna,Hanna R. Egan,Hanna R. Egan,1
reczYObixJZURLE5N,14907,1348,1348,First Lady Van De Kranenburg,,Felicia Rodgers,Felicia,Derek Reed,Derek Reed,1
reczYd1rBRl9hCVoM,14907,1962,1962,Isla De Coco,,Lauren E. Hough,Lauren,Lauren E. Hough,Lauren E. Hough,1
reczZki5NzsZ5t682,14907,2766,2766,Panelja Van Con Amper,,Declan Egan,Declan,Declan Egan,Declan Egan,1
reczbo9B52MjihV7r,14907,138,138,Cardozo 4,Cardozo,Tanner Korotkin,Tanner,Alan Korotkin,CWF,1
reczdDwH5997TPKaH,14907,2161,2161,Astronaut H Z,,Teresa Pompay,Teresa,Josh Dolan,Josh Dolan,1
recze8WNaAqnZyEhM,14907,3050,3050,Czechmate,,Brooke Eddy,Brooke,Brooke Eddy,Brooke Eddy,1
reczeoSZhFHkwI91y,14907,1224,1224,Lord Cornet,,Ashley Ann McGehee,Ashley,Megan Wexler,Megan Wexler,1
reczhMBQy68g02ImT,14907,2036,2036,Diablue Sh Z,,Jared P. Petersen,Jared,Jared P. Petersen,Jared P. Petersen,1
reczhiIjkBSlMXNrB,14907,186,186,Chelsea 179,,Chloe D. Reid,Chloe,Chloe D. Reid,Chloe D. Reid,1
reczk6eyb3XMCx2VX,14907,2124,2124,Spy,,Paul O'Shea,Paul,Davide Troncanetti,Davide Troncanetti,1
reczlCBuDI4ww3KKn,14907,1824,1824,,,,,,,1
reczlljtaMXYqXbdn,14907,149,149,Quicksilver C,,Luis Sabino Goncalves,Luis,Luis Sabino Goncalves,Luis Sabino Goncalves,1
reczpLVAZwd889uGM,14907,2351,2351,Otto Pilot,,Jeannie M. Savegnago,Jeannie,Lauren Schweppe,Lauren Schweppe,1
reczr9z58mEkBGGdP,14907,2707,2707,Voila Bbf,,Hayley G. Waters Wear,Hayley,Dana G. Waters,Dana G. Waters,1
reczrRTCTrN3thDKn,14907,1253,1253,I'M Du Vinia,,Lizabeth Perez-Pascual,Lizabeth,Lizabeth Perez-Pascual,Lizabeth Perez-Pascual,1
reczrS7UlzABS7lXq,14907,2616,2616,Copabella Voltage,,Georgia Bouzaid,Georgia,David Cameron,David Cameron,1
reczrama7zARNJJrX,14907,181,181,Cimbura,,Jessica Leto,Jessica,Jessica Leto,Jessica Leto,1
reczsqCOVjh23cwUk,14907,3030,3030,Missy Vd Vosberg,,Seanna Reser,Seanna,Stacey L. Reser,Stacey L. Reser,1
reczwdDElfctF7Vz4,14907,1005,1005,Heroine De Kerglenn,,Rita de Goes,Rita,Juan Benítez,Juan Benítez,1
