record_id,entry_no,rec_id,Created,horse,trainer,horse_display (from horses),horses,source,rider,riders,rider_display (from riders),trainers,trainer_display (from trainers),barn_name,entry_go_times,wec-alerts,class_oog,class_oog_staging,get_orders,get_rings,class_results,get_rings 2,get_orders 2,wec_entry_comments,wec_class_comments,wec_comment_presets,wec_question_templates,wec_sessions,wec_comments,wec_ring_checkins,waze_users,wec_observations,wec_ring_comments
rec01fcLz3gBaOuCk,2961,rec01fcLz3gBaOuCk,2026-06-09T23:09:50.000Z,Evolene De Carles,Vicente Guillen,[null],"[""recGcKkdCOho6Pt6R""]",class_oog,Vicente Guillen,"[""recvGTTxZSbHtC8Ym""]","[""Vicente""]","[""recCbBJMoJvofncZW""]",,,,,,,,,,,,,,,,,,,,,
rec04G5QautLKroO5,2535,rec04G5QautLKroO5,2026-06-11T11:39:21.000Z,Lucky Lakota,Wendy J. Hechler,[null],"[""rec89MeFFkOvodxoK""]",class_oog,Guiliana Itzo,"[""recgvL9zCVq8cPEyZ""]","[""Guiliana""]","[""rec1I0IvFKaYQa6K4""]",,,,,,,,,,,,,,,,,,,,,
rec04HzASvmudMtfF,3632,rec04HzASvmudMtfF,2026-07-01T14:15:36.000Z,Valika,,,,get_rings.php,,,,,,,,,,,,,,,,,,,,,,,,,
rec04dA4WFyLCjXNw,1675,rec04dA4WFyLCjXNw,2026-06-11T11:39:24.000Z,L.v. Valdrumer,Juan A. Rodriguez Silva,[null],"[""recLj5EaBtHWkjsa2""]",class_oog,Nicole Presa Tejada,"[""rechqgzesv0gfUZwq""]","[""Nicole""]","[""reclu4ZfxeCUoDgLA""]",,,,,,,,,,,,,,,,,,,,,
rec05KksmIMbP4zEb,3099,rec05KksmIMbP4zEb,2026-06-11T11:39:25.000Z,Cartoon Sd Z,Alan Korotkin,"[""Cartoon""]","[""recKk2sgwiW0v70cR""]",class_oog.php,Tanner Korotkin,"[""rececJFgkUViuuW0F""]","[""Tanner""]","[""recFIHTcArQhILyAc""]","[""CWF""]","[""Cartoon""]","[""recIq4wolRpvMPZqi"",""recKxLRsV3heSMRSs""]","[""recF3ZYRgyz1b0fZM"",""recxjnggUhOjkWhJB""]","[""recBzaGh0vNdOFJ1I"",""reckHrI3AFsslsR6s"",""recnTChWBVv7nDghc""]","[""recGktQyKGZgPdEEE"",""recLm4bIWsCwKtsOn""]",,,,,,,,,,,,,,,
rec07FCmE0osOA0Z0,2128,rec07FCmE0osOA0Z0,2026-06-11T11:39:23.000Z,Changes In Latitude,Maisie Wagner,[null],"[""recUOPrPt8hqx9T2P""]",class_oog.php,Clara Sipple,"[""rectCb1wW269hD03a""]","[""Clara""]","[""recWddmd29X3mTMwN""]",,,,,,,,,,,,,,,,,,,,,
rec07T9tJS4DHWlU0,1466,rec07T9tJS4DHWlU0,2026-06-11T11:39:24.000Z,Odaya,Mario Garcia,[null],"[""recXgFBKZ5FRbXDxP""]",class_oog,Anna Mazor-Allhusen,"[""recweHlv4BRsQoksS""]","[""Anna""]","[""recgLDs1PX5pujyno""]",,,,,,,,,,,,,,,,,,,,,
rec08Bcdiirsd0shr,1075,rec08Bcdiirsd0shr,2026-06-09T23:09:50.000Z,Chris B,Benjamin J. Meredith,[null],"[""recsB7WBTOhoiZ7Fm""]",class_oog,Miley Davidyan,"[""reclZp0eQIJMvkdeG""]","[""Miley""]","[""reccRPUdMRZMCiJuf""]",,,,,,,,,,,,,,,,,,,,,
rec0EKYIlKuo6e2gz,1438,rec0EKYIlKuo6e2gz,2026-06-12T17:24:29.000Z,Comeback Queen,Matthew Le Master,[null],"[""recyASRhw8q4tEAtw""]",class_oog,Mckenzie Badley,"[""recY8qeRhWAe7RPzG""]","[""Mckenzie""]","[""recN9E8BVaEfvKU1x""]",,,,,,,,,,,,,,,,,,,,,
rec0MpaYnNju2ExM0,1457,rec0MpaYnNju2ExM0,2026-06-11T11:39:21.000Z,Kamilla,Wendy J. Hechler,[null],"[""recjgo7hE3earZlS7""]",class_oog,Olivia Planer,"[""rece86WN8FUEah4HY""]","[""Olivia""]","[""rec1I0IvFKaYQa6K4""]",,,,,,,,,,,,,,,,,,,,,
rec0NSJSySU5lKsqL,2964,rec0NSJSySU5lKsqL,2026-06-11T11:39:22.000Z,Chillas Z,Brooklyn Castellano,[null],"[""recq3SaHggwHJZ6TY""]",class_oog.php,Tanner Korotkin,"[""rececJFgkUViuuW0F""]","[""Tanner""]","[""recPdCHJm1UqhZjLu""]",,,,,,,,,,,,,,,,,,,,,
rec0OvFLXfoZKvs15,1251,rec0OvFLXfoZKvs15,2026-06-11T11:39:23.000Z,Spice Girl,Erica Robson,[null],"[""recjdMClb9vZnjzZ5""]",class_oog,Bernadette Sobrino,"[""rec7ELvs61kTO6o8h""]","[""Bernadette""]","[""recMir2WcmMLTzpZq""]",,,,,,,"[""recYJeneQkKbW1CSq""]","[""recNDgVuNcSmlP3ox""]",,,,,,,,,,,,,
rec0RAU78DTJevqhZ,1237,rec0RAU78DTJevqhZ,2026-06-20T17:54:35.000Z,Weebiscuit,,[null],"[""recsPHD9LQYlxS1ay""]",get_rings.php,,,,,,,,,,,,,,,,,,,,,,,,,
rec0YULLcir5vLyAM,2215,rec0YULLcir5vLyAM,2026-06-21T13:21:51.000Z,Happily Ever After,,[null],"[""recW705W4GLcCVJ8F""]",get_rings.php,,,,,,,,,,,,,,,,,,,,,,,,,
rec0jfy8C1BmZlxoY,3333,rec0jfy8C1BmZlxoY,2026-06-18T13:45:37.000Z,Hickstead Houdini,,[null],"[""rec8UzpYwT5aymbTE""]",get_rings.php,,,,,,,,,,,,,,,,,,,,,,,,,
rec0k3WZoyAveK1JI,1286,rec0k3WZoyAveK1JI,2026-06-13T11:15:49.000Z,Sensation Of The North,Katie Moniz Floyd,[null],"[""reciEQm0pcA5QOO2R""]",class_oog.php,Janice Varandas,"[""recpk7RlPXXrhJUrR""]","[""Janice""]","[""recPMskDVL2pcUFPb""]",,,,,,,,,,,,,,,,,,,,,
rec0nIlVrJ81KpK5w,1585,rec0nIlVrJ81KpK5w,2026-06-15T13:18:53.000Z,Artic Jt Z,Captain Brian Cournane,[null],"[""recpufs1guD9CqDb5""]",class_oog,Captain Brian Cournane,"[""rec9bdGQgGu9zWiEQ""]","[""Captain""]","[""recclCEkrFrjDDv36""]",,,,,,,,,,,,,,,,,,,,,
rec0oB2Jm5zwqXvq5,1796,rec0oB2Jm5zwqXvq5,2026-06-18T21:06:12.000Z,Blue Hour,,[null],"[""recuhN07Hqw3iRrC3""]",get_rings.php,,,,,,,,,,,,,,,,,,,,,,,,,
rec0oK3MXB6M3HAF2,1917,rec0oK3MXB6M3HAF2,2026-06-12T17:24:27.000Z,Smooth Sailing,Bryce P. Richardson,[null],"[""recK8Cx4IgRHsFiPG""]",class_oog,Claire Arnold,"[""recvxuvEt674Zkc3J""]","[""Claire""]","[""rectIwXBJfkrEAaOG""]",,,,,,,,,,,,,,,,,,,,,
rec0oUzAUaAoWaLAO,1247,rec0oUzAUaAoWaLAO,2026-06-09T23:09:50.000Z,Captain Marvel CF,Erica Robson,[null],"[""recERIl5sMgyTd53w""]",class_oog.php,Erica Robson,"[""recLEG9lIoQdlLyaD""]","[""Erica""]","[""recMir2WcmMLTzpZq""]",,,,,,,,,,,,,,,,,,,,,
rec0on3YwJxmy4UfE,2803,rec0on3YwJxmy4UfE,2026-06-09T23:09:50.000Z,Kanai,Addison Reed,[null],"[""rec1ihQOtFr55EjAR""]",class_oog.php,Addison Reed,"[""recnq0SxsppmltiqF""]","[""Addison""]","[""recRlcCb6UzGjsfM8""]",,,,,,,,,,,,,,,,,,,,,
rec0pQzOqZKDAJtDY,3594,rec0pQzOqZKDAJtDY,2026-07-01T13:33:38.000Z,Ucandance Du Vlist Z Ghm,,,,get_rings.php,,,,,,,,,,,,,,,,,,,,,,,,,
rec0sEBbL6j23F5Gs,154,rec0sEBbL6j23F5Gs,2026-06-09T23:09:50.000Z,Hagelin,Sharn L. Wordley,[null],"[""recc2jd3xZhT62Ocy""]",class_oog.php,Sharn L. Wordley,"[""recipdUIV44DeFGfq""]","[""Sharn""]","[""recqmThVFmsIM6E8t""]",,,,,,,,,,,,,,,,,,,,,
rec0toyPx9achffXl,2727,rec0toyPx9achffXl,2026-06-11T11:39:23.000Z,Global Ph Cocofino,David Cameron,[null],"[""reccKdWlsiElejWlP""]",class_oog,Tyla Hackett,"[""recoplw0C0H8tom54""]","[""Tyla""]","[""recV9UeEpcw6UDEM9""]",,,,,,,,,,,,,,,,,,,,,
rec0v0WJGnoB5pLrQ,2874,rec0v0WJGnoB5pLrQ,2026-06-09T23:09:50.000Z,Dropshot Z,Jared P. Petersen,[null],"[""recB0LPWzuHFktnZa""]",class_oog,Jordan Petersen,"[""recYAMMYSikFNZf1a""]","[""Jordan""]","[""recWoImYqrWG0E1xh""]",,,,,,,,,,,,,,,,,,,,,
rec15E164n3x0AA8E,1051,rec15E164n3x0AA8E,2026-06-11T11:39:23.000Z,Cajou Mm,Daniela Roy,[null],"[""recBU3FB99fptTovp""]",class_oog,Gabriela Mccloskey,"[""recusXJB2e7ym5WkL""]","[""Gabriela""]","[""rec2F4zRJZGDzG0M2""]",,,,,,,,,,,,,,,,,,,,,
rec1K7ICEFCibF2DT,1589,rec1K7ICEFCibF2DT,2026-06-09T23:09:50.000Z,Kali,Juan M. Bolanos,[null],"[""recZYvMb7PsuQ9hBI""]",class_oog,Mireya Godoy,"[""recAe7S3iuE2LSdMM""]","[""Mireya""]","[""reciQqSfWbMiP5zxf""]",,,,,,,,,,,,,,,,,,,,,
rec1RAmQjCfnJ2wyW,2827,rec1RAmQjCfnJ2wyW,2026-06-10T15:10:41.000Z,Lord Carlino,August Torsilieri,[null],"[""recgceKiO39pf6cFr""]",class_oog.php,Alexandra Hird,"[""recrvwnO1g9OSNswQ""]","[""Alexandra""]","[""recel7Tui1CFiT95R""]",,,,,,,,,,,,,,,,,,,,,
rec1SQ2DHhXNH2sz5,2231,rec1SQ2DHhXNH2sz5,2026-06-21T13:06:53.000Z,Rise Above,,[null],"[""recOT7AWtwgnsBSJ1""]",get_rings.php,,,,,,,,,,,,,,,,,,,,,,,,,
rec1SyutrvSIrq6RP,1033,rec1SyutrvSIrq6RP,2026-06-21T16:48:56.000Z,Bellingham,,[null],"[""recoGZtodiUGxfcy8""]",get_rings.php,,,,,,,,,,,,"[""rec3oDy2JzNk801Bu""]",,,,,,,,,,,,,
rec1VD4ZNQ8xxCGWk,1006,rec1VD4ZNQ8xxCGWk,2026-06-12T17:24:26.000Z,Thompson Ter Doorn Z,Juan Benítez,[null],"[""recXJdhBfCSjXKcrL""]",class_oog,Maria Pantaliao,"[""reccdMY4DqXa2MtUK""]","[""Maria""]","[""reccVab1jS62QQ5la""]",,,,,,,,,,,,,,,,,,,,,
rec1VxuMYNOcb6XCM,3161,rec1VxuMYNOcb6XCM,2026-06-18T15:33:38.000Z,Dance Partner,,[null],"[""rec3hqw5ObXvJPh8e""]",get_rings.php,,,,,,,,,,,,,,,,,,,,,,,,,
rec1Zg7zQ1vGAkztx,3028,rec1Zg7zQ1vGAkztx,2026-06-20T13:30:37.000Z,Kingpin,,[null],"[""recE4RjCd7HzItzyB""]",get_rings.php,,,,,,,,,,,"[""recMv8z49YrnKYAnQ""]","[""recRRU0BjSMSstKcP""]",,,,,,,,,,,,,
rec1b3XnJ0xwpUVVO,1063,rec1b3XnJ0xwpUVVO,2026-06-12T17:24:27.000Z,La Fe Frontera,Daniela Roy,[null],"[""recGIs38pm2C2QgQ5""]",class_oog,Cat Zampieri,"[""recoNEIuUpTxc4I4q""]","[""Cat""]","[""rec2F4zRJZGDzG0M2""]",,,,,,,,,,,,,,,,,,,,,
rec1dChOEHy9TphqB,173,rec1dChOEHy9TphqB,2026-06-15T13:18:53.000Z,Joint De Canabis Van De Doornhoeve,Alberto Michan,[null],"[""recQ8PBDqcbb6Psk9""]",class_oog,Alberto Michan,"[""recJ5QtdFwwSvt6f5""]","[""Alberto""]","[""recOPpcKG9qWpofRT""]",,,,,,,,,,,,,,,,,,,,,
rec1e77tZXkuTZTKx,1525,rec1e77tZXkuTZTKx,2026-06-11T11:39:22.000Z,Checkmate,Jake Evans,[null],"[""recJX8hecWzDKLwX6""]",class_oog,Gabriella Savettiere,"[""recW2UNuebpQOcSsH""]","[""Gabriella""]","[""recSXiCPwDmQ76cuQ""]",,,,,,,,,,,,,,,,,,,,,
rec1eLaySOTVGfZvf,1882,rec1eLaySOTVGfZvf,2026-06-09T23:09:50.000Z,Kara J D'alve Z,Thea N. Stinnett,[null],"[""recochZJJAeI8sJWl""]",class_oog.php,Alexandria Beneson,"[""recNirM4RHUlZhnbx""]","[""Alexandria""]","[""recfWYHJT3O9VG1TG""]",,,,,,,,,,,,,,,,,,,,,
rec1h9tikxncztApt,1767,rec1h9tikxncztApt,2026-06-09T23:09:50.000Z,Gotham De Chalusse,Robert Mendoza,[null],"[""recdt9wD4XES6iQOA""]",class_oog.php,Robert Mendoza,"[""recTDMo7hqCpuyKDo""]","[""Robert""]","[""recc7BtlSMC456iwd""]",,,,,,,,,,,,,,,,,,,,,
rec1jsiwNJbaqTry3,2190,rec1jsiwNJbaqTry3,2026-06-11T11:39:23.000Z,Kennedy,Kathryn Delaney,[null],"[""recJVg3nk3gtSYaoh""]",class_oog,Izabella Zourdos,"[""rec8mL4WnVntpQaTA""]","[""Izabella""]","[""recpwhIril531ls02""]",,,,,,,,,,,,,,,,,,,,,
rec1kzOSCYINSWMgd,2385,rec1kzOSCYINSWMgd,2026-06-11T11:39:24.000Z,Casa Quo Vadis,Lisa Hasenbeck,[null],"[""rec3nHv51hRLMYzq9""]",class_oog,Grace Harrison,"[""rec6qb1pnoFynbJWM""]","[""Grace""]","[""recSN0eF04okgAD8J""]",,,,,,,,,,,,,,,,,,,,,
rec1lKnKR3RPfdhK4,3638,rec1lKnKR3RPfdhK4,2026-07-01T17:15:34.000Z,Kiss The Girl,,,,get_rings.php,,,,,,,,,,,,,,,,,,,,,,,,,
rec1oM5ee7kSk9If7,1088,rec1oM5ee7kSk9If7,2026-06-09T23:09:50.000Z,Titan,Conan Conway,[null],"[""recBAKR7ORMahR0y8""]",class_oog,Mckenzie Miller,"[""recQXT3tHMHJl4tss""]","[""Mckenzie""]","[""recS9EfEO0iZet31e""]",,,,,,,,,,,,,,,,,,,,,
rec1skbI5S4rMKr3H,171,rec1skbI5S4rMKr3H,2026-06-15T13:18:53.000Z,Chardonnay,Tammy Blanchette,[null],"[""recdKcSqDpopwsIiG""]",class_oog,Robert Blanchette,"[""recPnQqnbJEkMT3dY""]","[""Robert""]","[""recDlEaFgkwZNWGL7""]",,,,,,,,,,,,,,,,,,,,,
rec1uKd2hbaxLdGQz,3410,rec1uKd2hbaxLdGQz,2026-06-18T14:46:42.000Z,Marley,,[null],"[""rec52GtGTUCgWvmqV""]",get_rings.php,,,,,,,,,,,,,,,,,,,,,,,,,
rec1v4wlYLNcNIVGe,1441,rec1v4wlYLNcNIVGe,2026-06-09T23:09:50.000Z,Princeton Mk,Matthew Le Master,[null],"[""rectmJGqLMNFrXHew""]",class_oog,Olivia Gaul,"[""reclZ2ykwhfdNmr2p""]","[""Olivia""]","[""recN9E8BVaEfvKU1x""]",,,,,,,,,,,,,,,,,,,,,
rec1zG5BsIopNkvgJ,1679,rec1zG5BsIopNkvgJ,2026-06-09T23:09:50.000Z,Tarzan Z,Juan A. Rodriguez Silva,[null],"[""recZ6iaaYpLDnhB5c""]",class_oog.php,Ana Cristina Rodriguez,"[""rec6O8cJ48p1djCBY""]","[""Ana""]","[""reclu4ZfxeCUoDgLA""]",,,,,,,,,,,,,,,,,,,,,
rec20ehq3ynW6QPW7,2541,rec20ehq3ynW6QPW7,2026-06-11T11:39:23.000Z,Fireball,Mario Garcia,[null],"[""recMLDHtQ10Ghfjmx""]",class_oog,Lucas Garcia,"[""recH6p1VUgxnUtntJ""]","[""Lucas""]","[""recgLDs1PX5pujyno""]",,,,,,,,,,,,,,,,,,,,,
rec26JITyiE4sJMw9,2348,rec26JITyiE4sJMw9,2026-06-09T23:09:50.000Z,Cupido De Jolie Z,Katlynn Butler,[null],"[""recG8UFeNEruW0qAM""]",class_oog.php,Katlynn Butler,"[""recPB7WI5VyV8QMB2""]","[""Katlynn""]","[""recmCyrv5t0l7hgsj""]",,,,,,,,,,,,,,,,,,,,,
rec26u95qyoi4Zpdx,2573,rec26u95qyoi4Zpdx,2026-06-09T23:09:50.000Z,Ballyforan,Patrick R. Wilcher,[null],"[""recGW7jYrtptrUNcd""]",class_oog,Teresa Martinoli,"[""recfhXiw51cMvZnpT""]","[""Teresa""]","[""recU1AQcmSYuCkBtn""]",,,,,,,,,,,,,,,,,,,,,
rec2C8xe0wSoPWTi8,1092,rec2C8xe0wSoPWTi8,2026-06-11T11:39:21.000Z,Over Ruled,Alison Jones,[null],"[""rectcXl4IsH5z4yo7""]",class_oog.php,Isabella Keyman,"[""reclWXLaY1toeG4F0""]","[""Isabella""]","[""reccPpBL4rQYdBMJP""]",,,,,,,,,,,,,,,,,,,,,
rec2GEDCLqOTD54WW,3217,rec2GEDCLqOTD54WW,2026-06-21T15:18:56.000Z,Sy,,[null],"[""rec2ELBMWvooYut9j""]",get_rings.php,,,,,,,,,,,,,,,,,,,,,,,,,
rec2I74RoLLuXjE0g,2086,rec2I74RoLLuXjE0g,2026-06-13T00:10:27.000Z,Psu Krymsun Blue Sky,Madison Daughdrill,[null],"[""recEMsh99Wax4krPL""]",class_oog,Isabella Adams,"[""recG4gQUnXvzjTpbP""]","[""Isabella""]","[""recQXTpW29gQ8CQhu""]",,,,,,,,,,,,,,,,,,,,,
rec2LVSvJYCzH6ntu,1021,rec2LVSvJYCzH6ntu,2026-06-09T23:09:50.000Z,Rover,Michael K. Kennedy,[null],"[""recnxF20aOrGakXwz""]",class_oog.php,Kelly Prather,"[""recER3fldSHgHdZie""]","[""Kelly""]","[""recKPpIDSj1ofUcQV""]",,,,,,,,,,,,,,,,,,,,,
rec2QkcnyX1waK5ev,1591,rec2QkcnyX1waK5ev,2026-06-09T23:09:50.000Z,Irish Coffee Vhl,Alan Korotkin,"[""Coffee""]","[""rec2Rw1goWbDfGT2R""]",class_oog,Iliana Palumbo,"[""recGRLrIrLGE485c5""]","[""Iliana""]","[""recFIHTcArQhILyAc""]","[""CWF""]","[""Coffee""]","[""recUKoTBXkNCBMgn1""]","[""recsP2eRFxG453786"",""recfKBWZgoMszlEQR"",""recbV2O8jlSqhBwLT""]","[""recXSue955mdSudfZ""]","[""rec0H98knsVwMXN5w""]",,,"[""recMMMFaoQQnL5Xjv""]",,,,,,,,,,,,
rec2SnUDTF5XK7afR,2294,rec2SnUDTF5XK7afR,2026-06-09T23:09:50.000Z,Onetta Vd Fruitkorf Z,Declan Egan,[null],"[""rec8FJLMG4nFMBNat""]",class_oog,Bailey P. Tims-Ferira,"[""recyB7G0HT109oTGz""]","[""Bailey""]","[""recGOZOt71dcEAmvp""]",,,,,,,,,,,,,,,,,,,,,
rec2XKiZ3N0mE6REQ,2894,rec2XKiZ3N0mE6REQ,2026-06-18T14:46:42.000Z,Try Me,,[null],"[""reccHaz9cRHBr3krn""]",get_rings.php,,,,,,,,,,,,,,,,,,,,,,,,,
rec2aORsCT9oH5I42,3181,rec2aORsCT9oH5I42,2026-06-21T13:21:51.000Z,Smeagle Van't Eigenlo,,[null],"[""recBeXpaxZMNw7dPJ""]",get_rings.php,,,,,,,,,,,"[""recRXgPvbOkZdxBa9""]","[""rec7DGnas5UE7cU5w""]",,,,,,,,,,,,,
rec2alpWgee7dQAmr,2393,rec2alpWgee7dQAmr,2026-06-09T23:09:50.000Z,United's Choice,Dana Ventrice,[null],"[""rec8wn8t29fBjKEVL""]",class_oog.php,Dana Ventrice,"[""reciw6rXmSt6wROlN""]","[""Dana""]","[""rect7nOXb9JImTCcP""]",,,,,,,,,,,,,,,,,,,,,
rec2baIfOEJG63TMM,2720,rec2baIfOEJG63TMM,2026-06-09T23:09:50.000Z,Espresso,Sven Frei,[null],"[""recanS0gIFgb7M0um""]",class_oog,Molly Frei,"[""recUFm6Wapo7Qrf6n""]","[""Molly""]","[""rechQszLeuxBMYqll""]",,,,,,,"[""rec4OXs06Nxdv4gVg""]","[""recd0MR6a7k5HgHzX""]",,"[""recd0MR6a7k5HgHzX""]","[""rec4OXs06Nxdv4gVg""]",,,,,,,,,,
rec2c2MFlF74J1ChD,1072,rec2c2MFlF74J1ChD,2026-06-11T11:39:26.000Z,Volodia D'argouges,Daniela Roy,[null],"[""recTZCcQOTJ1RasLn""]",class_oog.php,Clara Vidal,"[""recXSff0neRglrRwx""]","[""Clara""]","[""rec2F4zRJZGDzG0M2""]",,,,,,,,,,,,,,,,,,,,,
rec2cDkWFGecuTXv5,1933,rec2cDkWFGecuTXv5,2026-06-11T11:39:22.000Z,Caligua,Jamie Reinheimer,[null],"[""rec81uY66ycE88wYH""]",class_oog,Janie Stevenson,"[""recOGT7wK06oAdsHU""]","[""Janie""]","[""recueBhFGFi7LFglR""]",,,,,,,,,,,,,,,,,,,,,
rec2eUucGK8LzHAZi,2493,rec2eUucGK8LzHAZi,2026-06-19T12:52:13.000Z,In Clover,,[null],"[""recjI8bn07YCHnfgg""]",get_rings.php,,,,,,,,,,,,,,,,,,,,,,,,,
rec2hsK2SEMEvJsQF,3039,rec2hsK2SEMEvJsQF,2026-06-09T23:09:50.000Z,Billy Adorable,Morgan Taylor,[null],"[""recSAm7W6nYfSQB4U""]",class_oog.php,Sophie Smith,"[""recgDIs2S8W0GaeCz""]","[""Sophie""]","[""rec0wCs5ZzmAW8kSL""]",,,,,,,,,,,,,,,,,,,,,
rec2kXWkfpJjysxto,2903,rec2kXWkfpJjysxto,2026-06-18T16:04:13.000Z,Calisto Di Montie Z,,[null],"[""recUDJiMZRVj2dyqz""]",get_rings.php,,,,,,,,,,,,,,,,,,,,,,,,,
rec2oJQmqDACrFDkO,1202,rec2oJQmqDACrFDkO,2026-06-12T15:15:41.000Z,Quizmaster,Kacey Conway,[null],"[""rec2p6xS8sgo9c9mo""]",class_oog,Lainey Lovell,"[""rec2dwRqXzc72yGn6""]","[""Lainey""]","[""recYF9eSOEpYZn4Ko""]",,,,,,,,,,,,,,,,,,,,,
rec2vyepthImFfxd5,2743,rec2vyepthImFfxd5,2026-06-20T12:54:42.000Z,Stoli,,[null],"[""rec6xd4BZfarnJ39b""]",get_rings.php,,,,,,,,,,,"[""recttEd7SDmHuFD4M""]","[""recVcVtpWTMIMROE4""]",,,,,,,,,,,,,
rec2ycsr5WvP5uEld,1101,rec2ycsr5WvP5uEld,2026-06-11T11:39:23.000Z,Quido,Morgan Taylor,[null],"[""rec8d4baTtu7H8kBN""]",class_oog,Reya Popat,"[""recrf7PgKC15AUlP3""]","[""Reya""]","[""rec0wCs5ZzmAW8kSL""]",,,,,,,,,,,,,,,,,,,,,
rec32qsqLuGDJ9aQ7,1766,rec32qsqLuGDJ9aQ7,2026-06-09T23:09:50.000Z,Diatendra,Robert Mendoza,[null],"[""reccCKcFj7yR73Nd9""]",class_oog.php,Robert Mendoza,"[""recTDMo7hqCpuyKDo""]","[""Robert""]","[""recc7BtlSMC456iwd""]",,,,,,,,,,,,,,,,,,,,,
rec36l8EG5RpAgroN,1109,rec36l8EG5RpAgroN,2026-06-09T23:09:50.000Z,Odilon,Jessica Cross,[null],"[""recMUv5LPHiKQF8o6""]",class_oog,Soleil Katsur,"[""recZ2J6OAJ9QD4wY1""]","[""Soleil""]","[""recUpaBE2IKFd0lXw""]",,,,,,,,,,,,,,,,,,,,,
rec37oaBKQnkXuFLX,2236,rec37oaBKQnkXuFLX,2026-06-19T13:45:33.000Z,Custom Fit,,[null],"[""rec4jRg2BvPAsN6mP""]",get_rings.php,,,,,,,,,,,,,,,,,,,,,,,,,
rec3AjH1MdATg46Lv,1676,rec3AjH1MdATg46Lv,2026-06-12T17:24:26.000Z,Nashua,Juan A. Rodriguez Silva,[null],"[""rectXKZJ2uS9ebTXx""]",class_oog.php,Natalia Perez,"[""recwg7qokrsfkrqNT""]","[""Natalia""]","[""reclu4ZfxeCUoDgLA""]",,,,,,,,,,,,,,,,,,,,,
rec3Ajj0at5slKfYA,2736,rec3Ajj0at5slKfYA,2026-06-09T23:09:50.000Z,Olimpink Melloni,Timothy Maddrix,[null],"[""reciSVHSq448vSyrP""]",class_oog.php,Timothy Maddrix,"[""rec50cOyj9krr4nq5""]","[""Timothy""]","[""recQUXHjJZbV57FsH""]",,,,,,,,,,,,,,,,,,,,,
rec3DpKWemv7a6IRn,2173,rec3DpKWemv7a6IRn,2026-06-09T23:09:50.000Z,Danilo Khr,Megan Gardiner,[null],"[""recJZ3UqYKN7EYxcf""]",class_oog.php,Megan Gardiner,"[""recduOMJhv4KgHjFF""]","[""Megan""]","[""recfC6qStEmrNdY3c""]",,,,,,,,,,,,,,,,,,,,,
rec3FAchzIv5xBucH,1707,rec3FAchzIv5xBucH,2026-06-09T23:09:50.000Z,Ally Z,Anne L. Bingler,[null],"[""rectRnnwj6xwJANwa""]",class_oog.php,Anne L. Bingler,"[""rechuzUPNLOsASgzX""]","[""Anne""]","[""rec3S9KikkQrKgX8L""]",,,,,,,,,,,,,,,,,,,,,
rec3K75aukCEzb49g,1682,rec3K75aukCEzb49g,2026-06-09T23:09:50.000Z,Allegra Van Het Eikenhof Z,Jessica Collins,[null],"[""recWwCPXi147FCMIS""]",class_oog.php,Aria Collins,"[""recbTZTntK2RVTp2c""]","[""Aria""]","[""recNpo5pbhuzTKAIi""]",,,,,,,,,,,,,,,,,,,,,
rec3MT7xCq5XAhkoB,1916,rec3MT7xCq5XAhkoB,2026-06-09T23:09:50.000Z,Hhf Levison's Pride,Bryce P. Richardson,[null],"[""recalUO9JWVQ9R4oD""]",class_oog.php,Bryce P. Richardson,"[""recmy93tzMkYZukPY""]","[""Bryce""]","[""rectIwXBJfkrEAaOG""]",,,,,,,,,,,,,,,,,,,,,
rec3Me0gpJHib7Ibm,2017,rec3Me0gpJHib7Ibm,2026-06-12T17:24:26.000Z,United Del Coco,Julia Worden,[null],"[""recd0U1K0KpXErnJz""]",class_oog.php,Julia Worden,"[""receBFuBzYlXyUiqp""]","[""Julia""]","[""recNOjlJkQLR1qWTQ""]",,,,,,,,,,,,,,,,,,,,,
rec3NAfKM6Cekfee9,2258,rec3NAfKM6Cekfee9,2026-06-21T13:06:53.000Z,Layla 74,,[null],"[""recpx6HiLxEjNi7yw""]",get_rings.php,,,,,,,,,,,,,,,,,,,,,,,,,
rec3Px2mda67HXYII,1816,rec3Px2mda67HXYII,2026-06-20T14:06:36.000Z,Luna,,[null],"[""recvhFjC64WmFL4AM""]",get_rings.php,,,,,,,,,,,,,,,,,,,,,,,,,
rec3UacfaeKhcUceZ,1398,rec3UacfaeKhcUceZ,2026-06-18T19:18:33.000Z,Robijn Van't Roosakker,,[null],"[""recRmyfE27FJqpFeo""]",get_rings.php,,,,,,,,,,,,,,,,,,,,,,,,,
rec3Uv3yOB4Q5NwZf,2954,rec3Uv3yOB4Q5NwZf,2026-06-09T23:09:50.000Z,Dropshot Z,Dominique H. Damico,[null],"[""recB0LPWzuHFktnZa""]",class_oog.php,Paige Jones,"[""rec22CzM2EIb7egZV""]","[""Paige""]","[""recUSP9h7nazUAhZI""]",,,,,,,,,,,,,,,,,,,,,
rec3W1m1CRMqKtOku,2383,rec3W1m1CRMqKtOku,2026-06-09T23:09:50.000Z,A La Quattro S,August Torsilieri,[null],"[""recjDiaacloQEn7xH""]",class_oog,Vivian Heyer,"[""recyZIUbNSKQsUStt""]","[""Vivian""]","[""recel7Tui1CFiT95R""]",,,,,,,,,,,,,,,,,,,,,
rec3YkBAt3T7g2M9W,1187,rec3YkBAt3T7g2M9W,2026-06-11T11:39:25.000Z,Phantom,Stephanie Free,[null],"[""recFiayID2d01JkEQ""]",class_oog.php,Adelyn Miller,"[""recwAwQ18eeOC9QU4""]","[""Adelyn""]","[""recBVRfeR9i4COiwE""]",,,,,,,,,,,,,,,,,,,,,
rec3YmHX4HQFsL9hK,1355,rec3YmHX4HQFsL9hK,2026-06-20T13:48:38.000Z,Chocolat Van De Broy Z,,[null],"[""recuK25vfzVqqrJPw""]",get_rings.php,,,,,,,,,,,,,,,,,,,,,,,,,
rec3Z99UEZL8sSNY7,1095,rec3Z99UEZL8sSNY7,2026-06-09T23:09:50.000Z,Cabana Boy,Isaac Leffkowitz,[null],"[""recJq5Qel4UwuM65W""]",class_oog.php,Isaac Leffkowitz,"[""rec5eeBOUY791C5bu""]","[""Isaac""]","[""rec7ppaIMqZuirHoA""]",,,,,,,,,,,,,,,,,,,,,
rec3a2wD5CY19q8Cn,2319,rec3a2wD5CY19q8Cn,2026-06-13T01:35:34.000Z,,,,,,,,,,,,,,,,,,,,,,,,,,,,,,
rec3bLIGAk2dqZnDe,3034,rec3bLIGAk2dqZnDe,2026-06-09T23:09:50.000Z,Napoleon,Robert P. Stucky,[null],"[""recxnIYbYxrikzrhd""]",class_oog.php,Robert P. Stucky,"[""recprk8Tvo9TV0dFe""]","[""Robert""]","[""reclHVeeKHQlhkXJF""]",,,,,,,,,,,,,,,,,,,,,
rec3bOlbdj40pNOjs,1161,rec3bOlbdj40pNOjs,2026-07-01T13:21:33.000Z,Bristol Bay,,,,get_rings.php,,,,,,,,,,,"[""recZ7K4F7ZGiMWEqo""]","[""reci0ZjEWQebkCjKb""]",,"[""reci0ZjEWQebkCjKb""]","[""recZ7K4F7ZGiMWEqo""]",,,,,,,,,,
rec3d5aE12ySM19YR,1984,rec3d5aE12ySM19YR,2026-06-11T11:39:25.000Z,Olli Van De Zuuthoeve,Natalie Johnson Russell,[null],"[""recmf6z2silxZhrcG""]",class_oog,Dana Narayanappa,"[""rec2hEDYAViWnSl7c""]","[""Dana""]","[""reciFw1xeBgWRjqTt""]",,,,,,,,,,,,,,,,,,,,,
rec3pLT7b9cZsXW3c,3075,rec3pLT7b9cZsXW3c,2026-07-01T16:45:41.000Z,Elijah Rock,,,,get_rings.php,,,,,,,,,,,"[""rec06VH54MrWUXHVE""]",,,,"[""rec06VH54MrWUXHVE""]",,,,,,,,,,
rec3wby7DWIiWanEq,1879,rec3wby7DWIiWanEq,2026-06-11T11:39:22.000Z,Salute To You,Daniela Roy,[null],"[""recDpMqmThlCwQMi7""]",class_oog,Daniela Pulgar,"[""recKe0fEOC2617vU1""]","[""Daniela""]","[""rec2F4zRJZGDzG0M2""]",,,,,,,,,,,,,,,,,,,,,
rec3wfvjfMjQ9sCII,1249,rec3wfvjfMjQ9sCII,2026-06-09T23:09:50.000Z,Colombiana,Erica Robson,[null],"[""recaGTpYnV7oeIHSa""]",class_oog.php,Erica Robson,"[""recLEG9lIoQdlLyaD""]","[""Erica""]","[""recMir2WcmMLTzpZq""]",,,,,,,,,,,,,,,,,,,,,
rec3zr0DE8MzOsdpK,1221,rec3zr0DE8MzOsdpK,2026-06-09T23:09:50.000Z,Kobalt Des Vk,Megan Wexler,[null],"[""recPADxrKRR5LZEFV""]",class_oog,Mackenzie R. McGehee,"[""recjIl9wzfSQdxVf5""]","[""Mackenzie""]","[""recbDjphoL8qMtSeW""]",,,,,,,"[""recWBXNzZmr6KAyvr"",""recvPcYHNBCf1eHmK""]","[""recGt1ed9lW7HxMsr""]",,,"[""recvPcYHNBCf1eHmK""]",,,,,,,,,,
rec3zyMPoFyldLxW3,107,rec3zyMPoFyldLxW3,2026-06-09T23:09:50.000Z,Conthalando Ps,Manuel G. Torres,[null],"[""recDXmtE1EtbKe5Z0""]",class_oog.php,Manuel G. Torres,"[""rec4TgJ6VN8jfdTXm""]","[""Manuel""]","[""recIorvNwvWPlOR66""]",,,,,,,,,,,,,,,,,,,,,
rec40RGkxUIYykjih,1544,rec40RGkxUIYykjih,2026-06-13T01:35:34.000Z,Prince Henry,Dominique H. Damico,[null],"[""recZufTxjH8A4owbm""]",class_oog,Jackson Callahan,"[""recE67bCSPJNSkL7j""]","[""Jackson""]","[""recUSP9h7nazUAhZI""]",,,,,,,,,,,,,,,,,,,,,
rec41PNz3aD0mIrBn,1930,rec41PNz3aD0mIrBn,2026-06-13T01:35:34.000Z,Champ,Traci A. Weston,[null],"[""recofiVV7xeLAUHgS""]",class_oog,Windsor Ryan,"[""recAgHM50DSJcxYoF""]","[""Windsor""]","[""rec6szCleq8yE3JIq""]",,,,,,,,,,,,,,,,,,,,,
rec434ZDnG5z2s5yF,223,rec434ZDnG5z2s5yF,2026-06-15T13:18:53.000Z,Dragonball,Chloe D. Reid,[null],"[""recF6Guy7FFaenUfX""]",class_oog,Chloe D. Reid,"[""recjYzZcxgGjI5pgc""]","[""Chloe""]","[""recuU297BOg1dPG6Q""]",,,,,,,,,,,,,,,,,,,,,
rec43Xr9hCD3oLh2g,2926,rec43Xr9hCD3oLh2g,2026-06-11T11:39:26.000Z,Clever,Jake Evans,[null],"[""recoHea1TIdEOozjS""]",class_oog.php,Jake Evans,"[""recKyS0g5eEgkhboQ""]","[""Jake""]","[""recSXiCPwDmQ76cuQ""]",,,,,,,,,,,,,,,,,,,,,
rec45GpYeI1KYllF5,1027,rec45GpYeI1KYllF5,2026-06-09T23:09:50.000Z,Fort Knox,Alan Korotkin,"[""Knox""]","[""recMRUv1KUA8IsQEy""]",class_oog.php,Lainey Posa,"[""recDgiEEaFBd36p3d""]","[""Lainey""]","[""recFIHTcArQhILyAc""]","[""CWF""]","[""Knox""]","[""recU3gOw3Cj2cFMm5"",""reclPpJtPgkzk6h1Q"",""recDR7zQomtbHh02L""]","[""rec1X7AZHVURk9WjV"",""recpoR5Tze6HMdrjj"",""recCjCjl66aoieb9R"",""recRkSreGnXgWYpgf"",""recNDMQudSjrC3eZ9"",""rec7NHIGm8PO2bQWT"",""recRv4wlev5py3aU3"",""recLLcekNjLL2Wbwb"",""recf4KT3WmfQH1AAr""]","[""rec3EPDtYZpjF7pLT"",""rec4F8YRELZtcqt0O"",""recMkeLwL5p1p5oww""]","[""rec6tuxEgmYCzAZBq"",""rec7uNS2W8yM6T3Ql"",""recP9TFH3sYkjyYm3""]",,,"[""recMe8kA8gdqHkyRP"",""reczcaDzfyQFzsY2g"",""recRcwx2NUyGns6Z8""]",,,,,,,,,,,,
rec48IQH1cLRCSpiA,3509,rec48IQH1cLRCSpiA,2026-06-20T20:00:36.000Z,Arnac Du Mazes,,[null],"[""recvpVlDIPv8JsbWN""]",get_rings.php,,,,,,,,,,,,,,,,,,,,,,,,,
rec4BWUfDhA6ovO4X,2664,rec4BWUfDhA6ovO4X,2026-06-09T23:09:50.000Z,Callisto,Angela Gais,[null],"[""recl2NImXOkzcPnd3""]",class_oog.php,Angela Gais,"[""rec05p5hQBPfpTp9d""]","[""Angela""]","[""recGc5Brn264xxwLl""]",,,,,,,,,,,,,,,,,,,,,
rec4FOlB92FMkKz2z,1659,rec4FOlB92FMkKz2z,2026-06-13T01:35:34.000Z,London Star,Kyle Dewar,[null],"[""recUK5VTFNxAlUG81""]",class_oog,Barbara H. Center,"[""reciwzeQGkjyILquI""]","[""Barbara""]","[""recVsz59iVCmUI0Nu""]",,,,,,,"[""recgOrpL7R4gRD8BC""]","[""recPPMEvR5CuBU2OE""]",,"[""recPPMEvR5CuBU2OE""]","[""recgOrpL7R4gRD8BC""]",,,,,,,,,,
rec4HtfJmwxwrcJYO,1428,rec4HtfJmwxwrcJYO,2026-06-09T23:09:50.000Z,Insightful,Dawn Hersey,[null],"[""recXcU7TWrbVPmrvG""]",class_oog,Kendall Bland,"[""recWfvZLKxCuHjeU8""]","[""Kendall""]","[""recXocXm551bESpPa""]",,,,,,,,,,,,,,,,,,,,,
rec4ITFSuRzNz24pL,2934,rec4ITFSuRzNz24pL,2026-06-09T23:09:50.000Z,Jalanne,Jelmer Hoekstra,[null],"[""rectztXZHmffjRRIU""]",class_oog,Jelmer Hoekstra,"[""recc4s9XxQqAv1rup""]","[""Jelmer""]","[""recqI6AanH1zv5CGV""]",,,,,,,,,,,,,,,,,,,,,
rec4N7bqrrJGqOw3S,275,rec4N7bqrrJGqOw3S,2026-07-01T13:33:38.000Z,Qinaki Van Den Dael,,,,get_rings.php,,,,,,,,,,,,,,,,,,,,,,,,,
rec4V1tpPt3wiEnbN,2137,rec4V1tpPt3wiEnbN,2026-06-11T11:39:21.000Z,Falling Moon Front Page,Terrie E. Shibley,[null],"[""recqbHFrX0MGeuH0r""]",class_oog,Kennedy Kluber,"[""recK9lW7nTdieDMhe""]","[""Kennedy""]","[""recMFDhEMIxKX7fmX""]",,,,,,,,,,,,,,,,,,,,,
rec4X25T8c5jnS9aX,1666,rec4X25T8c5jnS9aX,2026-06-09T23:09:50.000Z,F.ellouette,Juan A. Rodriguez Silva,[null],"[""recIJocvEbI4bkFpd""]",class_oog.php,Sebastian Presa Tejada,"[""recPeGkEKhaTp6cBV""]","[""Sebastian""]","[""reclu4ZfxeCUoDgLA""]",,,,,,,,,,,,,,,,,,,,,
rec4aCCXiT3ZzSW5s,2170,rec4aCCXiT3ZzSW5s,2026-06-11T11:39:26.000Z,Greigiau Spring Johnson,Juliann W. Cunningham,[null],"[""rectQgrzp3TJHRPnl""]",class_oog,Ella Sasso,"[""recRc1almev7LLLEO""]","[""Ella""]","[""recBZQ9mU0STvFbPL""]",,,,,,,,,,,,,,,,,,,,,
rec4dXlqCDnn7yZkr,1459,rec4dXlqCDnn7yZkr,2026-06-12T03:10:20.000Z,Voyageur,Wendy J. Hechler,[null],"[""recIk2I6bQCTUdCuQ""]",class_oog.php,Marie Lawlor,"[""reciwY4N97nHnfqdX""]","[""Marie""]","[""rec1I0IvFKaYQa6K4""]",,,,,,,,,,,,,,,,,,,,,
rec4g5rjcJW2YzDAg,1106,rec4g5rjcJW2YzDAg,2026-06-09T23:09:50.000Z,Naomi Hpf,Benjamin J. Meredith,[null],"[""receQSLUSbhC7tCeD""]",class_oog.php,Hector Florentino,"[""rechzGJ6nB5ZniPYe""]","[""Hector""]","[""reccRPUdMRZMCiJuf""]",,,,,,,,,,,,,,,,,,,,,
rec4iZ2svnApgdukR,2621,rec4iZ2svnApgdukR,2026-06-12T17:24:28.000Z,Nayla Balou,Debra L. Ward,[null],"[""receljDYMCfnrvT9S""]",class_oog,Mary Jo Engstrom,"[""rec0otuCDdzkSG3ar""]","[""Mary""]","[""recp8AfepuIJngrGM""]",,,,,,,,,,,,,,,,,,,,,
rec4isV75lb5YAcOe,1801,rec4isV75lb5YAcOe,2026-06-18T15:03:02.000Z,Marseille,,[null],"[""rec5cIW7wskrqQZcn""]",get_rings.php,,,,,,,,,,,,,,,,,,,,,,,,,
rec4jeW2DgZUT7qPj,1444,rec4jeW2DgZUT7qPj,2026-06-20T17:37:14.000Z,Orette De Kalvarie,,[null],"[""rec0ND9BuPogrFPR0""]",get_rings.php,,,,,,,,,,,,,,,,,,,,,,,,,
rec4nko8mSm636TXr,2807,rec4nko8mSm636TXr,2026-06-18T20:49:14.000Z,Illusion Cl,,[null],"[""recyCoDVFe56k1a9n""]",get_rings.php,,,,,,,,,,,,,,,,,,,,,,,,,
rec4pOaYgAZalZMzo,1341,rec4pOaYgAZalZMzo,2026-06-09T23:09:50.000Z,Modena Lc,Juan J. Bancalari,[null],"[""rec6sdc0Zpp1zj6Gy""]",class_oog.php,Juan J. Bancalari,"[""recvZYIJFRTfwCpkw""]","[""Juan""]","[""rec2q0QwewZOAeofV""]",,,,,,,,,,,,,,,,,,,,,
rec4qUOGVJAGUZqnw,143,rec4qUOGVJAGUZqnw,2026-06-09T23:09:50.000Z,Pmf Inventiv,Angela Swanson,[null],"[""reciui6ReMWydzeSF""]",class_oog,Angela Swanson,"[""rec3nADl9IqqdRXd1""]","[""Angela""]","[""rec9hQVBgpLiTbKmW""]",,,,,,,,,,,,,,,,,,,,,
rec4sYbf6VrE4Gdck,2886,rec4sYbf6VrE4Gdck,2026-06-12T17:24:28.000Z,Venezia D'austral Z,Ryan Michael Genn,[null],"[""recVN874Q98zEWIta""]",class_oog,Ryan Michael Genn,"[""recxzzbGbfXwvPmbw""]","[""Ryan""]","[""rec1uM1UghdnlA4Hq""]",,,,,,,,,,,,,,,,,,,,,
rec4tA4Qc4ShAwEvz,3893,rec4tA4Qc4ShAwEvz,2026-07-01T12:54:34.000Z,Bubble Guppie Mxl Z,,,,get_rings.php,,,,,,,,,,,,,,,,,,,,,,,,,
rec4xJM8MrD8yzusL,1488,rec4xJM8MrD8yzusL,2026-06-11T11:39:25.000Z,Crown,Bibby F. Hill,[null],"[""rec6WumYeeHe2GHQM""]",class_oog,Sofia Fayad,"[""rectmEwV3h7WWAyp8""]","[""Sofia""]","[""rechIeLAeG0AY6zFc""]",,,,,,,,,,,,,,,,,,,,,
rec50A1e6NvveXW9q,2847,rec50A1e6NvveXW9q,2026-06-12T17:24:28.000Z,Jurrney,Lauren Schweppe,[null],"[""recNpF44tpAAjobk2""]",class_oog,Wendy B. Rice,"[""rec19k29zjaRFLbaR""]","[""Wendy""]","[""recWb8kIRsV2w5Zj9""]",,,,,,,,,,,,,,,,,,,,,
rec50DCvX5MF21Jf5,1241,rec50DCvX5MF21Jf5,2026-06-09T23:09:50.000Z,Balou Blue Z,Brittni A. Raflowitz,[null],"[""rec8PeVMdZkMCMLS5""]",class_oog.php,Brittni A. Raflowitz,"[""recuB93tp86huMHOF""]","[""Brittni""]","[""recU3IaijfKlg4V10""]",,,,,,,,,,,,,,,,,,,,,
rec514OUjwldYovtn,1768,rec514OUjwldYovtn,2026-06-09T23:09:50.000Z,Mistigrise Du Seigneur,Robert Mendoza,[null],"[""recQQaDO3dcVfREOY""]",class_oog.php,Robert Mendoza,"[""recTDMo7hqCpuyKDo""]","[""Robert""]","[""recc7BtlSMC456iwd""]",,,,,,,,,,,,,,,,,,,,,
rec53XSizG64Ut8fX,1009,rec53XSizG64Ut8fX,2026-06-13T01:35:34.000Z,Only Always,Kimberly S. Maloomian,[null],"[""rec6NgqkkCNTmrbDA""]",class_oog,Kimberly S. Maloomian,"[""rec9fIR10f73qL1si""]","[""Kimberly""]","[""recqHUJJahci2rF3E""]",,,,,,,"[""rech1SW6LVSjFYoy4"",""rec0Dpjuf8363a08M""]","[""recxPoQsR2P2zUlEw"",""rec0Zym8zKaQqRce6""]",,,,,,,,,,,,,
rec54726T3NJ6SoIz,1785,rec54726T3NJ6SoIz,2026-06-11T11:39:22.000Z,Vdl Adancha Z,Thea N. Stinnett,[null],"[""recWiHSj6xkgVGl1t""]",class_oog.php,Stella Stinnett,"[""recxHoEIFUSL0yeKt""]","[""Stella""]","[""recfWYHJT3O9VG1TG""]",,,,,,,,,,,,,,,,,,,,,
rec54UCrRRaZybrzs,1080,rec54UCrRRaZybrzs,2026-06-13T01:35:34.000Z,Khinula Wb,Troy Linback,[null],"[""recFPMUKEJTA0OzQq""]",class_oog,Laura Linback,"[""recrnFLPKd1yT29th""]","[""Laura""]","[""recuRmh8EsUEag8cU""]",,,,,,,,,,,,,,,,,,,,,
rec55QuaBFAQFcsdh,1575,rec55QuaBFAQFcsdh,2026-06-12T17:24:28.000Z,Bellefour's Steel Fox,Kelsey Duffy,[null],"[""recdd1BVXpCTjOogN""]",class_oog,Marlow Rickun,"[""rec7wgjXCOF4uxl6i""]","[""Marlow""]","[""recJe0LFDSWmZkYs4""]",,,,,,,,,,,,,,,,,,,,,
rec5BCZ11djG4ijhg,2796,rec5BCZ11djG4ijhg,2026-06-09T23:09:50.000Z,Santa Rosa Fiona,Priscilla Broger,[null],"[""recdO9dtC5jzQT3w6""]",class_oog.php,Priscilla Broger,"[""recw1RkTLz6AB4VfY""]","[""Priscilla""]","[""rec4DXi4PILWoXlnx""]",,,,,,,,,,,,,,,,,,,,,
rec5DPfOVGzqUDCig,3006,rec5DPfOVGzqUDCig,2026-06-12T17:24:28.000Z,Surely,Laura Gaither,[null],"[""recXCgJbFKBbLp1Jk""]",class_oog,Audrey Turner,"[""reciYNTcLBgGxIdBQ""]","[""Audrey""]","[""rec0OHl8PfuMKFsyt""]",,,,,,,,,,,,,,,,,,,,,
rec5HRwfgu8Db9W27,1108,rec5HRwfgu8Db9W27,2026-06-09T23:09:50.000Z,Cali Blue Ps,Jessica Cross,[null],"[""recGd1PD9o3dSgk0c""]",class_oog,Soleil Katsur,"[""recZ2J6OAJ9QD4wY1""]","[""Soleil""]","[""recUpaBE2IKFd0lXw""]",,,,,,,,,,,,,,,,,,,,,
rec5IsTBx2Tx83thw,3147,rec5IsTBx2Tx83thw,2026-07-01T13:06:55.000Z,Ipanema,,,,get_rings.php,,,,,,,,,,,,,,,,,,,,,,,,,
rec5OBdFACbnwaG76,2966,rec5OBdFACbnwaG76,2026-06-12T03:10:20.000Z,Beast Mode,Addison Benio,[null],"[""recbJNJzpCeFabem3""]",class_oog,Addison Benio,"[""recxXib2W6xrD6opu""]","[""Addison""]","[""recwGTdczW4oDNNIS""]",,,,,,,"[""rec1I64kDPHHTNl57""]","[""recnhQSC5sZsfuZMp""]",,,,,,,,,,,,,
rec5SupXeyjWTgAbz,2732,rec5SupXeyjWTgAbz,2026-06-11T11:39:24.000Z,Leroy Brown,Terrie E. Shibley,[null],"[""reczn10oPCI0Ko8ix""]",class_oog,Amanda Majewski,"[""recNl2xmTcpi4Qutb""]","[""Amanda""]","[""recMFDhEMIxKX7fmX""]",,,,,,,,,,,,,,,,,,,,,
rec5U7pN8TJHOvcg6,2029,rec5U7pN8TJHOvcg6,2026-06-09T23:09:50.000Z,Cobalto,Anne L. Bingler,[null],"[""rec7xAGggwkuB2iuH""]",class_oog.php,Anne L. Bingler,"[""rechuzUPNLOsASgzX""]","[""Anne""]","[""rec3S9KikkQrKgX8L""]",,,,,,,,,,,,,,,,,,,,,
rec5W8zVBAHOmlvOQ,2113,rec5W8zVBAHOmlvOQ,2026-06-13T01:35:34.000Z,Never Ending Story,Katie Rudnick,[null],"[""recXxxSduyhYIdVk7""]",class_oog,Zendaya Horner Brown,"[""rec0x9rLbWUGqvGPz""]","[""Zendaya""]","[""rec6npIsj2ldcOqWZ""]",,,,,,,,,,,,,,,,,,,,,
rec5WKbSvvNAIspHS,2132,rec5WKbSvvNAIspHS,2026-06-09T23:09:50.000Z,Goliath,Addison Reed,[null],"[""recZcsDc9yOj8N5YQ""]",class_oog,Addison Reed,"[""recnq0SxsppmltiqF""]","[""Addison""]","[""recRlcCb6UzGjsfM8""]",,,,,,,,,,,,,,,,,,,,,
rec5WQl0Uwyt03T0k,1098,rec5WQl0Uwyt03T0k,2026-06-09T23:09:50.000Z,Royal Mark,Isaac Leffkowitz,[null],"[""rec5ilpr2s7Hlj44B""]",class_oog.php,Isaac Leffkowitz,"[""rec5eeBOUY791C5bu""]","[""Isaac""]","[""rec7ppaIMqZuirHoA""]",,,,,,,,,,,,,,,,,,,,,
rec5oUulq4v1aqsIA,3406,rec5oUulq4v1aqsIA,2026-06-18T20:34:10.000Z,Shalako,,[null],"[""recYcQswz0o2NHOoi""]",get_rings.php,,,,,,,,,,,,,,,,,,,,,,,,,
rec5pQtQGSG9uVcTL,2930,rec5pQtQGSG9uVcTL,2026-06-09T23:09:50.000Z,Miracle Van De Beiaard Z,Declan Egan,[null],"[""rec5iXZPcQzVZs9JC""]",class_oog.php,Declan Egan,"[""recaZx28r0BSMxn0j""]","[""Declan""]","[""recGOZOt71dcEAmvp""]",,,,,,,,,,,,,,,,,,,,,
rec5pU13zfWM743CN,2292,rec5pU13zfWM743CN,2026-06-09T23:09:50.000Z,Icarus,Declan Egan,[null],"[""rec2LDi1Up6xCZpSR""]",class_oog,Bailey P. Tims-Ferira,"[""recyB7G0HT109oTGz""]","[""Bailey""]","[""recGOZOt71dcEAmvp""]",,,,,,,,,,,,,,,,,,,,,
rec5pmCjObhKYYuY4,2197,rec5pmCjObhKYYuY4,2026-06-09T23:09:50.000Z,King William,Sharn L. Wordley,[null],"[""rec2EdRNcRBa1bzua""]",class_oog.php,Sharn L. Wordley,"[""recipdUIV44DeFGfq""]","[""Sharn""]","[""recqmThVFmsIM6E8t""]",,,,,,,,,,,,,,,,,,,,,
rec5ppXd3Vi3V3PUp,1878,rec5ppXd3Vi3V3PUp,2026-06-09T23:09:50.000Z,Futur Du Pomiez,Tara G. Bostwick,[null],"[""recgMVCqjpDn8pGu6""]",class_oog,Reagan Williams,"[""recR2Qqw14ekrhhEb""]","[""Reagan""]","[""recnfUPcKk9Gyyfct""]",,,,,,,,,,,,,,,,,,,,,
rec5uw8rg4rX0wj09,3435,rec5uw8rg4rX0wj09,2026-06-18T17:48:40.000Z,Domingo,,[null],"[""rec8Q9SELAZL5W8FO""]",get_rings.php,,,,,,,,,,,,,,,,,,,,,,,,,
rec5ygHvQHdrPqVbK,2928,rec5ygHvQHdrPqVbK,2026-06-11T11:39:24.000Z,Cypress,Declan Egan,[null],"[""rec5XIxuphy7e2gHq""]",class_oog,Ellery Winkler,"[""recDrzNxBBJxTR1nP""]","[""Ellery""]","[""recGOZOt71dcEAmvp""]",,,,,,,,,,,,,,,,,,,,,
rec5zBhR4G8UOqWRu,1628,rec5zBhR4G8UOqWRu,2026-06-11T22:35:22.000Z,Milas D,Jennifer Strickland,[null],"[""rec4nUa5OPixUm7uS""]",class_oog.php,Jennifer Strickland,"[""recL4pj1n339zhgHs""]","[""Jennifer""]","[""rechnMyqDMI94XcqU""]",,,,,,,,,,,,,,,,,,,,,
rec66QuE2Mvd77FhV,2959,rec66QuE2Mvd77FhV,2026-06-13T01:35:34.000Z,Wrenwood Blue Dream,Kelsey Duffy,[null],"[""rechslNRnxcpCkLaB""]",class_oog,Robert Duffy-Levendorf,"[""recLSkao4RJ9VeamB""]","[""Robert""]","[""recJe0LFDSWmZkYs4""]",,,,,,,,,,,,,,,,,,,,,
rec68ZqmBuW0O1kz5,1630,rec68ZqmBuW0O1kz5,2026-07-01T11:57:36.000Z,Centro Van De Start Z,,,,get_rings.php,,,,,,,,,,,,,,,,,,,,,,,,,
rec6AV0thciPwtA0u,1545,rec6AV0thciPwtA0u,2026-06-12T17:24:27.000Z,Quincy Too,Dominique H. Damico,[null],"[""recbloZFLUvDYGqAh""]",class_oog,Sarah Callahan,"[""recandUNivppmOwX6""]","[""Sarah""]","[""recUSP9h7nazUAhZI""]",,,,,,,,,,,,,,,,,,,,,
rec6M1TTc7umBP1As,1065,rec6M1TTc7umBP1As,2026-06-11T11:39:26.000Z,Lord Cageman,Daniela Roy,[null],"[""recAT3lIYgGZIMQVx""]",class_oog,Jingxuan Zhou,"[""recH6EVKjG6HBGt14""]","[""Jingxuan""]","[""rec2F4zRJZGDzG0M2""]",,,,,,,,,,,,,,,,,,,,,
rec6NKXOnzaqgiEpv,3346,rec6NKXOnzaqgiEpv,2026-06-21T16:48:56.000Z,Dsh Absolut,,[null],"[""recqf3MEZDrB80Xy1""]",get_rings.php,,,,,,,,,,,"[""reckYDUH33HseKJwm""]","[""recbQrNcsc2uczGbw""]",,,,,,,,,,,,,
rec6QjeebNQzoD5RS,1791,rec6QjeebNQzoD5RS,2026-06-12T03:10:20.000Z,Kalahari Na,Jared P. Petersen,[null],"[""rec3bI2YMOnhZQEQb""]",class_oog,Katie Drummond,"[""recfeMZuv1V7kRVao""]","[""Katie""]","[""recWoImYqrWG0E1xh""]",,,,,,,,,,,,,,,,,,,,,
rec6Y3LmuGjFdkmyG,2136,rec6Y3LmuGjFdkmyG,2026-06-18T17:18:43.000Z,Cms Cabernett,,[null],"[""recGKVwLVd3FnZhTg""]",get_rings.php,,,,,,,,,,,,,,,,,,,,,,,,,
rec6ZGNosqNhhZYIP,1064,rec6ZGNosqNhhZYIP,2026-06-09T23:09:50.000Z,Locinthe Vdl,Daniela Roy,[null],"[""recTTobw5FlvTgQhj""]",class_oog.php,Clara Vidal,"[""recXSff0neRglrRwx""]","[""Clara""]","[""rec2F4zRJZGDzG0M2""]",,,,,,,,,,,,,,,,,,,,,
rec6b9get1DuDSNzS,2612,rec6b9get1DuDSNzS,2026-06-11T22:35:22.000Z,Marshall,Timothy Maddrix,[null],"[""recYtMQ90CfQwa769""]",class_oog.php,Timothy Maddrix,"[""rec50cOyj9krr4nq5""]","[""Timothy""]","[""recQUXHjJZbV57FsH""]",,,,,,,,,,,,,,,,,,,,,
rec6hHS0SCHRRJ7RE,3819,rec6hHS0SCHRRJ7RE,2026-07-01T12:24:34.000Z,Gold Diamant Du Plan D'eau,,,,get_rings.php,,,,,,,,,,,,,,,,,,,,,,,,,
rec6hj42NmyzUpTvg,2880,rec6hj42NmyzUpTvg,2026-06-09T23:09:50.000Z,Valentine Car,Sharn L. Wordley,[null],"[""rec4D5KaOr9DvzH4M""]",class_oog,Sharn L. Wordley,"[""recipdUIV44DeFGfq""]","[""Sharn""]","[""recqmThVFmsIM6E8t""]",,,,,,,,,,,,,,,,,,,,,
rec6iwnGhNhMivPK5,1062,rec6iwnGhNhMivPK5,2026-06-11T11:39:26.000Z,Kalibra S,Daniela Roy,[null],"[""recER7eS5z5aEPFDL""]",class_oog,Frances Derrer,"[""recjIhYtwuar8948X""]","[""Frances""]","[""rec2F4zRJZGDzG0M2""]",,,,,,,,,,,,,,,,,,,,,
rec6jFlPCM76WurPT,3157,rec6jFlPCM76WurPT,2026-06-12T17:24:27.000Z,Lady Bombastic 3,Tammy Blanchette,[null],"[""rec3i8qHdse1cFJON""]",class_oog.php,Robert Blanchette,"[""recPnQqnbJEkMT3dY""]","[""Robert""]","[""recDlEaFgkwZNWGL7""]",,,,,,,,,,,,,,,,,,,,,
rec6lB3Ic0idF8nNw,3838,rec6lB3Ic0idF8nNw,2026-07-01T14:30:37.000Z,Casino Royal,,,,get_rings.php,,,,,,,,,,,"[""recc5xkyWRUgU1rzo""]","[""rec1vsRMewzbnGa74""]",,"[""rec1vsRMewzbnGa74""]","[""recc5xkyWRUgU1rzo""]",,,,,,,,,,
rec6qEkb6JtyJio2I,2293,rec6qEkb6JtyJio2I,2026-06-09T23:09:50.000Z,Miss Cranny Sarco,Declan Egan,[null],"[""recj5YhfSj7gDmn8l""]",class_oog.php,Declan Egan,"[""recaZx28r0BSMxn0j""]","[""Declan""]","[""recGOZOt71dcEAmvp""]",,,,,,,,,,,,,,,,,,,,,
rec6u2HTz330ZyOm3,1293,rec6u2HTz330ZyOm3,2026-06-09T23:09:50.000Z,Getthe Muny Bernie,Lindsay Barrack,[null],"[""recJTZoUeteSbNHJv""]",class_oog,Carrie Riddle,"[""reczxBmF34jQEchbp""]","[""Carrie""]","[""recHOVfz50z5VV3gG""]",,,,,,,,,,,,,,,,,,,,,
rec6uUStMesh3znm5,1907,rec6uUStMesh3znm5,2026-06-09T23:09:50.000Z,Wild Kat,Scott Keach,[null],"[""recYCbgK9cpBTgQ21""]",class_oog.php,Jamie Alnwick,"[""recWgnylWhkmIDhco""]","[""Jamie""]","[""recAxFIoUH9sfVhnS""]",,,,,,,,,,,,,,,,,,,,,
rec6uoZ2Up2uWPPC2,1548,rec6uoZ2Up2uWPPC2,2026-06-18T14:00:34.000Z,Tesserae,,[null],"[""rec7EW8a8XmKwcJzg""]",get_rings.php,,,,,,,,,,,,,,,,,,,,,,,,,
rec6wNQ8qnyhIyKnM,3037,rec6wNQ8qnyhIyKnM,2026-06-09T23:09:50.000Z,Malmo 54,Tom Monaghan,[null],"[""recwhyo1jEAFwr2JO""]",class_oog.php,Tom Monaghan,"[""rec8KP4FWbKeaxKB3""]","[""Tom""]","[""rec0mxYvqyiMsXHtK""]",,,,,,,,,,,,,,,,,,,,,
rec6zjv7j1wAQWFiw,2765,rec6zjv7j1wAQWFiw,2026-06-19T14:04:13.000Z,Argon Van De Hunters Z,,[null],"[""recPzARcSfPBfwvu3""]",get_rings.php,,,,,,,,,,,,,,,,,,,,,,,,,
rec74jz5MQsVEZGqt,1826,rec74jz5MQsVEZGqt,2026-06-11T11:39:25.000Z,Emi Initia,Lia Screnci,[null],"[""recc9AIrEF9uWQsvJ""]",class_oog.php,Sara Lent,"[""recchBHYpfx21fK86""]","[""Sara""]","[""rec0eBWOxYRez99HS""]",,,,,,,,,,,,,,,,,,,,,
rec79GI4KSUnzcxKK,1263,rec79GI4KSUnzcxKK,2026-06-09T23:09:50.000Z,Eliott Dz,Ben Taylor,[null],"[""rec1L7nHKepoFIwZq""]",class_oog.php,Aaron Vale,"[""rec4xmt1vJjON38j0""]","[""Aaron""]","[""recmTGLWfZLnyH6TK""]",,,,,,,,,,,,,,,,,,,,,
rec7Ab9hWgN2MWcXj,1302,rec7Ab9hWgN2MWcXj,2026-06-12T17:24:27.000Z,Sweet Caroline Na,Alberto Michan,[null],"[""rech23Fgkd56AncPD""]",class_oog,Juliane Stephan,"[""recSlmjMGDyanRxR7""]","[""Juliane""]","[""recOPpcKG9qWpofRT""]",,,,,,,,,,,,,,,,,,,,,
rec7AkbkjLTZgFxVv,3026,rec7AkbkjLTZgFxVv,2026-06-17T20:54:40.000Z,Frf Wandering Turn,,[null],"[""rec8ofgx2gLTwGuUh""]",get_rings.php,,,,,,,,,,,,,,,,,,,,,,,,,
rec7BwCKMRQDMQgx2,1662,rec7BwCKMRQDMQgx2,2026-06-11T11:39:25.000Z,Miles Ahead,Kyle Dewar,[null],"[""recSAYgkGu3kkDPVg""]",class_oog.php,Katherine F. Dewar,"[""recCzkqiwznIfOd3g""]","[""Katherine""]","[""recVsz59iVCmUI0Nu""]",,,,,,,,,,,,,,,,,,,,,
rec7F9hjLstqdYMOO,2147,rec7F9hjLstqdYMOO,2026-06-13T01:35:34.000Z,Princeton,Christine Davis,[null],"[""recHEp9v9lEefLbmo""]",class_oog,Lacoste Davis,"[""recHX2ArcWkBK8opr""]","[""Lacoste""]","[""recARZMqQrFq9nlEp""]",,,,,,,,,,,,,,,,,,,,,
rec7HGhhxy0VcsvHr,2945,rec7HGhhxy0VcsvHr,2026-06-09T23:09:50.000Z,Koletta,Stephanie Frey,[null],"[""recdgDYXozqdyOFDK""]",class_oog.php,Stephanie Frey,"[""recpHNIIZeH8CbPqR""]","[""Stephanie""]","[""recGQXJ8M2eFcl9W7""]",,,,,,,,,,,,,,,,,,,,,
rec7IRQCJhcQjYSyL,158,rec7IRQCJhcQjYSyL,2026-06-09T23:09:50.000Z,Icare Chavannais,Priscilla Broger,[null],"[""recfOl7ZkyUoojeeo""]",class_oog.php,Priscilla Broger,"[""recw1RkTLz6AB4VfY""]","[""Priscilla""]","[""rec4DXi4PILWoXlnx""]",,,,,,,,,,,,,,,,,,,,,
rec7Op9ou8Hbrpp8I,2304,rec7Op9ou8Hbrpp8I,2026-06-09T23:09:50.000Z,Camden Street,Wendy J. Hechler,[null],"[""recbT2euR7P1bjp6i""]",class_oog.php,Phillipa Greenberg,"[""recj6C9Do5xzRdjbN""]","[""Phillipa""]","[""rec1I0IvFKaYQa6K4""]",,,,,,,,,,,,,,,,,,,,,
rec7TuJvn6kKhK8Rb,2399,rec7TuJvn6kKhK8Rb,2026-06-12T17:24:28.000Z,Wineham,Jacqueline Steffens Daly,[null],"[""recy0wCuJO1oDY3l0""]",class_oog.php,Danae Oliveri,"[""recs9meILMT15Y84h""]","[""Danae""]","[""rec3YjZUNtuqDJ0nC""]",,,,,,,,,,,,,,,,,,,,,
rec7UiVuyI7IU1Nhe,2817,rec7UiVuyI7IU1Nhe,2026-06-18T16:48:35.000Z,Viscolano,,[null],"[""recYdiBiYYrcHHbRo""]",get_rings.php,,,,,,,,,,,"[""recS4nIz1hz7pS40b""]",,,,,,,,,,,,,,
rec7WCHHMldON19KP,1149,rec7WCHHMldON19KP,2026-06-21T16:04:05.000Z,Diatano,,[null],"[""reccGeRWstk72jHc2""]",get_rings.php,,,,,,,,,,,"[""recPm1v9jAMIr3LEB""]","[""recYgNzXLUtiSZy6j""]",,,,,,,,,,,,,
rec7X3x2xYM9fNfws,1790,rec7X3x2xYM9fNfws,2026-06-09T23:09:50.000Z,Cataumet,Lauren Schweppe,[null],"[""recaCQLlEZ79nr9GJ""]",class_oog.php,Lauren Schweppe,"[""recNxwU3qLAqtCJos""]","[""Lauren""]","[""recWb8kIRsV2w5Zj9""]",,,,,,,,,,,,,,,,,,,,,
rec7Xhy1diC2mfn1j,161,rec7Xhy1diC2mfn1j,2026-06-09T23:09:50.000Z,Jason Brown,Ben Taylor,[null],"[""recBwBJO5n5suc2QO""]",class_oog.php,Flavio Montenegro,"[""recnfQrsqInUBQK5e""]","[""Flavio""]","[""recmTGLWfZLnyH6TK""]",,,,,,,,,,,,,,,,,,,,,
rec7azKaPKmD2cx7o,2712,rec7azKaPKmD2cx7o,2026-06-09T23:09:50.000Z,Il Vole Du Park,Juan E. Hidalgo,[null],"[""rec6ysiq6YPYZB8xn""]",class_oog.php,Juan E. Hidalgo,"[""recT9NpDNfSMhikLG""]","[""Juan""]","[""recWm4nXbUtPYpLCL""]",,,,,,,,,,,,,,,,,,,,,
rec7bJLZq70fTkdNS,3222,rec7bJLZq70fTkdNS,2026-06-18T18:03:36.000Z,Velour Hf,,[null],"[""recfKkMOmza28nbhk""]",get_rings.php,,,,,,,,,,,,,,,,,,,,,,,,,
rec7dFt7LqAIZa3sg,189,rec7dFt7LqAIZa3sg,2026-06-15T13:18:54.000Z,Lyjanair,Richard A. Spooner,[null],"[""recoePvez1dUpMQU8""]",class_oog,Richard A. Spooner,"[""rec7t3G7rY0SFDSwO""]","[""Richard""]","[""reczNfVkVVBnpCR5D""]",,,,,,,,,,,,,,,,,,,,,
rec7enZTdsncgJQcM,2094,rec7enZTdsncgJQcM,2026-06-09T23:09:50.000Z,Gold Du Rouet,Andrew C. Welles,[null],"[""recjEn1VUe6rmsJ6l""]",class_oog,Taylor St Jacques,"[""recfFEe6i6PAEJnMn""]","[""Taylor""]","[""rectc0mHofDhAxAVA""]",,,,,,,,,,,,,,,,,,,,,
rec7oPU2U47Im0jah,1025,rec7oPU2U47Im0jah,2026-06-09T23:09:50.000Z,Dodicci,Alan Korotkin,"[""Dottie""]","[""recKtsuwLGpqqjPXe""]",class_oog,Carsyn Korotkin,"[""recHeQeDK4Lzn635W""]","[""Carsyn""]","[""recFIHTcArQhILyAc""]","[""CWF""]","[""Dottie""]","[""reczcOMi9ze9Fxb9Y"",""recq3YF8PufLJpekS""]","[""rec4YYYhrihWhqTIc"",""recJO5nCkooW0Ztnb"",""reczWqIzAb9GEVEOz"",""recR6TJnqeL6OLh69"",""rec1eJhqFc33AZm1I""]","[""recvwVeBHMBTNXUNv"",""recaAKT7AgKusWO5T"",""recD0Wv9mkI0cdiNp""]","[""recylA8MZ9acHquD2"",""recyJqmjZmWp6zGWj""]",,,"[""recS1DBpn7M7cZM68""]",,,,,,,,,,,,
rec7pZYSTNNmPkyu6,2561,rec7pZYSTNNmPkyu6,2026-06-11T22:35:22.000Z,Indiscreet,Spencer Brittan,[null],"[""recufRVkrsknR48az""]",class_oog.php,Spencer Brittan,"[""recLNTfb8hDjb4veq""]","[""Spencer""]","[""recqByBk0EpjI9rLn""]",,,,,,,,,,,,,,,,,,,,,
rec7vnyr2tVcM6JKv,2361,rec7vnyr2tVcM6JKv,2026-06-09T23:09:50.000Z,Casuall,John Michael Durr,[null],"[""recmHq7QdkA4XFks5""]",class_oog.php,John Michael Durr,"[""recb1rMqysX4FAaMx""]","[""John""]","[""rec9nE2B2j1bOmqTB""]",,,,,,,"[""recRNQqp75Twj6RCc""]","[""recHZiaZjPIml2Zib""]",,"[""recHZiaZjPIml2Zib""]","[""recRNQqp75Twj6RCc""]",,,,,,,,,,
rec7xtG00LNziiwOy,1936,rec7xtG00LNziiwOy,2026-06-11T11:39:21.000Z,Sf Old Fashioned,Jamie Reinheimer,[null],"[""rec4NB0C9itFKn8SC""]",class_oog.php,Jamie Reinheimer,"[""recNn7KbaFwOOFbYW""]","[""Jamie""]","[""recueBhFGFi7LFglR""]",,,,,,,,,,,,,,,,,,,,,
rec7zQax96YuurTYP,2083,rec7zQax96YuurTYP,2026-06-13T00:10:27.000Z,Dank's Corner Livin' In The Future,Madison Daughdrill,[null],"[""recHhzuyLxlaQtDz2""]",class_oog,Laikynn Mixon,"[""recNqQR6DgevXhdjd""]","[""Laikynn""]","[""recQXTpW29gQ8CQhu""]",,,,,,,,,,,,,,,,,,,,,
rec81sUUNYt18WiAO,1864,rec81sUUNYt18WiAO,2026-06-11T11:39:22.000Z,La India Catania,Celso Ariani,[null],"[""recLiplT5iysXRSiV""]",class_oog.php,Celso Ariani,"[""rec6706A0jhb96oOe""]","[""Celso""]","[""rec5Zl0N5TXr6Cc95""]",,,,,,,,,,,,,,,,,,,,,
rec87lHulliESmhfk,283,rec87lHulliESmhfk,2026-07-01T14:00:37.000Z,Goliath,,,,get_rings.php,,,,,,,,,,,"[""rece86fXPelWeOPWW""]","[""recXeamEbD5IeKpOU""]",,"[""recXeamEbD5IeKpOU""]","[""rece86fXPelWeOPWW""]",,,,,,,,,,
rec88WmrE0gSWXFHr,2968,rec88WmrE0gSWXFHr,2026-06-09T23:09:50.000Z,Anthem L.a. Z,Luciano Dome,[null],"[""recGDKWcPo8Ro3vCx""]",class_oog,Stella Kraemer,"[""rec0G59EnQRnDao5X""]","[""Stella""]","[""recjYsJmAKVPUAG2i""]",,,,,,,,,,,,,,,,,,,,,
rec8BkNjJAu1oqLly,2157,rec8BkNjJAu1oqLly,2026-06-09T23:09:50.000Z,Streya,Jacqueline Steffens Daly,[null],"[""recF0Qj3XRYqabiuO""]",class_oog.php,Jacqueline Steffens Daly,"[""recVEALy4YPkqWZIK""]","[""Jacqueline""]","[""rec3YjZUNtuqDJ0nC""]",,,,,,,,,,,,,,,,,,,,,
rec8DmkeJuEVF6qQP,2408,rec8DmkeJuEVF6qQP,2026-06-18T19:18:33.000Z,Brightest Star Orf Z,,[null],"[""recRgf6fYInJZv34F""]",get_rings.php,,,,,,,,,,,,,,,,,,,,,,,,,
rec8IWsCUcfLNXWe4,1617,rec8IWsCUcfLNXWe4,2026-06-18T16:04:13.000Z,Prescott,,[null],"[""recN7gf3RxR2JwInh""]",get_rings.php,,,,,,,,,,,,,,,,,,,,,,,,,
rec8LsoJURKHZ44D2,1843,rec8LsoJURKHZ44D2,2026-06-09T23:09:50.000Z,Accelerator,Fabian Herrera,[null],"[""rec3IpfVmw7aDlk3r""]",class_oog.php,Fabian Herrera,"[""recEbKJxQ8cADfblu""]","[""Fabian""]","[""recZ41cgnoPOR4VSU""]",,,,,,,,,,,,,,,,,,,,,
rec8MFCog8SGj6oyT,3183,rec8MFCog8SGj6oyT,2026-06-21T13:06:53.000Z,Jason,,"[""Jason""]","[""rec8a5Nw2ZxphnrpG""]",get_rings.php,,,,,,"[""Jason""]","[""recYCZjABGgi47DvT"",""recVrpjf8NDlCKl7A"",""recbUTVDamLWAHax1""]","[""recsQswCdFkfnchEm"",""reccTihJ6NOK1MVXA"",""recsqZu4P0yQUnXqR"",""rec6tq6zFuTFshe9s"",""rec81i9VwQRhaP9QK"",""rec0Wk2958HY3j2zj"",""rec3O1iRvCrA9S3BG"",""rec4jZPlf8thDxync"",""recRVY5pY1DdkINkK""]","[""rec9uUpIFeKbPGBlm"",""recYoq5c5daUmPpPV"",""reciTIqeKPVjhYIWc""]","[""rec1d5ZnnAJdgiZFs"",""reccjzjTXBjuJ9bbT"",""reclInkp2cuCbriMJ""]","[""receEOazy4nYz33PE""]","[""reczQ453Ukb6E8AtH""]","[""recuu2WurT7lgvQn6"",""recrxNLslVcWWGuDn"",""rec0FHckogROfgaGy""]",,,,,,,,,,,,
rec8OYeF4BnG15lvv,3373,rec8OYeF4BnG15lvv,2026-06-19T13:10:11.000Z,22 Cartagena,,[null],"[""rec0Kg35igiJWeMOG""]",get_rings.php,,,,,,,,,,,,,,,,,,,,,,,,,
rec8P7VE4xrhSr8iw,2867,rec8P7VE4xrhSr8iw,2026-06-09T23:09:50.000Z,Chef Special,Michael J. Mccormick,[null],"[""recphUf4GvG1kGKuU""]",class_oog.php,Tracy Fenney,"[""recLyTrE6tVxN0uIu""]","[""Tracy""]","[""recNsOB5RbtRbnQ37""]",,,,,,,,,,,,,,,,,,,,,
rec8PR9MnLxkUXfAc,1037,rec8PR9MnLxkUXfAc,2026-06-09T23:09:50.000Z,Insider Bh,Alan Korotkin,"[""Insider""]","[""recqt3jIIsz9QHFaX""]",class_oog,Victoria Rotsaert,"[""recDyFLYrfFkJWmIR""]","[""Victoria""]","[""recFIHTcArQhILyAc""]","[""CWF""]","[""Insider""]","[""recLhWvaLBkmPiRKk""]","[""recZfucwbcRMSgUrV"",""rec1d5MmNPbtjbLLy""]","[""rec91uogmEKkQGuXP"",""recXB2BMSRDKXYHxa""]","[""recraVWrLUHa02whH""]",,,,,,,,,,,,,,,
rec8UGAUAUJ780m3N,1947,rec8UGAUAUJ780m3N,2026-06-11T11:39:25.000Z,Playboy Blue Vh Z,Casey M. Millis,[null],"[""recNKI4hLA4TCZA3C""]",class_oog,Casey M. Millis,"[""recNzSUHTpZtd7NWZ""]","[""Casey""]","[""recBrEtNpXmVIRzK3""]",,,,,,,,,,,,,,,,,,,,,
rec8bEkXQ121XUPro,1823,rec8bEkXQ121XUPro,2026-06-09T23:09:50.000Z,Aperture Vf,Lia Screnci,[null],"[""recnJ0yX8uvWRaYPo""]",class_oog.php,Lia Screnci,"[""rec5RnC57daRX7Mi1""]","[""Lia""]","[""rec0eBWOxYRez99HS""]",,,,,,,,,,,,,,,,,,,,,
rec8dMmNDSdG203Mw,2188,rec8dMmNDSdG203Mw,2026-06-11T11:39:25.000Z,Excel Star Herald,Danielle Platt,[null],"[""recq8vnN5j0kLEtlM""]",class_oog,Danielle Platt,"[""recsfAA9iVQUzRFfI""]","[""Danielle""]","[""recZ3kmzycB7xwLfv""]",,,,,,,,,,,,,,,,,,,,,
rec8djTKCR8X4DavJ,2667,rec8djTKCR8X4DavJ,2026-06-09T23:09:50.000Z,Calypso,Alan Korotkin,"[""Calypso""]","[""recD3ADwwji0FNRtM""]",class_oog,Josephine Demmo,"[""recrHYQZEkbg68kV9""]","[""Josephine""]","[""recFIHTcArQhILyAc""]","[""CWF""]","[""Calypso""]","[""recUPiFxRV5IwTSfo"",""rechOWTv6MeILO5ZR""]","[""recifl2YGh8xWuX9n"",""recN2vhwD1KUrCMSv"",""recDctGZg2fgZ7HXL""]","[""recGCI5hHyLRdjFl5"",""reciuOAoHsZGu1OIQ""]","[""recJrnZsZVka7MfbC"",""rec7aUy9LZLSi4x4M""]","[""recqcnrZEvwmov5jY"",""recGsHjP8MzggbPBy""]","[""recCmjoqxAycTQIXg"",""recfEWFZxB6g4e4E8""]","[""reccMU1QmTRnLdELe""]","[""recfEWFZxB6g4e4E8""]","[""recGsHjP8MzggbPBy""]",,,,,,,,,,
rec8dxdOus0dlQQON,2401,rec8dxdOus0dlQQON,2026-06-12T17:24:28.000Z,Lance Van't Roosakker,Kimberly Nadler-Russo,[null],"[""rec7U6MZ2RuK9M4Ni""]",class_oog,Lola Reardon,"[""recrFCA3KOnHIR0dX""]","[""Lola""]","[""rec1yq40bnU1koghd""]",,,,,,,,,,,,,,,,,,,,,
rec8gm3Dyq6BluLXE,2449,rec8gm3Dyq6BluLXE,2026-07-01T15:54:35.000Z,Mirage Edt,,,,get_rings.php,,,,,,,,,,,,,,,,,,,,,,,,,
rec8nbieTHlNYfAzC,2534,rec8nbieTHlNYfAzC,2026-06-09T23:09:50.000Z,Callisto De Fetan Z,Robert Mendoza,[null],"[""rect5JgaBN9a7OqIH""]",class_oog.php,Robert Mendoza,"[""recTDMo7hqCpuyKDo""]","[""Robert""]","[""recc7BtlSMC456iwd""]",,,,,,,,,,,,,,,,,,,,,
rec8q6pzxu3h9BVPr,3422,rec8q6pzxu3h9BVPr,2026-06-18T19:04:12.000Z,Fred Astaire,,[null],"[""recq8M3SHFEPqMOiw""]",get_rings.php,,,,,,,,,,,,,,,,,,,,,,,,,
rec8qHQrDItvdlQoL,1028,rec8qHQrDItvdlQoL,2026-06-11T11:39:22.000Z,Forte,Alan Korotkin,"[""Macho""]","[""recuAM948OicLWxLT""]",class_oog,Carsyn Korotkin,"[""recHeQeDK4Lzn635W""]","[""Carsyn""]","[""recFIHTcArQhILyAc""]","[""CWF""]","[""Macho""]","[""recO8g1ng4UCDAake"",""recoRaVZAt4BGvFSt"",""reczoJsly5Ikcnwjd""]","[""reczuJqEQxr9Tq9aB"",""recPJtdZJ7sjAFdu1"",""reci6zYtD9Ygnhs8d"",""rece5RdwAcDTPz2Qz"",""recdPOGBTyp6Xg6CF"",""recvd5hYeRQpmZTFq""]","[""rec80POQP3EhiJrM8"",""recXMF6BTo3uNTJoQ"",""recXeRa65L7eyPrA5""]","[""rec0Bk0MbLCNHmjen"",""recbPuI17qdAcc1CF"",""recwRfyj4pCKdFwT1""]","[""rec53rszU6gpavFBN""]",,"[""rec4dPc7NaEZKTeR8"",""recegkGHX1iJR8tHF""]",,,,,,,,,,,,
rec8sI9fvIMgzRWtl,3005,rec8sI9fvIMgzRWtl,2026-06-09T23:09:50.000Z,Kilmastulla Quality Touch,Stacey L. Reser,[null],"[""recIyWc3lqqBppYPg""]",class_oog,Seanna Reser,"[""recEJlwUSbNSsfpy2""]","[""Seanna""]","[""recdxilKHsN0qZ3Fz""]",,,,,,,,,,,,,,,,,,,,,
rec900wy3a31okVGL,1103,rec900wy3a31okVGL,2026-06-12T17:24:28.000Z,Vhf Vegas,Morgan Taylor,[null],"[""reclP1RPVHw9ZOOvC""]",class_oog,Amelia Khan,"[""reclpKfaEvwZJnMfX""]","[""Amelia""]","[""rec0wCs5ZzmAW8kSL""]",,,,,,,,,,,,,,,,,,,,,
rec93QEULmoP9lVQ5,3014,rec93QEULmoP9lVQ5,2026-06-11T12:57:20.000Z,Hazelberg's Opium Dve,,[null],"[""recdHzVN1Aq8OZiKa""]",class_oog.php,,,,,,,,,,,,,,,,,,,,,,,,,
rec95VcM0BbVFcEui,3394,rec95VcM0BbVFcEui,2026-06-21T16:33:56.000Z,Joey Van De Nieuwburghoeve,,[null],"[""recZs5AiJqPWXlObm""]",get_rings.php,,,,,,,,,,,"[""recnUmTFsLXIasrw7""]","[""rec1kn72r4ClYXGxS""]",,,,,,,,,,,,,
rec97QFWtimduyHuB,1283,rec97QFWtimduyHuB,2026-06-12T03:10:20.000Z,Calais,Katie Moniz Floyd,[null],"[""reclw3uibI8WoGQFn""]",class_oog,Kole Floyd,"[""recchSR2cIrnif7YT""]","[""Kole""]","[""recPMskDVL2pcUFPb""]",,,,,,,,,,,,,,,,,,,,,
rec9GEPDxYugGa9EC,1261,rec9GEPDxYugGa9EC,2026-06-09T23:09:50.000Z,Com'on Kylie M,Ben Taylor,[null],"[""recq5UnOR7mLoxI6I""]",class_oog.php,Sophia Ayers,"[""recR15trSJEmLl1BW""]","[""Sophia""]","[""recmTGLWfZLnyH6TK""]",,,,,,,,,,,,,,,,,,,,,
rec9HPaFQ1jEclcY2,3644,rec9HPaFQ1jEclcY2,2026-07-01T16:30:43.000Z,Taking Chances,,,,get_rings.php,,,,,,,,,,,,"[""reci8iTh47F7i9x6M""]",,"[""reci8iTh47F7i9x6M""]",,,,,,,,,,,
rec9HeW9WlmtzBC08,2368,rec9HeW9WlmtzBC08,2026-06-09T23:09:50.000Z,Cheque,Jake Evans,[null],"[""recVhURLvVIqTQBtg""]",class_oog.php,Jake Evans,"[""recKyS0g5eEgkhboQ""]","[""Jake""]","[""recSXiCPwDmQ76cuQ""]",,,,,,,,,,,,,,,,,,,,,
rec9JEZc89Tnnz4bF,2604,rec9JEZc89Tnnz4bF,2026-06-09T23:09:50.000Z,Hand Painted,Jasmine Walsh,[null],"[""recb3aoVyoF0GP1Hp""]",class_oog.php,Jasmine Walsh,"[""rec3pY7apXwfTmgAy""]","[""Jasmine""]","[""recI1AZhpQDfY3cRY""]",,,,,,,,,,,,,,,,,,,,,
rec9JhcjVE6MzwKwQ,2367,rec9JhcjVE6MzwKwQ,2026-06-09T23:09:50.000Z,Khadiri,Jake Evans,[null],"[""recStBpcwE6PFz5vb""]",class_oog.php,Jake Evans,"[""recKyS0g5eEgkhboQ""]","[""Jake""]","[""recSXiCPwDmQ76cuQ""]",,,,,,,,,,,,,,,,,,,,,
rec9Jq5sW41kOXWdv,3425,rec9Jq5sW41kOXWdv,2026-07-01T14:00:37.000Z,Kallisti,,,,get_rings.php,,,,,,,,,,,"[""recxFbMfI4IMZJOpv""]",,,,"[""recxFbMfI4IMZJOpv""]",,,,,,,,,,
rec9MCPI5x9Xgr82b,1447,rec9MCPI5x9Xgr82b,2026-06-20T14:24:39.000Z,Viva La Vida,,[null],"[""recIWvRZO3CiEoXf6""]",get_rings.php,,,,,,,,,,,,,,,,,,,,,,,,,
rec9N1Ti4a8Q38uHS,2618,rec9N1Ti4a8Q38uHS,2026-06-09T23:09:50.000Z,Quina Blue Ps,Timothy Maddrix,[null],"[""recXDTBxiDiXRbLqW""]",class_oog,Timothy Maddrix,"[""rec50cOyj9krr4nq5""]","[""Timothy""]","[""recQUXHjJZbV57FsH""]",,,,,,,,,,,,,,,,,,,,,
rec9OpY0lz1fUBcMR,2876,rec9OpY0lz1fUBcMR,2026-06-09T23:09:50.000Z,Ewsz Omega,Gonzalo Guevara,[null],"[""recpEbQzKb7dtqXA1""]",class_oog.php,Gonzalo Guevara,"[""recpSVfbFbwfpYVBj""]","[""Gonzalo""]","[""recz26WUGKrF94984""]",,,,,,,,,,,,,,,,,,,,,
rec9YY2VQtUbQheE9,2927,rec9YY2VQtUbQheE9,2026-06-09T23:09:50.000Z,Dexter,Jake Evans,[null],"[""recBAxAXHSLDqprSX""]",class_oog.php,Jake Evans,"[""recKyS0g5eEgkhboQ""]","[""Jake""]","[""recSXiCPwDmQ76cuQ""]",,,,,,,,,,,,,,,,,,,,,
rec9Z7hwgNj6ebYKl,3392,rec9Z7hwgNj6ebYKl,2026-06-18T18:18:33.000Z,Zechariah,,[null],"[""recpl76KpDitQ9Wxa""]",get_rings.php,,,,,,,,,,,,,,,,,,,,,,,,,
rec9cBtWF52g5wCHn,3669,rec9cBtWF52g5wCHn,2026-07-01T15:27:40.000Z,Charismo Z,,,,get_rings.php,,,,,,,,,,,,,,,,,,,,,,,,,
rec9d2oNX6g2NauFw,1041,rec9d2oNX6g2NauFw,2026-06-09T23:09:50.000Z,Luminosity Class,Alan Korotkin,"[""Elliot""]","[""rec3gZ9Ff1QTqGXvi""]",class_oog.php,Tanner Korotkin,"[""rececJFgkUViuuW0F""]","[""Tanner""]","[""recFIHTcArQhILyAc""]","[""CWF""]","[""Elliot""]",,,,,,,,,,,,,,,,,,,
rec9eOiAQ8imcv9Oj,104,rec9eOiAQ8imcv9Oj,2026-06-09T23:09:50.000Z,Helia Ffh,Kyle Dewar,[null],"[""recS2o8qfCeKsnW8n""]",class_oog.php,Kyle Dewar,"[""recfmpHccsWBBEZ8A""]","[""Kyle""]","[""recVsz59iVCmUI0Nu""]",,,,,,,,,,,,,,,,,,,,,
rec9f7ogvI5AiZGXT,1046,rec9f7ogvI5AiZGXT,2026-06-11T11:39:24.000Z,Rimini Du Printemps,Alan Korotkin,"[""Rimini""]","[""reciBP5IPTFNbjykc""]",class_oog,Sophie Heap,"[""recYxSrzV8TEJcBWx""]","[""Sophie""]","[""recFIHTcArQhILyAc""]","[""CWF""]","[""Rimini""]","[""rec5QlpGgCFQQQQof"",""rec3Ki5ddqMwVd5Zv""]","[""rec5Pkw0fce38VuxI"",""recnBy6JYmQm7XvnW"",""recQSJbw8lQI3LAOu"",""rec64RKY9BQx0n2Q8"",""recAfFB6A49ltxcXr""]","[""reci0czOVqr4fAn1O"",""recP3PQArxD4Tvc2u"",""rec3c7ZH8sZFeKJFI""]","[""reclPRtZdN0n93XRl"",""rec1lITZDEzvBPWov""]",,,"[""recL6rvvjKgdPgzsl""]",,,,,,,,,,,,
rec9frvWzFMf9c8Kj,1319,rec9frvWzFMf9c8Kj,2026-06-09T23:09:50.000Z,High Time,Camille Maynard,[null],"[""recKzDZNnajztetMV""]",class_oog.php,Anne C. Hormel,"[""rec1mLXyML08iCPpy""]","[""Anne""]","[""receCZCsNdOQDE9z9""]",,,,,,,,,,,,,,,,,,,,,
rec9g3cCnYaJqzg5B,2543,rec9g3cCnYaJqzg5B,2026-06-09T23:09:50.000Z,Billy Snowdonia,Camille Maynard,[null],"[""recmAyvq0naXRkh8r""]",class_oog.php,Camille Maynard,"[""recYuW2sDtfJ70Oph""]","[""Camille""]","[""receCZCsNdOQDE9z9""]",,,,,,,,"[""recKkqSyRHGFSaXRQ""]",,,,,,,,,,,,,
rec9nDSYoFWGwzGAh,2303,rec9nDSYoFWGwzGAh,2026-06-11T11:39:26.000Z,Nielson Wh,Mike Holtkamp,[null],"[""recFxKJ6AVT5FhQuY""]",class_oog.php,Margaret L. Swanson,"[""rechMaBOPshWSbNGK""]","[""Margaret""]","[""recSXI5qNI2oXZ7rL""]",,,,,,,,,,,,,,,,,,,,,
rec9rHx6aDDm4lD8r,1096,rec9rHx6aDDm4lD8r,2026-06-09T23:09:50.000Z,Cold Play,Isaac Leffkowitz,[null],"[""recSpYWN65VvNIf4n""]",class_oog.php,Isaac Leffkowitz,"[""rec5eeBOUY791C5bu""]","[""Isaac""]","[""rec7ppaIMqZuirHoA""]",,,,,,,,,,,,,,,,,,,,,
rec9wFhL93nraod0x,1154,rec9wFhL93nraod0x,2026-07-01T12:12:33.000Z,Cinnamon Touch,,,,get_rings.php,,,,,,,,,,,,,,,,,,,,,,,,,
rec9xf36CYtWUkvnm,1863,rec9xf36CYtWUkvnm,2026-06-13T01:35:34.000Z,,,,,,,,,,,,,,,,,,,,,,,,,,,,,,
recA6Nqh637ic9n2z,2037,recA6Nqh637ic9n2z,2026-06-09T23:09:50.000Z,Fernhill Touch Of Grandeur,Maya Denis,[null],"[""recPNCV6VOVWK2NaS""]",class_oog.php,Kendall Stephens,"[""recRZ3xBHi6OjRlHK""]","[""Kendall""]","[""rec1yYXh3xuiGBsAr""]",,,,,,,,,,,,,,,,,,,,,
recA9WN5yyh58eP0i,2365,recA9WN5yyh58eP0i,2026-06-09T23:09:50.000Z,Qiana,Marcus Gruenthal,[null],"[""rech955C4jzPxGzsU""]",class_oog.php,Marcus Gruenthal,"[""rec6eqb0fBJcoRHZU""]","[""Marcus""]","[""rec4KAl96j0uH9if9""]",,,,,,,,,,,,,,,,,,,,,
recAAbnrLYYBRf9jM,2943,recAAbnrLYYBRf9jM,2026-06-09T23:09:50.000Z,Gladrags,Stephanie Frey,[null],"[""recUvD1yESiPqktoj""]",class_oog.php,Stephanie Frey,"[""recpHNIIZeH8CbPqR""]","[""Stephanie""]","[""recGQXJ8M2eFcl9W7""]",,,,,,,,,,,,,,,,,,,,,
recAEIaYalYre2llI,2709,recAEIaYalYre2llI,2026-06-09T23:09:50.000Z,Cfh Ricardo Two You,Juan E. Hidalgo,[null],"[""reck168DhM2xEDlCA""]",class_oog,Annika Quanbeck,"[""rec4PcNx1EROlGAmm""]","[""Annika""]","[""recWm4nXbUtPYpLCL""]",,,,,,,,,,,,,,,,,,,,,
recAFC6AKzcuuFK3K,2606,recAFC6AKzcuuFK3K,2026-06-13T01:35:34.000Z,Posh,Jasmine Walsh,[null],"[""recPYs0Y20jnSDpbk""]",class_oog,Josephine Lurie,"[""recQYtoWytkrBT5u6""]","[""Josephine""]","[""recI1AZhpQDfY3cRY""]",,,,,,,,,,,,,,,,,,,,,
recAGLH2rzPGwpBsz,3022,recAGLH2rzPGwpBsz,2026-06-09T23:09:50.000Z,Netezwiggy Vd Watermolen,Jelmer Hoekstra,[null],"[""recRIudmPRp5zfskQ""]",class_oog.php,Dorothy Douglas,"[""recrV61WHjIJdaJga""]","[""Dorothy""]","[""recqI6AanH1zv5CGV""]",,,,,,,,,,,,,,,,,,,,,
recAIfwUu5AAKAjz1,2538,recAIfwUu5AAKAjz1,2026-07-01T14:00:37.000Z,Soufriere,,,,get_rings.php,,,,,,,,,,,,,,,,,,,,,,,,,
recAJVmuF07Cg84od,202,recAJVmuF07Cg84od,2026-06-15T13:18:54.000Z,Global Ph Cocofino,David Cameron,[null],"[""reccKdWlsiElejWlP""]",class_oog,Tyla Hackett,"[""recoplw0C0H8tom54""]","[""Tyla""]","[""recV9UeEpcw6UDEM9""]",,,,,,,,,,,,,,,,,,,,,
recALnitG3TN7XQ4p,1255,recALnitG3TN7XQ4p,2026-06-13T00:10:27.000Z,Nr Golden Graham,Courtney de Hechavarria,[null],"[""recP7gqkpNS8ewIrc""]",class_oog.php,Ella de Hechavarria,"[""rec63Jm3i7dGwbNQG""]","[""Ella""]","[""recv85dMm1vEE8kec""]",,,,,,,,,,,,,,,,,,,,,
recARRtM6on1LSMRP,2994,recARRtM6on1LSMRP,2026-06-09T23:09:50.000Z,Stapleton Asha,Dennis Mitchell,[null],"[""recBIM9PfT6bsg41D""]",class_oog.php,Lilly Mack,"[""rec9wGvChkIEYr9ra""]","[""Lilly""]","[""recoecRalvylo1ERb""]",,,,,,,,,,,,,,,,,,,,,
recAUNBS3GXlJCmZj,1430,recAUNBS3GXlJCmZj,2026-06-12T03:10:20.000Z,Karlotta Cl,Manuel G. Torres,[null],"[""rectB9IQVZ59gCD5j""]",class_oog.php,Alejandra Ortiz Orozco,"[""recAVWkAQVv9aBNJj""]","[""Alejandra""]","[""recIorvNwvWPlOR66""]",,,,,,,,,,,,,,,,,,,,,
recAZNrHFA3dH55Rq,1795,recAZNrHFA3dH55Rq,2026-06-09T23:09:50.000Z,Mazatlan Ps,Morgan Taylor,[null],"[""recqyb3QQVYkFi3MZ""]",class_oog,Violetta Bergonzoli,"[""rec32BAUTXsxaWP4w""]","[""Violetta""]","[""rec0wCs5ZzmAW8kSL""]",,,,,,,,,,,,,,,,,,,,,
recAZsGtb0YW2qXwB,2252,recAZsGtb0YW2qXwB,2026-06-18T13:15:52.000Z,Talk Soon,,[null],"[""recfIIMVhUPG18eNO""]",get_rings.php,,,,,,,,,,,,,,,,,,,,,,,,,
recAaq5pWLL9bFKdl,1439,recAaq5pWLL9bFKdl,2026-06-09T23:09:50.000Z,Il Dolce,Matthew Le Master,[null],"[""recRtbiGzYn7F1WF2""]",class_oog.php,Lauren Flesher,"[""rec0y8f9IiGiQ5gl4""]","[""Lauren""]","[""recN9E8BVaEfvKU1x""]",,,,,,,,,,,,,,,,,,,,,
recAf5xbq5TLnFkW9,168,recAf5xbq5TLnFkW9,2026-06-15T13:18:53.000Z,Chatadel Ps,Sydney Rowland,[null],"[""recsZhLDABzLyVMKg""]",class_oog,Erynn L. Ballard,"[""recuHd7x3ghIfNhky""]","[""Erynn""]","[""recFsMRQIqS8lWRWR""]",,,,,,,,,,,,,,,,,,,,,
recAh6G3L98CK7aqL,1728,recAh6G3L98CK7aqL,2026-06-09T23:09:50.000Z,Simpatico,Stephanie Frey,[null],"[""recrg7jvbqnlTihd2""]",class_oog.php,Stephanie Frey,"[""recpHNIIZeH8CbPqR""]","[""Stephanie""]","[""recGQXJ8M2eFcl9W7""]",,,,,,,,,,,,,,,,,,,,,
recAidguejIm7wohx,3906,recAidguejIm7wohx,2026-07-01T13:48:33.000Z,Thunderstroc Usa,,,,get_rings.php,,,,,,,,,,,,,,,,,,,,,,,,,
recAj54jGkp8UD0u9,2797,recAj54jGkp8UD0u9,2026-06-11T11:39:24.000Z,Jolita,Rob Billings,[null],"[""reczIdfmLplrXpAaG""]",class_oog,Grace Everhart,"[""recxZJzN67B3dP2k5""]","[""Grace""]","[""recHNjiHOpvxP5N0r""]",,,,,,,,,,,,,,,,,,,,,
recAlA8aDSqItWKLd,1918,recAlA8aDSqItWKLd,2026-06-09T23:09:50.000Z,The Flying Dutchman,Bryce P. Richardson,[null],"[""recBjz5bfMTj6Kszj""]",class_oog.php,Bryce P. Richardson,"[""recmy93tzMkYZukPY""]","[""Bryce""]","[""rectIwXBJfkrEAaOG""]",,,,,,,,,,,,,,,,,,,,,
recAlGb3UlkpGbjJA,3114,recAlGb3UlkpGbjJA,2026-07-01T17:57:34.000Z,Delano,,,,get_rings.php,,,,,,,,,,,,,,,,,,,,,,,,,
recAqDdmBqy3B5hH6,1567,recAqDdmBqy3B5hH6,2026-06-09T23:09:50.000Z,Octavius Scf,Antonio J. Martinez,[null],"[""recW0Dlsb9syKs5ve""]",class_oog.php,Antonio J. Martinez,"[""rec0wQobR70eQk97e""]","[""Antonio""]","[""recoIakTck18pHikM""]",,,,,,,,,,,,,,,,,,,,,
recArHXMEjzec4YDS,3506,recArHXMEjzec4YDS,2026-07-01T15:42:34.000Z,Chakira B,,,,get_rings.php,,,,,,,,,,,,,,,,,,,,,,,,,
recAroYe1116GH63r,2905,recAroYe1116GH63r,2026-06-20T17:19:17.000Z,Filou Moussardiere,,[null],"[""recLPbnFCHleetJgJ""]",get_rings.php,,,,,,,,,,,,,,,,,,,,,,,,,
recAvz0vP9muqD2vt,110,recAvz0vP9muqD2vt,2026-06-15T13:18:53.000Z,Maestro B,Juan A. Rodriguez Silva,[null],"[""reczlO7zt5p3c8Oln""]",class_oog,Diego Loria,"[""reco40AZFnYO1VXuv""]","[""Diego""]","[""reclu4ZfxeCUoDgLA""]",,,,,,,,,,,,,,,,,,,,,
recB0RNekTiukvqCp,170,recB0RNekTiukvqCp,2026-06-15T13:18:53.000Z,Genius De Rance,Sydney Rowland,[null],"[""recJmFTzxdJjOLIDx""]",class_oog,Erynn L. Ballard,"[""recuHd7x3ghIfNhky""]","[""Erynn""]","[""recFsMRQIqS8lWRWR""]",,,,,,,,,,,,,,,,,,,,,
recB4gLYkAbUQD5P7,3328,recB4gLYkAbUQD5P7,2026-06-21T15:03:56.000Z,Ardeo Taycan,,[null],"[""recibWOkudhGoqJzN""]",get_rings.php,,,,,,,,,,,,,,,,,,,,,,,,,
recB8gxG5LW95xbnl,2818,recB8gxG5LW95xbnl,2026-06-20T16:42:38.000Z,Fearless,,[null],"[""recBEkvhOYS969iUn""]",get_rings.php,,,,,,,,,,,,,,,,,,,,,,,,,
recBEFytHdCyQqvMe,218,recBEFytHdCyQqvMe,2026-06-15T13:18:54.000Z,Santana,Amanda Flint,[null],"[""recXmjfTXve9sBDbF""]",class_oog,Elli Yeager,"[""rec9xdU3MJtpDiRxC""]","[""Elli""]","[""rec3UdGAtomDxEozr""]",,,,,,,,,,,,,,,,,,,,,
recBKYF2PYQxmUqv0,101,recBKYF2PYQxmUqv0,2026-06-15T13:18:53.000Z,Jip Van T & L Z,Celso Ariani,[null],"[""recOZ9UPOk8sC3QWe""]",class_oog,Celso Ariani,"[""rec6706A0jhb96oOe""]","[""Celso""]","[""rec5Zl0N5TXr6Cc95""]",,,,,,,,,,,,,,,,,,,,,
recBPLymAty28jZIq,1572,recBPLymAty28jZIq,2026-06-11T11:39:24.000Z,Unica Z,Antonio J. Martinez,[null],"[""recgMYtFOaWMvKptD""]",class_oog.php,Antonio J. Martinez,"[""rec0wQobR70eQk97e""]","[""Antonio""]","[""recoIakTck18pHikM""]",,,,,,,,,,,,,,,,,,,,,
recBRYaumBF4oWkcx,2738,recBRYaumBF4oWkcx,2026-06-20T13:30:37.000Z,Captivate,,[null],"[""recq77rsOFfE6X79n""]",get_rings.php,,,,,,,,,,,,,,,,,,,,,,,,,
recBaBPQ2PRwMqdhN,3218,recBaBPQ2PRwMqdhN,2026-06-18T14:31:23.000Z,Syncopation,,[null],"[""recmDaFggvas0Nf6E""]",get_rings.php,,,,,,,,,,,,,,,,,,,,,,,,,
recBc8B5JwLXimn9V,3003,recBc8B5JwLXimn9V,2026-06-11T11:39:24.000Z,Leporsche Th,Raishun Burch,[null],"[""recRMC3zELLHIedtW""]",class_oog.php,Ella Saidi,"[""recV9LW30IW7R1YBf""]","[""Ella""]","[""rec5VNiNYnXVAnanj""]",,,,,,,,,,,,,,,,,,,,,
recBfBZQnclsaJ7hC,1048,recBfBZQnclsaJ7hC,2026-06-11T11:39:21.000Z,Specialist,Alan Korotkin,"[""Tommy""]","[""recnQ5XOUOoXDWCda""]",class_oog,Kate Marisch,"[""rec5EhfTnbywcBHpc""]","[""Kate""]","[""recFIHTcArQhILyAc""]","[""CWF""]","[""Tommy""]","[""rec3DnDrxnDBnh5I3"",""recIw5sSGaS95M1Ej""]",,"[""recvtYoqJt7t1H3PW"",""recU23OXos2JEIsTr""]","[""recPi5Q9n77aOvCig"",""recs6DgNppxh6GjsC""]",,,,,,,,,,,,,,,
recBhjBj2yY4p1S1s,2075,recBhjBj2yY4p1S1s,2026-06-13T01:35:34.000Z,Colbert Q,Darragh Kerins,[null],"[""recQqlvVVUuzmYYt0""]",class_oog,Sophia A. Thomson,"[""recVJofoqKgb9upuP""]","[""Sophia""]","[""recOdyCszUe4VTxPo""]",,,,,,,,,,,,,,,,,,,,,
recBjezp7voIF02N8,190,recBjezp7voIF02N8,2026-06-15T13:18:54.000Z,Belle Esprit,Richard A. Spooner,[null],"[""recwyDBYG3PDDvYQA""]",class_oog,Richard A. Spooner,"[""rec7t3G7rY0SFDSwO""]","[""Richard""]","[""reczNfVkVVBnpCR5D""]",,,,,,,,,,,,,,,,,,,,,
recBkSLGFToTKNsUL,1236,recBkSLGFToTKNsUL,2026-06-18T12:00:39.000Z,Wailea,,[null],"[""recRxgTjiZrztCl0G""]",get_rings.php,,,,,,,,,,,,,,,,,,,,,,,,,
recBpewCzHhSUtPrB,3507,recBpewCzHhSUtPrB,2026-06-18T17:18:43.000Z,Diamantho Vg Z,,[null],"[""recCIqi4evurH0FI8""]",get_rings.php,,,,,,,,,,,,,,,,,,,,,,,,,
recBrlPfyzwPNCO75,125,recBrlPfyzwPNCO75,2026-06-09T23:09:50.000Z,Conthinder,Ben Taylor,[null],"[""recBbNqLfR6bedO4Y""]",class_oog,Sophia Ayers,"[""recR15trSJEmLl1BW""]","[""Sophia""]","[""recmTGLWfZLnyH6TK""]",,,,,,,,,,,,,,,,,,,,,
recBsU2Jj6yCwEiMr,1052,recBsU2Jj6yCwEiMr,2026-06-11T11:39:24.000Z,Captain Morgan,Daniela Roy,[null],"[""recE26EQIjm375tmu""]",class_oog.php,Gabriel Zampieri,"[""rec2jDKTGlikuVdSU""]","[""Gabriel""]","[""rec2F4zRJZGDzG0M2""]",,,,,,,,,,,,,,,,,,,,,
recBxVwJnmFtcPszU,3225,recBxVwJnmFtcPszU,2026-06-20T13:12:36.000Z,Landslide,,[null],"[""recHBpY1fJdgYlujt""]",get_rings.php,,,,,,,,,,,,,,,,,,,,,,,,,
recBybovGA3QF4KoF,1276,recBybovGA3QF4KoF,2026-06-12T17:24:27.000Z,Patron,Ben Taylor,[null],"[""recIEURZIRcudCDt1""]",class_oog.php,Joy Rollefson,"[""recQtl36CipbQcEZ6""]","[""Joy""]","[""recmTGLWfZLnyH6TK""]",,,,,,,,,,,,,,,,,,,,,
recC24kVXhDADHYQG,220,recC24kVXhDADHYQG,2026-06-15T13:18:54.000Z,Noucka Ut Frankryk,Pablo J. Barrios,[null],"[""recC1LlZr1GscmlPI""]",class_oog,Juan Vegas,"[""recB24KD5cfFLAQLQ""]","[""Juan""]","[""recotkhuiB65Mp1KD""]",,,,,,,,,,,,,,,,,,,,,
recC2byGBYCvuxEuU,2944,recC2byGBYCvuxEuU,2026-06-13T00:10:27.000Z,Hello Sunshine,Stephanie Frey,[null],"[""recVE5kGhU5yMjfLG""]",class_oog.php,Stephanie Frey,"[""recpHNIIZeH8CbPqR""]","[""Stephanie""]","[""recGQXJ8M2eFcl9W7""]",,,,,,,,,,,,,,,,,,,,,
recCB9HyG6Q3UySnn,2963,recCB9HyG6Q3UySnn,2026-06-09T23:09:50.000Z,Diadora,Jared P. Petersen,[null],"[""recbYy7ntd9niyPq6""]",class_oog.php,Jordan Petersen,"[""recYAMMYSikFNZf1a""]","[""Jordan""]","[""recWoImYqrWG0E1xh""]",,,,,,,,,,,,,,,,,,,,,
recCBxxMJ1CtUSSZR,2735,recCBxxMJ1CtUSSZR,2026-06-12T03:10:21.000Z,Newcomer Z,Dana Kurrle,[null],"[""reckf5vereqxMaJMI""]",class_oog,Xavier Gomez,"[""recPXdNTrV4Jh4bzw""]","[""Xavier""]","[""recNlaJ4fNzGpH0Rf""]",,,,,,,,,,,,,,,,,,,,,
recCGHfmjgSEuux59,2984,recCGHfmjgSEuux59,2026-06-09T23:09:50.000Z,Vdl Escape Z,Savannah Groselle,[null],"[""recpYT7ZhP7sVY8yE""]",class_oog.php,Savannah Groselle,"[""recTbPPrT5MS4uV32""]","[""Savannah""]","[""recGAk78qKHuklkI5""]",,,,,,,,,,,,,,,,,,,,,
recCGWE1dhsYE4exQ,3103,recCGWE1dhsYE4exQ,2026-06-18T15:18:57.000Z,Jack Daniels,,[null],"[""recLPcWgVhdMFuv7b""]",get_rings.php,,,,,,,,,,,,,,,,,,,,,,,,,
recCHDzOJSCmcfF8D,1047,recCHDzOJSCmcfF8D,2026-06-09T23:09:50.000Z,Sandenal,Alan Korotkin,"[""Snoop""]","[""rec3MWCiCIZo2sLcW""]",class_oog,Tanner Korotkin,"[""rececJFgkUViuuW0F""]","[""Tanner""]","[""recFIHTcArQhILyAc""]","[""CWF""]","[""Snoop""]",,,,,,,,,,,,,,,,,,,
recCK9Bbw2Ctvpst0,1347,recCK9Bbw2Ctvpst0,2026-06-09T23:09:50.000Z,Oscars Afterparty,Derek Reed,[null],"[""recjE2Ei5cPmJgQdl""]",class_oog,Cullen Drescher,"[""recN6EWy3cICz9L58""]","[""Cullen""]","[""recnRRpu2nz5AuBj6""]",,,,,,,,,,,,,,,,,,,,,
recCKsDYIvnhxHHYi,114,recCKsDYIvnhxHHYi,2026-06-09T23:09:50.000Z,Mestizo Ls,Lukene Arenas,[null],"[""recJHkuPSZoICp8ZB""]",class_oog.php,Lukene Arenas,"[""recroSHpES6tulq9z""]","[""Lukene""]","[""recIkAyumy88qaBpt""]",,,,,,,,,,,,,,,,,,,,,
recCPYDQqze5U10UO,1456,recCPYDQqze5U10UO,2026-06-11T11:39:23.000Z,Best Kept Secret,Wendy J. Hechler,[null],"[""recxYp7jpolOw17jw""]",class_oog,Audrey Price,"[""recILyVkpLmgOfH9F""]","[""Audrey""]","[""rec1I0IvFKaYQa6K4""]",,,,,,,,,,,,,,,,,,,,,
recCWibIx9ZSSHJwS,1555,recCWibIx9ZSSHJwS,2026-06-09T23:09:50.000Z,Katch Can-Do,Jenny Miller,[null],"[""recX5rhtmoEUmqPfB""]",class_oog.php,Olivia Israel,"[""recjVUwSgfYOO7TXn""]","[""Olivia""]","[""recUyPOPB2XxAGJpk""]",,,,,,,,,,,,,,,,,,,,,
recCWzEeFLRL2YGDr,1563,recCWzEeFLRL2YGDr,2026-06-09T23:09:50.000Z,Herlich,Stephen Dicarlo,[null],"[""recZqQU2PI0V6OJrt""]",class_oog,Kennedy Callis,"[""recygw9bvT3ZSiJEC""]","[""Kennedy""]","[""recupQMhsCpx3otEi""]",,,,,,,,,,,,,,,,,,,,,
recCXnGJSdTBJQL6t,1300,recCXnGJSdTBJQL6t,2026-06-11T11:39:23.000Z,Helium De La Virée Au Vent,Daniela Roy,[null],"[""recZZyDOGkQT1QsV8""]",class_oog,Emma J Lopez,"[""recI0ALQRlCHCd046""]","[""Emma""]","[""rec2F4zRJZGDzG0M2""]",,,,,,,,,,,,,,,,,,,,,
recCY7zbeSXS3tfDd,1472,recCY7zbeSXS3tfDd,2026-06-15T13:18:54.000Z,Nova Rain,Rileigh Amorginos,[null],"[""recqc6bgOPMKQ7Oub""]",class_oog,Lilly Bradish,"[""recme1lRJQRYS9wIB""]","[""Lilly""]","[""recsPLowZbvHYk4Z9""]",,,,,,,,,,,,,,,,,,,,,
recCZIv5H1vyEdNse,3433,recCZIv5H1vyEdNse,2026-06-18T20:49:14.000Z,Cortero,,[null],"[""recdrySd4hl8S5F9J""]",get_rings.php,,,,,,,,,,,,,,,,,,,,,,,,,
recCcWOumf0LuMidU,2882,recCcWOumf0LuMidU,2026-06-09T23:09:50.000Z,Crush,Scott Diffey,[null],"[""recghA3yX8fyJbiX3""]",class_oog.php,Scott Diffey,"[""reczNEv98kgm9cPGM""]","[""Scott""]","[""recNr3QsitBPL9Xil""]",,,,,,,,,,,,,,,,,,,,,
recCdbr6CdaNbQ4Ix,3379,recCdbr6CdaNbQ4Ix,2026-06-21T12:06:48.000Z,All In Horses Hulysse Des Joncs,,[null],"[""recAoeqceabSKE4tt""]",get_rings.php,,,,,,,,,,,,,,,,,,,,,,,,,
recCddon4ktvbpZLz,1889,recCddon4ktvbpZLz,2026-07-01T13:21:33.000Z,Postin Ls La Silla,,,,get_rings.php,,,,,,,,,,,,,,,,,,,,,,,,,
recCke5DtPAUI7Pty,1708,recCke5DtPAUI7Pty,2026-06-11T11:39:24.000Z,Glamour Van De Kakebeek,Anne L. Bingler,[null],"[""recg2Sv2ezJQLIeI7""]",class_oog,Annalise Kapsokavathis,"[""recyGVYLmZDyh1vIT""]","[""Annalise""]","[""rec3S9KikkQrKgX8L""]",,,,,,,,,,,,,,,,,,,,,
recCmdRjYGpsudvSd,3383,recCmdRjYGpsudvSd,2026-06-18T19:18:33.000Z,Afterglow,,[null],"[""receSar0OaAUlbtOW""]",get_rings.php,,,,,,,,,,,,,,,,,,,,,,,,,
recCn1vBgRO4HmWDo,182,recCn1vBgRO4HmWDo,2026-06-15T13:18:53.000Z,Sanella 6,Sydney Rowland,[null],"[""reclysmJt9Jf6DU7r""]",class_oog,Mary Frances Looke,"[""recwapWJfltFf6kxX""]","[""Mary""]","[""recFsMRQIqS8lWRWR""]",,,,,,,,,,,,,,,,,,,,,
recCnnePf7K82RFVC,2974,recCnnePf7K82RFVC,2026-06-09T23:09:50.000Z,St. Nick,Bobby Boulger,[null],"[""rec6X8TFkV3MzY8Lj""]",class_oog.php,Kalli Core,"[""rec9bvr48FkMESsHg""]","[""Kalli""]","[""recWQdJafSZQqtOiB""]",,,,,,,,,,,,,,,,,,,,,
recCq52WuubpC3gZ0,2802,recCq52WuubpC3gZ0,2026-06-11T11:39:24.000Z,Conchita Blue Ps,Jasmine Walsh,[null],"[""recE2bq8oN5PjNRxW""]",class_oog,Julianne Lurie,"[""recBNoi4NI4sHMozS""]","[""Julianne""]","[""recI1AZhpQDfY3cRY""]",,,,,,,,,,,,,,,,,,,,,
recCsSwjsbcad6kVC,2120,recCsSwjsbcad6kVC,2026-06-09T23:09:50.000Z,Freeman,Caroline Willard Briles,[null],"[""recMIT3uYfio9vRzJ""]",class_oog.php,Caroline Willard Briles,"[""recC3p9Pnylt1n6Wr""]","[""Caroline""]","[""recgDRmlgICPwHaba""]",,,,,,,,,,,,,,,,,,,,,
recCujvGOmv06gqb6,175,recCujvGOmv06gqb6,2026-06-15T13:18:53.000Z,Castlefield Dream,Captain Brian Cournane,[null],"[""recsKkiNg0lfLi4MY""]",class_oog,Captain Brian Cournane,"[""rec9bdGQgGu9zWiEQ""]","[""Captain""]","[""recclCEkrFrjDDv36""]",,,,,,,,,,,,,,,,,,,,,
recCvPdmSpujeWcbR,3415,recCvPdmSpujeWcbR,2026-06-18T19:48:51.000Z,Macabu,,[null],"[""rec0GZwdLPZlMwLpY""]",get_rings.php,,,,,,,,,,,,,,,,,,,,,,,,,
recCwmz5hAOJ9DEol,1758,recCwmz5hAOJ9DEol,2026-06-12T16:18:24.000Z,Gof Perle D'amour,Megan Wexler,[null],"[""recVPnWO7QarhJfpu""]",class_oog,Allison Donahue,"[""reczfPsdP8FSWYkKZ""]","[""Allison""]","[""recbDjphoL8qMtSeW""]",,,,,,,,,,,,,,,,,,,,,
recD8QLvOlOYU5hLo,1470,recD8QLvOlOYU5hLo,2026-06-18T17:34:15.000Z,Sashay Sls,,[null],"[""recZtCcvjbkGRecx1""]",get_rings.php,,,,,,,,,,,,,,,,,,,,,,,,,
recDcvuGk0pbvPwVV,1802,recDcvuGk0pbvPwVV,2026-06-21T14:36:51.000Z,Toronto's Bay Watch,,[null],"[""rec5tvW0ZtgdlNaX7""]",get_rings.php,,,,,,,,,,,,,,,,,,,,,,,,,
recDe1y6uIdQHGe9n,3327,recDe1y6uIdQHGe9n,2026-06-21T13:36:51.000Z,Sunday Best,,[null],"[""recNmhfV6IbvgeUn8""]",get_rings.php,,,,,,,,,,,"[""recJPNG9vdlFeg2Fc""]","[""rect3W3QvJK8meOTM""]",,,,,,,,,,,,,
recDeEoTJnJUvD3nI,1200,recDeEoTJnJUvD3nI,2026-06-12T17:24:28.000Z,Cinderella's Boyfriend,Kacey Conway,[null],"[""recjykw949MhxYIBp""]",class_oog,Lindsay Woinarowicz,"[""recjcj45sBhpQrs0F""]","[""Lindsay""]","[""recYF9eSOEpYZn4Ko""]",,,,,,,,,,,,,,,,,,,,,
recDg97u6E8ueRkPR,1508,recDg97u6E8ueRkPR,2026-06-09T23:09:50.000Z,Guerrera,Mario Garcia,[null],"[""recfj715eByJAtDSL""]",class_oog.php,Dakota Sheikh,"[""recQ8qRBqfZBiXcsy""]","[""Dakota""]","[""recgLDs1PX5pujyno""]",,,,,,,,,,,,,,,,,,,,,
recDrDugMSrjj5r70,1644,recDrDugMSrjj5r70,2026-06-13T01:35:34.000Z,Business Concept Z,Juan A. Rodriguez Silva,[null],"[""reco6BRjrhRfYu7XT""]",class_oog,Catalina Arzu,"[""recvwXGNJIXVgfeMV""]","[""Catalina""]","[""reclu4ZfxeCUoDgLA""]",,,,,,,,,,,,,,,,,,,,,
recDwDMZvyoaSoh3B,1278,recDwDMZvyoaSoh3B,2026-06-09T23:09:50.000Z,Remus Van't Merelsnest,Ben Taylor,[null],"[""recFDWbTiblt4mAKN""]",class_oog.php,Sophia Ayers,"[""recR15trSJEmLl1BW""]","[""Sophia""]","[""recmTGLWfZLnyH6TK""]",,,,,,,,,,,,,,,,,,,,,
recDwpje2NX8oFmje,1448,recDwpje2NX8oFmje,2026-06-11T11:39:21.000Z,Cattrepel,Taylor St Jacques,[null],"[""recBSllePMOSowevO""]",class_oog.php,Elle Bassion,"[""recljNPWmSNvK6A9m""]","[""Elle""]","[""rec7yDpRrnFHdpEyR""]",,,,,,,,,,,,,,,,,,,,,
recDzMHWC9M9N2YQB,2631,recDzMHWC9M9N2YQB,2026-06-09T23:09:50.000Z,Zhardas Kil,Ashlynn Meuchel,[null],"[""recWoOXah38HJ4RR0""]",class_oog.php,Ashlynn Meuchel,"[""recCnv14vIoaimxWs""]","[""Ashlynn""]","[""rechMdfBTsAkaoR7P""]",,,,,,,,,,,,,,,,,,,,,
recE0VaX8Y1xYPUCM,1057,recE0VaX8Y1xYPUCM,2026-06-12T17:24:27.000Z,Epik,Daniela Roy,[null],"[""recz8ZZNm1odTS2R2""]",class_oog,Côme Bettant,"[""recONcc9Y1eFbsIqb""]","[""Côme""]","[""rec2F4zRJZGDzG0M2""]",,,,,,,,,,,,,,,,,,,,,
recE1MaNADKY9B2V1,131,recE1MaNADKY9B2V1,2026-06-09T23:09:50.000Z,Mtm Pablo,Michael J. Mccormick,[null],"[""recb0ilVV63XwPyRa""]",class_oog.php,Tracy Fenney,"[""recLyTrE6tVxN0uIu""]","[""Tracy""]","[""recNsOB5RbtRbnQ37""]",,,,,,,,,,,,,,,,,,,,,
recE2BhgAO7GfSHM0,3297,recE2BhgAO7GfSHM0,2026-06-20T12:54:42.000Z,Material Girl,,[null],"[""recTBJScKjIVMQE23""]",get_rings.php,,,,,,,,,,,"[""recDUs7R4eehiRRi7""]",,,,,,,,,,,,,,
recE3kUkNcZeNsPCh,2089,recE3kUkNcZeNsPCh,2026-06-11T11:39:23.000Z,Under The Sea,Madison Daughdrill,[null],"[""recznac4jn7lvQvlR""]",class_oog,Kennedy Miller,"[""recuwXlsiu8fGpzYP""]","[""Kennedy""]","[""recQXTpW29gQ8CQhu""]",,,,,,,,,,,,,,,,,,,,,
recE62RogZyu0j9w7,1582,recE62RogZyu0j9w7,2026-06-09T23:09:50.000Z,Harmony De Muze,Jake Evans,[null],"[""recizkDiAx9XHbQsW""]",class_oog.php,Jake Evans,"[""recKyS0g5eEgkhboQ""]","[""Jake""]","[""recSXiCPwDmQ76cuQ""]",,,,,,,,,,,,,,,,,,,,,
recE6rTI9nxl3ddcz,1285,recE6rTI9nxl3ddcz,2026-06-11T11:39:23.000Z,Rock Bottom,Katie Moniz Floyd,[null],"[""recfnnkoAHLbVUDlc""]",class_oog,Farrah Whiddon,"[""rec292OiOlkSoYFMx""]","[""Farrah""]","[""recPMskDVL2pcUFPb""]",,,,,,,,,,,,,,,,,,,,,
recEBnEGKib6TlHbN,2287,recEBnEGKib6TlHbN,2026-06-20T16:12:34.000Z,Dayton 30,,[null],"[""recyxO0EuBFJGpUza""]",get_rings.php,,,,,,,,,,,,,,,,,,,,,,,,,
recEDxqpF2gZV7nU1,1323,recEDxqpF2gZV7nU1,2026-06-09T23:09:50.000Z,Uncle John's Band,Camille Maynard,[null],"[""reccxXRvlvcw4ztyx""]",class_oog,Camille Maynard,"[""recYuW2sDtfJ70Oph""]","[""Camille""]","[""receCZCsNdOQDE9z9""]",,,,,,,,,,,,,,,,,,,,,
recEGqQL7rG7xysMK,3167,recEGqQL7rG7xysMK,2026-06-12T17:24:28.000Z,Sunday Rose,Camille Maynard,[null],"[""recnwz2FRRohIztxK""]",class_oog,Shiloh Roseboom,"[""recPQsoqkap3XkAa0""]","[""Shiloh""]","[""receCZCsNdOQDE9z9""]",,,,,,,,,,,,,,,,,,,,,
recEI0YkmBLtGklD6,1848,recEI0YkmBLtGklD6,2026-06-09T23:09:50.000Z,Mystery Man,Heather Dayner,[null],"[""recfjvpOEk2sDZL0u""]",class_oog.php,Schuyler Dayner,"[""recv2Qp5YXU9QbViB""]","[""Schuyler""]","[""rectbL4oLPTwFxdNp""]",,,,,,,,,,,,,,,,,,,,,
recEPsQgrMuuOT3X4,180,recEPsQgrMuuOT3X4,2026-06-15T13:18:53.000Z,Ib Mercedes,Alan Korotkin,"[""Ben""]","[""recCHvAtwqC6cxM2n""]",class_oog,Tanner Korotkin,"[""rececJFgkUViuuW0F""]","[""Tanner""]","[""recFIHTcArQhILyAc""]","[""CWF""]","[""Ben""]",,,,,,,,,,,,,,,,,,,
recEQeYA6DQnvwbRg,3156,recEQeYA6DQnvwbRg,2026-06-12T17:24:27.000Z,Coupis,Tammy Blanchette,[null],"[""rec1pG6CeNFMn9AyW""]",class_oog.php,Robert Blanchette,"[""recPnQqnbJEkMT3dY""]","[""Robert""]","[""recDlEaFgkwZNWGL7""]",,,,,,,,,,,,,,,,,,,,,
recEYzAWJtKTMKxhT,1569,recEYzAWJtKTMKxhT,2026-06-09T23:09:50.000Z,Rondalla Ls,Antonio J. Martinez,[null],"[""recy8VGxB6nnff0YY""]",class_oog,Victoria Fazio,"[""recpd7J1VrCuAvmcO""]","[""Victoria""]","[""recoIakTck18pHikM""]",,,,,,,"[""recpuaJSRGfDQsSVX""]","[""recQ7hJX0moEd9hG1""]",,"[""recQ7hJX0moEd9hG1""]","[""recpuaJSRGfDQsSVX""]",,,,,,,,,,
recEZqAaLXIqWFEM1,1462,recEZqAaLXIqWFEM1,2026-06-09T23:09:50.000Z,Pavarotti Van De Schutskooi,Thea N. Stinnett,[null],"[""recsjrUyPEAthWrtc""]",class_oog.php,Cormac Hanley,"[""recYJZyUDcjmGTPUE""]","[""Cormac""]","[""recfWYHJT3O9VG1TG""]",,,,,,,,,,,,,,,,,,,,,
recEdw7ABaZUmblEB,3194,recEdw7ABaZUmblEB,2026-06-20T16:42:38.000Z,Castillo,,[null],"[""recqbY6QwwfYq2UJc""]",get_rings.php,,,,,,,,,,,,,,,,,,,,,,,,,
recEffmo1q5bLQKId,2131,recEffmo1q5bLQKId,2026-06-11T11:39:23.000Z,Unbridled Bond,Maisie Wagner,[null],"[""recJ4kIXPcFhtNdIq""]",class_oog.php,Ainsley Colvin,"[""recyCRNKIwxuHWSZm""]","[""Ainsley""]","[""recWddmd29X3mTMwN""]",,,,,,,,,,,,,,,,,,,,,
recEiVFckiGl6vosq,2114,recEiVFckiGl6vosq,2026-06-12T03:10:20.000Z,Picture Me,Katie Rudnick,[null],"[""recQhCOFvwzFZ0ish""]",class_oog.php,Marli Scott,"[""rec1rRr9PfJ44u4mU""]","[""Marli""]","[""rec6npIsj2ldcOqWZ""]",,,,,,,,,,,,,,,,,,,,,
recEkFqamrTfpSxMi,1744,recEkFqamrTfpSxMi,2026-06-09T23:09:50.000Z,Diatoon Blue Ps,Madison Rose,[null],"[""reckjQTTuinVgI02H""]",class_oog.php,Madison Rose,"[""rec2JzAL6u5FpzJlI""]","[""Madison""]","[""recTFNzdSZ2WKI4Fx""]",,,,,,,,,,,,,,,,,,,,,
recEmCbMAWDw9uh5N,1905,recEmCbMAWDw9uh5N,2026-06-19T14:04:13.000Z,Havane De Cuvry,,[null],"[""rec9c4UVSiA27LFq2""]",get_rings.php,,,,,,,,,,,,,,,,,,,,,,,,,
recEmcKd7RW2NEeOK,2726,recEmcKd7RW2NEeOK,2026-06-12T03:10:20.000Z,Lightning Pj,Chloe Mouton,[null],"[""recK7HuwvnCExHclP""]",class_oog.php,Chloe Mouton,"[""recBjI827CmqKZ34c""]","[""Chloe""]","[""recT8YlCbrNCIUBkI""]",,,,,,,,,,,,,,,,,,,,,
recEoFwhtXkzQI3E6,1082,recEoFwhtXkzQI3E6,2026-06-09T23:09:50.000Z,Skat 15,Troy Linback,[null],"[""rechtnG0yLtLq7VwU""]",class_oog.php,Laura Linback,"[""recrnFLPKd1yT29th""]","[""Laura""]","[""recuRmh8EsUEag8cU""]",,,,,,,,,,,,,,,,,,,,,
recEowePriWsC8ik3,1778,recEowePriWsC8ik3,2026-06-09T23:09:50.000Z,Lisdeen Lady Kvj,Antonio J. Martinez,[null],"[""recCO6qdAsYAySo1B""]",class_oog,Ellie Zimmerman,"[""rec8CvnauqvLMVUf0""]","[""Ellie""]","[""recoIakTck18pHikM""]",,,,,,,,,,,,,,,,,,,,,
recEpCRCSMnhy0lOk,3828,recEpCRCSMnhy0lOk,2026-07-01T18:54:37.000Z,Corletta Z,,,,get_rings.php,,,,,,,,,,,"[""recrYxt16a0yV1jS7""]","[""recg71caa5rYJqz9K""]",,"[""recg71caa5rYJqz9K""]","[""recrYxt16a0yV1jS7""]",,,,,,,,,,
recEqZqbeLMd1XiVB,126,recEqZqbeLMd1XiVB,2026-06-09T23:09:50.000Z,Hendrick Des Forets,Megan Wexler,[null],"[""rec0ITU8wH9wPEfS6""]",class_oog,Jodie Camberg,"[""rec2gmXjnMZbtz4xW""]","[""Jodie""]","[""recbDjphoL8qMtSeW""]",,,,,,,,,,,,,,,,,,,,,
recErvqm79bH2fW1B,3029,recErvqm79bH2fW1B,2026-06-20T16:12:34.000Z,Cak-Mak,,[null],"[""recbkbWlRnCoRqJpN""]",get_rings.php,,,,,,,,,,,,,,,,,,,,,,,,,
recEsISb8mgl1Uk4v,3362,recEsISb8mgl1Uk4v,2026-07-01T14:15:36.000Z,Sweet Magnolia,,,,get_rings.php,,,,,,,,,,,,,,,,,,,,,,,,,
recEtrgSLDlku4M8H,1418,recEtrgSLDlku4M8H,2026-06-13T00:10:27.000Z,Vdl Friedakilly R Z,Juan A. Rodriguez Silva,[null],"[""recBOgKghLw1CwsWm""]",class_oog,Ana Sofia Rodriguez,"[""recrVgVphGg6JJy1k""]","[""Ana""]","[""reclu4ZfxeCUoDgLA""]",,,,,,,,,,,,,,,,,,,,,
recEwOsVOO6ZyT8A3,1852,recEwOsVOO6ZyT8A3,2026-06-12T17:24:28.000Z,Top New Tina,Alexa Marino Bacardi,[null],"[""recUPzuPwcRwcXprF""]",class_oog.php,Lola Bacardi,"[""recAAhXIBGzsVMAOV""]","[""Lola""]","[""recQS2r3hlg93GR1c""]",,,,,,,,,,,,,,,,,,,,,
recEzPgkWwYBSTMGr,1121,recEzPgkWwYBSTMGr,2026-06-19T11:39:33.000Z,Cardinal,,[null],"[""recm2mFobZqS4ltio""]",get_rings.php,,,,,,,,,,,"[""rectOufWcdFK0jUx9""]",,,,,,,,,,,,,,
recF0W8eoTTbrb02f,1181,recF0W8eoTTbrb02f,2026-06-09T23:09:50.000Z,Kentucky N,Wilton J. Porter,[null],"[""recfu3Yfd9weAfidM""]",class_oog,Wilton J. Porter,"[""rec0lXJIFvHi7Oj5p""]","[""Wilton""]","[""recBIuBmnjIBnlRT9""]",,,,,,,,,,,,,,,,,,,,,
recF1KOSrxolwmkkL,3237,recF1KOSrxolwmkkL,2026-06-18T16:48:35.000Z,Balou For Pleasure,,[null],"[""reckUVAMCNtPgYrEu""]",get_rings.php,,,,,,,,,,,"[""rec4vTDeJXlwnPGBF""]","[""recEvqKxK6MOUtUZb""]",,,,,,,,,,,,,
recF2g68sPDG6VP8g,2074,recF2g68sPDG6VP8g,2026-06-11T14:00:25.000Z,Carlina,Darragh Kerins,[null],"[""rec9hBrpaI6DR0pVH""]",class_oog,Nadine Beck,"[""recvrmp3sgOmigpg4""]","[""Nadine""]","[""recOdyCszUe4VTxPo""]",,,,,,,,,,,,,,,,,,,,,
recF4cj2RXKDMSliP,2998,recF4cj2RXKDMSliP,2026-06-09T23:09:50.000Z,Granslam De Lezellec,Dennis Mitchell,[null],"[""rec4VDspCpJERBJl8""]",class_oog.php,Lilly Mack,"[""rec9wGvChkIEYr9ra""]","[""Lilly""]","[""recoecRalvylo1ERb""]",,,,,,,,,,,,,,,,,,,,,
recF8OUcyPZuRkfxm,1440,recF8OUcyPZuRkfxm,2026-06-09T23:09:50.000Z,Maeberry,Matthew Le Master,[null],"[""recApU9lrIEBS8F9M""]",class_oog,Ryan Haselden,"[""reclIcIUWajd0pWG3""]","[""Ryan""]","[""recN9E8BVaEfvKU1x""]",,,,,,,,,,,,,,,,,,,,,
recFB0TgRNnTOkKPZ,2050,recFB0TgRNnTOkKPZ,2026-06-20T18:30:33.000Z,Ehayla,,[null],"[""rec1OvkKdOQCxfkHj""]",get_rings.php,,,,,,,,,,,,,,,,,,,,,,,,,
recFC4S68ul0cqpsl,2641,recFC4S68ul0cqpsl,2026-06-19T14:39:36.000Z,Gk Charmeur,,[null],"[""recQyrg5JdgHePOl7""]",get_rings.php,,,,,,,,,,,,,,,,,,,,,,,,,
recFErNmkCCvUfXDw,1719,recFErNmkCCvUfXDw,2026-06-11T11:39:22.000Z,Harthill Magician,Justine L. Dutton Barnard,[null],"[""recnOAwFVoDeQUamZ""]",class_oog.php,Justine L. Dutton Barnard,"[""recvD6KL2dqqPvN0v""]","[""Justine""]","[""recU7zogAuLVNKIfQ""]",,,,,,,,,,,,,,,,,,,,,
recFHYHmKsAqbUX2M,2226,recFHYHmKsAqbUX2M,2026-06-21T15:18:56.000Z,Dress Blue,,[null],"[""rec3GQ27nkwmau7mm""]",get_rings.php,,,,,,,,,,,"[""rec9BDTdArYKhXKt1""]","[""recHste9Uo0rJT6S4""]",,,,,,,,,,,,,
recFHbfpKiKSr9rgq,1779,recFHbfpKiKSr9rgq,2026-06-11T11:39:24.000Z,Lowie Van De Opstal,Antonio J. Martinez,[null],"[""rec7j8GzTIZj2s6FW""]",class_oog,Zeynep Mira Ozyurt,"[""recLPd8U60MI5DjCy""]","[""Zeynep""]","[""recoIakTck18pHikM""]",,,,,,,,,,,,,,,,,,,,,
recFIql8NQczd9Ery,1426,recFIql8NQczd9Ery,2026-06-11T11:39:22.000Z,Orchidee Vd Bisschop,Stefano Baruzzo,[null],"[""reclcCXIKxjqvHhQG""]",class_oog,Devin A. Seek,"[""recTf0sGZjMph4C5x""]","[""Devin""]","[""recqebjIKM3r0tkep""]",,,,,,,,,,,,,,,,,,,,,
recFIucAwqNnrCEri,1743,recFIucAwqNnrCEri,2026-06-09T23:09:50.000Z,Tillman,Candice King,[null],"[""recLAN1YCprctnFUq""]",class_oog.php,Aidan Murphy,"[""recKcvl4bqHepAxuo""]","[""Aidan""]","[""rec1sLb3hI5Aty4bi""]",,,,,,,,,,,,,,,,,,,,,
recFPompwNuUcxVJg,1576,recFPompwNuUcxVJg,2026-06-09T23:09:50.000Z,Cadenza,Kelsey Duffy,[null],"[""recYAM5kcV0CsvYQm""]",class_oog,Amelia Ruth,"[""recVYmCyz3WQKbmGi""]","[""Amelia""]","[""recJe0LFDSWmZkYs4""]",,,,,,,"[""recF8YpfikJ2E9qlh""]","[""recpXsYMmz50AQdsr""]",,"[""recpXsYMmz50AQdsr""]","[""recF8YpfikJ2E9qlh""]",,,,,,,,,,
recFTySYGOjzn9lnR,185,recFTySYGOjzn9lnR,2026-06-15T13:18:53.000Z,Crossover 4,Chloe D. Reid,[null],"[""recBqHQ7LvA6qZXba""]",class_oog,Chloe D. Reid,"[""recjYzZcxgGjI5pgc""]","[""Chloe""]","[""recuU297BOg1dPG6Q""]",,,,,,,,,,,,,,,,,,,,,
recFWVWeiAyXXNZ1q,1753,recFWVWeiAyXXNZ1q,2026-06-12T03:10:20.000Z,Cecilija,Terry Gonzalez,[null],"[""recDd5py01cZ4e59W""]",class_oog.php,Tyra Cleary,"[""recpjb54dkhaQrJ0b""]","[""Tyra""]","[""reci3OiwSw0ssqcKI""]",,,,,,,,,,,,,,,,,,,,,
recFZqfjjBg2iwfJO,2725,recFZqfjjBg2iwfJO,2026-06-09T23:09:50.000Z,Coeur D'honneur,Jennifer Phethean,[null],"[""rechjHHcAV6E5Zvsx""]",class_oog.php,Jennifer Phethean,"[""rec8eowQRZXV3oVxo""]","[""Jennifer""]","[""rec2XNYc72zstptO7""]",,,,,,,,,,,,,,,,,,,,,
recFa588ULfAZelY7,1742,recFa588ULfAZelY7,2026-06-09T23:09:50.000Z,Mason,Candice King,[null],"[""recQIpMbWzNoucRll""]",class_oog.php,Aidan Murphy,"[""recKcvl4bqHepAxuo""]","[""Aidan""]","[""rec1sLb3hI5Aty4bi""]",,,,,,,,,,,,,,,,,,,,,
recFb6XxY2PYTnFAi,2879,recFb6XxY2PYTnFAi,2026-06-09T23:09:50.000Z,Mick Jagger,Sharn L. Wordley,[null],"[""recenYAJ2LG7KglKz""]",class_oog,Sharn L. Wordley,"[""recipdUIV44DeFGfq""]","[""Sharn""]","[""recqmThVFmsIM6E8t""]",,,,,,,,,,,,,,,,,,,,,
recFcXwbSB8UkRe9N,3115,recFcXwbSB8UkRe9N,2026-07-01T14:45:36.000Z,Greg,,,,get_rings.php,,,,,,,,,,,,,,,,,,,,,,,,,
recFfJUbnQtbefgoX,1509,recFfJUbnQtbefgoX,2026-06-09T23:09:50.000Z,Amuze Bouche,Wendy J. Hechler,[null],"[""reca7kq3xJU6MLy9R""]",class_oog,Annastasia Valentine,"[""recF9YT0HjPEeG1TA""]","[""Annastasia""]","[""rec1I0IvFKaYQa6K4""]",,,,,,,,,,,,,,,,,,,,,
recFilGQOdQJWtF4n,1698,recFilGQOdQJWtF4n,2026-06-09T23:09:50.000Z,Orchard Hills Best Dressed,Lindsay Haselden,[null],"[""reclItPl83WpTBG0B""]",class_oog.php,Ryan Haselden,"[""reclIcIUWajd0pWG3""]","[""Ryan""]","[""rec6D1SUrQr1IYJyM""]",,,,,,,,,,,,,,,,,,,,,
recFjNjYx9SKPOSZJ,174,recFjNjYx9SKPOSZJ,2026-06-15T13:18:54.000Z,Gallaxia De Ferval Z,Luis Sabino Goncalves,[null],"[""recbbAtpQTgBh68BZ""]",class_oog,Luis Sabino Goncalves,"[""recK2pLt58HPpPYET""]","[""Luis""]","[""recq1xhVivniA66Lf""]",,,,,,,,,,,,,,,,,,,,,
recFn1mUqnRymx1oy,1908,recFn1mUqnRymx1oy,2026-06-11T11:39:25.000Z,Gosset Rose,Heather Dayner,[null],"[""recbGbnNN0aVytpdY""]",class_oog.php,Evana Somareddy,"[""recuyfo3nv68HVefs""]","[""Evana""]","[""rectbL4oLPTwFxdNp""]",,,,,,,,,,,,,,,,,,,,,
recFtnmzhTDGlhFbC,1008,recFtnmzhTDGlhFbC,2026-06-13T01:35:34.000Z,Lost Boy,Kimberly S. Maloomian,[null],"[""recw3ZOiSLcHgxMgs""]",class_oog,Kimberly S. Maloomian,"[""rec9fIR10f73qL1si""]","[""Kimberly""]","[""recqHUJJahci2rF3E""]",,,,,,,"[""rec97dqHqbuteSUsb""]",,,,,,,,,,,,,,
recFxzhgo0ZEMIv7s,2432,recFxzhgo0ZEMIv7s,2026-07-01T05:25:59.000Z,,,,,,,,,,,,"[""rec4zVR0Dj563Savi"",""rec0cuVajPDQ8FXxo"",""recpySw0S30ZsSIy6""]","[""recTeqRS6Bib3sW5s"",""recM5E4Jy5ow074g5"",""recdXyy9QLXuId9AA"",""recR2pQ9yBAPGXRMS""]","[""rec5gpU9xi1d3M44K"",""recYbtVgNNjBeT0ft"",""rec5UkekAG15mNrRw"",""rec7YdmSwN9GSq5Yh"",""rec9LrcqTlbvqVmPH""]","[""reczHc2ZjXFmD9aar"",""recriw5Jt9fDsyk7J"",""recamBTUnFDjlgCaQ""]",,,,,,,,,,,,,,,
recFzIC5Oh1NMZMvH,3754,recFzIC5Oh1NMZMvH,2026-07-01T15:42:34.000Z,Fernhill Mariposa,,,,get_rings.php,,,,,,,,,,,,,,,,,,,,,,,,,
recFzbEYjB12MMvM3,2580,recFzbEYjB12MMvM3,2026-07-01T13:21:33.000Z,Incognito,,,,get_rings.php,,,,,,,,,,,,"[""recuJcxnbzmw5XwEy""]",,"[""recuJcxnbzmw5XwEy""]",,,,,,,,,,,
recG0ObOIx4SWYBfZ,3040,recG0ObOIx4SWYBfZ,2026-06-09T23:09:50.000Z,Olivia Ve,Anthony Sauriol,[null],"[""rech5yTeSsVS1KTIB""]",class_oog.php,Anthony Sauriol,"[""recUwNcxdLMqUK3KT""]","[""Anthony""]","[""recIKamH37qEBTrF7""]",,,,,,,,,,,,,,,,,,,,,
recG2OVyitHn9s0Ns,1595,recG2OVyitHn9s0Ns,2026-06-09T23:09:50.000Z,Levano,Ben Taylor,[null],"[""recKSwzb931OSIE2J""]",class_oog,Sarah E. Turner,"[""rec5PSI4vDRdbgcGL""]","[""Sarah""]","[""recmTGLWfZLnyH6TK""]",,,,,,,,,,,,,,,,,,,,,
recG4NPYs6LUAyjtd,1458,recG4NPYs6LUAyjtd,2026-06-09T23:09:50.000Z,Sweeter Than Fiction,Wendy J. Hechler,[null],"[""recZN8KskZlEeRp96""]",class_oog.php,Addy Dewalt,"[""recvzY7VV91XCa5aH""]","[""Addy""]","[""rec1I0IvFKaYQa6K4""]",,,,,,,,,,,,,,,,,,,,,
recG6gde4nzJTUk19,3351,recG6gde4nzJTUk19,2026-06-18T16:33:47.000Z,Orphus Dv,,[null],"[""rec4T5v5FIg1q0pJn""]",get_rings.php,,,,,,,,,,,,,,,,,,,,,,,,,
recG7ZESHapLjzCLG,2398,recG7ZESHapLjzCLG,2026-06-12T03:10:20.000Z,Zenith Casall You Got,David Cameron,[null],"[""recUMsicKyzbPX0gM""]",class_oog,Molly Adams,"[""recg59HBxOm9PG0aB""]","[""Molly""]","[""recV9UeEpcw6UDEM9""]",,,,,,,,,,,,,,,,,,,,,
recGFiJ6cMzhPin8q,1003,recGFiJ6cMzhPin8q,2026-06-09T23:09:50.000Z,Daizi De Beaufour,Juan Benítez,[null],"[""recqd51to40fpLity""]",class_oog.php,Rita de Goes,"[""reck7CWVqseCHyMVg""]","[""Rita""]","[""reccVab1jS62QQ5la""]",,,,,,,,,,,,,,,,,,,,,
recGFkkceS45C6uQC,1151,recGFkkceS45C6uQC,2026-06-15T13:18:54.000Z,Mr. Magoo,Javier Camargo,[null],"[""recYKiWeTl63OBops""]",class_oog,Finley Hilson,"[""recjLOY1OsaNDXlCt""]","[""Finley""]","[""recrxvCY429zqmage""]",,,,,,,,,,,,,,,,,,,,,
recGKqV4V8wQLmIO4,2011,recGKqV4V8wQLmIO4,2026-06-11T11:39:26.000Z,Fpf First Edition,Jenny Miller,[null],"[""rec71PSXk9xhzorfN""]",class_oog.php,Jenny Miller,"[""recuCjfT3Zi0PZ7TV""]","[""Jenny""]","[""recUyPOPB2XxAGJpk""]",,,,,,,,,,,,,,,,,,,,,
recGNgC61nUbQ8dS7,2186,recGNgC61nUbQ8dS7,2026-06-12T17:24:28.000Z,Vintage,Caroline Willard Briles,[null],"[""recuCPJ2Zgcp5QVZK""]",class_oog.php,Linda E. Vellman,"[""recS6NEHW8df5rwkS""]","[""Linda""]","[""recgDRmlgICPwHaba""]",,,,,,,,"[""recer9oASefx9DOJi""]",,"[""recer9oASefx9DOJi""]",,,,,,,,,,,
recGRczw4eXlBMkK6,2846,recGRczw4eXlBMkK6,2026-06-09T23:09:50.000Z,KS Barbie,Maleah Lang Mcmahon,[null],"[""recVdhUWpKl6PKIOk""]",class_oog.php,Maleah Lang Mcmahon,"[""rec6wPiU3mn7pKqtV""]","[""Maleah""]","[""recScvZPMMmuVjpAg""]",,,,,,,,,,,,,,,,,,,,,
recGS7VKuqwRHs47B,2164,recGS7VKuqwRHs47B,2026-06-12T03:10:20.000Z,Bellagio,Jenelle Branom,[null],"[""recRtnQE55TEl4dH6""]",class_oog,Jennifer Moclair,"[""recZKx0rOpn5ThLPf""]","[""Jennifer""]","[""recmuuXibSUSiIg5P""]",,,,,,,,,,,,,,,,,,,,,
recGSVJUYKGSVySVM,1849,recGSVJUYKGSVySVM,2026-06-18T15:33:38.000Z,Caymus Calling,,[null],"[""recLsYvZuLwmzIdWU""]",get_rings.php,,,,,,,,,,,,,,,,,,,,,,,,,
recGUgEWq3kKZIevT,2939,recGUgEWq3kKZIevT,2026-06-12T03:10:20.000Z,Luke Skywalker,Marissa Creviston,[null],"[""rec00Fj6xlDAaiNAv""]",class_oog,Ariane Harris,"[""recoNjZbKwEyCsnDR""]","[""Ariane""]","[""recUr6Fi772oNLJ5v""]",,,,,,,,,,,,,,,,,,,,,
recGVvNJkGdpHOcrN,3059,recGVvNJkGdpHOcrN,2026-06-18T14:31:23.000Z,Cassandro,,[null],"[""recWtoWdpI6Ap9sIC""]",get_rings.php,,,,,,,,,,,,,,,,,,,,,,,,,
recGdLYbzVtS8Q2ji,1649,recGdLYbzVtS8Q2ji,2026-06-09T23:09:50.000Z,Chacoons Gisa Blue Z,Kyle Dewar,[null],"[""recRTaTNSsdMYwqIV""]",class_oog.php,Kyle Dewar,"[""recfmpHccsWBBEZ8A""]","[""Kyle""]","[""recVsz59iVCmUI0Nu""]",,,,,,,,,,,,,,,,,,,,,
recGkzsNmGx79SXhQ,1350,recGkzsNmGx79SXhQ,2026-06-18T18:34:11.000Z,Jaspe Villers,,[null],"[""recLN1ugv5y5FlbbU""]",get_rings.php,,,,,,,,,,,,,,,,,,,,,,,,,
recGqU1adYTxtWrLN,3266,recGqU1adYTxtWrLN,2026-06-19T15:15:33.000Z,Coneata Ps,,[null],"[""recxBSoGuWTJDmF41""]",get_rings.php,,,,,,,,,,,,,,,,,,,,,,,,,
recGshODz6BUHkuIt,2015,recGshODz6BUHkuIt,2026-06-20T12:01:15.000Z,Zeus,,[null],"[""recPlbUHIZQSA4miW""]",get_rings.php,,,,,,,,,,,,,,,,,,,,,,,,,
recGxwMQqAoMxxYAE,2322,recGxwMQqAoMxxYAE,2026-06-19T13:27:45.000Z,Mtm Louboutin,,[null],"[""rec4E0SwwCtVwgmrP""]",get_rings.php,,,,,,,,,,,,,,,,,,,,,,,,,
recH9GMKvul5k3Cq6,1304,recH9GMKvul5k3Cq6,2026-06-18T11:46:12.000Z,Iottie,,[null],"[""recY8zNHl8kjbSDuk""]",get_rings.php,,,,,,,,,,,,,,,,,,,,,,,,,
recHCgUvTLCR9Vd64,3142,recHCgUvTLCR9Vd64,2026-06-12T17:24:28.000Z,Cobalou 3,Juan Benítez,[null],"[""recAkwy9NCpBgDMK8""]",class_oog,Stephanie Ezzo,"[""rectP0g6k2KgWDlqi""]","[""Stephanie""]","[""reccVab1jS62QQ5la""]",,,,,,,,,,,,,,,,,,,,,
recHFLwyRYGy4cKNa,1763,recHFLwyRYGy4cKNa,2026-06-09T23:09:50.000Z,Dominic Toretto,Ashlee Bond,[null],"[""rec8tPpuefo69dXlO""]",class_oog.php,Ashlee Bond,"[""recW5RVnDW4GorcuS""]","[""Ashlee""]","[""recoD21rUN9Qq4pgV""]",,,,,,,,,,,,,,,,,,,,,
recHI4yrp2NFdPoy4,2982,recHI4yrp2NFdPoy4,2026-06-09T23:09:50.000Z,Cylano,Savannah Groselle,[null],"[""recCjY7URLFiJYB7z""]",class_oog.php,Savannah Groselle,"[""recTbPPrT5MS4uV32""]","[""Savannah""]","[""recGAk78qKHuklkI5""]",,,,,,,,,,,,,,,,,,,,,
recHJyd8el3CrUyWe,3812,recHJyd8el3CrUyWe,2026-07-01T14:45:36.000Z,Billy Java,,,,get_rings.php,,,,,,,,,,,"[""recl1bWgczkwrAYbL""]","[""recuEXlLQBdbmSQwW"",""recX92PwPilAWh5e3""]",,"[""recX92PwPilAWh5e3"",""recuEXlLQBdbmSQwW""]","[""recl1bWgczkwrAYbL""]",,,,,,,,,,
recHLGoRYIQhAP6dl,2409,recHLGoRYIQhAP6dl,2026-06-19T15:33:44.000Z,Diamond Rbc Z,,[null],"[""recb06EzEhRXoWKfE""]",get_rings.php,,,,,,,,,,,,,,,,,,,,,,,,,
recHRio76gkDwcBrS,1340,recHRio76gkDwcBrS,2026-06-09T23:09:50.000Z,Light Blue Mystic Rose,Juan M. Bolanos,[null],"[""recf0spNEdr6FSGha""]",class_oog.php,Juan M. Bolanos,"[""reckMRVODtVnrCtbb""]","[""Juan""]","[""reciQqSfWbMiP5zxf""]",,,,,,,,,,,,,,,,,,,,,
recHX5P9TK4TYXgVf,2069,recHX5P9TK4TYXgVf,2026-06-09T23:09:50.000Z,Bizzy Sh,Jared P. Petersen,[null],"[""recN0PqdmUUsEJakp""]",class_oog.php,Jordan Petersen,"[""recYAMMYSikFNZf1a""]","[""Jordan""]","[""recWoImYqrWG0E1xh""]",,,,,,,,,,,,,,,,,,,,,
recHYiLPns3ywXPMS,1856,recHYiLPns3ywXPMS,2026-06-13T01:35:34.000Z,Zara Www,Manuel G. Torres,[null],"[""reclCmPq9aWmKIMD8""]",class_oog,Kate Phillips,"[""recPuKAnYtugBQcK9""]","[""Kate""]","[""recIorvNwvWPlOR66""]",,,,,,,,,,,,"[""recZWt27amBnmzUT1""]","[""recB5FA4XZUxfr2tQ""]","[""rec8HKWlskRhWIMQQ""]","[""reckGluBABFMasVWS""]","[""recZJB6WKxCo3hy0B""]","[""recvQd4WcHF8JZvgF""]","[""recz7zO7SU6oER1Dx""]","[""recV2YA6cTzi5NhyZ""]","[""recK94dSh642D44vi"",""recHw0NVpSX895hY8""]","[""recZcr4PTQWWJsA2T""]"
recHZ0e9a5kYd0O1I,3251,recHZ0e9a5kYd0O1I,2026-07-01T15:54:35.000Z,Danford,,,,get_rings.php,,,,,,,,,,,"[""rec7puuvGVx5m0mmJ""]","[""rect6lHrjjO12Hq4y""]",,"[""rect6lHrjjO12Hq4y""]","[""rec7puuvGVx5m0mmJ""]",,,,,,,,,,
recHZbJYccRY2KuMe,1931,recHZbJYccRY2KuMe,2026-06-12T03:10:20.000Z,Cotentin Des Roques,Traci A. Weston,[null],"[""recKrZPlpWjBkk4xk""]",class_oog.php,Windsor Ryan,"[""recAgHM50DSJcxYoF""]","[""Windsor""]","[""rec6szCleq8yE3JIq""]",,,,,,,,,,,,,,,,,,,,,
recHazRoKQXJgpW96,2717,recHazRoKQXJgpW96,2026-06-09T23:09:50.000Z,Catoki's Fly Girl,Pamela Gomez,[null],"[""recwyLEjorQH3PAo5""]",class_oog,Campbell Lear,"[""recm5LlH0tNXEDJT0""]","[""Campbell""]","[""recD8d72oDpyNe2Hi""]",,,,,,,,,,,,,,,,,,,,,
recHb5cOldbcxqVRF,2814,recHb5cOldbcxqVRF,2026-06-20T15:55:12.000Z,Achill Adelheid Z,,[null],"[""recPrL3kt0VIX5QIO""]",get_rings.php,,,,,,,,,,,,,,,,,,,,,,,,,
recHb7nYCyxL0yEEM,2564,recHb7nYCyxL0yEEM,2026-06-09T23:09:50.000Z,Larcelo,Spencer Brittan,[null],"[""recvzeEenKar1B9iY""]",class_oog.php,Spencer Brittan,"[""recLNTfb8hDjb4veq""]","[""Spencer""]","[""recqByBk0EpjI9rLn""]",,,,,,,,,,,,,,,,,,,,,
recHdEimES3YNDBMv,2922,recHdEimES3YNDBMv,2026-06-20T16:12:34.000Z,Crown Ridge Just So,,[null],"[""reciF2rTVUQ6kdXHj""]",get_rings.php,,,,,,,,,,,,,,,,,,,,,,,,,
recHdfTDJcesQMSdN,1880,recHdfTDJcesQMSdN,2026-06-09T23:09:50.000Z,Poliana Van Op De Berg,Juan M. Bolanos,[null],"[""recfmPoR4SW87P0Ni""]",class_oog.php,Alberto Sarmiento,"[""recFJdeuDkXro5LmG""]","[""Alberto""]","[""reciQqSfWbMiP5zxf""]",,,,,,,,,,,,,,,,,,,,,
recHgtJzrNafSqKMs,2748,recHgtJzrNafSqKMs,2026-06-21T11:51:48.000Z,Midnight Ruby Tuesday,,[null],"[""rec0duC48SUlHuj9x""]",get_rings.php,,,,,,,,,,,,,,,,,,,,,,,,,
recHs8RP528qvk0N3,2715,recHs8RP528qvk0N3,2026-06-09T23:09:50.000Z,Living The Dream,Candice King,[null],"[""recwxnbZ53dpZdeAP""]",class_oog.php,Aidan Murphy,"[""recKcvl4bqHepAxuo""]","[""Aidan""]","[""rec1sLb3hI5Aty4bi""]",,,,,,,,,,,,,,,,,,,,,
recHty4PZ51DfdrOL,2098,recHty4PZ51DfdrOL,2026-06-11T11:39:24.000Z,James Bond,Isaac Leffkowitz,[null],"[""recrMq9Lypfzx04aw""]",class_oog.php,Isaac Leffkowitz,"[""rec5eeBOUY791C5bu""]","[""Isaac""]","[""rec7ppaIMqZuirHoA""]",,,,,,,,,,,,,,,,,,,,,
recHy72LAvDJQ6toq,1695,recHy72LAvDJQ6toq,2026-06-09T23:09:50.000Z,I Jump D'authuit,Declan Egan,[null],"[""recVQNhIlxyYZlD03""]",class_oog.php,Declan Egan,"[""recaZx28r0BSMxn0j""]","[""Declan""]","[""recGOZOt71dcEAmvp""]",,,,,,,,,,,,,,,,,,,,,
recHyHhVdVkhcmkRB,2938,recHyHhVdVkhcmkRB,2026-06-12T03:10:20.000Z,Grand Colbert Rtg,Linda J. Grover,[null],"[""rec6qDvTz921w3o0j""]",class_oog,Ariane Harris,"[""recoNjZbKwEyCsnDR""]","[""Ariane""]","[""recHszNt2lKTJ3vFH""]",,,,,,,,,,,,,,,,,,,,,
recHyN19AKl4BWiCZ,2836,recHyN19AKl4BWiCZ,2026-06-09T23:09:50.000Z,Forseti,Ben Taylor,[null],"[""reclfJi9i9xlltKo7""]",class_oog.php,Ben Taylor,"[""recTCvI0mQz6rAjWg""]","[""Ben""]","[""recmTGLWfZLnyH6TK""]",,,,,,,,,,,,,,,,,,,,,
recI4HsHvBLcZuZw6,2495,recI4HsHvBLcZuZw6,2026-06-20T17:01:13.000Z,Attack Van De Hunters Z,,[null],"[""rec9h0vKMq7AhvQiI""]",get_rings.php,,,,,,,,,,,,,,,,,,,,,,,,,
recI6wE98nxUkZtaA,3628,recI6wE98nxUkZtaA,2026-07-01T15:54:35.000Z,Kaaterskill,,,,get_rings.php,,,,,,,,,,,,,,,,,,,,,,,,,
recI8Aeh6KyBGtUTc,1837,recI8Aeh6KyBGtUTc,2026-06-09T23:09:50.000Z,Os Quincy,Rebecca Warth,[null],"[""reczxmLcbbOMopigx""]",class_oog,Rebecca Warth,"[""rec7S7t2RbbauTtda""]","[""Rebecca""]","[""rec456G3R5wbsgOk8""]",,,,,,,,,,,,,,,,,,,,,
recIB9y39yALOHTJe,3405,recIB9y39yALOHTJe,2026-06-19T13:27:45.000Z,Nacomina,,[null],"[""recXJqbo4EnLij1oR""]",get_rings.php,,,,,,,,,,,,,,,,,,,,,,,,,
recIBZtdHXGHy1sST,2806,recIBZtdHXGHy1sST,2026-06-18T12:31:36.000Z,Arctic,,[null],"[""recc8yiJCpxfCvM9d""]",get_rings.php,,,,,,,,,,,,,,,,,,,,,,,,,
recIFbblss2EakCsc,1873,recIFbblss2EakCsc,2026-06-12T17:24:28.000Z,Fletcher W,Kimberly Nadler-Russo,[null],"[""recp0oZhraItqrQzg""]",class_oog.php,Olivia Johnson,"[""rec3JI6oeMRwsEyEb""]","[""Olivia""]","[""rec1yq40bnU1koghd""]",,,,,,,"[""recNwxkeirXG9vRqm""]","[""recmPq1HwTsV9AYJw""]",,,,,,,,,,,,,
recIH6NTGqFpovgsh,2883,recIH6NTGqFpovgsh,2026-06-12T17:24:28.000Z,Faveur De Piquet,Ryan Michael Genn,[null],"[""rec8MV3OeY9y3RdK0""]",class_oog,Ryan Michael Genn,"[""recxzzbGbfXwvPmbw""]","[""Ryan""]","[""rec1uM1UghdnlA4Hq""]",,,,,,,,,,,,,,,,,,,,,
recIHvvFrm0mVpd4u,2753,recIHvvFrm0mVpd4u,2026-06-18T14:31:23.000Z,Guimero  M,,[null],"[""rec65ItoYnOtiS1Yr""]",get_rings.php,,,,,,,,,,,,,,,,,,,,,,,,,
recIILOTkzdwkPqea,2713,recIILOTkzdwkPqea,2026-06-09T23:09:50.000Z,Superman Eh,Juan E. Hidalgo,[null],"[""recvc1quYVdy4FRr4""]",class_oog.php,Juan E. Hidalgo,"[""recT9NpDNfSMhikLG""]","[""Juan""]","[""recWm4nXbUtPYpLCL""]",,,,,,,,,,,,,,,,,,,,,
recILcoLqiRnvt23v,1672,recILcoLqiRnvt23v,2026-06-11T11:39:23.000Z,Isadora S,Juan A. Rodriguez Silva,[null],"[""rec3ymJHjbSypFThl""]",class_oog,Kamal Gabrie,"[""recIksBgzHgeXEK4H""]","[""Kamal""]","[""reclu4ZfxeCUoDgLA""]",,,,,,,,,,,,,,,,,,,,,
recIM5iX7O0l4QqCT,2969,recIM5iX7O0l4QqCT,2026-06-09T23:09:50.000Z,Kismet,Joshua Tabor,[null],"[""recSCaY6fBH1el1aw""]",class_oog.php,Joshua Tabor,"[""recZzmxP8vC1h4Ixu""]","[""Joshua""]","[""recgYbnUCVZoIzP1M""]",,,,,,,,,,,,,,,,,,,,,
recIMKGigHqeqWAOa,1344,recIMKGigHqeqWAOa,2026-06-12T17:24:27.000Z,Riskana Ls La Silla,Juan M. Bolanos,[null],"[""recECNgADOjF7MXOO""]",class_oog,Maria Balleza,"[""recgr1j4YRVMWvW1P""]","[""Maria""]","[""reciQqSfWbMiP5zxf""]",,,,,,,,,,,,,,,,,,,,,
recINCGddD6yZMriD,2521,recINCGddD6yZMriD,2026-06-09T23:09:50.000Z,Excel Star Fair Play,August Torsilieri,[null],"[""rectHBnH1Nu3Ww60X""]",class_oog.php,Alexandra Hird,"[""recrvwnO1g9OSNswQ""]","[""Alexandra""]","[""recel7Tui1CFiT95R""]",,,,,,,,,,,,,,,,,,,,,
recIQVgKeN2LNZnrj,1684,recIQVgKeN2LNZnrj,2026-06-09T23:09:50.000Z,Gelano,Jessica Collins,[null],"[""recCpjFhbOsTOGJUB""]",class_oog,Jessica Collins,"[""rec9AOBY6djC53osc""]","[""Jessica""]","[""recNpo5pbhuzTKAIi""]",,,,,,,,,,,,,,,,,,,,,
recIR6cOMBZe15Qoi,3002,recIR6cOMBZe15Qoi,2026-06-13T01:35:34.000Z,Amaro,Gabriela Tirado,[null],"[""recJbpiYaBN0FyfXQ""]",class_oog,Gabriela Tirado,"[""recHewY5dcEfgwlof""]","[""Gabriela""]","[""rec8idqGtfg38fRMa""]",,,,,,,,,,,,,,,,,,,,,
recISqJY9P7QLFTtw,2290,recISqJY9P7QLFTtw,2026-06-09T23:09:50.000Z,Castello Z,Declan Egan,[null],"[""recw7brYEKACfwnCH""]",class_oog.php,Declan Egan,"[""recaZx28r0BSMxn0j""]","[""Declan""]","[""recGOZOt71dcEAmvp""]",,,,,,,,,,,,,,,,,,,,,
recISrLE0Luu2n8x0,1850,recISrLE0Luu2n8x0,2026-06-18T13:31:26.000Z,Voodoo,,[null],"[""rechEZFjoyoQQL5Z3""]",get_rings.php,,,,,,,,,,,,,,,,,,,,,,,,,
recIXCj7zFo3EnV4p,1678,recIXCj7zFo3EnV4p,2026-06-12T17:24:28.000Z,Seattle,Juan A. Rodriguez Silva,[null],"[""recvLuCl2DAoUGBYI""]",class_oog,Ana Sofia Perez,"[""recuOmyiBbHhkiEJK""]","[""Ana""]","[""reclu4ZfxeCUoDgLA""]",,,,,,,,,,,,,,,,,,,,,
recIYS51CTVPVlsjT,2706,recIYS51CTVPVlsjT,2026-06-12T17:24:29.000Z,Pop Tart,Dana G. Waters,[null],"[""recMgRUiYRSnoC7GQ""]",class_oog.php,Hayley G. Waters Wear,"[""recLFMHh1Qpy7gpgf""]","[""Hayley""]","[""recC9TviwdEjxgABW""]",,,,,,,,,,,,,,,,,,,,,
recIYxeHFC9JEjB4J,3430,recIYxeHFC9JEjB4J,2026-06-21T15:03:56.000Z,Cotton Eye Candy,,[null],"[""rectJNcL8E2xFWUvU""]",get_rings.php,,,,,,,,,,,,,,,,,,,,,,,,,
recIZlv5njbVi0Nxl,2168,recIZlv5njbVi0Nxl,2026-06-11T11:39:25.000Z,Alejandro Fcf,Matthias Hollberg,[null],"[""recNt5v3dRPI2tyvH""]",class_oog,Averie Foss,"[""recRU1Mej9Bok2L0a""]","[""Averie""]","[""rec1WjmrNr6i9f42W""]",,,,,,,,,,,,,,,,,,,,,
recIcH8Q9JMVfQglf,2722,recIcH8Q9JMVfQglf,2026-06-09T23:09:50.000Z,de Lisle Apollo,David Cameron,[null],"[""recHkViA1LK59eYEa""]",class_oog,Mia Smith,"[""recHsSjq869gbpIbp""]","[""Mia""]","[""recV9UeEpcw6UDEM9""]",,,,,,,,,,,,,,,,,,,,,
recIem3eXtuwqkBpL,1288,recIem3eXtuwqkBpL,2026-06-09T23:09:50.000Z,Cash The First Des Rosiers Z,Angela Swanson,[null],"[""recMfywBbZte9vRS3""]",class_oog,Angela Swanson,"[""rec3nADl9IqqdRXd1""]","[""Angela""]","[""rec9hQVBgpLiTbKmW""]",,,,,,,,,,,,,,,,,,,,,
recIhMfEjFOm4OBbI,1592,recIhMfEjFOm4OBbI,2026-06-09T23:09:50.000Z,Oakland,Juan M. Bolanos,[null],"[""rectJ4Kl2U9bg4i6N""]",class_oog.php,Belen Guarderas,"[""recr07kSQUFbPxfgq""]","[""Belen""]","[""reciQqSfWbMiP5zxf""]",,,,,,,,,,,,,,,,,,,,,
recIhzAdUcT22s0mP,2754,recIhzAdUcT22s0mP,2026-06-18T19:48:51.000Z,Zirocc Steady,,[null],"[""recgSI7NkucmzAIkS""]",get_rings.php,,,,,,,,,,,,,,,,,,,,,,,,,
recIi4MEO7GyvJqKG,2626,recIi4MEO7GyvJqKG,2026-06-12T11:57:03.000Z,Quicksilver Hercules,,[null],"[""recwfJbVkdkVWNO0q""]",class_oog.php,,,,,,,,,,,,,,,,,,,,,,,,,
recIknyTzybO0tSwd,2956,recIknyTzybO0tSwd,2026-06-09T23:09:50.000Z,Cornetta Lazar,Kirk Webby,[null],"[""recxJb6VhttLUK5V9""]",class_oog.php,Kirk Webby,"[""recj0huhTEnvjmgCe""]","[""Kirk""]","[""recAQw955LG6uVCeK""]",,,,,,,,,,,,,,,,,,,,,
recIlgMW1ejpGgIE3,2182,recIlgMW1ejpGgIE3,2026-06-09T23:09:50.000Z,Outlaw,Robert P. Stucky,[null],"[""recscHPErwaxpSmXZ""]",class_oog,Isabella Agliano,"[""recps55oii224WXAJ""]","[""Isabella""]","[""reclHVeeKHQlhkXJF""]",,,,,,,,,,,,,,,,,,,,,
recIsgyCC9k8b5fCm,2106,recIsgyCC9k8b5fCm,2026-06-11T11:39:24.000Z,Levitate Fw Z,Isaac Leffkowitz,[null],"[""rectnWr9scFwpHkvJ""]",class_oog.php,Isaac Leffkowitz,"[""rec5eeBOUY791C5bu""]","[""Isaac""]","[""rec7ppaIMqZuirHoA""]",,,,,,,,,,,,,,,,,,,,,
recIypiFssfzPh7qm,1326,recIypiFssfzPh7qm,2026-06-09T23:09:50.000Z,The Getaway Car,Dawn Hersey,[null],"[""recn8gYamWYp8ozlT""]",class_oog,Anna Scott Ault,"[""recnaYU8vPhsPNIdN""]","[""Anna""]","[""recXocXm551bESpPa""]",,,,,,,,,,,,,,,,,,,,,
recIzCje3rUoRNWcW,1783,recIzCje3rUoRNWcW,2026-06-12T17:24:28.000Z,Gucci Musterd,Bruno Diniz Das Neves,[null],"[""rec8O71Kdp1X8FGdo""]",class_oog,Bruno Diniz Das Neves,"[""recLrKVLwt2RR3Tbg""]","[""Bruno""]","[""recQKeo6875JCjkvf""]",,,,,,,,,,,,,,,,,,,,,
recIzehtQuF1GS1Mz,1277,recIzehtQuF1GS1Mz,2026-06-09T23:09:50.000Z,Reelz,Ben Taylor,[null],"[""rechFSX16WCpjh38T""]",class_oog.php,Mallory Vale,"[""recCyC3z96ioVgKzW""]","[""Mallory""]","[""recmTGLWfZLnyH6TK""]",,,,,,,,,,,,,,,,,,,,,
recJ2N6GUDzAQ66R5,1919,recJ2N6GUDzAQ66R5,2026-06-09T23:09:50.000Z,Carla,Selcuk Koksalan,[null],"[""recdKo4lxtGydm0Wa""]",class_oog.php,Selcuk Koksalan,"[""recrxStYnnbtC31mN""]","[""Selcuk""]","[""recuv8jdRvTVv1a9Z""]",,,,,,,,,,,,,,,,,,,,,
recJ3UqDyllaCAglQ,1867,recJ3UqDyllaCAglQ,2026-06-09T23:09:50.000Z,Orindus W,Celso Ariani,[null],"[""recLNnmL9i2bqIPdm""]",class_oog.php,Celso Ariani,"[""rec6706A0jhb96oOe""]","[""Celso""]","[""rec5Zl0N5TXr6Cc95""]",,,,,,,,,,,,,,,,,,,,,
recJ4Bdi9oCKyHeOZ,2245,recJ4Bdi9oCKyHeOZ,2026-06-19T13:45:33.000Z,Casparia Ps,,[null],"[""recGQD0yEXlHySKSF""]",get_rings.php,,,,,,,,,,,,,,,,,,,,,,,,,
recJ4NWtwjlgWB5Zp,2394,recJ4NWtwjlgWB5Zp,2026-06-09T23:09:50.000Z,Bambina,Patrick R. Wilcher,[null],"[""recdRWGWP6pPjT9Vv""]",class_oog.php,Elin Mossberg,"[""rect03lMQpTFAs8ti""]","[""Elin""]","[""recU1AQcmSYuCkBtn""]",,,,,,,,,,,,,,,,,,,,,
recJAiYAKePehi8lW,1122,recJAiYAKePehi8lW,2026-06-20T14:42:35.000Z,Claddagh Hesa,,[null],"[""recSSMpsrKQQRegxG""]",get_rings.php,,,,,,,,,,,,,,,,,,,,,,,,,
recJCBLWHQeV030cH,1929,recJCBLWHQeV030cH,2026-06-19T14:39:36.000Z,Alesso,,[null],"[""recEJnCSvIO5XILGT""]",get_rings.php,,,,,,,,,,,,,,,,,,,,,,,,,
recJGXWp3p2Rb4T7m,2501,recJGXWp3p2Rb4T7m,2026-07-01T16:06:37.000Z,Niagara,,,,get_rings.php,,,,,,,,,,,,,,,,,,,,,,,,,
recJHIs0tHVP2BiYM,1486,recJHIs0tHVP2BiYM,2026-06-12T17:24:27.000Z,Clementine,Natalie Geller,[null],"[""recxJXSGHfKPaxAe7""]",class_oog,Megan Charms,"[""recFpywyjhA2PMReJ""]","[""Megan""]","[""recz8qWzDP2cl0zXp""]",,,,,,,,,,,,,,,,,,,,,
recJHYRElkwolfSEq,2141,recJHYRElkwolfSEq,2026-06-09T23:09:50.000Z,So Dashing,Jane C. Ehrhart,[null],"[""recq3iv8YlgD5p7ZS""]",class_oog.php,Jane C. Ehrhart,"[""recMifDCMUrKBbuO5""]","[""Jane""]","[""rec5Ut33CL5koblpZ""]",,,,,,,,,,,,,,,,,,,,,
recJJuRLOBAHL5kcg,1961,recJJuRLOBAHL5kcg,2026-06-09T23:09:50.000Z,Fernhill Athletico Z,Lauren E. Hough,[null],"[""rechCAfXsR3JC802Q""]",class_oog.php,Lauren E. Hough,"[""recoEG978VWcbWV8X""]","[""Lauren""]","[""recHOKa6KSlvHuryw""]",,,,,,,,,,,,,,,,,,,,,
recJJy7he0lR3hHm0,1016,recJJy7he0lR3hHm0,2026-06-20T14:42:35.000Z,Maxwell,,[null],"[""rec4l3jFEafsXG4xh""]",get_rings.php,,,,,,,,,,,,,,,,,,,,,,,,,
recJK0GVhpxF0XD36,2020,recJK0GVhpxF0XD36,2026-06-09T23:09:50.000Z,Kannador,Molly A. Kenney,[null],"[""recDFUDVH3lI7ARxv""]",class_oog.php,Clark Montgomery,"[""recsqboni2em23Dth""]","[""Clark""]","[""recvcVgWYY3shMkZ4""]",,,,,,,,,,,,,,,,,,,,,
recJQOMHixtKzkxGz,2047,recJQOMHixtKzkxGz,2026-06-11T11:39:24.000Z,Bangkok,Juan A. Rodriguez Silva,[null],"[""reczFaiEy9Uvkjecl""]",class_oog.php,Ana Sofia Rodriguez,"[""recrVgVphGg6JJy1k""]","[""Ana""]","[""reclu4ZfxeCUoDgLA""]",,,,,,,,,,,,,,,,,,,,,
recJT9v8bWD7VMxpO,1038,recJT9v8bWD7VMxpO,2026-06-09T23:09:50.000Z,Kindly,Alan Korotkin,"[""Bee""]","[""recphHLM9HP8cczaO""]",class_oog,Carsyn Korotkin,"[""recHeQeDK4Lzn635W""]","[""Carsyn""]","[""recFIHTcArQhILyAc""]","[""CWF""]","[""Bee""]","[""rec7UqqaKrYoAtcT2"",""recq3LauGU6iaYjTe"",""recigiKSgjuQ0lJRI""]","[""recSa3eKN82JBFD4y"",""rectUKjrwvscaffop"",""recmIlghG5snB7fL9"",""receYKAuh0QdwXgbV"",""recsT29BQkyFZ8KPo"",""recXlmPZ0eiRsshwU"",""recvHjoPqlCvBTuZh""]","[""recBXaMXfXbcZHlRc"",""rectDBMkNUIyRSL2D"",""recNdp2tJR8ozNSPl"",""recLK3HLF6t34AGqK""]","[""recEMPG8xkKvTaVHJ"",""recwsgGv5hhRLllSa"",""recD7pfoaSp2QIFls""]",,,"[""recnPaxYCJIQYdVrs""]",,,,,,,,,,,,
recJXyicG8Vx1pmCH,1701,recJXyicG8Vx1pmCH,2026-06-12T17:24:26.000Z,Chili Con Cornet,Todd D. Minikus,[null],"[""recIOsp7jhIlRPGDe""]",class_oog,Katie M. Savarise,"[""recw0WGQE7cSRXkqe""]","[""Katie""]","[""rec17fXVv4zXio64e""]",,,,,,,,,,,,,,,,,,,,,
recJfRY874NXmzZHa,1252,recJfRY874NXmzZHa,2026-06-18T16:48:35.000Z,Corleone,,[null],"[""recYGipTkbpco5TkW""]",get_rings.php,,,,,,,,,,,,,,,,,,,,,,,,,
recJfg4wJMkdEpx9m,160,recJfg4wJMkdEpx9m,2026-06-09T23:09:50.000Z,The Golden Road,Camille Maynard,[null],"[""recU6yQCMREs5VEOC""]",class_oog,Camille Maynard,"[""recYuW2sDtfJ70Oph""]","[""Camille""]","[""receCZCsNdOQDE9z9""]",,,,,,,"[""recOywelCaw8X8RUl""]","[""rec6w14ATjR5nXyyT""]",,"[""rec6w14ATjR5nXyyT""]","[""recOywelCaw8X8RUl""]",,,,,,,,,,
recJhRHASG3TyEeHK,1053,recJhRHASG3TyEeHK,2026-06-12T17:24:27.000Z,Carrizal,Daniela Roy,[null],"[""recoJJN0uvoxenvVi""]",class_oog,Alexandria Gonzalez,"[""recjKv2e3jfgm3H8j""]","[""Alexandria""]","[""rec2F4zRJZGDzG0M2""]",,,,,,,,,,,,,,,,,,,,,
recJqrIYbEn1kZUEe,3391,recJqrIYbEn1kZUEe,2026-06-19T13:10:11.000Z,Quadira,,[null],"[""rec3ySGhFrNL2mgEK""]",get_rings.php,,,,,,,,,,,,,,,,,,,,,,,,,
recJsEsg8iT9Xn06S,2299,recJsEsg8iT9Xn06S,2026-06-12T17:24:29.000Z,Cornet Special,Aurora R. Rangel De Alba,[null],"[""rec1kg2ewJ39SdIXP""]",class_oog,Aurora R. Rangel De Alba,"[""recYuZ7hB1tbpgznK""]","[""Aurora""]","[""recUjyRd7k0lTmyxS""]",,,,,,,,,,,,,,,,,,,,,
recJuDUOmFVaMsUEd,141,recJuDUOmFVaMsUEd,2026-06-09T23:09:50.000Z,Sternmarke 3,Wilton J. Porter,[null],"[""rec8OWj74wrBROtRy""]",class_oog.php,Wilton J. Porter,"[""rec0lXJIFvHi7Oj5p""]","[""Wilton""]","[""recBIuBmnjIBnlRT9""]",,,,,,,,,,,,,,,,,,,,,
recK2qgLZ3lQcZgqJ,1055,recK2qgLZ3lQcZgqJ,2026-06-12T17:24:28.000Z,Chess,Daniela Roy,[null],"[""recz8hrVI6FArE7iO""]",class_oog,Lourdes Lopez,"[""recing1PXwupaqjba""]","[""Lourdes""]","[""rec2F4zRJZGDzG0M2""]",,,,,,,,,,,,,,,,,,,,,
recK4fk5IS1EPZ4z1,2313,recK4fk5IS1EPZ4z1,2026-06-09T23:09:50.000Z,Mtm Bubba,Michael J. Mccormick,[null],"[""recQokOYTH4zuZbGa""]",class_oog,Evana Somareddy,"[""recuyfo3nv68HVefs""]","[""Evana""]","[""recNsOB5RbtRbnQ37""]",,,,,,,,,,,,,,,,,,,,,
recK5fvOPrmUZKM7Y,1689,recK5fvOPrmUZKM7Y,2026-06-12T17:24:29.000Z,Nastelina Van De Witte Driesendijk,Jessica Collins,[null],"[""reciawxdq7bpwFnfP""]",class_oog,Michelle Lin,"[""recZ6bukRuLkzx7R1""]","[""Michelle""]","[""recNpo5pbhuzTKAIi""]",,,,,,,,,,,,,,,,,,,,,
recKBQJJB72VmxEj9,2942,recKBQJJB72VmxEj9,2026-06-11T11:39:21.000Z,Ten Pin Ally,Traci A. Weston,[null],"[""recjy8Rsai0b6rh1D""]",class_oog.php,Windsor Ryan,"[""recAgHM50DSJcxYoF""]","[""Windsor""]","[""rec6szCleq8yE3JIq""]",,,,,,,,,,,,,,,,,,,,,
recKPimrHjDSJCbJW,1030,recKPimrHjDSJCbJW,2026-06-11T11:39:23.000Z,Hermes D'armanville,Alan Korotkin,"[""Hermes""]","[""recrs4HOJolFSwLSo""]",class_oog,Tanner Korotkin,"[""rececJFgkUViuuW0F""]","[""Tanner""]","[""recFIHTcArQhILyAc""]","[""CWF""]","[""Hermes""]","[""rec072uqXZOGeYjnM""]","[""recyk7yDpYaUtxvSv"",""reczU0wB5JR2iyctJ"",""recFCUjYbkdYvWBpo""]","[""rec90LFOuXBVQJgb8""]","[""reccPqzZMkaeKcQ1F""]",,,"[""rec76FNWfk9hIU17K""]",,,"[""recAXCy2WyskxP86U""]",,,,,"[""rec6Yx1NRwVQcCzwS"",""rec9x7ncKthZTDdZ3""]",,,"[""recZs1judM257AjJd""]",
recKQc8FIWEv0zD7f,2149,recKQc8FIWEv0zD7f,2026-06-09T23:09:50.000Z,Ferris Bueller,Abby Strohmeyer,[null],"[""recdgZHJZwsLqMgDU""]",class_oog.php,Kimberly Tobias,"[""recPKZKemiflnx7tw""]","[""Kimberly""]","[""recHr7nRG7cRW4hq4""]",,,,,,,,,,,,,,,,,,,,,
recKSBYy0gcfwYBhF,3521,recKSBYy0gcfwYBhF,2026-07-01T05:25:59.000Z,,,"[""Chiloe""]","[""recTYQWHVfa2YXMQ6""]",,,,,,,"[""Chiloe""]","[""recptqtIbZh7vGTDX"",""recGkaexFyaHkO23a""]","[""recjtAy4dy9ytoKgq"",""reczfnkpX7oMH7aW1"",""recq496mCIlPsrv9B"",""recH2darrwjQEyVia""]","[""rec5lLLSUj5bqYoLs"",""recnbj1nWU1s8sdmV"",""recfd3bibI9mxqdaK"",""recSJoETbIjxAVvav""]","[""recDyHlXwAap2WDwL"",""recN1gEQWYCMdONfk""]",,,,,,,,,,,,,,,
recKUwvBt5a6lxpCi,2674,recKUwvBt5a6lxpCi,2026-06-18T13:15:52.000Z,Silent Partner,,[null],"[""recHy2FpMP5ubyKrk""]",get_rings.php,,,,,,,,,,,,,,,,,,,,,,,,,
recKW4U4oeowAzAG0,1568,recKW4U4oeowAzAG0,2026-06-09T23:09:50.000Z,Picobella De Pot,Antonio J. Martinez,[null],"[""recNaENSfxvG0UMVu""]",class_oog,Khloe Brinkmann,"[""recjL9YTEPKBmsA7A""]","[""Khloe""]","[""recoIakTck18pHikM""]",,,,,,,,,,,,,,,,,,,,,
recKXaXUAEYtuZCPj,2044,recKXaXUAEYtuZCPj,2026-07-01T16:45:41.000Z,El Paqui 111 Z,,,,get_rings.php,,,,,,,,,,,,,,,,,,,,,,,,,
recKZtBqdXWSfdJP3,1854,recKZtBqdXWSfdJP3,2026-06-09T23:09:50.000Z,Keira Usa,Kyle Dewar,[null],"[""recyC7ydh4ywKEoD5""]",class_oog.php,Madison Wayda Smith,"[""recsnjYEp1bn5r3eT""]","[""Madison""]","[""recVsz59iVCmUI0Nu""]",,,,,,,"[""reczMZiN41pYortve""]","[""recTRTQoa7uU21rlT""]",,"[""recTRTQoa7uU21rlT""]","[""reczMZiN41pYortve""]",,,,,,,,,,
recKahgfXa7xbeZ1t,2027,recKahgfXa7xbeZ1t,2026-06-09T23:09:50.000Z,Lagegonda Fz,Clark Montgomery,[null],"[""receNGgJSb6mqPb61""]",class_oog.php,Clark Montgomery,"[""recsqboni2em23Dth""]","[""Clark""]","[""recXxIrcwPWBKHaoC""]",,,,,,,,,,,,,,,,,,,,,
recKcYv5A7peie9dW,2794,recKcYv5A7peie9dW,2026-06-09T23:09:50.000Z,Joylon Gb,Matt Martin,[null],"[""recMmwA2xAw6AoAk9""]",class_oog,Brinley Farr,"[""recQVrVcnghBYOhLX""]","[""Brinley""]","[""recRnYU8EgCMCN4Tl""]",,,,,,,,,,,,,,,,,,,,,
recKdVYeeR3yELBJG,1817,recKdVYeeR3yELBJG,2026-06-20T13:30:37.000Z,Apple Jack,,[null],"[""recJrQo6pWTPjI5Uq""]",get_rings.php,,,,,,,,,,,"[""recHwroeS9M9oGOSe""]","[""reccmXCJv1qMtl9hj""]",,,,,,,,,,,,,
recKf9uorI8nw0z5l,1279,recKf9uorI8nw0z5l,2026-06-09T23:09:50.000Z,Samba Do Brasil,Ben Taylor,[null],"[""recpHGtjY8NAqovDV""]",class_oog.php,Aaron Vale,"[""rec4xmt1vJjON38j0""]","[""Aaron""]","[""recmTGLWfZLnyH6TK""]",,,,,,,,,,,,,,,,,,,,,
recKi6qUvYh12cWYj,2718,recKi6qUvYh12cWYj,2026-06-09T23:09:50.000Z,Lucas 274,Pamela Gomez,[null],"[""recBR3esuqrcgEdbZ""]",class_oog,Valeska Furlong,"[""recn0NKepR3DQJiul""]","[""Valeska""]","[""recD8d72oDpyNe2Hi""]",,,,,,,,,,,,,,,,,,,,,
recKixOH4Ep6JOkPO,2117,recKixOH4Ep6JOkPO,2026-06-14T10:51:48.000Z,Bye Chance,Caroline Willard Briles,[null],"[""rec9JED7qNw5K1k1x""]",class_oog,Linda E. Vellman,"[""recS6NEHW8df5rwkS""]","[""Linda""]","[""recgDRmlgICPwHaba""]",,,,,,,,,,,,,,,,,,,,,
recKmuCb4PkIDdbvP,1301,recKmuCb4PkIDdbvP,2026-06-09T23:09:50.000Z,Quatro,Dawn Hersey,[null],"[""recOgikWXyQGpeOs3""]",class_oog.php,Lanie Nash,"[""recJA1B7ysTElfU5j""]","[""Lanie""]","[""recXocXm551bESpPa""]",,,,,,,,,,,,,,,,,,,,,
recKnpes6SEjkV7pz,1865,recKnpes6SEjkV7pz,2026-06-11T11:39:25.000Z,Libera Lux Di Alma Terra,Celso Ariani,[null],"[""recPzghsQT7R3fC8Y""]",class_oog.php,Celso Ariani,"[""rec6706A0jhb96oOe""]","[""Celso""]","[""rec5Zl0N5TXr6Cc95""]",,,,,,,,,,,,,,,,,,,,,
recKqQzhbfKxF94HK,2977,recKqQzhbfKxF94HK,2026-06-09T23:09:50.000Z,Dialey Ak,Helen Goddard,[null],"[""recgt7oTDr0J3ohaV""]",class_oog.php,Helen Goddard,"[""recVqgz5Pcd0lDWMD""]","[""Helen""]","[""recDrdlgXZrGchjA6""]",,,,,,,,,,,,,,,,,,,,,
recKsME2eoH8BD2JB,2798,recKsME2eoH8BD2JB,2026-06-12T17:24:28.000Z,Rhapsody,Rob Billings,[null],"[""recZMNkH63rp0M1zp""]",class_oog,Kendall Crowell,"[""recwj9P1QCrZn1Tfd""]","[""Kendall""]","[""recHNjiHOpvxP5N0r""]",,,,,,,,,,,,,,,,,,,,,
recKtli3fmhLv4STL,2085,recKtli3fmhLv4STL,2026-06-13T00:10:27.000Z,Orchard Hills Snapchat,Madison Daughdrill,[null],"[""recfswAtH6LI45qA4""]",class_oog,Elliana Rivera,"[""recWnhS4f3syx16A3""]","[""Elliana""]","[""recQXTpW29gQ8CQhu""]",,,,,,,,,,,,,,,,,,,,,
recKudLyrLWKeNdxA,1741,recKudLyrLWKeNdxA,2026-06-11T11:39:26.000Z,Ralvero Vdl,Mike Holtkamp,[null],"[""reckbVyJBhGk7mx4E""]",class_oog.php,Mike Holtkamp,"[""recIEWQXASuV2H7Yh""]","[""Mike""]","[""recSXI5qNI2oXZ7rL""]",,,,,,,,,,,,,,,,,,,,,
recKvCPQXpkZxHALi,2823,recKvCPQXpkZxHALi,2026-06-09T23:09:50.000Z,Conlando 55,Ryan Michael Genn,[null],"[""recTnId0UeHKnUWU7""]",class_oog.php,John M. Struzzieri,"[""recn0cD6aeT6wfqk1""]","[""John""]","[""rec1uM1UghdnlA4Hq""]",,,,,,,,,,,,,,,,,,,,,
recKvJQ41PmPPNBFi,1911,recKvJQ41PmPPNBFi,2026-06-11T11:39:25.000Z,Quick Moon,Heather Dayner,[null],"[""recO21RxslYAowmYX""]",class_oog.php,Evana Somareddy,"[""recuyfo3nv68HVefs""]","[""Evana""]","[""rectbL4oLPTwFxdNp""]",,,,,,,,,,,,,,,,,,,,,
recKz5mZ1p6WVaQrA,2835,recKz5mZ1p6WVaQrA,2026-06-12T03:10:20.000Z,Gladstone,Lauren Schweppe,[null],"[""recnFYzfVfD7OLV4O""]",class_oog.php,Shelby Heyer,"[""reclqAXTrl6kfnVrM""]","[""Shelby""]","[""recWb8kIRsV2w5Zj9""]",,,,,,,,,,,,,,,,,,,,,
recKzDfntCx1MMtAY,3001,recKzDfntCx1MMtAY,2026-06-09T23:09:50.000Z,Kilenka Gl,Alyssa Amberge,[null],"[""rec8WmfMN2mlzEC3P""]",class_oog,Alyssa Amberge,"[""recsOmoDFyGYzdjTp""]","[""Alyssa""]","[""recbHXO4TfreVzAVE""]",,,,,,,,,,,,,,,,,,,,,
recL0nXBxxBWRmlji,3143,recL0nXBxxBWRmlji,2026-07-01T14:30:37.000Z,Czippy Wbf,,,,get_rings.php,,,,,,,,,,,"[""rec3PElryzIt9ouD6""]","[""recE8CrssWtATObad""]",,"[""recE8CrssWtATObad""]","[""rec3PElryzIt9ouD6""]",,,,,,,,,,
recL1SsZsFHnzYjRl,2142,recL1SsZsFHnzYjRl,2026-06-09T23:09:50.000Z,Bellefleur Z,Carson L. Ruff,[null],"[""recOsTu5oWwgPp0y8""]",class_oog,Addison Hall,"[""rec7JhqMK4DWc8LY5""]","[""Addison""]","[""recQduwaFmkfTL3Xq""]",,,,,,,,,,,,,,,,,,,,,
recL4jKm0eoF4WCaH,1866,recL4jKm0eoF4WCaH,2026-06-09T23:09:50.000Z,Mckenzie Z,Celso Ariani,[null],"[""recabZZWJAemXoGRD""]",class_oog.php,Celso Ariani,"[""rec6706A0jhb96oOe""]","[""Celso""]","[""rec5Zl0N5TXr6Cc95""]",,,,,,,,,,,,,,,,,,,,,
recL5WOVEUlD6bwan,2079,recL5WOVEUlD6bwan,2026-06-09T23:09:50.000Z,Orange Blossom Na,Darragh Kerins,[null],"[""rec0eYyxy9JljHkqO""]",class_oog.php,Sarah Kerins,"[""recuuXZuhtdqgphBs""]","[""Sarah""]","[""recOdyCszUe4VTxPo""]",,,,,,,,,,,,,,,,,,,,,
recL79rQFdXMiytEa,1671,recL79rQFdXMiytEa,2026-06-11T11:39:24.000Z,Il Etait Une Fois A Rivereuille,Juan A. Rodriguez Silva,[null],"[""receM8cfoXelxadIa""]",class_oog.php,Ana Sofia Rodriguez,"[""recrVgVphGg6JJy1k""]","[""Ana""]","[""reclu4ZfxeCUoDgLA""]",,,,,,,,,,,,,,,,,,,,,
recL7zOOnXMgwHQb1,2498,recL7zOOnXMgwHQb1,2026-06-20T15:00:37.000Z,Quisette Van Baublo,,[null],"[""recWuZ2dHGs9jX4Sh""]",get_rings.php,,,,,,,,,,,,,,,,,,,,,,,,,
recL8Xw3EnQGVbX13,2013,recL8Xw3EnQGVbX13,2026-06-13T01:35:34.000Z,Apollonios,Lauren Schweppe,[null],"[""recxd404BsvEXl1mE""]",class_oog,Maddie Mcinturf,"[""recdXJtDodXupFQgk""]","[""Maddie""]","[""recWb8kIRsV2w5Zj9""]",,,,,,,,,,,,,,,,,,,,,
recL9C3kD0QooRtpW,3397,recL9C3kD0QooRtpW,2026-06-19T13:27:45.000Z,Fento Des Fontaines,,"[""Fento""]","[""rectw3YThFpuojpG9""]",get_rings.php,,,,,,"[""Fento""]","[""recnsfgiWAOsyRSyR"",""receHjBveagGPPZvk"",""rece6ELpZpUWa8DpQ""]","[""recKpxMRBrBL2uenv"",""recfxOyMrwxtAroic"",""recZDJCFqj8ypokY0"",""recZsTK2SBqdklfUU"",""rechv9QcOxZ8ksPve"",""recg1RddR9gwXNspX"",""rec3KIgI7FExNLqPG"",""recnSo7doE40wx1bL"",""recp6Lmrjqd6hZTVy""]","[""recXVvxtiSHNDA5MT"",""reciC9tuLaiAWTKyW"",""recnqfTfHRVfHg3uc""]","[""rec0KarEAfg6x3FCq"",""reclrOnF3xRTQmkot"",""recqfUNqZeuyBJDkJ""]","[""recn7HgrDfl1qzQXi"",""recjFPxxRaWsCwHPS""]",,"[""recM7ePRIiMfiBEK0"",""recq5DenL0vl8Snuf"",""recxrx33N0YVQ7Zsn""]",,,,,,,,,,,,
recLBWor6xkC0nJOx,139,recLBWor6xkC0nJOx,2026-06-11T11:39:21.000Z,Etonemoi Del Cabalero,Alan Korotkin,"[""Toni""]","[""recoaO3hnp73CfVsU""]",class_oog,Tanner Korotkin,"[""rececJFgkUViuuW0F""]","[""Tanner""]","[""recFIHTcArQhILyAc""]","[""CWF""]","[""Toni""]",,,,,,,,,,,,,,,,,,,
recLFRSm7FwRiqFzQ,2670,recLFRSm7FwRiqFzQ,2026-06-18T14:31:23.000Z,Svf Charles,,[null],"[""recyFUkd2o42m8IyH""]",get_rings.php,,,,,,,,,,,,,,,,,,,,,,,,,
recLJrOuDzuNMTQCU,2805,recLJrOuDzuNMTQCU,2026-06-11T11:39:24.000Z,Dorien,Derek Van Der Burgh,[null],"[""recCFoetVK6igjp1t""]",class_oog,Leslie Taylor,"[""recY69naIWJFUyAd2""]","[""Leslie""]","[""recw2AcufXB3OnYyW""]",,,,,,,,,,,,,,,,,,,,,
recLNFtwfaKcmLFZ2,2770,recLNFtwfaKcmLFZ2,2026-06-17T20:54:40.000Z,Cr Bravado,,[null],"[""recpeS5NCFMwN6yVD""]",get_rings.php,,,,,,,,,,,,,,,,,,,,,,,,,
recLNvmWJKMr6FZSy,3798,recLNvmWJKMr6FZSy,2026-07-01T14:00:37.000Z,Carl Heinz,,,,get_rings.php,,,,,,,,,,,,,,,,,,,,,,,,,
recLOo5SvdDQeT0uL,1197,recLOo5SvdDQeT0uL,2026-06-12T17:24:28.000Z,Code Of Honor,Stephanie Free,[null],"[""rechyqbsJIh4HgKCN""]",class_oog,Sofia Parise,"[""recfrrrCvA6xEVPB3""]","[""Sofia""]","[""recBVRfeR9i4COiwE""]",,,,,,,,,,,,,,,,,,,,,
recLT7QRZdjY1XWGU,1932,recLT7QRZdjY1XWGU,2026-06-09T23:09:50.000Z,Florian,Traci A. Weston,[null],"[""reca5o7UX35J1yh7a""]",class_oog,Windsor Ryan,"[""recAgHM50DSJcxYoF""]","[""Windsor""]","[""rec6szCleq8yE3JIq""]",,,,,,,,,,,,,,,,,,,,,
recLTmLCPw5lgjbVj,1694,recLTmLCPw5lgjbVj,2026-06-09T23:09:50.000Z,Hector Du Gue,Declan Egan,[null],"[""recmjSQYwCEQUThfj""]",class_oog.php,Ryan Haselden,"[""reclIcIUWajd0pWG3""]","[""Ryan""]","[""recGOZOt71dcEAmvp""]",,,,,,,,,,,,,,,,,,,,,
recLWMPYe8N5YKlMb,2723,recLWMPYe8N5YKlMb,2026-06-13T01:35:34.000Z,Limitless,Stephanie King,[null],"[""recWGeYRurpHN6Pte""]",class_oog,Stephanie King,"[""recgkygxy7DBOBH3M""]","[""Stephanie""]","[""recZ63wDzSxekmuT7""]",,,,,,,,,,,,,,,,,,,,,
recLe5HKdO4Ch1uW8,2386,recLe5HKdO4Ch1uW8,2026-06-09T23:09:50.000Z,Marvick,Lisa Hasenbeck,[null],"[""recS2og6juvFiIejV""]",class_oog,Emma Reimer,"[""recCMlq6p9MboaRTk""]","[""Emma""]","[""recSN0eF04okgAD8J""]",,,,,,,,,,,,,,,,,,,,,
recLeXGaasG5rMb5L,1692,recLeXGaasG5rMb5L,2026-06-09T23:09:50.000Z,Cruise Mor,Lindsay Haselden,[null],"[""recEqrLojB1nQq8yc""]",class_oog.php,Lindsay Haselden,"[""recZv0Kz1HlCWvWvz""]","[""Lindsay""]","[""rec6D1SUrQr1IYJyM""]",,,,,,,,,,,,,,,,,,,,,
recLjMKKG4rDvPOy3,1004,recLjMKKG4rDvPOy3,2026-06-11T11:39:24.000Z,Don Diego Hdd II,Juan Benítez,[null],"[""recdWSYqlNgH2vMhL""]",class_oog.php,Rita de Goes,"[""reck7CWVqseCHyMVg""]","[""Rita""]","[""reccVab1jS62QQ5la""]",,,,,,,,,,,,,,,,,,,,,
recLruOIbdzzznMUu,1573,recLruOIbdzzznMUu,2026-06-11T11:39:23.000Z,Vaillant Fz Rwb,Antonio J. Martinez,[null],"[""recs9DSv3Tk1IG7fM""]",class_oog,Katherine Brinkmann,"[""rectqhcQlWXJdiaxl""]","[""Katherine""]","[""recoIakTck18pHikM""]",,,,,,,,,,,,,,,,,,,,,
recLtTlkSqGBDbkyM,1680,recLtTlkSqGBDbkyM,2026-06-12T17:24:28.000Z,Vdl Jamorkus,Juan A. Rodriguez Silva,[null],"[""recXm58xwl7RlaWX5""]",class_oog,Ana Sofia Rodriguez,"[""recrVgVphGg6JJy1k""]","[""Ana""]","[""reclu4ZfxeCUoDgLA""]",,,,,,,,,,,,,,,,,,,,,
recLvWuP2J8cSVcb4,155,recLvWuP2J8cSVcb4,2026-06-09T23:09:50.000Z,Nimbus Rfb,Ben Taylor,[null],"[""recv8f1K44vlGb0o4""]",class_oog.php,Aaron Vale,"[""rec4xmt1vJjON38j0""]","[""Aaron""]","[""recmTGLWfZLnyH6TK""]",,,,,,,,,,,,,,,,,,,,,
recLxYW68a4aVL6gK,1800,recLxYW68a4aVL6gK,2026-06-20T13:12:36.000Z,Legacy Es,,[null],"[""recCWYcQ8kAM8dF8e""]",get_rings.php,,,,,,,,,,,,,,,,,,,,,,,,,
recLxa6eLuCJCSevU,2218,recLxa6eLuCJCSevU,2026-06-20T15:18:34.000Z,Sachi,,[null],"[""recqCZv67f0EHyCxQ""]",get_rings.php,,,,,,,,,,,"[""recQnk6kYI5F5qniL""]","[""recwD5rs3h3W6yydK""]",,,,,,,,,,,,,
recLzsSI5ImoRFuuv,1648,recLzsSI5ImoRFuuv,2026-06-11T11:39:22.000Z,Cerveza De Barril,Kyle Dewar,[null],"[""recYUrf4jnJTSnrCY""]",class_oog,Riley Hilliard,"[""recW5c6UYARQVomg8""]","[""Riley""]","[""recVsz59iVCmUI0Nu""]",,,,,,,,,,,,,,,,,,,,,
recM1V8ZmP1ZDK5fp,1029,recM1V8ZmP1ZDK5fp,2026-06-09T23:09:50.000Z,Halo,Alan Korotkin,"[""Paisley""]","[""recJBmmeVg06cGO87""]",class_oog.php,Carsyn Korotkin,"[""recHeQeDK4Lzn635W""]","[""Carsyn""]","[""recFIHTcArQhILyAc""]","[""CWF""]","[""Paisley""]","[""rec3lgsvJOxrR20bh"",""recsTPlmzSoEOJ9PD"",""recsZof39xsbn0zRj""]","[""rec7F7ZnEHLci1GlB"",""recdma1bPcCKzGbCV"",""recHQCqKm33XJKU5o"",""recqtlpbxYq6QYO6G"",""reczOF5Eo76L9zZM0"",""rec60GcqesZeD7lJY"",""recjOslOxJYpGLYFM"",""recXSzKrbvb92SwUN"",""recfToVYu6ghfGrgS""]","[""recNLYJd2cvA0aBEL"",""recZdUHZ5eSv6o7he"",""rechdH3c2hyesd07q""]","[""rec22zBanBrO0RH7L"",""recQADDokz4TUDbui"",""reck2mXnkE7xmGAXX""]","[""recSHejqUZplhtUGj"",""recliQIWkuuj1rXH6""]","[""recgIweXbs9mzj2TF""]","[""recBqkzo836EePbD9"",""recrgGK9Byi6YF2Uv"",""rec878qGco4PCdqpn""]",,,,,,,,,,,,
recM1mGbDxboroFgQ,1297,recM1mGbDxboroFgQ,2026-06-09T23:09:50.000Z,La La Land,Alan Korotkin,"[""La La Land""]","[""recfNblKC4omkLphP""]",class_oog.php,Christina Faninger,"[""recPQoiV65KHQ45rz""]","[""Christina""]","[""recFIHTcArQhILyAc""]","[""CWF""]","[""La La Land""]","[""reckCrRGfMWbbvPkj"",""recUNFjkwJIatKsA5""]",,"[""recb3qmih1jDyoQKG"",""recMiWd0wHfcw2Svv""]","[""recFRJlPD4hXiFt2D"",""recVwJ1Z1qLVmCyeU""]",,,,,,,,,,,,,,,
recM4F3aWl3O07VeU,159,recM4F3aWl3O07VeU,2026-06-09T23:09:50.000Z,S&l Protector,Michael J. Mccormick,[null],"[""recL9tIAr3W6lEa7m""]",class_oog,Ciaran Flynn,"[""rech5IrfxPETA39wn""]","[""Ciaran""]","[""recNsOB5RbtRbnQ37""]",,,,,,,,,,,,,,,,,,,,,
recMDcq9uN5X1rDjh,3031,recMDcq9uN5X1rDjh,2026-06-11T11:39:25.000Z,Ozone Vdl,Patrick R. Wilcher,[null],"[""recqjQpR8NboXB0Yl""]",class_oog.php,Patrick R. Wilcher,"[""rec3gQl0aV9rigp2y""]","[""Patrick""]","[""recU1AQcmSYuCkBtn""]",,,,,,,,,,,,,,,,,,,,,
recMGucKzTW2VvRV4,1988,recMGucKzTW2VvRV4,2026-06-11T11:39:22.000Z,Uphoria Di June,Sarah Gordon,[null],"[""recod3qQD5KoBkjTK""]",class_oog.php,Sarah Gordon,"[""recxoNeIVLQ2TXQhe""]","[""Sarah""]","[""recvco5SyVPeCmXTR""]",,,,,,,,,,,,,,,,,,,,,
recMHkHP94rBg1MfE,2973,recMHkHP94rBg1MfE,2026-06-09T23:09:50.000Z,Khan Of Ballmore,Mari Gromkowski,[null],"[""recsfWRQp1NAMI84S""]",class_oog.php,Mari Gromkowski,"[""recpClmYzvicJYruv""]","[""Mari""]","[""recQexushi8p8Xgll""]",,,,,,,,,,,,,,,,,,,,,
recMIj7GWnsABQF2Q,1822,recMIj7GWnsABQF2Q,2026-06-18T15:03:02.000Z,Prolific,,[null],"[""recUQOPmrNLPOufou""]",get_rings.php,,,,,,,,,,,,,,,,,,,,,,,,,
recMJsHMWsRj3ORHk,229,recMJsHMWsRj3ORHk,2026-06-16T03:40:05.000Z,Gold Du Rouet,Andrew C. Welles,[null],"[""recjEn1VUe6rmsJ6l""]",class_oog,Taylor St Jacques,"[""recfFEe6i6PAEJnMn""]","[""Taylor""]","[""rectc0mHofDhAxAVA""]",,,,,,,,,,,,,,,,,,,,,
recMKzrJ2Q9vgeEPC,1686,recMKzrJ2Q9vgeEPC,2026-06-12T17:24:27.000Z,Hickstead Legend,Jessica Collins,[null],"[""recG7uweZEH4T75hg""]",class_oog,Mason Plaumann,"[""rec4i0yhWAXBUxDNL""]","[""Mason""]","[""recNpo5pbhuzTKAIi""]",,,,,,,,,,,,,,,,,,,,,
recMNRHUI8kmJGhnW,2724,recMNRHUI8kmJGhnW,2026-06-13T01:35:34.000Z,Play Maker,Stephanie King,[null],"[""rec6t3JY3PYLXefAE""]",class_oog,Stephanie King,"[""recgkygxy7DBOBH3M""]","[""Stephanie""]","[""recZ63wDzSxekmuT7""]",,,,,,,,,,,,,,,,,,,,,
recMR6m9Bk1EksRAk,1497,recMR6m9Bk1EksRAk,2026-06-11T11:39:21.000Z,True Love's Kiss,Bibby F. Hill,[null],"[""recV5qdKDuRxh7JQt""]",class_oog.php,Katherine Addington,"[""recjlTvTCF5JyyZhz""]","[""Katherine""]","[""rechIeLAeG0AY6zFc""]",,,,,,,,,,,,,,,,,,,,,
recMVxMSrs3FRRYBF,105,recMVxMSrs3FRRYBF,2026-06-09T23:09:50.000Z,Hopefull Menjoulet,Taylor St Jacques,[null],"[""recDJymEDEhi1CpfZ""]",class_oog,Taylor St Jacques,"[""recfFEe6i6PAEJnMn""]","[""Taylor""]","[""rec7yDpRrnFHdpEyR""]",,,,,,,,,,,,,,,,,,,,,
recMWVCsnuFxNS8t1,1514,recMWVCsnuFxNS8t1,2026-06-09T23:09:50.000Z,Glamour Des Forets,Stephen Dicarlo,[null],"[""recTiq35XKEnjYr4F""]",class_oog,Esme Desautel,"[""rec7A4JPtP8rt44q1""]","[""Esme""]","[""recupQMhsCpx3otEi""]",,,,,,,,,,,,,,,,,,,,,
recMZso9DB7uue7lH,1433,recMZso9DB7uue7lH,2026-06-20T17:19:17.000Z,Zz,,[null],"[""recliixnnYALtfDCx""]",get_rings.php,,,,,,,,,,,,,,,,,,,,,,,,,
recMad1pnvulSXFrt,1226,recMad1pnvulSXFrt,2026-06-19T12:52:13.000Z,Callaway,,[null],"[""recOGo0huZPbl7V1G""]",get_rings.php,,,,,,,,,,,,,,,,,,,,,,,,,
recMemx832jy1SfEr,1691,recMemx832jy1SfEr,2026-06-13T00:10:27.000Z,Quite Clever,Jessica Collins,[null],"[""recVvr3i3orCifh5H""]",class_oog.php,Jessica Collins,"[""rec9AOBY6djC53osc""]","[""Jessica""]","[""recNpo5pbhuzTKAIi""]",,,,,,,,,,,,,,,,,,,,,
recMfB58BvPWlpgal,3208,recMfB58BvPWlpgal,2026-06-20T15:37:13.000Z,Belina,,[null],"[""rec9GneMx40b4DEA4""]",get_rings.php,,,,,,,,,,,,,,,,,,,,,,,,,
recMhBycg7yN8Y4g2,1017,recMhBycg7yN8Y4g2,2026-06-09T23:09:50.000Z,Défi De La Roque,Juan Benítez,[null],"[""recYi8600g3Kjc1Sq""]",class_oog.php,Juan Benítez,"[""recmbNX4piYJQ41A7""]","[""Juan""]","[""reccVab1jS62QQ5la""]",,,,,,,,,,,,,,,,,,,,,
recMilgPtzym5i6uN,3908,recMilgPtzym5i6uN,2026-07-01T16:06:37.000Z,Laguna Beach,,,,get_rings.php,,,,,,,,,,,,,,,,,,,,,,,,,
recMk2zeczItF2s3g,1883,recMk2zeczItF2s3g,2026-06-09T23:09:50.000Z,Untouchable's Unique,Alyssa Venn,[null],"[""recgiv4yhI3KP9VH5""]",class_oog,Dominic Arnold,"[""rec5ifryJ1tg6JsgV""]","[""Dominic""]","[""recvlKnVrjrfAQE3f""]",,,,,,,,,,,,,,,,,,,,,
recMl7T8npEco3A2D,1876,recMl7T8npEco3A2D,2026-06-09T23:09:50.000Z,Churchill Blue,Tara G. Bostwick,[null],"[""recVCZXLZHYtVS0q9""]",class_oog,Reagan Williams,"[""recR2Qqw14ekrhhEb""]","[""Reagan""]","[""recnfUPcKk9Gyyfct""]",,,,,,,,,,,,,,,,,,,,,
recMlcP9J5BfsR5Nh,1294,recMlcP9J5BfsR5Nh,2026-06-11T11:39:23.000Z,The Real Slim Shady,Lindsay Barrack,[null],"[""recaYyJQOHDxaXVWG""]",class_oog,Elleana Bender,"[""recAV58cJTpaxDTN6""]","[""Elleana""]","[""recHOVfz50z5VV3gG""]",,,,,,,,,,,,,,,,,,,,,
recMmaa1g7XCE4aVK,2555,recMmaa1g7XCE4aVK,2026-06-19T13:45:33.000Z,Horizon De Marsois,,[null],"[""recT71ZDlpynTVQZh""]",get_rings.php,,,,,,,,,,,,,,,,,,,,,,,,,
recMstLZCnETX2Z5P,3272,recMstLZCnETX2Z5P,2026-06-18T16:33:47.000Z,Woodlands Smarty Marty,,[null],"[""recllhDW5LOQcBDnF""]",get_rings.php,,,,,,,,,,,,,,,,,,,,,,,,,
recMuGhK4AAprIzD4,2221,recMuGhK4AAprIzD4,2026-06-20T18:48:34.000Z,Varsity Blues,,[null],"[""recjUlyOT3fB6oWAv""]",get_rings.php,,,,,,,,,,,,,,,,,,,,,,,,,
recMuRotnCxQR9iwp,2870,recMuRotnCxQR9iwp,2026-06-12T17:24:27.000Z,Bonne Chance,Angela Gais,[null],"[""rechiQURI0DyDDCqo""]",class_oog,Alexandra Stauffer,"[""recRIMcTnKFY5QT1D""]","[""Alexandra""]","[""recGc5Brn264xxwLl""]",,,,,,,,,,,,,,,,,,,,,
recMw3vZvAvTFLYOW,1774,recMw3vZvAvTFLYOW,2026-06-09T23:09:50.000Z,Endeavor In His Name,Kim Taylor,[null],"[""recjXGoSpmndP1mil""]",class_oog.php,Alyson Jones,"[""rec5eSBDWhpK0tlte""]","[""Alyson""]","[""recMsKXGUQA6BQOth""]",,,,,,,,,,,,,,,,,,,,,
recN0sT2reQTFi1Da,1460,recN0sT2reQTFi1Da,2026-06-09T23:09:50.000Z,Cognac Vh Gebergte Z,Thea N. Stinnett,[null],"[""recB982E0TELXjaLf""]",class_oog.php,Cormac Hanley,"[""recYJZyUDcjmGTPUE""]","[""Cormac""]","[""recfWYHJT3O9VG1TG""]",,,,,,,,,,,,,,,,,,,,,
recN5KhTvL1b6Wxp7,1674,recN5KhTvL1b6Wxp7,2026-06-12T17:24:29.000Z,Koblenz,Juan A. Rodriguez Silva,[null],"[""recEA81YHES7j8aEP""]",class_oog,Ana Cristina Rodriguez,"[""rec6O8cJ48p1djCBY""]","[""Ana""]","[""reclu4ZfxeCUoDgLA""]",,,,,,,,,,,,,,,,,,,,,
recNChyFhnUHd16fW,2916,recNChyFhnUHd16fW,2026-06-18T17:48:40.000Z,Simply Valentino,,[null],"[""recRbjLYYg6NzmV54""]",get_rings.php,,,,,,,,,,,"[""recCUNlsaer2oQjPW""]","[""recNjkg1AHkrXjaXt""]",,,,,,,,,,,,,
recNHVkQ5KFrWoE3n,2306,recNHVkQ5KFrWoE3n,2026-06-12T17:24:27.000Z,Valeo Des Aulnes,Juan Benítez,[null],"[""reci170NmUmzXtOw3""]",class_oog,Amanda Cabel,"[""recPssTPHylHZbouQ""]","[""Amanda""]","[""reccVab1jS62QQ5la""]",,,,,,,,,,,,,,,,,,,,,
recNKgqZa5hxOLbfq,2396,recNKgqZa5hxOLbfq,2026-06-11T11:39:25.000Z,Psj Hana 6,Patrick R. Wilcher,[null],"[""recguRqJ7rOKiuHTB""]",class_oog.php,Elin Mossberg,"[""rect03lMQpTFAs8ti""]","[""Elin""]","[""recU1AQcmSYuCkBtn""]",,,,,,,,,,,,,,,,,,,,,
recNMq45IIW6vAlQY,1002,recNMq45IIW6vAlQY,2026-06-09T23:09:50.000Z,Balou's Paul Ps,Juan Benítez,[null],"[""recCCyLwjd5I1kA86""]",class_oog,Diego Gaspar De Goes,"[""rec1SXsCfn8ggGYct""]","[""Diego""]","[""reccVab1jS62QQ5la""]",,,,,,,,,,,,,,,,,,,,,
recNSanExf7hcOBoM,1700,recNSanExf7hcOBoM,2026-06-09T23:09:50.000Z,Chacoons Bellis Z,Todd D. Minikus,[null],"[""recPO35JA7d1y6oYZ""]",class_oog.php,Todd D. Minikus,"[""recxNEqG5Syb1Sa3u""]","[""Todd""]","[""rec17fXVv4zXio64e""]",,,,,,,,,,,,,,,,,,,,,
recNSqR2GLBH1gzvl,2177,recNSqR2GLBH1gzvl,2026-06-09T23:09:50.000Z,Ata Fe Dulce,Mario Garcia,[null],"[""recPQL6azSpEEvNcS""]",class_oog,Lyla Roberts,"[""rec4QObpXAEMzGjYz""]","[""Lyla""]","[""recgLDs1PX5pujyno""]",,,,,,,,,,,,,,,,,,,,,
recNVaEWSnFbWs024,2529,recNVaEWSnFbWs024,2026-06-11T11:39:23.000Z,Kascaya Z,Gianni Gabrielli,[null],"[""reckjV13gigbihqLO""]",class_oog.php,Miranda Gabrielli,"[""recOkGkqEmmFznq4k""]","[""Miranda""]","[""recBAzsT29cV74CnZ""]",,,,,,,,,,,,,,,,,,,,,
recNfHPg3nWeEtmZe,2988,recNfHPg3nWeEtmZe,2026-06-12T17:24:28.000Z,Hidden Springs Star Attraction,Bibby F. Hill,[null],"[""recVZIGDe0ghJemqC""]",class_oog.php,Bay Hammer,"[""recX08ZCdFPtFNJCN""]","[""Bay""]","[""rechIeLAeG0AY6zFc""]",,,,,,,,,,,,,,,,,,,,,
recNfeoH2LrS54hVE,3043,recNfeoH2LrS54hVE,2026-06-09T23:09:50.000Z,Playground,Jelmer Hoekstra,[null],"[""recN3lMWufee0zhr2""]",class_oog.php,Dorothy Douglas,"[""recrV61WHjIJdaJga""]","[""Dorothy""]","[""recqI6AanH1zv5CGV""]",,,,,,,,,,,,,,,,,,,,,
recNgH57AAv2QuVR2,1217,recNgH57AAv2QuVR2,2026-06-09T23:09:50.000Z,Dream Boat,Megan Wexler,[null],"[""recKp9tNitqO9Eslf""]",class_oog.php,Megan Wexler,"[""recNZdF2y3UymF3hZ""]","[""Megan""]","[""recbDjphoL8qMtSeW""]",,,,,,,"[""rectuJtZXXOni9Zpp"",""reclle8DT6QIfXvJA""]","[""recBe3niBkrdJNbl3"",""recJN1yNwo4CydDQy""]",,"[""recJN1yNwo4CydDQy""]","[""reclle8DT6QIfXvJA""]",,,,,,,,,,
recNhGu8Ypiw7ym9f,1083,recNhGu8Ypiw7ym9f,2026-06-11T11:39:26.000Z,Col De Knolton,Conan Conway,[null],"[""recBaYvEEaZilflVe""]",class_oog,Harper Conway,"[""recZfCUedmN6e4tva""]","[""Harper""]","[""recS9EfEO0iZet31e""]",,,,,,,,,,,,,,,,,,,,,
recNjbOAcTg809hYR,1827,recNjbOAcTg809hYR,2026-06-11T11:39:24.000Z,Frosty Hd,Lia Screnci,[null],"[""recAcezq3hDqF2BUf""]",class_oog.php,Lia Screnci,"[""rec5RnC57daRX7Mi1""]","[""Lia""]","[""rec0eBWOxYRez99HS""]",,,,,,,,,,,,,,,,,,,,,
recNmPji96bx60SCQ,2308,recNmPji96bx60SCQ,2026-06-11T11:39:23.000Z,Sunset's Pirouette,Darragh Kerins,[null],"[""recyU1972ri6tQv5D""]",class_oog,Ada Rose Walker,"[""reclSOb4GWH74Vfnm""]","[""Ada""]","[""recOdyCszUe4VTxPo""]",,,,,,,,,,,,,,,,,,,,,
recNtjRjQXWHrQ5ll,1594,recNtjRjQXWHrQ5ll,2026-06-12T17:24:28.000Z,Nibolensky,Matt Martin,[null],"[""recoIfeCdEj0JuYKM""]",class_oog,Brinley Farr,"[""recQVrVcnghBYOhLX""]","[""Brinley""]","[""recRnYU8EgCMCN4Tl""]",,,,,,,,,,,,,,,,,,,,,
recNuQZgLFZzx6m0C,133,recNuQZgLFZzx6m0C,2026-06-09T23:09:50.000Z,My Diamant,Laura Gaither,[null],"[""recHigUbk8O2rt4YX""]",class_oog.php,Laura Gaither,"[""rec4GU1L6Oa9rB3UW""]","[""Laura""]","[""rec0OHl8PfuMKFsyt""]",,,,,,,,,,,,,,,,,,,,,
recNuRyQtxfcZtq8r,3100,recNuRyQtxfcZtq8r,2026-06-11T11:39:22.000Z,Navigator,Alan Korotkin,"[""Navy""]","[""recVFkxHHmovyJRAf""]",class_oog,Taylor Oakvik,"[""recD4asSzMCiJoxEc""]","[""Taylor""]","[""recFIHTcArQhILyAc""]","[""CWF""]","[""Navy""]",,,,,,,,,,,,,,,,,,,
recNuqtXWZGSWRx9A,1203,recNuqtXWZGSWRx9A,2026-06-13T01:35:34.000Z,Bravada,Jacqueline Green,[null],"[""recvXBygQGBOargml""]",class_oog,Daisy Green,"[""rece4lFbqi3oXjypv""]","[""Daisy""]","[""recCsEeP9dMvgyAPE""]",,,,,,,,,,,,,,,,,,,,,
recNx8OaYNInxl0xh,2527,recNx8OaYNInxl0xh,2026-06-11T11:39:24.000Z,Charme Z,Gianni Gabrielli,[null],"[""rec4o1gsPCeD8j1G5""]",class_oog,Elizabeth Epstein,"[""rectBTk6pw8bsCI9z""]","[""Elizabeth""]","[""recBAzsT29cV74CnZ""]",,,,,,,"[""reclLQasHiSv5Uu7L""]","[""recrMDdK470iva8qD""]",,,,,,,,,,,,,
recO1lIzShqVic8Dq,205,recO1lIzShqVic8Dq,2026-06-15T13:18:54.000Z,Charlie Ps,Jelmer Hoekstra,[null],"[""recSuGiwpmYEjdjVJ""]",class_oog,Emma Brody,"[""rectjEJjeGHseZX7L""]","[""Emma""]","[""recqI6AanH1zv5CGV""]",,,,,,,,,,,,,,,,,,,,,
recO3hLn5uglih1kS,2872,recO3hLn5uglih1kS,2026-07-01T12:12:33.000Z,Z Van't Ruytershof,,,,get_rings.php,,,,,,,,,,,"[""recQbDhfD7h9XtJfh""]",,,,"[""recQbDhfD7h9XtJfh""]",,,,,,,,,,
recO3sBM1Ej8rFE5M,2199,recO3sBM1Ej8rFE5M,2026-06-09T23:09:50.000Z,Tobias Van Kreyel Mc,Sharn L. Wordley,[null],"[""rec584hR7QhYVM0Dy""]",class_oog.php,Lauren Balcomb,"[""recJmjHzdDwvZl5mz""]","[""Lauren""]","[""recqmThVFmsIM6E8t""]",,,,,,,,,,,,,,,,,,,,,
recO6KU4WirqGei7w,1586,recO6KU4WirqGei7w,2026-06-11T11:39:23.000Z,Castlefield Dream,Captain Brian Cournane,[null],"[""recsKkiNg0lfLi4MY""]",class_oog.php,Captain Brian Cournane,"[""rec9bdGQgGu9zWiEQ""]","[""Captain""]","[""recclCEkrFrjDDv36""]",,,,,,,,,,,,,,,,,,,,,
recOAX1RDtyWEjryg,1071,recOAX1RDtyWEjryg,2026-06-11T19:21:29.000Z,Tolu,Daniela Roy,[null],"[""rec2gtsrG7rYcCOdd""]",class_oog,Sara Lopez,"[""rec3PaVo95svCEkcx""]","[""Sara""]","[""rec2F4zRJZGDzG0M2""]",,,,,,,,,,,,,,,,,,,,,
recOB0gvl9ol4FFKr,199,recOB0gvl9ol4FFKr,2026-06-15T13:18:54.000Z,Jantien De Muze,Maya Denis,[null],"[""recGmPubDpsiWp8Rm""]",class_oog,Maya Denis,"[""rec3BxcQLNZKJwRBi""]","[""Maya""]","[""rec1yYXh3xuiGBsAr""]",,,,,,,,,,,,,,,,,,,,,
recODNwf8fCzBc7jj,1129,recODNwf8fCzBc7jj,2026-06-20T12:37:13.000Z,Monarca,,[null],"[""recx2V3c69ceX6V3n""]",get_rings.php,,,,,,,,,,,,,,,,,,,,,,,,,
recODusAFzSnsCmKQ,3230,recODusAFzSnsCmKQ,2026-06-20T19:42:37.000Z,C�te D'or,,[null],"[""recmaZdOkwcdFEdx5""]",get_rings.php,,,,,,,,,,,,,,,,,,,,,,,,,
recOMmK8MSH3g7A94,2002,recOMmK8MSH3g7A94,2026-06-11T11:39:24.000Z,Lolita Z,Raishun Burch,[null],"[""recPzJd0N3xIhHeyD""]",class_oog,Sienna Jones,"[""recPdCUxo8dHxOsst""]","[""Sienna""]","[""rec5VNiNYnXVAnanj""]",,,,,,,,,,,,,,,,,,,,,
recOQJY6MEQg7VRgJ,2162,recOQJY6MEQg7VRgJ,2026-06-09T23:09:50.000Z,Paulownia,Josh Dolan,[null],"[""rec9AP3HlVMforLnk""]",class_oog.php,Josh Dolan,"[""recPMAhk7mQkCWVJk""]","[""Josh""]","[""recYSQRJjZGVMtbrM""]",,,,,,,,,,,,,,,,,,,,,
recOYTNI1gtAOSfii,1007,recOYTNI1gtAOSfii,2026-06-20T15:55:12.000Z,Light It Up,,[null],"[""rec43MAI2AvIMwRsl""]",get_rings.php,,,,,,,,,,,"[""recztavrGWMC21Xu3""]","[""recyIjwjUsfYBuKpQ""]",,,,,,,,,,,,,
recOfLdHsiYbcIuT8,1455,recOfLdHsiYbcIuT8,2026-06-09T23:09:50.000Z,Phoenix Air,Dawn Hersey,[null],"[""rec0sJ3zC0hY0vDtR""]",class_oog.php,Lanie Nash,"[""recJA1B7ysTElfU5j""]","[""Lanie""]","[""recXocXm551bESpPa""]",,,,,,,,,,,,,,,,,,,,,
recOh6WROWngbwipw,1891,recOh6WROWngbwipw,2026-06-18T16:33:47.000Z,Cara Mia,,[null],"[""recCBRLYJ72DQJ2xh""]",get_rings.php,,,,,,,,,,,,,,,,,,,,,,,,,
recOj7oe5IWRqLGu4,1327,recOj7oe5IWRqLGu4,2026-06-09T23:09:50.000Z,Online,Clark Montgomery,[null],"[""recHRYBwO3bICm8zy""]",class_oog.php,Clark Montgomery,"[""recsqboni2em23Dth""]","[""Clark""]","[""recXxIrcwPWBKHaoC""]",,,,,,,,,,,,,,,,,,,,,
recOlHBWITPhZK4g5,1735,recOlHBWITPhZK4g5,2026-06-09T23:09:50.000Z,Cachaca Pitu Lhf,Marcus Gruenthal,[null],"[""recqcYXMX1DI8cqj1""]",class_oog.php,Marcus Gruenthal,"[""rec6eqb0fBJcoRHZU""]","[""Marcus""]","[""rec4KAl96j0uH9if9""]",,,,,,,,,,,,,,,,,,,,,
recOlVHFYzhGze1e4,2991,recOlVHFYzhGze1e4,2026-06-12T17:24:28.000Z,San Cristobal,Elizabeth D. Blaisdell,[null],"[""reccptd0LAteUiUok""]",class_oog,Ella Jane Blaisdell,"[""recuXMRmQaiViYiGM""]","[""Ella""]","[""recYw9kALEWzAkVln""]",,,,,,,,,,,,,,,,,,,,,
recOpcMSGzNAaHJ87,2733,recOpcMSGzNAaHJ87,2026-06-09T23:09:50.000Z,Balisto,Joachim Englert,[null],"[""recvYZlQqAZpnWNKo""]",class_oog.php,Maya Denis,"[""rec3BxcQLNZKJwRBi""]","[""Maya""]","[""recUuNz0eo9E9uBRD""]",,,,,,,,,,,,,,,,,,,,,
recOpmNMHcQpdCtC9,1522,recOpmNMHcQpdCtC9,2026-06-09T23:09:50.000Z,Calid 3,Jake Evans,[null],"[""recxrIuScJmdsHpEp""]",class_oog.php,Jake Evans,"[""recKyS0g5eEgkhboQ""]","[""Jake""]","[""recSXiCPwDmQ76cuQ""]",,,,,,,,,,,,,,,,,,,,,
recOrQbqhd52tVKex,2004,recOrQbqhd52tVKex,2026-06-11T11:39:25.000Z,Apollo,Ashley Romano,[null],"[""rec75sEswzXRhWCry""]",class_oog.php,Ashley Romano,"[""recHgg15iR1gmE3se""]","[""Ashley""]","[""recJyvaqZ3spBq50v""]",,,,,,,,,,,,,,,,,,,,,
recOy3ctcaxKys2cW,2840,recOy3ctcaxKys2cW,2026-06-09T23:09:50.000Z,Gabriella T,Andras Szieberth,[null],"[""recPSF3nOcnXpjVjX""]",class_oog,Mary Collier Pope,"[""reczCzo5iiSfHV7ul""]","[""Mary""]","[""recIKurBKhyE9TxmA""]",,,,,,,,,,,,,,,,,,,,,
recP069o09wRfHVzl,2609,recP069o09wRfHVzl,2026-06-11T11:39:24.000Z,Numero Dos,Jasmine Walsh,[null],"[""recNWMRMAQy4ZOXRW""]",class_oog,Peyton Krumin,"[""recSpZwBDTYVDdVOK""]","[""Peyton""]","[""recI1AZhpQDfY3cRY""]",,,,,,,,,,,,,,,,,,,,,
recP6lQmxUMAGVJMs,2885,recP6lQmxUMAGVJMs,2026-06-09T23:09:50.000Z,Official First Hj Z,Ryan Michael Genn,[null],"[""rec6hlLugT5cf84pr""]",class_oog.php,Ryan Michael Genn,"[""recxzzbGbfXwvPmbw""]","[""Ryan""]","[""rec1uM1UghdnlA4Hq""]",,,,,,,,,,,,,,,,,,,,,
recP9GX2qUvMfVRfh,1624,recP9GX2qUvMfVRfh,2026-06-19T16:09:48.000Z,Benetton Rvp,,[null],"[""recXgNEW6d9zFzZSF""]",get_rings.php,,,,,,,,,,,,,,,,,,,,,,,,,
recP9krIgQmy0my4R,1307,recP9krIgQmy0my4R,2026-06-19T11:39:33.000Z,On My Way,,[null],"[""recXgEBcC5R2RD68l""]",get_rings.php,,,,,,,,,,,,,,,,,,,,,,,,,
recPIAO5BCqqtYyO8,2009,recPIAO5BCqqtYyO8,2026-06-19T12:52:13.000Z,Lillet Wildberry,,[null],"[""recwbgQFp5QWi6C0U""]",get_rings.php,,,,,,,,,,,,,,,,,,,,,,,,,
recPJ6YvbKjAIesqL,1461,recPJ6YvbKjAIesqL,2026-06-21T12:36:50.000Z,Cornerado Vdl,,[null],"[""recuvWKoA3EESjqHn""]",get_rings.php,,,,,,,,,,,,,,,,,,,,,,,,,
recPO0LJIpCgiyGYx,146,recPO0LJIpCgiyGYx,2026-06-09T23:09:50.000Z,Tulara Cascara,Ben Taylor,[null],"[""recfYTTjfDAsazjDL""]",class_oog.php,Aaron Vale,"[""rec4xmt1vJjON38j0""]","[""Aaron""]","[""recmTGLWfZLnyH6TK""]",,,,,,,,,,,,,,,,,,,,,
recPOYwljVGxMKLTP,1287,recPOYwljVGxMKLTP,2026-06-13T01:35:34.000Z,Whata Heart Throb,Katie Moniz Floyd,[null],"[""recuIFrsrZvUsdCLE""]",class_oog,Kimberly Ewing,"[""rec66VzhNh321sG4u""]","[""Kimberly""]","[""recPMskDVL2pcUFPb""]",,,,,,,,,,,,,,,,,,,,,
recPT54BMP2hZ2LYD,1959,recPT54BMP2hZ2LYD,2026-06-11T11:39:24.000Z,Neisha,Luciano Dome,[null],"[""rec911JSQBdvmEcZU""]",class_oog.php,Sarah Kraemer,"[""recmKdF508Few61hD""]","[""Sarah""]","[""recjYsJmAKVPUAG2i""]",,,,,,,,,,,,,,,,,,,,,
recPV22xSTSD1xxxA,2285,recPV22xSTSD1xxxA,2026-06-20T16:42:38.000Z,Belichick,,[null],"[""rec8JbGb471CWYXud""]",get_rings.php,,,,,,,,,,,"[""recugH7ud9RUBR8QT""]","[""recTyhIkA3dvZW64V""]",,,,,,,,,,,,,
recPYtOlXEMAgy51Q,1946,recPYtOlXEMAgy51Q,2026-06-12T17:24:28.000Z,Kashmir,Casey M. Millis,[null],"[""rec8gyq6rP2NUKN64""]",class_oog,Casey M. Millis,"[""recNzSUHTpZtd7NWZ""]","[""Casey""]","[""recBrEtNpXmVIRzK3""]",,,,,,,,,,,,,,,,,,,,,
recPb4ipSH8fEIbIM,3499,recPb4ipSH8fEIbIM,2026-07-01T17:25:51.000Z,Rimbalzare Va,,,,get_rings.php,,,,,,,,,,,,,,,,,,,,,,,,,
recPerTCQD2I9qkKg,1086,recPerTCQD2I9qkKg,2026-06-09T23:09:50.000Z,It Is West,Conan Conway,[null],"[""recSHkoqwTDCG2atQ""]",class_oog.php,Rebecca Conway,"[""recsO1C4R1X36JbFl""]","[""Rebecca""]","[""recS9EfEO0iZet31e""]",,,,,,,,,,,,,,,,,,,,,
recPiw2ep6uP6wRTx,2558,recPiw2ep6uP6wRTx,2026-06-12T17:24:27.000Z,Citizen Blue,Spencer Brittan,[null],"[""recsMbuOUWCeE4DCV""]",class_oog.php,Kimberly Blake Roth,"[""rec2xuBuBfqg5ZicM""]","[""Kimberly""]","[""recqByBk0EpjI9rLn""]",,,,,,,,,,,,,,,,,,,,,
recPiy0rzjsL2Rsre,1336,recPiy0rzjsL2Rsre,2026-06-09T23:09:50.000Z,Dorothea Mystic Rose,Juan M. Bolanos,[null],"[""recVVNfB9ljJk8D1E""]",class_oog.php,Juan M. Bolanos,"[""reckMRVODtVnrCtbb""]","[""Juan""]","[""reciQqSfWbMiP5zxf""]",,,,,,,,,,,,,,,,,,,,,
recPkDXCz5fooby5m,2072,recPkDXCz5fooby5m,2026-06-09T23:09:50.000Z,O'Quality Z,Kyle Dewar,[null],"[""rec3lPXo3qPlqr6jF""]",class_oog,Jenna Wentroth,"[""rec2wAS2YrbXNmcut""]","[""Jenna""]","[""recVsz59iVCmUI0Nu""]",,,,,,,,,,,,,,,,,,,,,
recPkfOIzHbqYJLLy,183,recPkfOIzHbqYJLLy,2026-06-15T13:18:54.000Z,Cicero Hs,Kris Killam,[null],"[""reccfkrXWlVOJsDCJ""]",class_oog,Audrey Muscari,"[""recrBFGCYWQJ3r8F0""]","[""Audrey""]","[""recu6ryZgZnbr8Vbq""]",,,,,,,,,,,,,,,,,,,,,
recPmzZUk6IzAwcX0,2571,recPmzZUk6IzAwcX0,2026-06-11T11:39:22.000Z,Snap Chat,Taylor St Jacques,[null],"[""recLVfTqAUfqSa8cw""]",class_oog.php,Taylor St Jacques,"[""recfFEe6i6PAEJnMn""]","[""Taylor""]","[""rec7yDpRrnFHdpEyR""]",,,,,,,,,,,,,,,,,,,,,
recPn4rsgZJufengs,1596,recPn4rsgZJufengs,2026-06-12T17:24:28.000Z,Canonboy Keraudry Z,Daniela Roy,[null],"[""recjDejLtkc1RGo3W""]",class_oog,Tatjana Almeida,"[""receuTpQmC2SBCNfl""]","[""Tatjana""]","[""rec2F4zRJZGDzG0M2""]",,,,,,,,,,,,,,,,,,,,,
recPqk1gcpeR3OmWa,123,recPqk1gcpeR3OmWa,2026-06-09T23:09:50.000Z,Cordis Totalis Z,Selcuk Koksalan,[null],"[""recaQ8dhzivxw7nNi""]",class_oog.php,Selcuk Koksalan,"[""recrxStYnnbtC31mN""]","[""Selcuk""]","[""recuv8jdRvTVv1a9Z""]",,,,,,,,,,,,,,,,,,,,,
recPs89Jz6WyzBvdm,1058,recPs89Jz6WyzBvdm,2026-06-11T11:39:26.000Z,Face The Stars,Daniela Roy,[null],"[""rec1sxECv59okPl0g""]",class_oog,Abigail Sterling,"[""recivIS48AouxAUBQ""]","[""Abigail""]","[""rec2F4zRJZGDzG0M2""]",,,,,,,,,,,,,,,,,,,,,
recPtjIrAj2aGAHxY,1184,recPtjIrAj2aGAHxY,2026-06-11T11:39:24.000Z,Cumulonimbus,Stephanie Free,[null],"[""recarF7ZNDFQFYvoE""]",class_oog.php,Reagan Brown,"[""recaRgvYZE0TBZ6VR""]","[""Reagan""]","[""recBVRfeR9i4COiwE""]",,,,,,,,,,,,,,,,,,,,,
recQ08GxtyZiioC8f,2078,recQ08GxtyZiioC8f,2026-06-09T23:09:50.000Z,Lissino,Darragh Kerins,[null],"[""reckkGnx82VPHVYaX""]",class_oog.php,Khloe Kerins,"[""rec07LS8TvgJcQ6tb""]","[""Khloe""]","[""recOdyCszUe4VTxPo""]",,,,,,,,,,,,,,,,,,,,,
recQ0igUe5Q77bG81,3179,recQ0igUe5Q77bG81,2026-06-20T19:07:15.000Z,Gorgeous Greta,,[null],"[""recAQ3nGTTz06dAVg""]",get_rings.php,,,,,,,,,,,,,,,,,,,,,,,,,
recQ1Kstofjb9fnXH,1479,recQ1Kstofjb9fnXH,2026-06-11T11:39:22.000Z,Jajadiva,Lesley Grant-Law,[null],"[""rec2Kztr2b9bCKZWx""]",class_oog.php,Lesley Grant-Law,"[""recIF0LG8oHnJvWAU""]","[""Lesley""]","[""recSN4WGiXjlJgPc6""]",,,,,,,,,,,,,,,,,,,,,
recQ1bnNgpGfjjO3F,2750,recQ1bnNgpGfjjO3F,2026-06-18T14:15:38.000Z,Ojos Verdes Dandy Chica Under,,[null],"[""recfPB1crQf2LYniv""]",get_rings.php,,,,,,,,,,,,,,,,,,,,,,,,,
recQ7HnsEnibn4AGr,2985,recQ7HnsEnibn4AGr,2026-06-09T23:09:50.000Z,Vdl Masque-Unea,Savannah Groselle,[null],"[""recsLq3QJpe0I91E1""]",class_oog.php,Savannah Groselle,"[""recTbPPrT5MS4uV32""]","[""Savannah""]","[""recGAk78qKHuklkI5""]",,,,,,,,,,,,,,,,,,,,,
recQ8smWGjQ46Uxma,192,recQ8smWGjQ46Uxma,2026-06-15T13:18:53.000Z,Gucci,Sydney Rowland,[null],"[""rec75vZjBWwbTd4Gl""]",class_oog,Della White,"[""recxgbLwO4GonAr53""]","[""Della""]","[""recFsMRQIqS8lWRWR""]",,,,,,,,,,,,,,,,,,,,,
recQBQoJ1XqG7D9zR,2834,recQBQoJ1XqG7D9zR,2026-06-09T23:09:50.000Z,Hercules,Mario Garcia,[null],"[""recKsKbcYKcRdmK7X""]",class_oog,Maya Allhusen,"[""recPq12kGtlUnKNeW""]","[""Maya""]","[""recgLDs1PX5pujyno""]",,,,,,,,,,,,,,,,,,,,,
recQBcW7clyHLcXmK,196,recQBcW7clyHLcXmK,2026-06-15T13:18:54.000Z,Ferdita,Juan A. Rodriguez Silva,[null],"[""recacQg6LsfABw3mV""]",class_oog,Ana Cristina Rodriguez,"[""rec6O8cJ48p1djCBY""]","[""Ana""]","[""reclu4ZfxeCUoDgLA""]",,,,,,,,,,,,,,,,,,,,,
recQCUi9gMth3vZD2,1587,recQCUi9gMth3vZD2,2026-06-09T23:09:50.000Z,Dominance Z,Captain Brian Cournane,[null],"[""recGM6SqPGsYdfkoo""]",class_oog.php,Captain Brian Cournane,"[""rec9bdGQgGu9zWiEQ""]","[""Captain""]","[""recclCEkrFrjDDv36""]",,,,,,,,,,,,,,,,,,,,,
recQElW6T9mPWiDeT,2675,recQElW6T9mPWiDeT,2026-06-18T16:04:13.000Z,Stargazing,,[null],"[""recE258t2fN2yVYDV""]",get_rings.php,,,,,,,,,,,,,,,,,,,,,,,,,
recQFKovks5uOznMN,226,recQFKovks5uOznMN,2026-06-16T03:40:07.000Z,Kinmar Quality Hero,Alan Korotkin,"[""Kinmar""]","[""rec9UjGawtgR3NdhA""]",class_oog,Tanner Korotkin,"[""rececJFgkUViuuW0F""]","[""Tanner""]","[""recFIHTcArQhILyAc""]","[""CWF""]","[""Kinmar""]",,,,,,,,,,,,,,,,,,,
recQGYH4BgQy9zVf9,1821,recQGYH4BgQy9zVf9,2026-06-18T12:16:01.000Z,Chaqui's Girl Z,,[null],"[""recdWj1SvHZj7krhy""]",get_rings.php,,,,,,,,,,,,,,,,,,,,,,,,,
recQGfgR7p6R2czNJ,3025,recQGfgR7p6R2czNJ,2026-06-21T13:36:51.000Z,Bluegrass Genuine Risk,,[null],"[""recEfEDh6BuNtGCNE""]",get_rings.php,,,,,,,,,,,,,,,,,,,,,,,,,
recQGvjw92VWHTcTV,2201,recQGvjw92VWHTcTV,2026-06-13T01:35:34.000Z,Diablo,Luciano Dome,[null],"[""recDQEfPh2h3Q33rW""]",class_oog,Stella Kraemer,"[""rec0G59EnQRnDao5X""]","[""Stella""]","[""recjYsJmAKVPUAG2i""]",,,,,,,,,,,,,,,,,,,,,
recQIGIc8cE2pgwWI,1771,recQIGIc8cE2pgwWI,2026-06-11T11:39:24.000Z,Bona Fide,Brooke Eddy,[null],"[""recHA1XH3iVUvV58m""]",class_oog.php,Brooke Eddy,"[""rec45xeSyRTpyJ2zV""]","[""Brooke""]","[""reclpyjsxImYb6Ul2""]",,,,,,,,,,,,,,,,,,,,,
recQKRRPsv4UmJwLN,2090,recQKRRPsv4UmJwLN,2026-06-09T23:09:50.000Z,Boozeman Na,Andrew C. Welles,[null],"[""recUmtfePV5ddCIPw""]",class_oog.php,Andrew C. Welles,"[""recBVfnQM8nNbbdxu""]","[""Andrew""]","[""rectc0mHofDhAxAVA""]",,,,,,,,,,,,,,,,,,,,,
recQQNSRvgx8fEVqj,1036,recQQNSRvgx8fEVqj,2026-06-11T11:39:24.000Z,Indigo Van De Muggenhoek,Alan Korotkin,"[""Indy""]","[""recI42t09rbvMcyno""]",class_oog.php,Carsyn Korotkin,"[""recHeQeDK4Lzn635W""]","[""Carsyn""]","[""recFIHTcArQhILyAc""]","[""CWF""]","[""Indy""]","[""recpcezkPwrreMoyq""]",,"[""recindKg93HLreIKu""]","[""rec4DJCGowqFOFdU5""]",,,,,,,,,,,,,,,
recQUJzVTnwF3CiJW,1054,recQUJzVTnwF3CiJW,2026-06-11T11:39:24.000Z,Celine Db Z,Daniela Roy,[null],"[""reclqu43uXHbMrx2f""]",class_oog,Mia Felipe,"[""recnzaHCIumNpAjr4""]","[""Mia""]","[""rec2F4zRJZGDzG0M2""]",,,,,,,,,,,,,,,,,,,,,
recQUhxttilVTEAXi,2705,recQUhxttilVTEAXi,2026-06-11T11:39:22.000Z,Nitemoves,Dana G. Waters,[null],"[""recqlOr6InLW8OcZ6""]",class_oog,Hayley G. Waters Wear,"[""recLFMHh1Qpy7gpgf""]","[""Hayley""]","[""recC9TviwdEjxgABW""]",,,,,,,,,,,,,,,,,,,,,
recQadhnwp62oGhc1,1668,recQadhnwp62oGhc1,2026-06-11T11:39:22.000Z,Goodgraf,Juan A. Rodriguez Silva,[null],"[""recmkdZlIpgn2WpHl""]",class_oog,Lenir Perez,"[""recTzVdXN2lQX7IZJ""]","[""Lenir""]","[""reclu4ZfxeCUoDgLA""]",,,,,,,,,,,,,,,,,,,,,
recQay4lUnB4pRhOZ,1213,recQay4lUnB4pRhOZ,2026-06-12T17:24:27.000Z,Gof Casamigos,Megan Wexler,[null],"[""reciEeSgJNDYwsk9v""]",class_oog.php,Megan Wexler,"[""recNZdF2y3UymF3hZ""]","[""Megan""]","[""recbDjphoL8qMtSeW""]",,,,,,,"[""recKZJtd4JKxwD9kV""]",,,,"[""recKZJtd4JKxwD9kV""]",,,,,,,,,,
recQefzWA7zkHVhfY,2360,recQefzWA7zkHVhfY,2026-06-09T23:09:50.000Z,Cassaderra Na,Taryn M. Adamy,[null],"[""recLwMDICqwy0PnEc""]",class_oog.php,Taryn M. Adamy,"[""recIiT6acuIgcj2Mm""]","[""Taryn""]","[""reccnhZlVCHJXjTVi""]",,,,,,,,,,,,,,,,,,,,,
recQgzW00V8UL9jDG,2822,recQgzW00V8UL9jDG,2026-06-09T23:09:50.000Z,Chabluevara Ps,Ryan Michael Genn,[null],"[""recdwSoPWFOXJFw5k""]",class_oog.php,Ryan Michael Genn,"[""recxzzbGbfXwvPmbw""]","[""Ryan""]","[""rec1uM1UghdnlA4Hq""]",,,,,,,,,,,,,,,,,,,,,
recQiGG8bUwdhs9Th,2189,recQiGG8bUwdhs9Th,2026-06-09T23:09:50.000Z,Indianapolis,Ivy Nyberg,[null],"[""recL9EZdGQk2oSxYz""]",class_oog.php,Ivy Nyberg,"[""recStDHonwdQtwWja""]","[""Ivy""]","[""recFYFjihQUcBvh6P""]",,,,,,,,,,,,,,,,,,,,,
recQisO5xtuWBm2O6,2824,recQisO5xtuWBm2O6,2026-06-09T23:09:50.000Z,Dame Bruchetta Z,Ryan Michael Genn,[null],"[""recAWz5tOQQ2B2IlN""]",class_oog.php,Kitt Ritter,"[""recjmkO8nfWJ8eRTr""]","[""Kitt""]","[""rec1uM1UghdnlA4Hq""]",,,,,,,,,,,,,,,,,,,,,
recQoysjcAG0qyHVc,2800,recQoysjcAG0qyHVc,2026-06-12T03:10:20.000Z,Watchusayin,Rob Billings,[null],"[""recL7BjnccTJbLaxF""]",class_oog.php,Grayson Moore,"[""recK4EsxpaJjX3LUB""]","[""Grayson""]","[""recHNjiHOpvxP5N0r""]",,,,,,,,,,,,,,,,,,,,,
recQtqCuhjUD3zjO6,1264,recQtqCuhjUD3zjO6,2026-06-10T14:40:39.000Z,Elocia,Ben Taylor,[null],"[""recSi1JQHq46yEy28""]",class_oog,Mya Carrico,"[""recMVQ94M8BVWywgu""]","[""Mya""]","[""recmTGLWfZLnyH6TK""]",,,,,,,,,,,,,,,,,,,,,
recQvAK9J6jkpyCVI,2978,recQvAK9J6jkpyCVI,2026-06-09T23:09:50.000Z,Toussant,Helen Goddard,[null],"[""recKtvM0TTe4beUJy""]",class_oog.php,Helen Goddard,"[""recVqgz5Pcd0lDWMD""]","[""Helen""]","[""recDrdlgXZrGchjA6""]",,,,,,,,,,,,,,,,,,,,,
recQvWDwga9UpZqB7,3190,recQvWDwga9UpZqB7,2026-06-13T01:35:34.000Z,Piebra Filibustero,Gianni Gabrielli,[null],"[""recfoL7MUlqgZMTqp""]",class_oog,Asuni Zamudio,"[""recKdlBZESMpynqTs""]","[""Asuni""]","[""recBAzsT29cV74CnZ""]",,,,,,,,,,,,,,,,,,,,,
recR3IdUau2yzKVNC,3403,recR3IdUau2yzKVNC,2026-06-18T12:45:43.000Z,Where's The Fun?!,,[null],"[""recj0A39FS4a8mBWb""]",get_rings.php,,,,,,,,,,,,,,,,,,,,,,,,,
recR3W8k6i3qacHOC,200,recR3W8k6i3qacHOC,2026-06-15T13:18:54.000Z,Copabella Voltage,David Cameron,[null],"[""recGwZ8itiKMPIn8L""]",class_oog,Georgia Bouzaid,"[""recZ5EwnPE36HTiXi""]","[""Georgia""]","[""recV9UeEpcw6UDEM9""]",,,,,,,,,,,,,,,,,,,,,
recR7HhkrDqKCc30u,3228,recR7HhkrDqKCc30u,2026-06-21T15:03:56.000Z,Epa Fionn,,[null],"[""rec7c074PNgOa6klO""]",get_rings.php,,,,,,,,,,,,,,,,,,,,,,,,,
recRHVJ2gqfIym4cq,1073,recRHVJ2gqfIym4cq,2026-06-12T17:24:27.000Z,Zamba,Daniela Roy,[null],"[""recmvMfOCA74e8HNY""]",class_oog,Campbell Cobb,"[""recbYvaGOoKCR5aok""]","[""Campbell""]","[""rec2F4zRJZGDzG0M2""]",,,,,,,"[""recDK02QCFkBdfaRe""]","[""recqTInHJm6BDRAnS""]",,,,,,,,,,,,,
recRJcobFH0FGTx45,3018,recRJcobFH0FGTx45,2026-06-09T23:09:50.000Z,Corzico Melloni Z,Jelmer Hoekstra,[null],"[""recErv7pTR8z8H9yo""]",class_oog.php,Dorothy Douglas,"[""recrV61WHjIJdaJga""]","[""Dorothy""]","[""recqI6AanH1zv5CGV""]",,,,,,,"[""recIpkDl8ImtOOOtU""]","[""rec5lVhpIkFfuytLw""]",,"[""rec5lVhpIkFfuytLw""]","[""recIpkDl8ImtOOOtU""]",,,,,,,,,,
recRNP3eMAyRJEFMu,1190,recRNP3eMAyRJEFMu,2026-06-11T11:39:25.000Z,Talk To Me,Stephanie Free,[null],"[""recOBj8vcvUSV1G9z""]",class_oog.php,Kendall King,"[""rec2kTgEMh08Ob6b3""]","[""Kendall""]","[""recBVRfeR9i4COiwE""]",,,,,,,,,,,,,,,,,,,,,
recROXckIZdYxVSgq,167,recROXckIZdYxVSgq,2026-06-15T13:18:53.000Z,Casamigos,Diego Bedoya,[null],"[""rec8NOjTkFoEPrO0Z""]",class_oog,Diego Bedoya,"[""recDO1ZAzYfy82SNU""]","[""Diego""]","[""reciZDolH9q1XcQGD""]",,,,,,,,,,,,,,,,,,,,,
recRPfRo59FcQb68k,1216,recRPfRo59FcQb68k,2026-06-11T11:39:26.000Z,Crimson Tide,Megan Wexler,[null],"[""reciepx4wxOC09KnY""]",class_oog,Lucy Wexler,"[""rec7Ut45GWfXhOC1M""]","[""Lucy""]","[""recbDjphoL8qMtSeW""]",,,,,,,,,,,,,,,,,,,,,
recRPs1ydxqIDjEOg,152,recRPs1ydxqIDjEOg,2026-06-09T23:09:50.000Z,Gradje O,Samuel Parot,[null],"[""recuzitVFFi8AmZ40""]",class_oog.php,Samuel Parot,"[""recUXk1rCTBLl3j4S""]","[""Samuel""]","[""recnutMCbWmttrhyI""]",,,,,,,,,,,,,,,,,,,,,
recRUZRcJvzoor1Iu,1335,recRUZRcJvzoor1Iu,2026-06-12T17:24:27.000Z,Comeback De La Manade,Juan M. Bolanos,[null],"[""recL9s2dmd5f6zb7Z""]",class_oog.php,Graciela Bolanos,"[""reczaezaIlujYbict""]","[""Graciela""]","[""reciQqSfWbMiP5zxf""]",,,,,,,,,,,,,,,,,,,,,
recRUmhoOe0gPinCh,119,recRUmhoOe0gPinCh,2026-06-09T23:09:50.000Z,Diamond Rbc Z,Jenna P. Friedman-Lopez,[null],"[""recb06EzEhRXoWKfE""]",class_oog.php,Jenna P. Friedman-Lopez,"[""recNlymSrDpNu9n0h""]","[""Jenna""]","[""rec3Zk0aiDpx2KX0O""]",,,,,,,,,,,,,,,,,,,,,
recRXCkXOj4xe7cxs,2041,recRXCkXOj4xe7cxs,2026-07-01T16:06:37.000Z,Qatar Rouge,,,,get_rings.php,,,,,,,,,,,,,,,,,,,,,,,,,
recRYg0YIM8JzWYG8,3042,recRYg0YIM8JzWYG8,2026-06-12T17:24:28.000Z,Makuna,Savannah Groselle,[null],"[""recVJE5vN5qq6I9DS""]",class_oog.php,Savannah Groselle,"[""recTbPPrT5MS4uV32""]","[""Savannah""]","[""recGAk78qKHuklkI5""]",,,,,,,,,,,,,,,,,,,,,
recRZNv8l8lpqrl18,3154,recRZNv8l8lpqrl18,2026-06-12T17:24:27.000Z,Chardonnay,Tammy Blanchette,[null],"[""recdKcSqDpopwsIiG""]",class_oog.php,Robert Blanchette,"[""recPnQqnbJEkMT3dY""]","[""Robert""]","[""recDlEaFgkwZNWGL7""]",,,,,,,,,,,,,,,,,,,,,
recRg11BQ0Q6CMESR,2095,recRg11BQ0Q6CMESR,2026-06-11T11:39:23.000Z,Nexstar-Lh,Andrew C. Welles,[null],"[""recMhgwi3o4wKYxBv""]",class_oog.php,Chandler Robinson,"[""recHQrH3ARzcwckou""]","[""Chandler""]","[""rectc0mHofDhAxAVA""]",,,,,,,,,,,,,,,,,,,,,
recRhFjbDRMY2A7QM,1049,recRhFjbDRMY2A7QM,2026-06-09T23:09:50.000Z,Vote For Pedro,Alan Korotkin,"[""Pedro""]","[""recSN2ubuLOEooD86""]",class_oog,Aria Waxman,"[""recEbcgaKc5Dpkk1Q""]","[""Aria""]","[""recFIHTcArQhILyAc""]","[""CWF""]","[""Pedro""]","[""reclaNUVVaxj46Vp5"",""rechV7POobAjU5Gny""]",,"[""recucXBBlgOQJVjOw"",""recivOon4P74tJCna""]","[""rec8kcPgE2l4YnsSV"",""rechXcADkJGGs5BvI""]",,,,,,,,,,,,,,,
recRoJAbrPShJIYyt,1402,recRoJAbrPShJIYyt,2026-06-18T17:34:15.000Z,Spider Van D Hemelse Breedte,,[null],"[""recoE6HySLfJxCXKi""]",get_rings.php,,,,,,,,,,,,,,,,,,,,,,,,,
recRproOFAZVL30I8,1580,recRproOFAZVL30I8,2026-06-12T17:24:28.000Z,Won To Love,Kelsey Duffy,[null],"[""recjitrbF6SGS36R7""]",class_oog.php,Audrey Haywood,"[""reculOoDct2P25DGc""]","[""Audrey""]","[""recJe0LFDSWmZkYs4""]",,,,,,,"[""recH4zIIex3T8LGEb""]","[""rece8kCYYUYmjw4xS""]",,,,,,,,,,,,,
recRpw1ZxUCf8j6jG,1551,recRpw1ZxUCf8j6jG,2026-06-12T17:24:27.000Z,Scenorrado Vd Hunters Z,Kyle Dewar,[null],"[""reca2XVJh3iFLh3PL""]",class_oog,Madison Wayda Smith,"[""recsnjYEp1bn5r3eT""]","[""Madison""]","[""recVsz59iVCmUI0Nu""]",,,,,,,,,,,,,,,,,,,,,
recRtjLP4rb9ozJlc,1359,recRtjLP4rb9ozJlc,2026-06-21T15:03:56.000Z,Coline De Will,,[null],"[""recaCzQz6gAxwgpl3""]",get_rings.php,,,,,,,,,,,,,,,,,,,,,,,,,
recRvuYNkCcNsRnFq,2209,recRvuYNkCcNsRnFq,2026-06-18T15:48:33.000Z,Anthem Row,,[null],"[""reckHtGFqfgnpe0ye""]",get_rings.php,,,,,,,,,,,,,,,,,,,,,,,,,
recRwYDAB03ykBYId,1645,recRwYDAB03ykBYId,2026-06-09T23:09:50.000Z,Comedian Of Picobello Z,Juan A. Rodriguez Silva,[null],"[""recnyy0NO8f4ypyat""]",class_oog,Sebastian Presa Tejada,"[""recPeGkEKhaTp6cBV""]","[""Sebastian""]","[""reclu4ZfxeCUoDgLA""]",,,,,,,,,,,,,,,,,,,,,
recRwcC3j4fTkRYts,2175,recRwcC3j4fTkRYts,2026-06-11T11:39:24.000Z,Ravina 22,Antonio J. Martinez,[null],"[""recTLjdvOgxqoPF2Z""]",class_oog,Valentina Autiero,"[""recip657fGkaQRua3""]","[""Valentina""]","[""recoIakTck18pHikM""]",,,,,,,,,,,,,,,,,,,,,
recRzK78bR4xQ8ovU,2154,recRzK78bR4xQ8ovU,2026-06-09T23:09:50.000Z,Enzo Ferrari,Andres A. Correa,[null],"[""recLj4UDBywdJC7LQ""]",class_oog,Kayla Singh,"[""recM7mIEX7KrsLZpU""]","[""Kayla""]","[""recl4930Uvn00qNs0""]",,,,,,,,,,,,,,,,,,,,,
recS0Uh8pIAsXEauR,1960,recS0Uh8pIAsXEauR,2026-06-11T11:39:23.000Z,Candeux,Lauren E. Hough,[null],"[""recdcAISh4VE45m8T""]",class_oog.php,Lauren E. Hough,"[""recoEG978VWcbWV8X""]","[""Lauren""]","[""recHOKa6KSlvHuryw""]",,,,,,,,,,,,,,,,,,,,,
recS5v5N8asDEvp6K,3371,recS5v5N8asDEvp6K,2026-07-01T13:21:33.000Z,Double Eagle,,,,get_rings.php,,,,,,,,,,,,,,,,,,,,,,,,,
recS6Yi3xMApohadp,1839,recS6Yi3xMApohadp,2026-06-13T01:35:34.000Z,Romeo Juliets Shadow,Rebecca Warth,[null],"[""recFDsz0IzWNeXBNp""]",class_oog,Zella Esposito,"[""recZeXwiclBhaislj""]","[""Zella""]","[""rec456G3R5wbsgOk8""]",,,,,,,,,,,,,,,,,,,,,
recS8Qvl6kH4ja9Po,2261,recS8Qvl6kH4ja9Po,2026-06-21T12:21:51.000Z,Acora Ps,,[null],"[""recKLVnUPjFdhG7fP""]",get_rings.php,,,,,,,,,,,,,,,,,,,,,,,,,
recS99fXzDcO0MRWs,1334,recS99fXzDcO0MRWs,2026-06-09T23:09:50.000Z,Classical Touch,Juan M. Bolanos,[null],"[""recjbIYwzhUnnaeHt""]",class_oog.php,Juan M. Bolanos,"[""reckMRVODtVnrCtbb""]","[""Juan""]","[""reciQqSfWbMiP5zxf""]",,,,,,,,,,,,,,,,,,,,,
recSAF0IdEdEUFC1d,2661,recSAF0IdEdEUFC1d,2026-06-11T11:39:21.000Z,Ustina,Isaac Leffkowitz,[null],"[""rec9xWBf0WO0Y8iw0""]",class_oog.php,Isaac Leffkowitz,"[""rec5eeBOUY791C5bu""]","[""Isaac""]","[""rec7ppaIMqZuirHoA""]",,,,,,,,,,,,,,,,,,,,,
recSEYXiZxQFGbHXq,1094,recSEYXiZxQFGbHXq,2026-06-11T11:39:21.000Z,Bella Vida,Isaac Leffkowitz,[null],"[""recRfkenRgYpuF8fS""]",class_oog.php,Isaac Leffkowitz,"[""rec5eeBOUY791C5bu""]","[""Isaac""]","[""rec7ppaIMqZuirHoA""]",,,,,,,,,,,,,,,,,,,,,
recSGdNaylECpMpNa,1214,recSGdNaylECpMpNa,2026-06-12T17:24:29.000Z,Madette S,Megan Wexler,[null],"[""recxDclpkHEVEN1k4""]",class_oog.php,Sara Setian,"[""recFFcGmDfwcL61rx""]","[""Sara""]","[""recbDjphoL8qMtSeW""]",,,,,,,,,,,,,,,,,,,,,
recSISgiC5t0suxEY,128,recSISgiC5t0suxEY,2026-06-11T11:39:21.000Z,Daytona S.e,Hanna R. Egan,[null],"[""recZc4laV3ccmGSAv""]",class_oog,Hanna R. Egan,"[""recaKiCcAz57uZZru""]","[""Hanna""]","[""rece9iPIoEEaCPIqS""]",,,,,,,,,,,,,,,,,,,,,
recSJLnuRigTEuee6,1066,recSJLnuRigTEuee6,2026-06-09T23:09:50.000Z,Lufrieda Vdl,Daniela Roy,[null],"[""recpdVBUOXM5ptGGY""]",class_oog.php,Clara Vidal,"[""recXSff0neRglrRwx""]","[""Clara""]","[""rec2F4zRJZGDzG0M2""]",,,,,,,,,,,,,,,,,,,,,
recSL9HbNYEgGrSQz,102,recSL9HbNYEgGrSQz,2026-06-11T11:39:21.000Z,Okidoki Van De Renthoeve,Lucia Rivas,[null],"[""rec9mkyDT8SCK4pXM""]",class_oog.php,Lucia Rivas,"[""recG8GBXDrqNT5sCX""]","[""Lucia""]","[""recKZfdrFY1v1ROxJ""]",,,,,,,,,,,,,,,,,,,,,
recSO5TNcUacuQlT1,103,recSO5TNcUacuQlT1,2026-06-09T23:09:50.000Z,Hutin De L'abbaye,Kyle Dewar,[null],"[""recPOmhL9CtpGkz58""]",class_oog.php,Kyle Dewar,"[""recfmpHccsWBBEZ8A""]","[""Kyle""]","[""recVsz59iVCmUI0Nu""]",,,,,,,,,,,,,,,,,,,,,
recSOPFK4Hu983pbP,2832,recSOPFK4Hu983pbP,2026-06-09T23:09:50.000Z,Lindy Hop,Clark Montgomery,[null],"[""recEAtZEa8uNj2U9E""]",class_oog.php,Clark Montgomery,"[""recsqboni2em23Dth""]","[""Clark""]","[""recXxIrcwPWBKHaoC""]",,,,,,,,,,,,,,,,,,,,,
recSPeyPMpegjPJEC,2084,recSPeyPMpegjPJEC,2026-06-13T00:10:27.000Z,My Weekend Is Booked,Madison Daughdrill,[null],"[""rec0Vy0UNO4QDX5U0""]",class_oog,Kit Falzone,"[""recJk81dslzlz9SLS""]","[""Kit""]","[""recQXTpW29gQ8CQhu""]",,,,,,,,,,,,,,,,,,,,,
recSQWPXrhPWXzxAt,2187,recSQWPXrhPWXzxAt,2026-06-09T23:09:50.000Z,En Vogue,David Cameron,[null],"[""recA5qCmRLMk98Xr4""]",class_oog,Collyn Smitherman,"[""rec7QsPrCjP5aaOd2""]","[""Collyn""]","[""recV9UeEpcw6UDEM9""]",,,,,,,,,,,,,,,,,,,,,
recSQzHuz4JIZFsuE,1506,recSQzHuz4JIZFsuE,2026-06-11T11:39:26.000Z,W.e.c. High Dollar Lad,Morgan Taylor,[null],"[""recsxehx14guGuKey""]",class_oog,Clementine Lidsky,"[""recHIRQceipabxP3g""]","[""Clementine""]","[""rec0wCs5ZzmAW8kSL""]",,,,,,,,,,,,,,,,,,,,,
recSRTctssQmFt5Zq,3007,recSRTctssQmFt5Zq,2026-06-09T23:09:50.000Z,Del’arkan,Debbie L. Mccarthy-Connor,[null],"[""recjwkvLE2ZbqHGk6""]",class_oog.php,Ryan Baldwin,"[""recVKO2NQO19jKTke""]","[""Ryan""]","[""recwFYOP4JHOhB8kQ""]",,,,,,,,,,,,,,,,,,,,,
recSUHXG1aUOdU7eF,100,recSUHXG1aUOdU7eF,2026-06-11T11:39:21.000Z,Facundo De La Nutria,Celso Ariani,[null],"[""recBpibv9YAh7V1Z2""]",class_oog,Celso Ariani,"[""rec6706A0jhb96oOe""]","[""Celso""]","[""rec5Zl0N5TXr6Cc95""]",,,,,,,,,,,,,,,,,,,,,
recSZPSfbC7SCXK0F,2283,recSZPSfbC7SCXK0F,2026-07-01T12:12:33.000Z,Pannina Ice Z,,,,get_rings.php,,,,,,,,,,,,,,,,,,,,,,,,,
recSagAG8IFRylsx2,1902,recSagAG8IFRylsx2,2026-06-09T23:09:50.000Z,Born To Be Wild,Scott Keach,[null],"[""recj1gvrUNRxVuaWC""]",class_oog.php,Jamie Alnwick,"[""recWgnylWhkmIDhco""]","[""Jamie""]","[""recAxFIoUH9sfVhnS""]",,,,,,,,,,,,,,,,,,,,,
recSpXIJ25DfqTbXv,1769,recSpXIJ25DfqTbXv,2026-06-09T23:09:50.000Z,Nevada Vdl,Robert Mendoza,[null],"[""rec1WwYM8k4xOd9j3""]",class_oog.php,Robert Mendoza,"[""recTDMo7hqCpuyKDo""]","[""Robert""]","[""recc7BtlSMC456iwd""]",,,,,,,,,,,,,,,,,,,,,
recSpoDIMbZJaCFQg,1786,recSpoDIMbZJaCFQg,2026-06-09T23:09:50.000Z,Lyonheart,Hanna Pieri,[null],"[""recV8l7UbmAohDANr""]",class_oog.php,Robert Mendoza,"[""recTDMo7hqCpuyKDo""]","[""Robert""]","[""rec7DXITsIiRKUwVT""]",,,,,,,,,,,,,,,,,,,,,
recSq8P0NfinWRF3k,1838,recSq8P0NfinWRF3k,2026-06-11T11:39:21.000Z,Pursuit Of Honor,Rebecca Warth,[null],"[""rec81fkbetDGZMtjx""]",class_oog.php,Josh Dolan,"[""recPMAhk7mQkCWVJk""]","[""Josh""]","[""rec456G3R5wbsgOk8""]",,,,,,,,,,,,,,,,,,,,,
recSreSDbd6p6RAsb,1223,recSreSDbd6p6RAsb,2026-06-09T23:09:50.000Z,Ledoux,Megan Wexler,[null],"[""recLy0joj26tclrr2""]",class_oog,Megan Wexler,"[""recNZdF2y3UymF3hZ""]","[""Megan""]","[""recbDjphoL8qMtSeW""]",,,,,,,,"[""recwz5Q5WAOrNVJHl""]",,"[""recwz5Q5WAOrNVJHl""]",,,,,,,,,,,
recStFvN12aPsOfGR,2619,recStFvN12aPsOfGR,2026-06-12T17:24:28.000Z,Copernicus Z,Debra L. Ward,[null],"[""recjoyTU6vFi9Vio0""]",class_oog,Grace Phan,"[""rec8GL7h1CWWbSviG""]","[""Grace""]","[""recp8AfepuIJngrGM""]",,,,,,,,,,,,,,,,,,,,,
recSu8KzOmYJDg4Em,1877,recSu8KzOmYJDg4Em,2026-06-09T23:09:50.000Z,Daham,Tara G. Bostwick,[null],"[""recjwykrLZTULfE44""]",class_oog,Reagan Williams,"[""recR2Qqw14ekrhhEb""]","[""Reagan""]","[""recnfUPcKk9Gyyfct""]",,,,,,,,,,,,,,,,,,,,,
recSzFNwry2qPWwVo,187,recSzFNwry2qPWwVo,2026-06-15T13:18:54.000Z,Frieda,Grant Seger,[null],"[""recmEzthPtDrDagrd""]",class_oog,Grant Seger,"[""recnQD0owI3kUe0KE""]","[""Grant""]","[""recHqozruF4gofU4W""]",,,,,,,,,,,,,,,,,,,,,
recSza5wPNL92sOLn,2544,recSza5wPNL92sOLn,2026-06-11T11:39:24.000Z,Tutti Fruitti Van De Fruitkorf,August Torsilieri,[null],"[""rec1kBWgR4afctQ7V""]",class_oog,Vivian Heyer,"[""recyZIUbNSKQsUStt""]","[""Vivian""]","[""recel7Tui1CFiT95R""]",,,,,,,,,,,,,,,,,,,,,
recT0MIArmVjwzqu8,232,recT0MIArmVjwzqu8,2026-06-18T15:03:02.000Z,Guibet P,,[null],"[""recKPwMo65WuklKYc""]",get_rings.php,,,,,,,,,,,,,,,,,,,,,,,,,
recT9pmUhPadagTou,106,recT9pmUhPadagTou,2026-06-09T23:09:50.000Z,Kadar Hbc,Juan M. Bolanos,[null],"[""recaGjhF16wLvFnTe""]",class_oog,Simon Arango,"[""receh6wzaOvbbOtxr""]","[""Simon""]","[""reciQqSfWbMiP5zxf""]",,,,,,,,,,,,,,,,,,,,,
recTA1ZVZrvwdBJPz,2337,recTA1ZVZrvwdBJPz,2026-06-11T11:39:22.000Z,Cassina,Maleah Lang Mcmahon,[null],"[""recacSlktTfSCsO8b""]",class_oog.php,Maleah Lang Mcmahon,"[""rec6wPiU3mn7pKqtV""]","[""Maleah""]","[""recScvZPMMmuVjpAg""]",,,,,,,,,,,,,,,,,,,,,
recTArU6ZGBwMedtT,3847,recTArU6ZGBwMedtT,2026-07-01T12:24:34.000Z,Cornet's Roeschen,,,,get_rings.php,,,,,,,,,,,"[""recuiWJcvzQ9igUpY""]","[""reclsOvUkajBC49yu""]",,"[""reclsOvUkajBC49yu""]","[""recuiWJcvzQ9igUpY""]",,,,,,,,,,
recTB2sMib3ga8Eu6,1549,recTB2sMib3ga8Eu6,2026-06-12T03:10:20.000Z,Ezin Rk,Stephanie Frey,[null],"[""recMjB7oPDo8BDfWU""]",class_oog,Alexa Riccio,"[""recTHJagHE9Q3tPsI""]","[""Alexa""]","[""recGQXJ8M2eFcl9W7""]",,,,,,,,,,,,,,,,,,,,,
recTBFm0ySysqGw0a,1495,recTBFm0ySysqGw0a,2026-06-09T23:09:50.000Z,Parade,Bibby F. Hill,[null],"[""recoAziURff9yumKS""]",class_oog.php,Devin A. Seek,"[""recTf0sGZjMph4C5x""]","[""Devin""]","[""rechIeLAeG0AY6zFc""]",,,,,,,,,,,,,,,,,,,,,
recTBGxYqTMhlMCuV,1268,recTBGxYqTMhlMCuV,2026-06-09T23:09:50.000Z,Invictus,Ben Taylor,[null],"[""recdHtx1XyoqmixV6""]",class_oog.php,Aaron Vale,"[""rec4xmt1vJjON38j0""]","[""Aaron""]","[""recmTGLWfZLnyH6TK""]",,,,,,,,,,,,,,,,,,,,,
recTI0WpyrK2n4Kj9,3013,recTI0WpyrK2n4Kj9,2026-06-13T00:10:27.000Z,Frf Marquis,Lynn M. Reed,[null],"[""recVr4mlVg0qg99Mq""]",class_oog.php,Lynn M. Reed,"[""recxDhjsFLj5GbY1X""]","[""Lynn""]","[""recVgcYuvsyU3zc15""]",,,,,,,"[""recZT2nTshFrBnwGB""]","[""rec2x5uj705PjJGes""]",,"[""rec2x5uj705PjJGes""]","[""recZT2nTshFrBnwGB""]",,,,,,,,,,
recTMqN0hop3RM5nW,2810,recTMqN0hop3RM5nW,2026-07-01T14:30:37.000Z,Thank You Z,,,,get_rings.php,,,,,,,,,,,,,,,,,,,,,,,,,
recTQQUiSBgycx0XQ,169,recTQQUiSBgycx0XQ,2026-06-15T13:18:53.000Z,Greta De La Dinais,Sydney Rowland,[null],"[""recFAVetiObiBXgqy""]",class_oog,Erynn L. Ballard,"[""recuHd7x3ghIfNhky""]","[""Erynn""]","[""recFsMRQIqS8lWRWR""]",,,,,,,"[""rec1JSFfG2GMVW3kd""]","[""recEPBKfwzfBylJhX""]",,,,,,,,,,,,,
recTUSzO5pmuIHeoZ,2375,recTUSzO5pmuIHeoZ,2026-06-09T23:09:50.000Z,Sylvester Ter Linden,August Torsilieri,[null],"[""recGW1k76PpCNztdS""]",class_oog.php,Lynde Johnson,"[""recYfk01EegWuH04x""]","[""Lynde""]","[""recel7Tui1CFiT95R""]",,,,,,,,,,,,,,,,,,,,,
recTWGfcaKHM5eIdI,3290,recTWGfcaKHM5eIdI,2026-06-21T14:51:51.000Z,Dumbledore Cl,,[null],"[""receKx9MswfOlzerc""]",get_rings.php,,,,,,,,,,,,,,,,,,,,,,,,,
recTYuCuVNfUvncak,118,recTYuCuVNfUvncak,2026-06-09T23:09:50.000Z,Comme Ci Comme Ca,Ashlee Bond,[null],"[""recxVsVDTZtCpRdnr""]",class_oog,Ashlee Bond,"[""recW5RVnDW4GorcuS""]","[""Ashlee""]","[""recoD21rUN9Qq4pgV""]",,,,,,,,,,,,,,,,,,,,,
recTaODWz1TTIZC9w,3547,recTaODWz1TTIZC9w,2026-07-01T16:06:37.000Z,Clarentino 3,,,,get_rings.php,,,,,,,,,,,,,,,,,,,,,,,,,
recTayOSJm4BUxgZ6,1647,recTayOSJm4BUxgZ6,2026-06-09T23:09:50.000Z,Dionte Van’t Merelsnest Z,Juan A. Rodriguez Silva,[null],"[""recjs9EM2uPYaUcmj""]",class_oog.php,Juan A. Rodriguez Silva,"[""recC09AfMrEyrk5ms""]","[""Juan""]","[""reclu4ZfxeCUoDgLA""]",,,,,,,,,,,,,,,,,,,,,
recTbOKPef595y7fv,2330,recTbOKPef595y7fv,2026-06-18T19:18:33.000Z,Mtm Secret,,[null],"[""recuLelrc7BKnS8Vz""]",get_rings.php,,,,,,,,,,,,,,,,,,,,,,,,,
recTiJDnV6SBB5Zej,1345,recTiJDnV6SBB5Zej,2026-06-12T17:24:27.000Z,Waterloo Rose,Juan M. Bolanos,[null],"[""rec3bFZb1G5EJqSoY""]",class_oog,Estefania Lee,"[""recXjKxdNF0lGEVIK""]","[""Estefania""]","[""reciQqSfWbMiP5zxf""]",,,,,,,,,,,,,,,,,,,,,
recTjZf2U9rwRh5lj,3158,recTjZf2U9rwRh5lj,2026-06-13T01:35:34.000Z,Douglas,Matthias Hollberg,[null],"[""recK2MOfvbDLsYgF3""]",class_oog,Adina Gesthalter,"[""recw1lC5ChTZacpJT""]","[""Adina""]","[""rec1WjmrNr6i9f42W""]",,,,,,,,,,,,,,,,,,,,,
recTlLTDXukUWUlOX,2208,recTlLTDXukUWUlOX,2026-06-18T19:04:12.000Z,Landis Sur La Mer,,[null],"[""recaqYXhAoxNNoXTK""]",get_rings.php,,,,,,,,,,,,,,,,,,,,,,,,,
recTllW1I5Hp3rsKI,1254,recTllW1I5Hp3rsKI,2026-06-13T00:10:27.000Z,Howie Do It,Courtney de Hechavarria,[null],"[""recEca3dY4K2WdByh""]",class_oog.php,Finley Morgan,"[""rec4buni1J59TYcNS""]","[""Finley""]","[""recv85dMm1vEE8kec""]",,,,,,,,,,,,,,,,,,,,,
recTls64pZq4X5EVG,2148,recTls64pZq4X5EVG,2026-06-09T23:09:50.000Z,Elle Woods,Abby Strohmeyer,[null],"[""rec2nDWjaoATDkEcy""]",class_oog.php,Kimberly Tobias,"[""recPKZKemiflnx7tw""]","[""Kimberly""]","[""recHr7nRG7cRW4hq4""]",,,,,,,,,,,,,,,,,,,,,
recTnAc0xDieqSDlZ,1107,recTnAc0xDieqSDlZ,2026-06-13T01:35:34.000Z,Splendid,Benjamin J. Meredith,[null],"[""recjFOM7ncwsETAOi""]",class_oog,Mila Meredith,"[""rectxPJhIjLqzZXeE""]","[""Mila""]","[""reccRPUdMRZMCiJuf""]",,,,,,,,,,,,,,,,,,,,,
recToI8ktnABOD4rJ,2972,recToI8ktnABOD4rJ,2026-06-09T23:09:50.000Z,Cartier De Muze,Lincoln Russell,[null],"[""recUoea9FBJSIFPgy""]",class_oog.php,Lincoln Russell,"[""rec5kDHL5wHbYs33J""]","[""Lincoln""]","[""recS6sxPEULRVow6v""]",,,,,,,,,,,,,,,,,,,,,
recTqHtUA7a1azoGY,2946,recTqHtUA7a1azoGY,2026-06-09T23:09:50.000Z,Calderon T,Andras Szieberth,[null],"[""rec1rNUMvytBtklqW""]",class_oog.php,Andras Szieberth,"[""recKSFffAB38A7Qc7""]","[""Andras""]","[""recIKurBKhyE9TxmA""]",,,,,,,,,,,,,,,,,,,,,
recTuBceIkBwwFJt3,3178,recTuBceIkBwwFJt3,2026-06-20T16:25:50.000Z,Copper Charm,,[null],"[""recFQejy1fU7mx5nO""]",get_rings.php,,,,,,,,,,,,,,,,,,,,,,,,,
recTzLduV7fyXM0ZI,3766,recTzLduV7fyXM0ZI,2026-07-01T18:09:39.000Z,Kingsman Iris,,,,get_rings.php,,,,,,,,,,,"[""recyNFwfRUyEu82H5""]","[""recpMgFVo1tmwNlKo""]",,"[""recpMgFVo1tmwNlKo""]","[""recyNFwfRUyEu82H5""]",,,,,,,,,,
recU0Bf1mF8h8yM7G,2955,recU0Bf1mF8h8yM7G,2026-06-09T23:09:50.000Z,Cameron 38,Kirk Webby,[null],"[""recsNgxhTd41Ps8ZF""]",class_oog,Kirk Webby,"[""recj0huhTEnvjmgCe""]","[""Kirk""]","[""recAQw955LG6uVCeK""]",,,,,,,,,,,,,,,,,,,,,
recU0jOLumK458kcA,2958,recU0jOLumK458kcA,2026-06-13T01:35:34.000Z,Flylow,Kelsey Duffy,[null],"[""rec9QVvKA6ZzXPqKg""]",class_oog,David Duffy-Levendorf,"[""recTCHnChSTIiwvZX""]","[""David""]","[""recJe0LFDSWmZkYs4""]",,,,,,,,,,,,,,,,,,,,,
recU702x9XlGPM9j0,2099,recU702x9XlGPM9j0,2026-06-09T23:09:50.000Z,Loire,Isaac Leffkowitz,[null],"[""rech1HNqhAB9ph3s6""]",class_oog.php,Isaac Leffkowitz,"[""rec5eeBOUY791C5bu""]","[""Isaac""]","[""rec7ppaIMqZuirHoA""]",,,,,,,,,,,,,,,,,,,,,
recU9FdSfOVPTyxvg,2179,recU9FdSfOVPTyxvg,2026-06-09T23:09:50.000Z,Nice Cool De Virton,Kaileigh Brandt,[null],"[""recdqDzwsRLcZd2IK""]",class_oog.php,Paul O'Shea,"[""recZvQD6Y4wJKPe7F""]","[""Paul""]","[""rec0NNSv8vJImVEWF""]",,,,,,,,,,,,,,,,,,,,,
recUKDj9U62HYkjG8,2352,recUKDj9U62HYkjG8,2026-07-01T14:30:37.000Z,J. Charley,,,,get_rings.php,,,,,,,,,,,,,,,,,,,,,,,,,
recUKeMib7IOoAe9U,3642,recUKeMib7IOoAe9U,2026-07-01T17:42:40.000Z,Rumbalou,,,,get_rings.php,,,,,,,,,,,,,,,,,,,,,,,,,
recUL49ibX0YY0fBk,2892,recUL49ibX0YY0fBk,2026-06-18T13:31:26.000Z,Patronus,,[null],"[""recW38BlpZJsoKo5u""]",get_rings.php,,,,,,,,,,,,,,,,,,,,,,,,,
recURpiT91CHk3NR8,1737,recURpiT91CHk3NR8,2026-06-09T23:09:50.000Z,Vienna Van't Kiezelhof Lhf,Marcus Gruenthal,[null],"[""recRJnWJ6LZ3r403l""]",class_oog.php,Marcus Gruenthal,"[""rec6eqb0fBJcoRHZU""]","[""Marcus""]","[""rec4KAl96j0uH9if9""]",,,,,,,,,,,,,,,,,,,,,
recUaZSseNtF2Jklm,2907,recUaZSseNtF2Jklm,2026-06-20T12:01:15.000Z,Mucho Gusto,,[null],"[""recKPp1KAUiQ6aTGr""]",get_rings.php,,,,,,,,,,,,,,,,,,,,,,,,,
recUeIkizb9YfjohZ,2740,recUeIkizb9YfjohZ,2026-06-20T12:18:43.000Z,Chardonnay Van Overis Z,,[null],"[""recPhsXGgIzm9Xdc4""]",get_rings.php,,,,,,,,,,,,,,,,,,,,,,,,,
recUn4v7SAM0cx5OA,3102,recUn4v7SAM0cx5OA,2026-06-13T01:35:34.000Z,Grs Chianti,Jordan Melfi,[null],"[""recXPXJnkJBhrX11M""]",class_oog,Alexandra Dastjerdi,"[""recZ1bCRiNAzUqRKJ""]","[""Alexandra""]","[""recb5ZCQtoQItOePu""]",,,,,,,,,,,,,,,,,,,,,
recUqU7pPcDCKpVrj,2710,recUqU7pPcDCKpVrj,2026-06-09T23:09:50.000Z,Elwen M' Aurea,Juan E. Hidalgo,[null],"[""rec3jIZ1ZztAMABaX""]",class_oog.php,Juan E. Hidalgo,"[""recT9NpDNfSMhikLG""]","[""Juan""]","[""recWm4nXbUtPYpLCL""]",,,,,,,,,,,,,,,,,,,,,
recUtlg8od1chADBZ,3010,recUtlg8od1chADBZ,2026-06-11T11:39:25.000Z,Rianthe Van 'T Merelsnest,Jenna P. Friedman-Lopez,[null],"[""recnYaxBg2yWHsGAP""]",class_oog.php,Jenna P. Friedman-Lopez,"[""recNlymSrDpNu9n0h""]","[""Jenna""]","[""rec3Zk0aiDpx2KX0O""]",,,,,,,,,,,,,,,,,,,,,
recUxyV5yb4LFF1EB,2865,recUxyV5yb4LFF1EB,2026-06-09T23:09:50.000Z,Ewsz Chardonnay,Bobby Boulger,[null],"[""recdCFjm5K74Cf8ym""]",class_oog.php,Kalli Core,"[""rec9bvr48FkMESsHg""]","[""Kalli""]","[""recWQdJafSZQqtOiB""]",,,,,,,,,,,,,,,,,,,,,
recUypfrvlCoVWcb3,3779,recUypfrvlCoVWcb3,2026-07-01T13:48:33.000Z,C2c Soxx,,,,get_rings.php,,,,,,,,,,,,,,,,,,,,,,,,,
recV6W9xPPlc1hmiJ,2339,recV6W9xPPlc1hmiJ,2026-06-11T11:39:25.000Z,KS Emperor,Maleah Lang Mcmahon,[null],"[""recwhaKxdJNMbLzwt""]",class_oog.php,Maleah Lang Mcmahon,"[""rec6wPiU3mn7pKqtV""]","[""Maleah""]","[""recScvZPMMmuVjpAg""]",,,,,,,,,,,,,,,,,,,,,
recVDOlZqvn378Rhs,2042,recVDOlZqvn378Rhs,2026-06-11T11:39:24.000Z,Frozie,Tony Doran,[null],"[""rectCkxFM4x840mhI""]",class_oog.php,Claire Doran,"[""reckTX8q1hHSEHPSA""]","[""Claire""]","[""rec5aqepy6NAiz9DN""]",,,,,,,,,,,,,,,,,,,,,
recVEJVQOCfivJpff,1600,recVEJVQOCfivJpff,2026-06-11T11:39:26.000Z,Carlo 546,Daniela Roy,[null],"[""recwPbturey15NTfV""]",class_oog.php,Clara Vidal,"[""recXSff0neRglrRwx""]","[""Clara""]","[""rec2F4zRJZGDzG0M2""]",,,,,,,,,,,,,,,,,,,,,
recVEMvy0QLo2P805,3098,recVEMvy0QLo2P805,2026-06-11T11:39:25.000Z,Unairo,Carlos Aguirre,[null],"[""recchmykdcWsU1Wra""]",class_oog.php,Juan Carlos Arriaga Radilla,"[""recYnDaBSRGGCe3PR""]","[""Juan""]","[""rec1FgPVFDZY2PmXP""]",,,,,,,,,,,,,,,,,,,,,
recVIe471MSnlYhTy,1577,recVIe471MSnlYhTy,2026-06-11T11:39:26.000Z,Game Day,Kelsey Duffy,[null],"[""recMUmnQNuijsAcR7""]",class_oog,Audrey Haywood,"[""reculOoDct2P25DGc""]","[""Audrey""]","[""recJe0LFDSWmZkYs4""]",,,,,,,"[""recGxO4V1oS8xkLKa"",""recvEhR4DiF5g3Tjg""]","[""recQdLGLLU0cSagli"",""rec2yxOG3P6aCjwr7""]",,,,,,,,,,,,,
recVLcZffu8eU3CHc,2087,recVLcZffu8eU3CHc,2026-06-12T16:18:24.000Z,Shenandoah East Wind,Madison Daughdrill,[null],"[""recHDwKXte9oVke6e""]",class_oog,Theya Savoy,"[""recWqMq2Vyup6j34N""]","[""Theya""]","[""recQXTpW29gQ8CQhu""]",,,,,,,,,,,,,,,,,,,,,
recVOGkNENJbP9Xxb,1421,recVOGkNENJbP9Xxb,2026-06-12T03:10:20.000Z,Liverpool 56,Meghan Green,[null],"[""rec84BFw2lO0RAtgl""]",class_oog,Liza Guettler,"[""rec1AU4meQ1ffufH5""]","[""Liza""]","[""recY4IG5M0Ub1eRP6""]",,,,,,,,,,,,,,,,,,,,,
recVQl1bG82CSQkOp,176,recVQl1bG82CSQkOp,2026-06-15T13:18:53.000Z,Maminka,Sydney Rowland,[null],"[""rec8YINI8jJV8z09Q""]",class_oog,Lexi Ferder,"[""rec49jKVAw5ScYA7G""]","[""Lexi""]","[""recFsMRQIqS8lWRWR""]",,,,,,,,,,,,,,,,,,,,,
recVUmGO6khwmUVT2,2992,recVUmGO6khwmUVT2,2026-06-11T11:39:23.000Z,Riverstown Flamenco Cruise,Darragh Kerins,[null],"[""rec8A2lbxQcozlnDf""]",class_oog,Jenny Walker,"[""rec7QFk37tD1CriFs""]","[""Jenny""]","[""recOdyCszUe4VTxPo""]",,,,,,,,,,,,,,,,,,,,,
recVWFdI1DsDCkv3m,1480,recVWFdI1DsDCkv3m,2026-06-09T23:09:50.000Z,Ameko Chaccord,Taylor Manning,[null],"[""recn9DHhf2ZgrfQgn""]",class_oog.php,Taylor Manning,"[""recmkwpSa6JYJNHCD""]","[""Taylor""]","[""recdHGo38u6gzbP2H""]",,,,,,,,,,,,,,,,,,,,,
recVZOhdcpfeBfzV8,1521,recVZOhdcpfeBfzV8,2026-06-09T23:09:50.000Z,Ziggy Stardust,Stephen Dicarlo,[null],"[""recvb5lkfvnh4qeZv""]",class_oog.php,Bowers A. Cone,"[""recgWS0eomDZ0KN96""]","[""Bowers""]","[""recupQMhsCpx3otEi""]",,,,,,,,,,,,,,,,,,,,,
recVa3Ph0uD7GFNQy,1185,recVa3Ph0uD7GFNQy,2026-06-11T11:39:22.000Z,Macallan,Stephanie Free,[null],"[""recvT1vMYk93QCR9y""]",class_oog.php,Reagan Brown,"[""recaRgvYZE0TBZ6VR""]","[""Reagan""]","[""recBVRfeR9i4COiwE""]",,,,,,,,,,,,,,,,,,,,,
recVbTvLpQcgnDCW8,124,recVbTvLpQcgnDCW8,2026-06-09T23:09:50.000Z,Montecristo,Selcuk Koksalan,[null],"[""recspXJh5ZmHvnhFj""]",class_oog.php,Selcuk Koksalan,"[""recrxStYnnbtC31mN""]","[""Selcuk""]","[""recuv8jdRvTVv1a9Z""]",,,,,,,,,,,,,,,,,,,,,
recVhSxn2uPUOlIcp,2217,recVhSxn2uPUOlIcp,2026-06-13T01:35:34.000Z,Quiz,Katey Grau,[null],"[""reczZkZRSnTcHpeqf""]",class_oog,Currie Cooper,"[""recuLEaHKZQRPR6B6""]","[""Currie""]","[""recWymhFUK9NTB49o""]",,,,,,,,,,,,,,,,,,,,,
recViExca4G5K4I8d,2610,recViExca4G5K4I8d,2026-06-09T23:09:50.000Z,Starridor,Jasmine Walsh,[null],"[""recEjGyhVLj8KVVn1""]",class_oog.php,Charlotte H. Wiese,"[""recH9akzVEVnBeaLr""]","[""Charlotte""]","[""recI1AZhpQDfY3cRY""]",,,,,,,,,,,,,,,,,,,,,
recVjZPLbYbj7sYPi,3375,recVjZPLbYbj7sYPi,2026-06-20T20:00:36.000Z,Eloriana Na,,[null],"[""rec9bc4Pr0nQYcbO0""]",get_rings.php,,,,,,,,,,,,,,,,,,,,,,,,,
recVlTWq5lRkl30Hf,282,recVlTWq5lRkl30Hf,2026-07-01T13:21:33.000Z,Constantin De Hus,,,,get_rings.php,,,,,,,,,,,,,,,,,,,,,,,,,
recVoPNyQWvqU4tMF,132,recVoPNyQWvqU4tMF,2026-06-09T23:09:50.000Z,Hop Mouche,Laura Gaither,[null],"[""rectJHLGfkz83GWKx""]",class_oog.php,Laura Gaither,"[""rec4GU1L6Oa9rB3UW""]","[""Laura""]","[""rec0OHl8PfuMKFsyt""]",,,,,,,,,,,,,,,,,,,,,
recVscUeLQRzogBzv,1299,recVscUeLQRzogBzv,2026-06-11T11:39:23.000Z,Smilla's Sense Of Snow,Morgan Taylor,[null],"[""recDz4Szz11aFohBg""]",class_oog.php,Scarlett Hamaoui,"[""recOYADvDrfdlL1bZ""]","[""Scarlett""]","[""rec0wCs5ZzmAW8kSL""]",,,,,,,,,,,,,,,,,,,,,
recVtBbwobTXncVAO,1018,recVtBbwobTXncVAO,2026-06-12T03:10:20.000Z,Flint T.s. Et,Juan Benítez,[null],"[""recpebMoudJDC60fQ""]",class_oog,Camille Pacheco,"[""recPFqrG7eCkbV1oV""]","[""Camille""]","[""reccVab1jS62QQ5la""]",,,,,,,,,,,,,,,,,,,,,
recVys8qg27M44Naf,1565,recVys8qg27M44Naf,2026-06-09T23:09:50.000Z,Diabolo De La Roque,Antonio J. Martinez,[null],"[""rec2uRDPVBpIkoO5a""]",class_oog.php,Antonio J. Martinez,"[""rec0wQobR70eQk97e""]","[""Antonio""]","[""recoIakTck18pHikM""]",,,,,,,,,,,,,,,,,,,,,
recW3ACUzfPxwrYxR,2174,recW3ACUzfPxwrYxR,2026-06-09T23:09:50.000Z,Komet 306,Antonio J. Martinez,[null],"[""recdHJrkbKoZcZoiN""]",class_oog,Noemi Koziol,"[""reciFnFY2wXYdozii""]","[""Noemi""]","[""recoIakTck18pHikM""]",,,,,,,,,,,,,,,,,,,,,
recW4W2Sd7UGjIZJk,2320,recW4W2Sd7UGjIZJk,2026-06-09T23:09:50.000Z,Mtm Good Question,Michael J. Mccormick,[null],"[""reccnTCxokueBKAKY""]",class_oog.php,Tracy Fenney,"[""recLyTrE6tVxN0uIu""]","[""Tracy""]","[""recNsOB5RbtRbnQ37""]",,,,,,,,,,,,,,,,,,,,,
recWEmBEBZFdENopE,2914,recWEmBEBZFdENopE,2026-06-20T14:06:36.000Z,Name Of The Game Hx,,[null],"[""recHCiXrz1zSzDJ0q""]",get_rings.php,,,,,,,,,,,,,,,,,,,,,,,,,
recWHpJIOYcFDetXH,3038,recWHpJIOYcFDetXH,2026-06-11T11:39:21.000Z,Scarlett O'hara,Bibby F. Hill,[null],"[""recaddMCpQ7UtcHRL""]",class_oog.php,Katherine Addington,"[""recjlTvTCF5JyyZhz""]","[""Katherine""]","[""rechIeLAeG0AY6zFc""]",,,,,,,,,,,,,,,,,,,,,
recWOHzb2SxrbXnLA,1910,recWOHzb2SxrbXnLA,2026-06-09T23:09:50.000Z,Mtm Cascadela,Heather Dayner,[null],"[""reclZjisJ7k5Vw6w6""]",class_oog.php,Evana Somareddy,"[""recuyfo3nv68HVefs""]","[""Evana""]","[""rectbL4oLPTwFxdNp""]",,,,,,,,,,,,,,,,,,,,,
recWPdGVFI6Qz09or,2542,recWPdGVFI6Qz09or,2026-06-09T23:09:50.000Z,Sunkist,Terry L. Brown,[null],"[""rec9Cq92rysrUPw7F""]",class_oog,Holly K. Sims,"[""recKUZuBFUuIJfYe1""]","[""Holly""]","[""rec66J2Ps6QIW80Eq""]",,,,,,,,,,,,,,,,,,,,,
recWRSQyU8e94yiTZ,2801,recWRSQyU8e94yiTZ,2026-06-13T01:35:34.000Z,Bianca,Jasmine Walsh,[null],"[""recHIKuIcAOuVlvBx""]",class_oog,Harlow Kobel,"[""recTf2Xim4Op3oBot""]","[""Harlow""]","[""recI1AZhpQDfY3cRY""]",,,,,,,,,,,,,,,,,,,,,
recWT956YoaTu2VYL,3270,recWT956YoaTu2VYL,2026-06-19T16:09:48.000Z,Cajun Bandit,,[null],"[""recM7Kerlf6Y6n3RW""]",get_rings.php,,,,,,,,,,,"[""rec6DwFqA8P9cPzHb""]","[""recHyYziW5GQfjpHd""]",,,,,,,,,,,,,
recWUrpDr1kPZ7RMM,2728,recWUrpDr1kPZ7RMM,2026-06-09T23:09:50.000Z,Wingardium Leviosa KS,Alyssa Venn,[null],"[""rec2RoE1G77AFQsDv""]",class_oog.php,Dominic Arnold,"[""rec5ifryJ1tg6JsgV""]","[""Dominic""]","[""recvlKnVrjrfAQE3f""]",,,,,,,,,,,,,,,,,,,,,
recWXO4ts3p4Au4to,109,recWXO4ts3p4Au4to,2026-06-09T23:09:50.000Z,Elalisa,Maleah Lang Mcmahon,[null],"[""recfEzPHrLfQjgcds""]",class_oog,Maleah Lang Mcmahon,"[""rec6wPiU3mn7pKqtV""]","[""Maleah""]","[""recScvZPMMmuVjpAg""]",,,,,,,,,,,,,,,,,,,,,
recWZYPesnF1w0ZOc,3016,recWZYPesnF1w0ZOc,2026-06-09T23:09:50.000Z,Dorado Sdn,Ben Taylor,[null],"[""reccdhmunQM3p5ySo""]",class_oog.php,Cooper Beisel,"[""rec4yo3C7hHrQlfdq""]","[""Cooper""]","[""recmTGLWfZLnyH6TK""]",,,,,,,,,,,,,,,,,,,,,
recWbhpCskGQ80Mdw,221,recWbhpCskGQ80Mdw,2026-06-15T13:18:54.000Z,Brin D'or De Haute Melen Z,Sharn L. Wordley,[null],"[""rec3JKGcTNmBm8f3y""]",class_oog,Sharn L. Wordley,"[""recipdUIV44DeFGfq""]","[""Sharn""]","[""recqmThVFmsIM6E8t""]",,,,,,,,,,,,,,,,,,,,,
recWhqPbpW5ltFvK1,1654,recWhqPbpW5ltFvK1,2026-07-01T14:15:36.000Z,Fever Dream,,,,get_rings.php,,,,,,,,,,,,,,,,,,,,,,,,,
recWj8PI8RNelRviJ,1150,recWj8PI8RNelRviJ,2026-06-18T16:33:47.000Z,C'Est Moi Z,,[null],"[""recoHkDuxsktZHNKQ""]",get_rings.php,,,,,,,,,,,,,,,,,,,,,,,,,
recWktbRAlMADqRYM,2204,recWktbRAlMADqRYM,2026-06-09T23:09:50.000Z,5o1 Stakkatol's Dream,Jacob Fletcher,[null],"[""recTLCrfSjDjMGHda""]",class_oog.php,Jacob Fletcher,"[""recUMVpOTXnrfo6VI""]","[""Jacob""]","[""recXPKDGyJI2y5uSY""]",,,,,,,,,,,,,,,,,,,,,
recWl9xEhrRDshUkR,1477,recWl9xEhrRDshUkR,2026-06-11T11:39:22.000Z,Bp Exchange,Lesley Grant-Law,[null],"[""rec33uWBGSFqTtTPp""]",class_oog.php,Lesley Grant-Law,"[""recIF0LG8oHnJvWAU""]","[""Lesley""]","[""recSN4WGiXjlJgPc6""]",,,,,,,,,,,,,,,,,,,,,
recWnEvzuG97LP2dX,2397,recWnEvzuG97LP2dX,2026-06-11T11:39:25.000Z,Renkum Corsair,David Cameron,[null],"[""recrwSZSMRb44S5uQ""]",class_oog,Molly Adams,"[""recg59HBxOm9PG0aB""]","[""Molly""]","[""recV9UeEpcw6UDEM9""]",,,,,,,,,,,,,,,,,,,,,
recWnwuX7YEpOVN6X,130,recWnwuX7YEpOVN6X,2026-06-11T11:39:21.000Z,Mtm Myrbalia O,Michael J. Mccormick,[null],"[""recjskR0eEwN6Dk1x""]",class_oog.php,Tracy Fenney,"[""recLyTrE6tVxN0uIu""]","[""Tracy""]","[""recNsOB5RbtRbnQ37""]",,,,,,,,,,,,,,,,,,,,,
recWv5cRARoLwBg6g,1487,recWv5cRARoLwBg6g,2026-06-11T11:39:21.000Z,Annandale Sherlock,Bibby F. Hill,[null],"[""recDOtGY0befnMTnN""]",class_oog,Linden Nguyen,"[""rec29Ue0IrWbswtu3""]","[""Linden""]","[""rechIeLAeG0AY6zFc""]",,,,,,,,,,,,,,,,,,,,,
recWxE5xbvlhuQSg2,1776,recWxE5xbvlhuQSg2,2026-06-09T23:09:50.000Z,Lavei,Kim Taylor,[null],"[""rec2rQQ0oGkiRYFHt""]",class_oog,Alyson Jones,"[""rec5eSBDWhpK0tlte""]","[""Alyson""]","[""recMsKXGUQA6BQOth""]",,,,,,,,,,,,,,,,,,,,,
recWzBOkxZD3KE8v5,1968,recWzBOkxZD3KE8v5,2026-06-11T11:39:24.000Z,Rocketman,Kim E. Burnette,[null],"[""recnGB7QjIqhvsjpm""]",class_oog.php,Samantha Brooks,"[""recXL6ewYYdPAwYVU""]","[""Samantha""]","[""recq5CHnS6h3E8w58""]",,,,,,,,,,,,,,,,,,,,,
recX5qWot6Av0Z3oy,2140,recX5qWot6Av0Z3oy,2026-06-09T23:09:50.000Z,So Dapper,Jane C. Ehrhart,[null],"[""reccnvSS13fIvBqR7""]",class_oog.php,Jane C. Ehrhart,"[""recMifDCMUrKBbuO5""]","[""Jane""]","[""rec5Ut33CL5koblpZ""]",,,,,,,,,,,,,,,,,,,,,
recX78rajRi4FZjoP,1056,recX78rajRi4FZjoP,2026-06-11T11:39:24.000Z,Costacalvo,Daniela Roy,[null],"[""rec3ff1KdVWsMGbFm""]",class_oog,Emma Ecarius,"[""recjcDG5Oqd7HV3jC""]","[""Emma""]","[""rec2F4zRJZGDzG0M2""]",,,,,,,,,,,,,,,,,,,,,
recX7ZLMmQ0SEzHLB,2340,recX7ZLMmQ0SEzHLB,2026-06-09T23:09:50.000Z,Penelope De La Fresnière,Luke Sassi,[null],"[""rec4C5up6MnR29EiK""]",class_oog.php,Luke Sassi,"[""recRLAErJt0gGFTo1""]","[""Luke""]","[""rec24pSWnvy9FcJe9""]",,,,,,,,,,,,,,,,,,,,,
recXBVUKO7zxFbwbX,1292,recXBVUKO7zxFbwbX,2026-06-11T11:39:23.000Z,Caans Navy Blues,Lindsay Barrack,[null],"[""recJRQhx8aHH6mW4q""]",class_oog,Maddie Yarborough,"[""recqkcALf0KGMSP5o""]","[""Maddie""]","[""recHOVfz50z5VV3gG""]",,,,,,,,,,,,,,,,,,,,,
recXEXzWgxgc1AjBl,1483,recXEXzWgxgc1AjBl,2026-06-09T23:09:50.000Z,Thunder Shark,Fabian Herrera,[null],"[""rec5oHRuo9LmxwmDS""]",class_oog.php,Fabian Herrera,"[""recEbKJxQ8cADfblu""]","[""Fabian""]","[""recZ41cgnoPOR4VSU""]",,,,,,,,,,,,,,,,,,,,,
recXK4as2MW3qqBnf,2123,recXK4as2MW3qqBnf,2026-06-12T17:24:28.000Z,Primo Cbi Cornet,Davide Troncanetti,[null],"[""recHUf7ZSX6wndH6j""]",class_oog,Paul O'Shea,"[""recZvQD6Y4wJKPe7F""]","[""Paul""]","[""reckdATr2NvXwU0Ah""]",,,,,,,,,,,,,,,,,,,,,
recXQEcjWOL1CE99r,1331,recXQEcjWOL1CE99r,2026-06-12T17:24:27.000Z,Baral Quester,Juan M. Bolanos,[null],"[""recJDA8C1LeKb7kWF""]",class_oog,Nicole Schulze,"[""recVyFnsCEnBxwmHx""]","[""Nicole""]","[""reciQqSfWbMiP5zxf""]",,,,,,,,,,,,,,,,,,,,,
recXVAmPRAaecjeqx,3274,recXVAmPRAaecjeqx,2026-06-18T14:15:38.000Z,Amber Beach,,[null],"[""rectSN8kHvF8MfOBc""]",get_rings.php,,,,,,,,,,,"[""recJz1wUZxMhSNAH5""]","[""recXhCirf0A36M0iM""]",,,,,,,,,,,,,
recXXh36YDfwO8wY1,2235,recXXh36YDfwO8wY1,2026-06-21T13:36:51.000Z,Chicago Du Ru,,[null],"[""recjqnoojHMDjwSYl""]",get_rings.php,,,,,,,,,,,"[""recnlyT19JzCtSA3g""]","[""recEHV99jeIsUjq43""]",,,,,,,,,,,,,
recXdiMuxByPt9WsM,2682,recXdiMuxByPt9WsM,2026-06-20T15:37:13.000Z,Coralie DC Z,,[null],"[""rec3zpmGWw42DWLP9""]",get_rings.php,,,,,,,,,,,,,,,,,,,,,,,,,
recXfdq94kwzDFpx8,2250,recXfdq94kwzDFpx8,2026-06-18T15:18:57.000Z,Inspiration,,[null],"[""recpjDuN5HNITSTzF""]",get_rings.php,,,,,,,,,,,,,,,,,,,,,,,,,
recXhFNIq8ga5um2X,1570,recXhFNIq8ga5um2X,2026-06-11T11:39:22.000Z,Rustica Ls La Silla,Antonio J. Martinez,[null],"[""recNaJ0kqp1c9M0Ka""]",class_oog.php,Antonio J. Martinez,"[""rec0wQobR70eQk97e""]","[""Antonio""]","[""recoIakTck18pHikM""]",,,,,,,,,,,,,,,,,,,,,
recXhnw9jzNNP3Ri9,2950,recXhnw9jzNNP3Ri9,2026-06-09T23:09:50.000Z,Denison Park Combat,Brian Murphy,[null],"[""recnhOVcyG0NA6V4G""]",class_oog,Elizabeth Schumann,"[""recWbZukYiZRz2KJD""]","[""Elizabeth""]","[""rec6UiZPMcNsltg3J""]",,,,,,,,,,,,,,,,,,,,,
recXjp76LDifCcTvu,1240,recXjp76LDifCcTvu,2026-06-15T13:18:53.000Z,Don D'alme C Z,Pablo J. Barrios,[null],"[""recniMggMH1HmsENM""]",class_oog,Pablo J. Barrios,"[""recIfAJxdyRG9m1b3""]","[""Pablo""]","[""recotkhuiB65Mp1KD""]",,,,,,,,,,,,,,,,,,,,,
recXlVytJyucOaIpe,3295,recXlVytJyucOaIpe,2026-06-18T16:19:16.000Z,Darcy,,[null],"[""recmoPTVjzACjj7Vs""]",get_rings.php,,,,,,,,,,,,,,,,,,,,,,,,,
recXng0ma9MdJcCCB,2569,recXng0ma9MdJcCCB,2026-06-09T23:09:50.000Z,Night Light,Hanna R. Egan,[null],"[""recom6eZn2mde86xe""]",class_oog,Hanna R. Egan,"[""recaKiCcAz57uZZru""]","[""Hanna""]","[""rece9iPIoEEaCPIqS""]",,,,,,,,,,,,,,,,,,,,,
recXp9EOzKv62kg0i,3163,recXp9EOzKv62kg0i,2026-06-13T01:35:34.000Z,Fernhill Milchem Matteo,Ved Sarma Sarkar,[null],"[""recUXLzj4DdB3zEOA""]",class_oog,Ved Sarma Sarkar,"[""recIyU5MvYiv0F83D""]","[""Ved""]","[""reclcUH7P4ed068kk""]",,,,,,,,,,,,,,,,,,,,,
recXuqqlFVYFkPPXD,2887,recXuqqlFVYFkPPXD,2026-06-18T14:15:38.000Z,Chacco Jack,,[null],"[""recINab6L8Hrlkam4""]",get_rings.php,,,,,,,,,,,,,,,,,,,,,,,,,
recXz6aFV8UtHxxo5,1748,recXz6aFV8UtHxxo5,2026-06-09T23:09:50.000Z,Center Stage,George J. Bessette,[null],"[""recz4RiSOxALkokRS""]",class_oog.php,Kirsten L. Malacarne,"[""recwXqtaxLJy9JnT1""]","[""Kirsten""]","[""recXKfhF5qV7KjRHI""]",,,,,,,,,,,,,,,,,,,,,
recY1yX8JfuDCrmCx,1498,recY1yX8JfuDCrmCx,2026-06-09T23:09:50.000Z,Untitled,Bibby F. Hill,[null],"[""rec6IEDCH2CEsI0mA""]",class_oog.php,Katherine Addington,"[""recjlTvTCF5JyyZhz""]","[""Katherine""]","[""rechIeLAeG0AY6zFc""]",,,,,,,,,,,,,,,,,,,,,
recY5fPidQFiMwz07,1980,recY5fPidQFiMwz07,2026-07-01T17:42:40.000Z,Princess Peach Na,,,,get_rings.php,,,,,,,,,,,,,,,,,,,,,,,,,
recY5sI1UZ86CydL8,2533,recY5sI1UZ86CydL8,2026-06-12T03:10:20.000Z,Unstoppable,Gianni Gabrielli,[null],"[""recB7ZuvjdCfzUk9x""]",class_oog,Brielle Watkins,"[""recruAjwKHbVtAngD""]","[""Brielle""]","[""recBAzsT29cV74CnZ""]",,,,,,,,,,,,,,,,,,,,,
recY5wqxBMZlvxGt0,2275,recY5wqxBMZlvxGt0,2026-06-18T18:03:36.000Z,Hazelnut,,[null],"[""recr3N2IOAPnW8oEn""]",get_rings.php,,,,,,,,,,,,,,,,,,,,,,,,,
recY6Z7QD5eq6Xr7g,2274,recY6Z7QD5eq6Xr7g,2026-06-19T12:15:33.000Z,Contigo Va,,[null],"[""recG3U6hiCcW2K5U8""]",get_rings.php,,,,,,,,,,,"[""recXMJDxyoZ0cncxn""]","[""recyy7DDq1GJMonLV"",""recUkWkYrmk0bhNmf""]",,,,,,,,,,,,,
recY76HaZ6xNxQMVd,1660,recY76HaZ6xNxQMVd,2026-06-09T23:09:50.000Z,Luau Cove Csf,Kyle Dewar,[null],"[""reclxV5tOMKvXUoeT""]",class_oog.php,Kyle Dewar,"[""recfmpHccsWBBEZ8A""]","[""Kyle""]","[""recVsz59iVCmUI0Nu""]",,,,,,,,,,,,,,,,,,,,,
recYDXkVYpBzXdtwT,3484,recYDXkVYpBzXdtwT,2026-07-01T15:15:34.000Z,Corinne,,,,get_rings.php,,,,,,,,,,,"[""rec4YETyLJJ6LZUXa""]",,,,"[""rec4YETyLJJ6LZUXa""]",,,,,,,,,,
recYEDMMczdm5WY7T,1623,recYEDMMczdm5WY7T,2026-06-17T20:54:40.000Z,I'M Blue,,[null],"[""rec2gdMi0AC7y5uFv""]",get_rings.php,,,,,,,,,,,,,,,,,,,,,,,,,
recYGsSRmqIR5bpls,3095,recYGsSRmqIR5bpls,2026-06-20T12:18:43.000Z,Caraibe Sunheup Z,,[null],"[""recE1Aw9SwxDV8i64""]",get_rings.php,,,,,,,,,,,,,,,,,,,,,,,,,
recYHW3mL96UcmZy3,157,recYHW3mL96UcmZy3,2026-06-09T23:09:50.000Z,Verdini D'houtveld Z,Sharn L. Wordley,[null],"[""reciHXKYhbSfc4YRu""]",class_oog.php,Lauren Balcomb,"[""recJmjHzdDwvZl5mz""]","[""Lauren""]","[""recqmThVFmsIM6E8t""]",,,,,,,,,,,,,,,,,,,,,
recYJFZqSSjmkiNKU,3289,recYJFZqSSjmkiNKU,2026-06-15T23:31:42.000Z,Relevé,Jennifer Strickland,[null],"[""reciOoxxjbSENoZqK""]",class_oog,Katelyn Martin,"[""recttOL5rZHf8hkjV""]","[""Katelyn""]","[""rechnMyqDMI94XcqU""]",,,,,,,,,,,,,,,,,,,,,
recYKFpnvTWJrs05H,3263,recYKFpnvTWJrs05H,2026-06-20T19:42:37.000Z,Heathrow,,[null],"[""recOhfc0Ga5yRRPtC""]",get_rings.php,,,,,,,,,,,,,,,,,,,,,,,,,
recYL9lSIQ7JRA5TV,2898,recYL9lSIQ7JRA5TV,2026-06-20T15:18:34.000Z,I.adermie R 4,,[null],"[""rec0WQ1pmjdJCn0xk""]",get_rings.php,,,,,,,,,,,"[""rect8cpSrzy6eZ4Md""]","[""recoquE7hDS1pVabD""]",,,,,,,,,,,,,
recYMjXkeMz3isTBm,3036,recYMjXkeMz3isTBm,2026-06-11T11:39:22.000Z,Luttoria,Tom Monaghan,[null],"[""rec4t0FzVih0kCmed""]",class_oog.php,Tom Monaghan,"[""rec8KP4FWbKeaxKB3""]","[""Tom""]","[""rec0mxYvqyiMsXHtK""]",,,,,,,,,,,,,,,,,,,,,
recYOe2ff0v83G5zh,198,recYOe2ff0v83G5zh,2026-06-15T13:18:54.000Z,Lin Lin,Maya Denis,[null],"[""recPSAy86BWgZsb5v""]",class_oog,Maya Denis,"[""rec3BxcQLNZKJwRBi""]","[""Maya""]","[""rec1yYXh3xuiGBsAr""]",,,,,,,,,,,,,,,,,,,,,
recYPwPcWiti4adUl,134,recYPwPcWiti4adUl,2026-06-09T23:09:50.000Z,Hollywood V,Pamela Gomez,[null],"[""recgYzE3cfeu2zM0T""]",class_oog.php,Amanda Gomez,"[""recoIRjDD1WpA7gR6""]","[""Amanda""]","[""recD8d72oDpyNe2Hi""]",,,,,,,,,,,,,,,,,,,,,
recYRv1kTpO87FWpx,3386,recYRv1kTpO87FWpx,2026-06-21T13:36:51.000Z,Hopscotch,,[null],"[""recQgKFHXC0MsovQE""]",get_rings.php,,,,,,,,,,,"[""recfy4hVQstEQVLw4""]","[""recv7WhqQHGuHLMqS""]",,,,,,,,,,,,,
recYXTtfrpAJ3Nvvm,211,recYXTtfrpAJ3Nvvm,2026-06-15T13:18:54.000Z,Clyde Va,Pablo J. Barrios,[null],"[""recr27W5RANfUWlAm""]",class_oog,Maggie Jacobs,"[""recvDuOEe724R4dAX""]","[""Maggie""]","[""recotkhuiB65Mp1KD""]",,,,,,,,,,,,,,,,,,,,,
recYbbbPiZSjEBrPU,1896,recYbbbPiZSjEBrPU,2026-07-01T13:33:38.000Z,Georgian Bay,,,,get_rings.php,,,,,,,,,,,,,,,,,,,,,,,,,
recYeQd4oCVSWM9nf,1924,recYeQd4oCVSWM9nf,2026-06-09T23:09:50.000Z,Argento 2,Derek Van Der Burgh,[null],"[""recvCoKhuuJgXRxT5""]",class_oog.php,Aubrey Frank,"[""recz2I8wN6TVGLg4t""]","[""Aubrey""]","[""recw2AcufXB3OnYyW""]",,,,,,,,,,,,,,,,,,,,,
recYehcVBRs1IYVFM,201,recYehcVBRs1IYVFM,2026-06-15T13:18:54.000Z,Istina Van De Kapel,David Cameron,[null],"[""recBy0OrpOauCr6Pz""]",class_oog,Georgia Bouzaid,"[""recZ5EwnPE36HTiXi""]","[""Georgia""]","[""recV9UeEpcw6UDEM9""]",,,,,,,,,,,,,,,,,,,,,
recYevHlb2XE1C0WJ,1250,recYevHlb2XE1C0WJ,2026-06-13T01:35:34.000Z,,,,,,,,,,,,,,,,,,,,,,,,,,,,,,
recYgMJVcEQNPuJOv,3015,recYgMJVcEQNPuJOv,2026-06-09T23:09:50.000Z,6-7,Ben Taylor,[null],"[""reczhHu0Z7mkdGUE6""]",class_oog.php,Kinser Vale,"[""reckyoekd19RylkMS""]","[""Kinser""]","[""recmTGLWfZLnyH6TK""]",,,,,,,,,,,,,,,,,,,,,
recYj5GpXnppyAzHu,1125,recYj5GpXnppyAzHu,2026-06-20T14:24:39.000Z,In Private,,[null],"[""recSwMyiWIK1mHidC""]",get_rings.php,,,,,,,,,,,,,,,,,,,,,,,,,
recYt2bS3S9KPlmzG,1117,recYt2bS3S9KPlmzG,2026-06-11T11:39:23.000Z,Harley De Youguette,Kathryn Delaney,[null],"[""recJhhRnyFYOTSoPm""]",class_oog,Madelyn Stillwell,"[""recLP6sOdNoKo8Xxd""]","[""Madelyn""]","[""recpwhIril531ls02""]",,,,,,,,,,,,,,,,,,,,,
recYuedDh3gvFjEuj,2741,recYuedDh3gvFjEuj,2026-06-18T14:15:38.000Z,Ferragamo,,[null],"[""recwPGy4uFX1Er8GM""]",get_rings.php,,,,,,,,,,,,,,,,,,,,,,,,,
recYzjtSeoo3iQJjz,2526,recYzjtSeoo3iQJjz,2026-06-13T01:35:34.000Z,Bonnie M Z,Gianni Gabrielli,[null],"[""recqbcN7di8FZoXQb""]",class_oog,Jesus A. Rigu,"[""recbrgeNFLBoH10vu""]","[""Jesus""]","[""recBAzsT29cV74CnZ""]",,,,,,,,,,,,,,,,,,,,,
recZ6BL0BCOlvOkkq,2658,recZ6BL0BCOlvOkkq,2026-07-01T15:15:34.000Z,Bob,,,,get_rings.php,,,,,,,,,,,"[""recgPHWBuBvTpydIY""]","[""recMAxA8cWQ1mTkCe""]",,"[""recMAxA8cWQ1mTkCe""]","[""recgPHWBuBvTpydIY""]",,,,,,,,,,
recZ6ePCGKjsNz47Y,2628,recZ6ePCGKjsNz47Y,2026-06-12T03:10:20.000Z,Eiffel,John Paulsen,[null],"[""recga1p2gHq74cRn0""]",class_oog,Heidi Paulsen,"[""rec5MlL9OQJ3jlSbG""]","[""Heidi""]","[""recNSLAabY22Iw1Z1""]",,,,,,,,,,,,,,,,,,,,,
recZ969Ndb9cj3ytT,2623,recZ969Ndb9cj3ytT,2026-06-09T23:09:50.000Z,Sophistakkato,Debra L. Ward,[null],"[""recsAV7EC1XCcjVLn""]",class_oog,Katherine Nunez,"[""rec24xHDnlr7Kj1lY""]","[""Katherine""]","[""recp8AfepuIJngrGM""]",,,,,,,,,,,,,,,,,,,,,
recZAqR8gjvCXznoZ,2492,recZAqR8gjvCXznoZ,2026-06-18T11:46:12.000Z,Hsh Quotable,,[null],"[""rec3kC5uJeKCGejsJ""]",get_rings.php,,,,,,,,,,,,,,,,,,,,,,,,,
recZCAIssSoXpxso6,274,recZCAIssSoXpxso6,2026-07-01T05:25:59.000Z,,,,,,,,,,,,"[""recvTVe1wjkzk2hyd"",""recm6uJd9ktr3Xbat""]","[""recBkvR0BruoRrw4C"",""recJnhZomwF9vvUuK""]","[""recL8OkkdkjbJfQpX"",""rechA7jYiiL6fyLsb"",""reca6mOceLj9j9o48""]","[""rec8KzLmn6Q9F81ln"",""recvQacAs9Cb1jG2L""]",,,,,,,,,,,,,,,
recZDAxAONTYwOS6n,1296,recZDAxAONTYwOS6n,2026-06-09T23:09:50.000Z,Calou Us,Alan Korotkin,"[""Calou""]","[""recj66LMLWzXwAZwU""]",class_oog.php,Tanner Korotkin,"[""rececJFgkUViuuW0F""]","[""Tanner""]","[""recFIHTcArQhILyAc""]","[""CWF""]","[""Calou""]","[""recfeUZ5OQOejscGE""]","[""recXTGUMyEWeLwjl1"",""rec67Uhs5GP71OdVY""]","[""recLzfDGfDCYxEADh"",""recT4PieIgfPfYG2q""]","[""recDl5FAgsOqLPneE""]",,,,,,,,,,,,,,,
recZEWnkjgpa4OQns,1777,recZEWnkjgpa4OQns,2026-06-09T23:09:50.000Z,Bz Cancara,Antonio J. Martinez,[null],"[""rec0H5iFT348zvgKI""]",class_oog,Gia Pallitto,"[""recZVjIZbv3aB4HuP""]","[""Gia""]","[""recoIakTck18pHikM""]",,,,,,,,,,,,,,,,,,,,,
recZH5LJ6exgReT0B,2127,recZH5LJ6exgReT0B,2026-06-12T03:10:21.000Z,Yalambi's Jingle Bell,Scott Keach,[null],"[""recgzUaQSWiYF5FDr""]",class_oog,Zara Adnams,"[""recbFJhHS5IlTuTPc""]","[""Zara""]","[""recAxFIoUH9sfVhnS""]",,,,,,,,,,,,,,,,,,,,,
recZHr1YLaKCu8owF,1566,recZHr1YLaKCu8owF,2026-06-09T23:09:50.000Z,Itos S,Antonio J. Martinez,[null],"[""recEPT41M7QgVeNUp""]",class_oog,Noemi Koziol,"[""reciFnFY2wXYdozii""]","[""Noemi""]","[""recoIakTck18pHikM""]",,,,,,,,,,,,,,,,,,,,,
recZJzNfAeLstAbSR,1793,recZJzNfAeLstAbSR,2026-06-09T23:09:50.000Z,Comme Il Hero Z,Matthew Le Master,[null],"[""recRQAnDUUMqYpinp""]",class_oog.php,Matthew Le Master,"[""recDLNYS4jejx7XWt""]","[""Matthew""]","[""recN9E8BVaEfvKU1x""]",,,,,,,,,,,,,,,,,,,,,
recZNJ7ALepjMkTD7,1198,recZNJ7ALepjMkTD7,2026-06-11T11:39:23.000Z,Luau,Stephanie Free,[null],"[""rec5IMARVeIPrAwrw""]",class_oog,Alyssa Padlo,"[""recXmEN1YTg2iS1Mk""]","[""Alyssa""]","[""recBVRfeR9i4COiwE""]",,,,,,,,,,,,,,,,,,,,,
recZNJ9sLZjsWr4Mc,1945,recZNJ9sLZjsWr4Mc,2026-06-11T11:39:25.000Z,Action Girl Z,Casey M. Millis,[null],"[""recHMJlKzrbejcORZ""]",class_oog,Casey M. Millis,"[""recNzSUHTpZtd7NWZ""]","[""Casey""]","[""recBrEtNpXmVIRzK3""]",,,,,,,,,,,,,,,,,,,,,
recZeRDlzip5lxPtT,2702,recZeRDlzip5lxPtT,2026-06-09T23:09:50.000Z,For Jens Z,Dana G. Waters,[null],"[""recPI4PUWEIWkoNxr""]",class_oog.php,Patrick R. Wilcher,"[""rec3gQl0aV9rigp2y""]","[""Patrick""]","[""recC9TviwdEjxgABW""]",,,,,,,,,,,,,,,,,,,,,
recZf5JilxOykAhlL,2987,recZf5JilxOykAhlL,2026-06-09T23:09:50.000Z,Million's Crack Ki,Luciano Dome,[null],"[""recvaFmeyxN8zUwyx""]",class_oog,Stella Kraemer,"[""rec0G59EnQRnDao5X""]","[""Stella""]","[""recjYsJmAKVPUAG2i""]",,,,,,,,,,,,,,,,,,,,,
recZhshSDnMVLef3m,2373,recZhshSDnMVLef3m,2026-06-12T17:24:27.000Z,Rozsa,Anthony Sauriol,[null],"[""recBEKQFHtHWNpX0V""]",class_oog.php,Anthony Sauriol,"[""recUwNcxdLMqUK3KT""]","[""Anthony""]","[""recIKamH37qEBTrF7""]",,,,,,,,,,,,,,,,,,,,,
recZjVJhvDeW8E4h6,2633,recZjVJhvDeW8E4h6,2026-06-09T23:09:50.000Z,Dimazzo,Leah Lang-Gluscic,[null],"[""recZkCFReFrLUJo2s""]",class_oog.php,Leah Lang-Gluscic,"[""rec974lTBQb8pAelY""]","[""Leah""]","[""recpHh1PShXkwhM2V""]",,,,,,,,,,,,,,,,,,,,,
recZnssMwPiGKbLvF,1435,recZnssMwPiGKbLvF,2026-06-09T23:09:50.000Z,Hellcat,Megan O'Brien,[null],"[""recxGALw1YEWdE4UY""]",class_oog.php,Megan O'Brien,"[""rec5ajwSmFOn8GV9H""]","[""Megan""]","[""rec18D1jOyn6X42k9""]",,,,,,,,,,,,,,,,,,,,,
recZpqPhNHYT2KGLP,2155,recZpqPhNHYT2KGLP,2026-06-09T23:09:50.000Z,La Luciole,Jacqueline Steffens Daly,[null],"[""recpjmVkhaMa5uNgi""]",class_oog.php,Jacqueline Steffens Daly,"[""recVEALy4YPkqWZIK""]","[""Jacqueline""]","[""rec3YjZUNtuqDJ0nC""]",,,,,,,,,,,,,,,,,,,,,
recZqFdHXmURIhVhk,1034,recZqFdHXmURIhVhk,2026-06-12T17:24:27.000Z,Cadans Z,Dominique H. Damico,[null],"[""recctkWYVvDkvWYI5""]",class_oog,Sarah Callahan,"[""recandUNivppmOwX6""]","[""Sarah""]","[""recUSP9h7nazUAhZI""]",,,,,,,,,,,,,,,,,,,,,
recZrqsPurBAf5Ep8,1772,recZrqsPurBAf5Ep8,2026-06-12T03:10:20.000Z,Harbor Boy,Brooke Eddy,[null],"[""rectI6Ru9zyzGnrBA""]",class_oog,Fallon Badini,"[""recJuaov51EBccleb""]","[""Fallon""]","[""reclpyjsxImYb6Ul2""]",,,,,,,,,,,,,,,,,,,,,
recZu88uJonIdPVyP,1927,recZu88uJonIdPVyP,2026-06-12T03:10:20.000Z,Hicorino,Derek Van Der Burgh,[null],"[""reccnNFYTQBX07Nav""]",class_oog,Brooke Borges,"[""rec306qqGUUlLMqAD""]","[""Brooke""]","[""recw2AcufXB3OnYyW""]",,,,,,,,,,,,,,,,,,,,,
recZzqcKYNFbxV7Pp,2152,recZzqcKYNFbxV7Pp,2026-06-09T23:09:50.000Z,Bluebelle,Andres A. Correa,[null],"[""recZP6wgonkpwI9SZ""]",class_oog.php,Andres A. Correa,"[""rechwnqfyZjTTKeIr""]","[""Andres""]","[""recl4930Uvn00qNs0""]",,,,,,,,,,,,,,,,,,,,,
reca0h4RLbgEQB1f6,1543,reca0h4RLbgEQB1f6,2026-06-11T11:39:21.000Z,Ironclad's Fairmont,Dominique H. Damico,[null],"[""rect0uldbYtw7E0RS""]",class_oog.php,Randi Callahan,"[""recBvnLmlMg8sppYy""]","[""Randi""]","[""recUSP9h7nazUAhZI""]",,,,,,,,,,,,,,,,,,,,,
reca6JPxYZPlxbSyK,215,reca6JPxYZPlxbSyK,2026-06-15T13:18:54.000Z,Conlugo Ps,Gaston Escamez,[null],"[""recEKjMLxbot8wxp8""]",class_oog,Lawson Whitaker,"[""recQegkSIOiKIORwi""]","[""Lawson""]","[""recZAL84Ujr0QX9cW""]",,,,,,,,,,,,,,,,,,,,,
reca9DLtSE2IygyqS,179,reca9DLtSE2IygyqS,2026-06-15T13:18:54.000Z,Farinjo Des Mec,Bliss Heers,[null],"[""recZXpsfx2TknH6J1""]",class_oog,Bliss Heers,"[""recXovs9KjxpTkCpj""]","[""Bliss""]","[""recKF0YhvyIihzny3""]",,,,,,,,,,,,,,,,,,,,,
reca9rzGRwNyYhf9J,3243,reca9rzGRwNyYhf9J,2026-06-20T16:25:50.000Z,Konig Der Loewen,,[null],"[""recbJLQI3Cl1oZzzw""]",get_rings.php,,,,,,,,,,,,,,,,,,,,,,,,,
recaDBKCxqYv7GOz2,1554,recaDBKCxqYv7GOz2,2026-06-09T23:09:50.000Z,Going Global,Jenny Miller,[null],"[""recgDxmw0ekKbzKcA""]",class_oog.php,Jenny Miller,"[""recuCjfT3Zi0PZ7TV""]","[""Jenny""]","[""recUyPOPB2XxAGJpk""]",,,,,,,,,,,,,,,,,,,,,
recaEXjAW8CwJkP3y,2412,recaEXjAW8CwJkP3y,2026-06-20T18:13:14.000Z,Invicta,,[null],"[""recIAVoMMZNqvREtd""]",get_rings.php,,,,,,,,,,,,,,,,,,,,,,,,,
recaKN30sYkeitstu,3192,recaKN30sYkeitstu,2026-06-13T01:35:34.000Z,Raise A Glass CF,Maya Abdallah,[null],"[""recT3Q3BVFUqScBIP""]",class_oog,Serene Moumnine,"[""rec6DLuiZHDSdzLF9""]","[""Serene""]","[""recI1g5Ddvuo2Aqkw""]",,,,,,,,,,,,,,,,,,,,,
recaUTGJY1Dqd5k87,2249,recaUTGJY1Dqd5k87,2026-06-20T17:37:14.000Z,Heaven Sent,,[null],"[""recOwxWNpxKuk4Z0w""]",get_rings.php,,,,,,,,,,,,,,,,,,,,,,,,,
recaWvN0eKTl3rKul,3012,recaWvN0eKTl3rKul,2026-06-12T17:24:28.000Z,Frf Athena,Lynn M. Reed,[null],"[""recw36gcBqoExUts8""]",class_oog.php,Lynn M. Reed,"[""recxDhjsFLj5GbY1X""]","[""Lynn""]","[""recVgcYuvsyU3zc15""]",,,,,,,,,,,,,,,,,,,,,
recabD0Iks2s2NpGr,2935,recabD0Iks2s2NpGr,2026-06-09T23:09:50.000Z,Paseana,Jelmer Hoekstra,[null],"[""recLierzXmARsRhOF""]",class_oog.php,Jelmer Hoekstra,"[""recc4s9XxQqAv1rup""]","[""Jelmer""]","[""recqI6AanH1zv5CGV""]",,,,,,,,,,,,,,,,,,,,,
recafuQDey3Oa9B8I,3169,recafuQDey3Oa9B8I,2026-07-01T19:59:59.000Z,,,,,,,,,,,,,,,,"[""recm2b4R0saPphbR1""]",,,,"[""recm2b4R0saPphbR1""]",,,,,,,,,,
recakoUJRxtoXug8S,2459,recakoUJRxtoXug8S,2026-07-01T17:25:51.000Z,Love Language,,,,get_rings.php,,,,,,,,,,,,,,,,,,,,,,,,,
recapGYrzFMkcjXfX,3242,recapGYrzFMkcjXfX,2026-07-01T16:18:37.000Z,Kinsale,,,,get_rings.php,,,,,,,,,,,"[""recXX7WlvmoOQzPF9""]",,,,"[""recXX7WlvmoOQzPF9""]",,,,,,,,,,
recapiXQPWvNxuZL6,1420,recapiXQPWvNxuZL6,2026-06-12T03:10:20.000Z,Cierra,Meghan Green,[null],"[""recS5xAw61CzSznVk""]",class_oog,Liza Guettler,"[""rec1AU4meQ1ffufH5""]","[""Liza""]","[""recY4IG5M0Ub1eRP6""]",,,,,,,,,,,,,,,,,,,,,
recapyDbSLzsXQHmD,3849,recapyDbSLzsXQHmD,2026-07-01T15:42:34.000Z,Glen,,,,get_rings.php,,,,,,,,,,,,,,,,,,,,,,,,,
recarEx7mlbqpeP8N,1709,recarEx7mlbqpeP8N,2026-06-09T23:09:50.000Z,Headleys Kinetic,Anne L. Bingler,[null],"[""recYcjfuToIDFnZ8k""]",class_oog.php,Anne L. Bingler,"[""rechuzUPNLOsASgzX""]","[""Anne""]","[""rec3S9KikkQrKgX8L""]",,,,,,,,,,,,,,,,,,,,,
recarNLMWih1VSow5,3625,recarNLMWih1VSow5,2026-07-01T16:50:56.000Z,Lankom Amg,,,,get_rings.php,,,,,,,,,,,,,,,,,,,,,,,,,
recauzEWZogoAhBmF,1042,recauzEWZogoAhBmF,2026-06-09T23:09:50.000Z,Maiki,Alan Korotkin,"[""Maiki""]","[""recMWdp7zaE1i2Gzl""]",class_oog,Taylor Oakvik,"[""recD4asSzMCiJoxEc""]","[""Taylor""]","[""recFIHTcArQhILyAc""]","[""CWF""]","[""Maiki""]","[""recKPPbxRShj4w1HS"",""recQP0wSqj9XJZtIT""]","[""rec0LMXjTF3BZ4UwF"",""recZXt8LqQBSBHEmh""]","[""rec3I9jr95GmQPfyi"",""recQET6bE27KKYyhQ"",""recYqFMhzIJ1j57L9""]","[""recOpPnhh7xklkifh"",""rec7c4JvVPFXSEuXm""]",,,,,,,,,,,,,,,
recawK4STNftWVsnu,1196,recawK4STNftWVsnu,2026-06-11T11:39:21.000Z,Carolina Bay,Stephanie Free,[null],"[""recsJ5fy4cS6erdA0""]",class_oog,Emily Mckendry,"[""recZCGuytgOV0ElOg""]","[""Emily""]","[""recBVRfeR9i4COiwE""]",,,,,,,,,,,,,,,,,,,,,
recayKzI158ZQuZFC,2342,recayKzI158ZQuZFC,2026-06-17T20:54:40.000Z,Diamant's Legendary Na,,[null],"[""rec4bN93G6AbJCFL8""]",get_rings.php,,,,,,,,,,,,,,,,,,,,,,,,,
recb53GpxiO8qrZKB,3024,recb53GpxiO8qrZKB,2026-06-18T19:32:24.000Z,Frf Royal Decree,,[null],"[""recutTI5J0c4QpDUy""]",get_rings.php,,,,,,,,,,,"[""recfnQasSLEQlvHJt""]","[""reclSjUBzoTvCL9Mk""]",,"[""reclSjUBzoTvCL9Mk""]","[""recfnQasSLEQlvHJt""]",,,,,,,,,,
recb5aLOWcDGO2C5d,1853,recb5aLOWcDGO2C5d,2026-06-09T23:09:50.000Z,Indiana De Riverland,Declan Egan,[null],"[""recWqVGgbAp7EX3bA""]",class_oog.php,Declan Egan,"[""recaZx28r0BSMxn0j""]","[""Declan""]","[""recGOZOt71dcEAmvp""]",,,,,,,,,,,,,,,,,,,,,
recb666cCgReqLBEk,2629,recb666cCgReqLBEk,2026-06-11T11:39:24.000Z,On The Clock,John Paulsen,[null],"[""rec8yCaafwHR1yQyp""]",class_oog,Heidi Paulsen,"[""rec5MlL9OQJ3jlSbG""]","[""Heidi""]","[""recNSLAabY22Iw1Z1""]",,,,,,,,,,,,,,,,,,,,,
recb8kY0wI96J5yl3,1222,recb8kY0wI96J5yl3,2026-06-09T23:09:50.000Z,Ladies Night,Megan Wexler,[null],"[""recdSr39X3oOJZjOa""]",class_oog.php,Megan Wexler,"[""recNZdF2y3UymF3hZ""]","[""Megan""]","[""recbDjphoL8qMtSeW""]",,,,,,,,,,,,,,,,,,,,,
recb9c821crhAUlDV,1284,recb9c821crhAUlDV,2026-06-11T11:39:23.000Z,Kalipso,Katie Moniz Floyd,[null],"[""reciDl1LwDLLI8xUE""]",class_oog.php,Katie Moniz Floyd,"[""rectLFrMEjn7PuMvr""]","[""Katie""]","[""recPMskDVL2pcUFPb""]",,,,,,,,,,,,,,,,,,,,,
recbBkivjo9pQUAWb,2528,recbBkivjo9pQUAWb,2026-06-12T03:10:21.000Z,Indigo,Gianni Gabrielli,[null],"[""rec1SE5SwPnnar75T""]",class_oog,Jesus A. Rigu,"[""recbrgeNFLBoH10vu""]","[""Jesus""]","[""recBAzsT29cV74CnZ""]",,,,,,,,,,,,,,,,,,,,,
recbBuCGoa2DVvxQE,2107,recbBuCGoa2DVvxQE,2026-06-09T23:09:50.000Z,Mary J,Isaac Leffkowitz,[null],"[""recydrjm8EMegldSp""]",class_oog,Rebecca A. Milliken,"[""rec6PfdUq1V5Pn86W""]","[""Rebecca""]","[""rec7ppaIMqZuirHoA""]",,,,,,,,,,,,,,,,,,,,,
recbGqLyZT0TzaKIA,3139,recbGqLyZT0TzaKIA,2026-07-01T13:33:38.000Z,Skylar,,,,get_rings.php,,,,,,,,,,,"[""recmPOE9MZgLUu3ob""]","[""recknztCLn2qjGMcO""]",,"[""recknztCLn2qjGMcO""]","[""recmPOE9MZgLUu3ob""]",,,,,,,,,,
recbILz4rBUcKWHxq,1259,recbILz4rBUcKWHxq,2026-06-12T17:24:26.000Z,Calimero Z,Ben Taylor,[null],"[""recuANGzKQsiYIjUk""]",class_oog,Mallory Vale,"[""recCyC3z96ioVgKzW""]","[""Mallory""]","[""recmTGLWfZLnyH6TK""]",,,,,,,,,,,,,,,,,,,,,
recbJbaJrLSZZhemR,2021,recbJbaJrLSZZhemR,2026-06-11T11:39:21.000Z,Crescendo 55,Heather Dayner,[null],"[""recSDfMJUKijBPzEd""]",class_oog.php,Andrea Clark,"[""recGmNTAC24c74vst""]","[""Andrea""]","[""rectbL4oLPTwFxdNp""]",,,,,,,,,,,,,,,,,,,,,
recbKbRy6uWOYVoxn,1914,recbKbRy6uWOYVoxn,2026-06-11T11:39:24.000Z,D’or E’cureuil,Bryce P. Richardson,[null],"[""recW0GoCQ4adET3oP""]",class_oog.php,Bryce P. Richardson,"[""recmy93tzMkYZukPY""]","[""Bryce""]","[""rectIwXBJfkrEAaOG""]",,,,,,,,,,,,,,,,,,,,,
recbLGzVtUzPM0ehq,1646,recbLGzVtUzPM0ehq,2026-06-09T23:09:50.000Z,Con Sol,Juan A. Rodriguez Silva,[null],"[""reca0IEMDAmS3AqYR""]",class_oog,Nicole Presa Tejada,"[""rechqgzesv0gfUZwq""]","[""Nicole""]","[""reclu4ZfxeCUoDgLA""]",,,,,,,,,,,,,,,,,,,,,
recbMUxRpLNLEqBal,2884,recbMUxRpLNLEqBal,2026-06-09T23:09:50.000Z,Karma,Ryan Michael Genn,[null],"[""recMAuWjmb6Ae7iB7""]",class_oog.php,Ryan Michael Genn,"[""recxzzbGbfXwvPmbw""]","[""Ryan""]","[""rec1uM1UghdnlA4Hq""]",,,,,,,,,,,,,,,,,,,,,
recbN9hcuwyHaXSOt,2082,recbN9hcuwyHaXSOt,2026-06-12T03:10:20.000Z,Blue Magic,Madison Daughdrill,[null],"[""reccwK3wNlr8Gr3b5""]",class_oog,Anslee Bell,"[""recvQT9BbjlLzBWkJ""]","[""Anslee""]","[""recQXTpW29gQ8CQhu""]",,,,,,,,,,,,,,,,,,,,,
recbNkeX7Ld3HWbxU,2093,recbNkeX7Ld3HWbxU,2026-06-09T23:09:50.000Z,Dragonfly,Andrew C. Welles,[null],"[""recnQCHBCJ0H6rae3""]",class_oog.php,Nora Nauss,"[""recf8UPoJAute0lLH""]","[""Nora""]","[""rectc0mHofDhAxAVA""]",,,,,,,,,,,,,,,,,,,,,
recbQlO6CvoZuDUWm,2531,recbQlO6CvoZuDUWm,2026-06-12T03:10:21.000Z,Satis Van Het Moeshof,Gianni Gabrielli,[null],"[""rec0FivSfh6MsyTIM""]",class_oog,Jesus A. Rigu,"[""recbrgeNFLBoH10vu""]","[""Jesus""]","[""recBAzsT29cV74CnZ""]",,,,,,,,,,,,,,,,,,,,,
recbTTLdQQzmaK8Yy,1099,recbTTLdQQzmaK8Yy,2026-06-13T00:10:27.000Z,Cms Who's The Man,Morgan Taylor,[null],"[""recdanmPVXbmzN9w1""]",class_oog,Madison Boutilier,"[""recQk7a0vqvqeHwYS""]","[""Madison""]","[""rec0wCs5ZzmAW8kSL""]",,,,,,,,,,,,,,,,,,,,,
recbZwSP6BzBgUDSP,210,recbZwSP6BzBgUDSP,2026-06-18T14:46:42.000Z,Bull Run's Risen,,[null],"[""recDPvYlNsDxPWRxN""]",get_rings.php,,,,,,,,,,,,,,,,,,,,,,,,,
recbbC4cEx63PP1dA,2522,recbbC4cEx63PP1dA,2026-06-09T23:09:50.000Z,Remix De Ganad,August Torsilieri,[null],"[""reczGNyixcrHeEGRz""]",class_oog,Wendell Abraham,"[""reclzewcZLj2VWKNz""]","[""Wendell""]","[""recel7Tui1CFiT95R""]",,,,,,,,,,,,,,,,,,,,,
recbcJelLtShLACB0,2172,recbcJelLtShLACB0,2026-06-09T23:09:50.000Z,Castell 21,Megan Gardiner,[null],"[""recDtVYDKNlqH6xXc""]",class_oog,Amanda Gardiner,"[""recLDDDVjl8UWm6VT""]","[""Amanda""]","[""recfC6qStEmrNdY3c""]",,,,,,,,,,,,,,,,,,,,,
recbf6iOpW2tMd2cU,2975,recbf6iOpW2tMd2cU,2026-06-12T03:10:21.000Z,Plush Ponies' Kickapoo Kiwi Bliss,No Trainer,[null],"[""recXahvq9OxhIGmPd""]",class_oog.php,Sofia Clark,"[""recFAEZkb410RquB4""]","[""Sofia""]","[""rectmuBKijy6rE4R4""]",,,,,,,,,,,,,,,,,,,,,
recbgWWvdLtzPxRIW,197,recbgWWvdLtzPxRIW,2026-06-15T13:18:54.000Z,Balou De Revel,Juan A. Rodriguez Silva,[null],"[""rechgSYQRQw5Od3P3""]",class_oog,Emilio Medina,"[""recxq3x3oKp3xoKiz""]","[""Emilio""]","[""reclu4ZfxeCUoDgLA""]",,,,,,,,,,,,,,,,,,,,,
recbgldNCIUiH43uJ,3264,recbgldNCIUiH43uJ,2026-06-18T17:48:40.000Z,It's Easy,,[null],"[""recCDqPJQ4QKdZ6HW""]",get_rings.php,,,,,,,,,,,,,,,,,,,,,,,,,
recbhoeEZbeIiWOod,1424,recbhoeEZbeIiWOod,2026-06-09T23:09:50.000Z,Arthur,Stefano Baruzzo,[null],"[""recOEUEDDZHmRlkKO""]",class_oog.php,Stefano Baruzzo,"[""rec8ChXFoOgj2B53g""]","[""Stefano""]","[""recqebjIKM3r0tkep""]",,,,,,,,,,,,,,,,,,,,,
recbjLwlo9lhPfYJN,3097,recbjLwlo9lhPfYJN,2026-06-11T11:39:25.000Z,Jet Setter,Carlos Aguirre,[null],"[""recdoTrdHp6vzz5uX""]",class_oog,Jana Schwartzberg,"[""recxLjC7HUMdCYgIG""]","[""Jana""]","[""rec1FgPVFDZY2PmXP""]",,,,,,,,,,,,,,,,,,,,,
recbkPoe4t8Irl2NP,2940,recbkPoe4t8Irl2NP,2026-06-09T23:09:50.000Z,Obora’s Sandman,Marissa Creviston,[null],"[""recKf2iviypuesPFP""]",class_oog.php,Marissa Creviston,"[""rec80MabN4TywgT9f""]","[""Marissa""]","[""recUr6Fi772oNLJ5v""]",,,,,,,,,,,,,,,,,,,,,
recblspk3KEWqGdwI,2150,recblspk3KEWqGdwI,2026-06-12T17:24:28.000Z,Marty Mcfly,Abby Strohmeyer,[null],"[""recyq1Gg56Suwi23T""]",class_oog.php,Abby Strohmeyer,"[""rech7TFqfgZVXf3mn""]","[""Abby""]","[""recHr7nRG7cRW4hq4""]",,,,,,,,,,,,,,,,,,,,,
recbnlfnvtulJzkOU,3398,recbnlfnvtulJzkOU,2026-06-19T16:27:45.000Z,Brume De La Catiniere,,[null],"[""rec64hYkUQPbZkx96""]",get_rings.php,,,,,,,,,,,,,,,,,,,,,,,,,
recbnrH2OpnjTaOko,1310,recbnrH2OpnjTaOko,2026-06-18T16:19:16.000Z,Clarissima 3,,[null],"[""recWpAjjk6PJt7BXK""]",get_rings.php,,,,,,,,,,,,,,,,,,,,,,,,,
recbudwFhpwTGxAjY,177,recbudwFhpwTGxAjY,2026-06-15T13:18:53.000Z,Ezarka De Belheme,Sydney Rowland,[null],"[""recTTq34WC55wI9mR""]",class_oog,Lexi Ferder,"[""rec49jKVAw5ScYA7G""]","[""Lexi""]","[""recFsMRQIqS8lWRWR""]",,,,,,,,,,,,,,,,,,,,,
recbyeHnj0OT9sByX,1246,recbyeHnj0OT9sByX,2026-06-09T23:09:50.000Z,Redbull 33 Vdh,Brittni A. Raflowitz,[null],"[""recq7zGeSM734iPDV""]",class_oog.php,Brittni A. Raflowitz,"[""recuB93tp86huMHOF""]","[""Brittni""]","[""recU3IaijfKlg4V10""]",,,,,,,,,,,,,,,,,,,,,
recc0jIcjOJMEQbuG,2191,recc0jIcjOJMEQbuG,2026-06-12T03:10:20.000Z,Willy Wonka Wb,Jenelle Branom,[null],"[""receKOZoWQrdEGWSG""]",class_oog,Danielle Guy,"[""recYDYpVKNJFGCcQZ""]","[""Danielle""]","[""recmuuXibSUSiIg5P""]",,,,,,,,,,,,,,,,,,,,,
recc3qtk9B4PThAco,2335,recc3qtk9B4PThAco,2026-07-01T14:45:36.000Z,S&l Protector,,,,get_rings.php,,,,,,,,,,,,,,,,,,,,,,,,,
recc51YkKZgpedrZ0,1706,recc51YkKZgpedrZ0,2026-06-09T23:09:50.000Z,Airway Semilly,Anne L. Bingler,[null],"[""reccYIQBX3mYMUiWX""]",class_oog,Ella Walker,"[""recpgVv0PoTAjefFa""]","[""Ella""]","[""rec3S9KikkQrKgX8L""]",,,,,,,,,,,,,,,,,,,,,
recc7xn13H6oiCRUV,2559,recc7xn13H6oiCRUV,2026-06-09T23:09:50.000Z,Dee Dee Gz,Spencer Brittan,[null],"[""recNm9iI4P34OMHyE""]",class_oog.php,Samantha Fields,"[""recCGQAHzRxj61j7x""]","[""Samantha""]","[""recqByBk0EpjI9rLn""]",,,,,,,,,,,,,,,,,,,,,
recc8aAieevJGkavk,3653,recc8aAieevJGkavk,2026-07-01T18:54:37.000Z,All Is Well,,,,get_rings.php,,,,,,,,,,,"[""recIjUt5XNw46sjsf""]","[""rec0zieKh81rI0WPC""]",,"[""rec0zieKh81rI0WPC""]","[""recIjUt5XNw46sjsf""]",,,,,,,,,,
reccCfGnZ8zvRzXiZ,3844,reccCfGnZ8zvRzXiZ,2026-07-01T13:21:33.000Z,Nadini F,,,,get_rings.php,,,,,,,,,,,,"[""rece4lTK00PwTA9iq""]",,"[""rece4lTK00PwTA9iq""]",,,,,,,,,,,
reccFg4JNik72evV7,2196,reccFg4JNik72evV7,2026-06-09T23:09:50.000Z,Kan So,Sharn L. Wordley,[null],"[""recumKdAjpMtCp9Q8""]",class_oog.php,Diego Farje,"[""reca28cCzi6t0iAKS""]","[""Diego""]","[""recqmThVFmsIM6E8t""]",,,,,,,,,,,,,,,,,,,,,
reccII7BFSPqJETYJ,1105,reccII7BFSPqJETYJ,2026-06-09T23:09:50.000Z,Legacy Rs,Benjamin J. Meredith,[null],"[""recLFC3oXN6C15kPh""]",class_oog.php,Lauren E. Hough,"[""recoEG978VWcbWV8X""]","[""Lauren""]","[""reccRPUdMRZMCiJuf""]",,,,,,,,,,,,,,,,,,,,,
reccJGzhx3OasZ6fm,1738,reccJGzhx3OasZ6fm,2026-06-12T17:24:26.000Z,Dublin,Carly Tredinnick,[null],"[""recirHuE46MLWzQc5""]",class_oog.php,Amelia Tredinnick,"[""rec90AY2oQyQzzoUN""]","[""Amelia""]","[""recjGahspjyOKdkyr""]",,,,,,,,,,,,,,,,,,,,,
reccLR3YbRcGmma61,1044,reccLR3YbRcGmma61,2026-06-09T23:09:50.000Z,Peridoni 20,Alan Korotkin,"[""Peri""]","[""recabXmO03R3e1TB3""]",class_oog,Elisabeth Rotsaert,"[""recI8AUfFyisPjYuQ""]","[""Elisabeth""]","[""recFIHTcArQhILyAc""]","[""CWF""]","[""Peri""]","[""recEfC0jqFXrJNADf""]","[""recCX2LNdSwF6RhhN"",""recjIGPyKrhiNad0k""]","[""recUL44GxXwwj0g6y""]","[""recvm5lcObBDmC5Oy""]",,,,,,,,,,,,,,,
reccSvyV9EOPrkFO6,2248,reccSvyV9EOPrkFO6,2026-06-19T12:33:38.000Z,Devoted,,[null],"[""rec9N0q4UXd3NE3M7""]",get_rings.php,,,,,,,,,,,,,,,,,,,,,,,,,
reccTSAFpxDh2s7Ho,2719,reccTSAFpxDh2s7Ho,2026-06-09T23:09:50.000Z,Nobeltje,Pamela Gomez,[null],"[""rechmrDoDDBkCePGk""]",class_oog.php,Amanda Gomez,"[""recoIRjDD1WpA7gR6""]","[""Amanda""]","[""recD8d72oDpyNe2Hi""]",,,,,,,,,,,,,,,,,,,,,
reccW5aQFbF99rjQe,2893,reccW5aQFbF99rjQe,2026-06-18T15:18:57.000Z,Sandcastle,,[null],"[""recMDTTItVICWLveU""]",get_rings.php,,,,,,,,,,,,,,,,,,,,,,,,,
reccXmVIqqAkI8PEo,2246,reccXmVIqqAkI8PEo,2026-06-18T20:04:12.000Z,Chatoyer,,[null],"[""recVMYrevXNB5xwVr""]",get_rings.php,,,,,,,,,,,,,,,,,,,,,,,,,
recccgm4LNfYTtd8R,2703,recccgm4LNfYTtd8R,2026-06-11T11:39:22.000Z,Genuine,Dana G. Waters,[null],"[""recoEy9hoaDtJjoNI""]",class_oog,Hayley G. Waters Wear,"[""recLFMHh1Qpy7gpgf""]","[""Hayley""]","[""recC9TviwdEjxgABW""]",,,,,,,,,,,,,,,,,,,,,
reccfnhd9Nq3KBBkl,2828,reccfnhd9Nq3KBBkl,2026-06-11T11:39:22.000Z,Conlondino Ps,Lauren Schweppe,[null],"[""recWIVRXmWfip508y""]",class_oog,Evelyn Byron,"[""rec2fj8BKdynfDg3D""]","[""Evelyn""]","[""recWb8kIRsV2w5Zj9""]",,,,,,,,,,,,,,,,,,,,,
reccigib2ijRnWs41,3048,reccigib2ijRnWs41,2026-06-10T15:10:41.000Z,Conchacco Ps,Alyssa Pascucci,[null],"[""recgY8x8fIs7Ea8SX""]",class_oog.php,Alyssa Pascucci,"[""reccSzGDIKf9DLzAW""]","[""Alyssa""]","[""reccxT6yO7DM4d3NC""]",,,,,,,,,,,,,,,,,,,,,
reccj1xq63gumqxGY,2615,reccj1xq63gumqxGY,2026-06-21T13:21:51.000Z,Foxtrot,,[null],"[""recP2JHdL14aiNLAu""]",get_rings.php,,,,,,,,,,,,,,,,,,,,,,,,,
recckZ7igwuvZmixO,2134,recckZ7igwuvZmixO,2026-06-09T23:09:50.000Z,O-Toulon K,Addison Reed,[null],"[""reciI926KiVz5gnZS""]",class_oog.php,Addison Reed,"[""recnq0SxsppmltiqF""]","[""Addison""]","[""recRlcCb6UzGjsfM8""]",,,,,,,,,,,,,,,,,,,,,
reccmBs7OIEJDnVJB,2711,reccmBs7OIEJDnVJB,2026-06-09T23:09:50.000Z,Emyr De Launay,Juan E. Hidalgo,[null],"[""rect9cXUJgK0Ixi8C""]",class_oog.php,Mauricio Gruener,"[""recyQ8PVWq12G0typ""]","[""Mauricio""]","[""recWm4nXbUtPYpLCL""]",,,,,,,,,,,,,,,,,,,,,
reccmjiFpM818Ryfd,2388,reccmjiFpM818Ryfd,2026-06-11T11:39:25.000Z,Choco Du Reverdy,Alan Korotkin,"[""Choco""]","[""rec6OXORzccdhll6P""]",class_oog,Sophie Heap,"[""recYxSrzV8TEJcBWx""]","[""Sophie""]","[""recFIHTcArQhILyAc""]","[""CWF""]","[""Choco""]","[""reclhw2ZmvrYoiYPA"",""recSMowfE5wcV6pqu""]","[""reciTHnWgIszQCDM9"",""recVcXB8AfIJb7y7o"",""recyVkCfboIGne1uE"",""rechWp1PFiGICTJAs"",""recs6WBSd0kSDQnLN""]","[""recz8WVsKbTeKseJN"",""rec2rLKdslbcineGL"",""recJXpgHtCx7nfhBb""]","[""recCXBPD2ysxEVOzk"",""rec4eAOzBYo3GobsM""]",,,"[""recxvtyv7cN6wvTNA""]",,,,,,,,,,,,
reccpYhCZAY4DbLiD,1705,reccpYhCZAY4DbLiD,2026-06-09T23:09:50.000Z,Pi-Air,Todd D. Minikus,[null],"[""recy69guaLLe1O9mL""]",class_oog.php,Riley Delbecq,"[""recHmTWBod6JZu0hF""]","[""Riley""]","[""rec17fXVv4zXio64e""]",,,,,,,,,,,,,,,,,,,,,
reccujd0VKQiRtCar,2842,reccujd0VKQiRtCar,2026-06-18T15:03:02.000Z,Chatomina Ps,,[null],"[""recv3Gw3k98hiEmO3""]",get_rings.php,,,,,,,,,,,,,,,,,,,,,,,,,
reccw0MYAF5N4ys2S,2077,reccw0MYAF5N4ys2S,2026-06-11T11:39:26.000Z,Diamant Joe,Darragh Kerins,[null],"[""recqDNugtAgCap3cd""]",class_oog.php,Annie Ashton,"[""recAxawahZ8fxICUO""]","[""Annie""]","[""recOdyCszUe4VTxPo""]",,,,,,,,,,,,,,,,,,,,,
reccwbe0M6JlsdOvR,1415,reccwbe0M6JlsdOvR,2026-06-11T11:39:22.000Z,Nijerite,Juan A. Rodriguez Silva,[null],"[""recjEvH2m9ExFKVtu""]",class_oog.php,Diego Loria,"[""reco40AZFnYO1VXuv""]","[""Diego""]","[""reclu4ZfxeCUoDgLA""]",,,,,,,,,,,,,,,,,,,,,
reccwyKvnNpDXRx8Z,2232,reccwyKvnNpDXRx8Z,2026-06-18T17:34:15.000Z,Sg's Carnelian,,[null],"[""rec8X1j9VhPuGDOMQ""]",get_rings.php,,,,,,,,,,,,,,,,,,,,,,,,,
reccyRIzHp9ugs8vK,2962,reccyRIzHp9ugs8vK,2026-06-11T11:39:22.000Z,Friloux Des Champs,Vicente Guillen,[null],"[""rec740v4uyei3qRrI""]",class_oog,Vicente Guillen,"[""recvGTTxZSbHtC8Ym""]","[""Vicente""]","[""recCbBJMoJvofncZW""]",,,,,,,,,,,,,,,,,,,,,
reccydfziSmL8Nnrd,1100,reccydfziSmL8Nnrd,2026-06-13T01:35:34.000Z,Kicks And Giggles W.e.c.,Morgan Taylor,[null],"[""recqMoyYpK3eExijU""]",class_oog,Ella Boutilier,"[""rechOpyPKMOuBZwv4""]","[""Ella""]","[""rec0wCs5ZzmAW8kSL""]",,,,,,,,,,,,,,,,,,,,,
recd2i8o2VFvqHaXj,1076,recd2i8o2VFvqHaXj,2026-06-09T23:09:50.000Z,Curioso Van Maarle Z,Benjamin J. Meredith,[null],"[""recpwBbv1DK6OHP6I""]",class_oog,Miley Davidyan,"[""reclZp0eQIJMvkdeG""]","[""Miley""]","[""reccRPUdMRZMCiJuf""]",,,,,,,,,,,,,,,,,,,,,
recd84T95KYRhjbjj,2387,recd84T95KYRhjbjj,2026-06-09T23:09:50.000Z,Winterfells Castle Black,Lisa Hasenbeck,[null],"[""recvCGTMcpB6GIFQn""]",class_oog.php,Sierra Montgomery,"[""rec12lzOQKtI0Qkv5""]","[""Sierra""]","[""recSN0eF04okgAD8J""]",,,,,,,,,,,,,,,,,,,,,
recdDY3OooTIqQUpY,3424,recdDY3OooTIqQUpY,2026-06-19T13:10:11.000Z,Le Granno Quick Ps,,[null],"[""rec3cidKbwODA0V94""]",get_rings.php,,,,,,,,,,,,,,,,,,,,,,,,,
recdLD4MEv2hH8NIU,1356,recdLD4MEv2hH8NIU,2026-06-18T15:48:33.000Z,Cibel Z,,[null],"[""rec1mSYqGavc7BaZL""]",get_rings.php,,,,,,,,,,,,,,,,,,,,,,,,,
recdM6wDRahirh7oO,1721,recdM6wDRahirh7oO,2026-06-11T11:39:25.000Z,Metallica,Justine L. Dutton Barnard,[null],"[""recLXYgdhRzs0rEdm""]",class_oog.php,Justine L. Dutton Barnard,"[""recvD6KL2dqqPvN0v""]","[""Justine""]","[""recU7zogAuLVNKIfQ""]",,,,,,,,,,,,,,,,,,,,,
recdMAFrp27NIbeGF,2603,recdMAFrp27NIbeGF,2026-06-09T23:09:50.000Z,Dominus Z,Jasmine Walsh,[null],"[""reci7vpKDSO4HLzfO""]",class_oog,Emery Kobel,"[""recRwKQn4Cpl8Zqzz""]","[""Emery""]","[""recI1AZhpQDfY3cRY""]",,,,,,,,,,,,,,,,,,,,,
recdMawPmNGGlbYJu,1412,recdMawPmNGGlbYJu,2026-06-14T10:51:48.000Z,Quala Vd Rollebeek,Diego Bedoya,[null],"[""rec1hASjfzRNVLHW4""]",class_oog,Diego Bedoya,"[""recDO1ZAzYfy82SNU""]","[""Diego""]","[""reciZDolH9q1XcQGD""]",,,,,,,,,,,,,,,,,,,,,
recdOBrLHAVTVoaxj,1983,recdOBrLHAVTVoaxj,2026-06-09T23:09:50.000Z,Koh I Knoor,Natalie Johnson Russell,[null],"[""recPUXz9OXL5sXEi5""]",class_oog.php,Natalie Johnson Russell,"[""recC1iPVmbpbSBj7x""]","[""Natalie""]","[""reciFw1xeBgWRjqTt""]",,,,,,,,,,,,,,,,,,,,,
recdPMOFigX7AuBXi,1050,recdPMOFigX7AuBXi,2026-06-12T15:15:41.000Z,Benjamin,Daniela Roy,[null],"[""rec0AjlSw7pupQDJX""]",class_oog,Maria Ospina,"[""recKTcsZ4zpTvlcB3""]","[""Maria""]","[""rec2F4zRJZGDzG0M2""]",,,,,,,,,,,,,,,,,,,,,
recdSBzmfWk1wFuCX,3273,recdSBzmfWk1wFuCX,2026-06-19T11:58:18.000Z,Fuzzy Mcfadden,,[null],"[""rechDqu8MtH3bSjkZ""]",get_rings.php,,,,,,,,,,,,,,,,,,,,,,,,,
recdWBkutEkpHaYZ3,2830,recdWBkutEkpHaYZ3,2026-06-11T11:39:22.000Z,Carson Too,Danielle Platt,[null],"[""rectXMsn4mDd9e0d5""]",class_oog.php,Danielle Platt,"[""recsfAA9iVQUzRFfI""]","[""Danielle""]","[""recZ3kmzycB7xwLfv""]",,,,,,,,,,,,,,,,,,,,,
recddkhIwq0I9QZKq,1442,recddkhIwq0I9QZKq,2026-06-09T23:09:50.000Z,Rr Monster,Matthew Le Master,[null],"[""recmnXLEJTpYDltWO""]",class_oog.php,Mckenzie Badley,"[""recY8qeRhWAe7RPzG""]","[""Mckenzie""]","[""recN9E8BVaEfvKU1x""]",,,,,,,,,,,,,,,,,,,,,
recdeUfxo0vGgm3Pm,2838,recdeUfxo0vGgm3Pm,2026-06-09T23:09:50.000Z,Delisa Gp,Heather Froehlich Cortell,[null],"[""recHgVNnMbV0sNKWs""]",class_oog.php,Heather Froehlich Cortell,"[""recM7ioOHefDmEAqq""]","[""Heather""]","[""recYYSG3rW61gLanZ""]",,,,,,,,,,,,,,,,,,,,,
recdjcosoDVDYiKsc,2548,recdjcosoDVDYiKsc,2026-06-20T16:25:50.000Z,Catemaco Ls,,[null],"[""recPALYK9axIsgAMn""]",get_rings.php,,,,,,,,,,,,,,,,,,,,,,,,,
recdkGK7Ky8tTodPI,2156,recdkGK7Ky8tTodPI,2026-06-09T23:09:50.000Z,Lady Roxy,Jacqueline Steffens Daly,[null],"[""recKgbUJtVxZpLUkL""]",class_oog,Suzanne Burns,"[""recNBQyuhKbs4KSEm""]","[""Suzanne""]","[""rec3YjZUNtuqDJ0nC""]",,,,,,,,,,,,,,,,,,,,,
recdonopJ0WtIypgP,2066,recdonopJ0WtIypgP,2026-06-09T23:09:50.000Z,Red Admiral,Elizabeth C. de Golian,[null],"[""rec4s0Mzjefu6r5cl""]",class_oog.php,Elizabeth C. de Golian,"[""rec9QNDx2IegGtFnl""]","[""Elizabeth""]","[""recVpkQDmdDLWOnf7""]",,,,,,,,,,,,,,,,,,,,,
recdqd8c1RiqEIyWS,1993,recdqd8c1RiqEIyWS,2026-06-09T23:09:50.000Z,Copperfield Ghv Z,Sven Frei,[null],"[""recVpyyWeXZVriozh""]",class_oog.php,Molly Frei,"[""recUFm6Wapo7Qrf6n""]","[""Molly""]","[""rechQszLeuxBMYqll""]",,,,,,,,,,,,,,,,,,,,,
recdvY5Bhns0iSO9A,1349,recdvY5Bhns0iSO9A,2026-06-11T11:39:23.000Z,Rich Girl,Derek Reed,[null],"[""rece3GBJjxZECBTqa""]",class_oog,Felicia Rodgers,"[""recRqmqFiWa1SNEQF""]","[""Felicia""]","[""recnRRpu2nz5AuBj6""]",,,,,,,,,,,,,,,,,,,,,
recdwOEYGZ8DxLTUJ,151,recdwOEYGZ8DxLTUJ,2026-06-09T23:09:50.000Z,Contigo Z,Samuel Parot,[null],"[""rec2G9YifGvN4YYhL""]",class_oog,Samuel Parot,"[""recUXk1rCTBLl3j4S""]","[""Samuel""]","[""recnutMCbWmttrhyI""]",,,,,,,,,,,,,,,,,,,,,
recdz9efg7lPIZqB1,2758,recdz9efg7lPIZqB1,2026-06-18T18:34:11.000Z,Mien Seuten,,[null],"[""rec3cwi3uUbR7qY9z""]",get_rings.php,,,,,,,,,,,,,,,,,,,,,,,,,
rece25flOa0mVqrar,1963,rece25flOa0mVqrar,2026-06-18T15:03:02.000Z,Chatdenio Bh Z,,[null],"[""recKgTI8Qt09neLjW""]",get_rings.php,,,,,,,,,,,,,,,,,,,,,,,,,
rece33Su6BLgqhzj3,3148,rece33Su6BLgqhzj3,2026-07-01T16:30:43.000Z,Sambuca,,,,get_rings.php,,,,,,,,,,,,,,,,,,,,,,,,,
rece8QRDzcNymM2DX,1225,rece8QRDzcNymM2DX,2026-06-09T23:09:50.000Z,Cardline Kdw Z,Megan Wexler,[null],"[""recQrwLGs9KZmuISs""]",class_oog.php,Megan Wexler,"[""recNZdF2y3UymF3hZ""]","[""Megan""]","[""recbDjphoL8qMtSeW""]",,,,,,,,,,,,,,,,,,,,,
rece95JcAhAVDDtRR,1464,rece95JcAhAVDDtRR,2026-06-11T11:39:23.000Z,Gossip Girl,Mario Garcia,[null],"[""recYPkFgga1tlZ3bX""]",class_oog,Hannah Morejon,"[""reczNxdkVce2RRYW0""]","[""Hannah""]","[""recgLDs1PX5pujyno""]",,,,,,,,,,,,,,,,,,,,,
receAni6UqAZEBEMR,2076,receAni6UqAZEBEMR,2026-06-12T17:24:29.000Z,Condo Lh,Darragh Kerins,[null],"[""recV5aEPG4wisxE3B""]",class_oog,Nadine Beck,"[""recvrmp3sgOmigpg4""]","[""Nadine""]","[""recOdyCszUe4VTxPo""]",,,,,,,,,,,,,,,,,,,,,
receBxobjvudw9YS9,2557,receBxobjvudw9YS9,2026-06-12T17:24:29.000Z,A Golden Girl Sh Z,Spencer Brittan,[null],"[""rec6MB2ywdYKcfb0T""]",class_oog,Taylor Finkle,"[""reccwHv3NHXUKADE0""]","[""Taylor""]","[""recqByBk0EpjI9rLn""]",,,,,,,,,,,,,,,,,,,,,
receFL2jrZgtEi18s,2868,receFL2jrZgtEi18s,2026-06-09T23:09:50.000Z,Mtm Drop The Mic,Michael J. Mccormick,[null],"[""rec1EOByWSknpJYZS""]",class_oog.php,Tracy Fenney,"[""recLyTrE6tVxN0uIu""]","[""Tracy""]","[""recNsOB5RbtRbnQ37""]",,,,,,,,,,,,,,,,,,,,,
receFg4UH7Fm3c82b,2602,receFg4UH7Fm3c82b,2026-06-10T15:10:31.000Z,Fabian,Annalee Bennett,[null],"[""recq2HxFToW1xmwCN""]",class_oog,Bonnie Silver,"[""recEQTb1rKMDCNj7U""]","[""Bonnie""]","[""reckwt4VtWr7R1D6A""]",,,,,,,,,,,,,,,,,,,,,
receHMwvoy2idZQiI,1622,receHMwvoy2idZQiI,2026-06-13T00:10:27.000Z,Absolutely,Kelsey Duffy,[null],"[""rechoMd4aICwNL7ih""]",class_oog.php,Kelsey Duffy,"[""rechDlKMAvhUM4Mji""]","[""Kelsey""]","[""recJe0LFDSWmZkYs4""]",,,,,,,,,,,,,,,,,,,,,
receIq5ahZGPMIpTF,2567,receIq5ahZGPMIpTF,2026-06-11T11:39:21.000Z,Voyou De Tiji Z,Spencer Brittan,[null],"[""recKPV9B8S9SpfoSf""]",class_oog.php,Jamie Ricciardi,"[""recHemA85CjCUdo0t""]","[""Jamie""]","[""recqByBk0EpjI9rLn""]",,,,,,,,,,,,,,,,,,,,,
receIqLsngoO1MZ2g,212,receIqLsngoO1MZ2g,2026-06-15T13:18:54.000Z,Vago Chin Z,Brock Clermont,"[""Vago""]","[""rechffBJYd5uBU95f""]",class_oog,Tanner Korotkin,"[""rececJFgkUViuuW0F""]","[""Tanner""]","[""reciLuEt5I93MQMy9""]",,"[""Vago""]",,,,,,,,,,,,,,,,,,,
receQTRxo3VWVmZvb,2933,receQTRxo3VWVmZvb,2026-06-09T23:09:50.000Z,Iron Rock,Jelmer Hoekstra,[null],"[""recKwNe2RY4I0QT0f""]",class_oog.php,Dorothy Douglas,"[""recrV61WHjIJdaJga""]","[""Dorothy""]","[""recqI6AanH1zv5CGV""]",,,,,,,,,,,,,,,,,,,,,
receZXN69jZceM53p,3358,receZXN69jZceM53p,2026-06-18T19:48:51.000Z,Thankful,,[null],"[""recQ2E7nFM19gxA0F""]",get_rings.php,,,,,,,,,,,,,,,,,,,,,,,,,
receaM2LKpNAV1WIS,188,receaM2LKpNAV1WIS,2026-06-15T13:18:54.000Z,Kunigunde,Grant Seger,[null],"[""rec53tkcNQCCfVzWy""]",class_oog,Grant Seger,"[""recnQD0owI3kUe0KE""]","[""Grant""]","[""recHqozruF4gofU4W""]",,,,,,,,,,,,,,,,,,,,,
recebQmUQ4MWj8thS,2130,recebQmUQ4MWj8thS,2026-06-11T11:39:26.000Z,Spectacular Jedi,Maisie Wagner,[null],"[""rec4pW9bO9QBqQEPq""]",class_oog.php,Avery Rush,"[""rec2R7jOxeWvL99ey""]","[""Avery""]","[""recWddmd29X3mTMwN""]",,,,,,,,,,,,,,,,,,,,,
recec81GNG4x3ieVX,2997,recec81GNG4x3ieVX,2026-06-09T23:09:50.000Z,Qatar,Hector Florentino,[null],"[""recRENV43srEl09Ur""]",class_oog.php,Hector Florentino,"[""rechzGJ6nB5ZniPYe""]","[""Hector""]","[""recfAVsjydccXTqve""]",,,,,,,,,,,,,,,,,,,,,
recedrYSb4A4mDbzy,1248,recedrYSb4A4mDbzy,2026-06-09T23:09:50.000Z,Ciemusic Z,Erica Robson,[null],"[""recMeCRZGKxfjGSeW""]",class_oog,Kathryn Camunas,"[""reckR5d1FrfCNnjWe""]","[""Kathryn""]","[""recMir2WcmMLTzpZq""]",,,,,,,,,,,,,,,,,,,,,
recefpyK3hQv6P795,1343,recefpyK3hQv6P795,2026-06-09T23:09:50.000Z,Pedro Molino,Juan M. Bolanos,[null],"[""rec4vpSFQURa0PYoY""]",class_oog.php,Kristen Litteken,"[""recflgCvkeR6BJO47""]","[""Kristen""]","[""reciQqSfWbMiP5zxf""]",,,,,,,,,,,,,,,,,,,,,
recehaqN3PSPhQsKt,3364,recehaqN3PSPhQsKt,2026-06-19T14:58:19.000Z,Chasing Pilot Ps,,[null],"[""recSAq57dIY9hhI3B""]",get_rings.php,,,,,,,,,,,,,,,,,,,,,,,,,
recehrzQUYcDtPpB9,2932,recehrzQUYcDtPpB9,2026-06-09T23:09:50.000Z,Dakota Z,Jelmer Hoekstra,[null],"[""rec68Y4BHkJgauJol""]",class_oog.php,Jelmer Hoekstra,"[""recc4s9XxQqAv1rup""]","[""Jelmer""]","[""recqI6AanH1zv5CGV""]",,,,,,,,,,,,,,,,,,,,,
recekpq15X3Ab7sHt,2281,recekpq15X3Ab7sHt,2026-06-18T16:19:16.000Z,Undercover Vd Middelstedde,,[null],"[""recVewXrsWJYIv8Up""]",get_rings.php,,,,,,,,,,,,,,,,,,,,,,,,,
receo6taKueoXOJxq,194,receo6taKueoXOJxq,2026-06-16T03:40:07.000Z,Central Park,Maleah Lang Mcmahon,[null],"[""recD9gwIjpzrVvDIe""]",class_oog,Maleah Lang Mcmahon,"[""rec6wPiU3mn7pKqtV""]","[""Maleah""]","[""recScvZPMMmuVjpAg""]",,,,,,,,,,,,,,,,,,,,,
receotXwf9JfD39Gm,1550,receotXwf9JfD39Gm,2026-06-11T11:39:21.000Z,Daytona S.e,Hanna R. Egan,[null],"[""recZc4laV3ccmGSAv""]",class_oog.php,Hanna R. Egan,"[""recaKiCcAz57uZZru""]","[""Hanna""]","[""rece9iPIoEEaCPIqS""]",,,,,,,,,,,,,,,,,,,,,
receqLIpBjLAvXgsf,1578,receqLIpBjLAvXgsf,2026-06-11T16:09:29.000Z,London Boy,,[null],"[""recW3Pxwyy8BD3Zx8""]",class_oog.php,,,,,,,,,,,,,,,,,,,,,,,,,
recer4I9JB8bWtgM0,2176,recer4I9JB8bWtgM0,2026-06-12T17:24:28.000Z,Novio,Jake Evans,[null],"[""recACZTBR1kkOmdvv""]",class_oog,Sydney Shelby,"[""rec0FUCzNUyfQf4RT""]","[""Sydney""]","[""recSXiCPwDmQ76cuQ""]",,,,,,,,,,,,,,,,,,,,,
recewHW8INK4Tj9yE,2402,recewHW8INK4Tj9yE,2026-06-09T23:09:50.000Z,Diabalou Ps,Lukene Arenas,[null],"[""recjR2N3SPxNow8pS""]",class_oog,Lukene Arenas,"[""recroSHpES6tulq9z""]","[""Lukene""]","[""recIkAyumy88qaBpt""]",,,,,,,,,,,,,,,,,,,,,
receyJ4kFtolZYR1u,2291,receyJ4kFtolZYR1u,2026-06-09T23:09:50.000Z,Fleurescent,Declan Egan,[null],"[""recUda8OFNW9JzrXa""]",class_oog,Christine M. Reilly,"[""recs2gLHCw8SRWe3a""]","[""Christine""]","[""recGOZOt71dcEAmvp""]",,,,,,,,,,,,,,,,,,,,,
recf32m9uv1cIoTdZ,1516,recf32m9uv1cIoTdZ,2026-06-09T23:09:50.000Z,Grandia,Stephen Dicarlo,[null],"[""rec3fBjNTw6F2vmRA""]",class_oog,Esme Desautel,"[""rec7A4JPtP8rt44q1""]","[""Esme""]","[""recupQMhsCpx3otEi""]",,,,,,,,,,,,,,,,,,,,,
recf62hHvI2xUVoy2,2627,recf62hHvI2xUVoy2,2026-06-13T01:35:34.000Z,Spin Art,Grace Dreyer,[null],"[""recpGbXyxVCLub6qY""]",class_oog,Ramsey Wise,"[""recjdOKFVTEQpA1oS""]","[""Ramsey""]","[""recmEHqV9uMzGpVKb""]",,,,,,,,,,,,,,,,,,,,,
recf7XhHRIWSt1q5G,2354,recf7XhHRIWSt1q5G,2026-06-09T23:09:50.000Z,Kleopatra Hero Z,Luke Sassi,[null],"[""rec7OtpMftJvmaGkF""]",class_oog.php,Luke Sassi,"[""recRLAErJt0gGFTo1""]","[""Luke""]","[""rec24pSWnvy9FcJe9""]",,,,,,,,,,,,,,,,,,,,,
recf8fYcyCh6Edatw,2744,recf8fYcyCh6Edatw,2026-06-18T17:03:37.000Z,Alistair,,[null],"[""rec00KXhk1P9tBJFA""]",get_rings.php,,,,,,,,,,,"[""recb1wfQVMmp6zNPJ""]","[""recC70pDyIvE1vRak""]",,,,,,,,,,,,,
recfA3fwGRVHqsxbN,1620,recfA3fwGRVHqsxbN,2026-06-18T12:16:01.000Z,Silver Lining,,[null],"[""recAo7TsAoNRDifRo""]",get_rings.php,,,,,,,,,,,,,,,,,,,,,,,,,
recfCCwGu6ZvbT6Jo,2391,recfCCwGu6ZvbT6Jo,2026-06-09T23:09:50.000Z,Benlea Magic Dragon,Dana Ventrice,[null],"[""recpC9hSd2JGmKMSF""]",class_oog.php,Noemi Varela,"[""recdsjuMklF5j8vEb""]","[""Noemi""]","[""rect7nOXb9JImTCcP""]",,,,,,,,,,,,,,,,,,,,,
recfIaLRRrNQvVGDr,3060,recfIaLRRrNQvVGDr,2026-06-18T15:03:02.000Z,Minute He Walks In,,[null],"[""recT9rnOAfJ0iC5Xc""]",get_rings.php,,,,,,,,,,,"[""recVDV8bZSKcbY2vv""]","[""rechPQXndFVQLiK4S""]",,,,,,,,,,,,,
recfKc7mykWwAnnCx,2608,recfKc7mykWwAnnCx,2026-06-09T23:09:50.000Z,Vincent Van Gough,Jasmine Walsh,[null],"[""recESRryqm3rYzNmy""]",class_oog.php,Jasmine Walsh,"[""rec3pY7apXwfTmgAy""]","[""Jasmine""]","[""recI1AZhpQDfY3cRY""]",,,,,,,,,,,,,,,,,,,,,
recfNXRYXeRBEUVb8,2869,recfNXRYXeRBEUVb8,2026-06-11T11:39:24.000Z,Aphrodite,Terrie E. Shibley,[null],"[""recajodZkqNU0xqhE""]",class_oog,Kennedy Kluber,"[""recK9lW7nTdieDMhe""]","[""Kennedy""]","[""recMFDhEMIxKX7fmX""]",,,,,,,,,,,,,,,,,,,,,
recfOfSlCckrsYl0H,2560,recfOfSlCckrsYl0H,2026-06-12T17:24:27.000Z,Fc Sensational,Spencer Brittan,[null],"[""reczPLJAzsLXLKSjW""]",class_oog,Bianca Renard Roth,"[""rect52uOzyzLMjX4S""]","[""Bianca""]","[""recqByBk0EpjI9rLn""]",,,,,,,,,,,,,,,,,,,,,
recfRV0fKdZ5hUABj,3054,recfRV0fKdZ5hUABj,2026-06-18T19:48:51.000Z,Uptown Girl,,[null],"[""rec3XH9Fs9vxqE3L3""]",get_rings.php,,,,,,,,,,,,,,,,,,,,,,,,,
recfTISFDwyJLZnkA,1419,recfTISFDwyJLZnkA,2026-06-12T03:10:20.000Z,Capitolino Dve,Meghan Green,[null],"[""recOaoxVxEUEpUogh""]",class_oog.php,Frederica Alcalay,"[""reczXM3prGmBnwRWV""]","[""Frederica""]","[""recY4IG5M0Ub1eRP6""]",,,,,,,,,,,,,,,,,,,,"[""recNP3wbzoiafeIEC"",""rec28HpCan7FDeOX3""]",
recfUavC1vih6Z4fE,2431,recfUavC1vih6Z4fE,2026-06-09T23:09:50.000Z,Virgules Balou Van 'T Neerhof,Alexandra Goetze Bell,[null],"[""recxEtnlYuDZ9DkTm""]",class_oog.php,Alexandra Goetze Bell,"[""rec6woGEX9IGLSlUm""]","[""Alexandra""]","[""recJw4KTGszq5ixgY""]",,,,,,,,,,,,,,,,,,,,,
recfWJGl3PLx7Z9Mn,2105,recfWJGl3PLx7Z9Mn,2026-06-18T12:31:36.000Z,Officer,,[null],"[""recgWgMdrAzWsd7yg""]",get_rings.php,,,,,,,,,,,,,,,,,,,,,,,,,
recfZjErV6grXiOk4,162,recfZjErV6grXiOk4,2026-06-09T23:09:50.000Z,Hakatann De Lojou,Ashlee Bond,[null],"[""rec2tqfAlAdTX4g55""]",class_oog,Ashlee Bond,"[""recW5RVnDW4GorcuS""]","[""Ashlee""]","[""recoD21rUN9Qq4pgV""]",,,,,,,,,,,,,,,,,,,,,
recfbl0lg85yH6S4h,1519,recfbl0lg85yH6S4h,2026-06-09T23:09:50.000Z,Mtm Clarcona,Stephen Dicarlo,[null],"[""recmHyS9XFXdqSOfQ""]",class_oog.php,Anna Mead,"[""recJtDOkatkQ755LX""]","[""Anna""]","[""recupQMhsCpx3otEi""]",,,,,,,,,,,,,,,,,,,,,
recfcYc88XderhX4o,2949,recfcYc88XderhX4o,2026-06-09T23:09:50.000Z,Nadia I,Andras Szieberth,[null],"[""rec4YooWMtcVpmXQF""]",class_oog,Daina Greene,"[""rec1s3YEvz6wRp9fD""]","[""Daina""]","[""recIKurBKhyE9TxmA""]",,,,,,,,,,,,,,,,,,,,,
recfceJucrzwxFkvk,2331,recfceJucrzwxFkvk,2026-06-11T11:39:22.000Z,Mtm Tabitha,Michael J. Mccormick,[null],"[""reczBKqmMXql0CLrb""]",class_oog.php,Tracy Fenney,"[""recLyTrE6tVxN0uIu""]","[""Tracy""]","[""recNsOB5RbtRbnQ37""]",,,,,,,,,,,,,,,,,,,,,
recfehbw8pxUeFhve,2601,recfehbw8pxUeFhve,2026-06-11T11:39:25.000Z,Espoir De Bethune,Annalee Bennett,[null],"[""recqF2W534jS1xg10""]",class_oog.php,Bonnie Silver,"[""recEQTb1rKMDCNj7U""]","[""Bonnie""]","[""reckwt4VtWr7R1D6A""]",,,,,,,,,,,,,,,,,,,,,
recfhMswWm3nrFDpD,3165,recfhMswWm3nrFDpD,2026-06-18T19:32:24.000Z,Dua Lipa,,[null],"[""recXlzobUA2zbNAmd""]",get_rings.php,,,,,,,,,,,,,,,,,,,,,,,,,
recfjVuC8K6N1bqm5,3046,recfjVuC8K6N1bqm5,2026-06-09T23:09:50.000Z,Dolittle 32,Bruno Diniz Das Neves,[null],"[""recMqlWtQtBhqCq9V""]",class_oog.php,Bruno Diniz Das Neves,"[""recLrKVLwt2RR3Tbg""]","[""Bruno""]","[""recQKeo6875JCjkvf""]",,,,,,,,,,,,,,,,,,,,,
recfmZckWPiD4Rqmf,1425,recfmZckWPiD4Rqmf,2026-06-09T23:09:50.000Z,Categorico Ec Z,Stefano Baruzzo,[null],"[""rec78HboS0nekBGJk""]",class_oog.php,Devin A. Seek,"[""recTf0sGZjMph4C5x""]","[""Devin""]","[""recqebjIKM3r0tkep""]",,,,,,,,,,,,,,,,,,,,,
recfojdF7DYTJjZnH,2096,recfojdF7DYTJjZnH,2026-06-09T23:09:50.000Z,Unstoppable,Andrew C. Welles,[null],"[""recB7ZuvjdCfzUk9x""]",class_oog.php,Nora Nauss,"[""recf8UPoJAute0lLH""]","[""Nora""]","[""rectc0mHofDhAxAVA""]",,,,,,,,,,,,,,,,,,,,,
recfqL62ibBDvEmQn,2825,recfqL62ibBDvEmQn,2026-06-09T23:09:50.000Z,Kereen Cobra,Ryan Michael Genn,[null],"[""recMEa7UtJl2MPmiG""]",class_oog.php,Kitt Ritter,"[""recjmkO8nfWJ8eRTr""]","[""Kitt""]","[""rec1uM1UghdnlA4Hq""]",,,,,,,,,,,,,,,,,,,,,
recfrkI5ncUSGzaDn,1081,recfrkI5ncUSGzaDn,2026-06-13T01:35:34.000Z,Main Squeeze,Troy Linback,[null],"[""recL88Bbs4q2A0mt8""]",class_oog,Laura Linback,"[""recrnFLPKd1yT29th""]","[""Laura""]","[""recuRmh8EsUEag8cU""]",,,,,,,,,,,,,,,,,,,,,
recfryL6PGR0Eqe6n,3399,recfryL6PGR0Eqe6n,2026-06-18T17:34:15.000Z,Crescendo,,[null],"[""recFpFdLpzbG7GVWs""]",get_rings.php,,,,,,,,,,,,,,,,,,,,,,,,,
recfyOAWYulsQNwCK,156,recfyOAWYulsQNwCK,2026-06-09T23:09:50.000Z,Yalambis Ikon,Maddison Stephen,[null],"[""recBVMDEeKtclY2YM""]",class_oog.php,Maddison Stephen,"[""recAVN8QWh2A6nZOL""]","[""Maddison""]","[""recQp3uwHQgr5c03c""]",,,,,,,,,,,,,,,,,,,,,
recg11DzLD3aVrPCu,2562,recg11DzLD3aVrPCu,2026-06-09T23:09:50.000Z,Inlaws Manolo,Spencer Brittan,[null],"[""recEWH4u9If0ikM53""]",class_oog.php,Spencer Brittan,"[""recLNTfb8hDjb4veq""]","[""Spencer""]","[""recqByBk0EpjI9rLn""]",,,,,,,,,,,,,,,,,,,,,
recg1BskB6PGtMP8B,2566,recg1BskB6PGtMP8B,2026-06-09T23:09:50.000Z,Tough Enough,Spencer Brittan,[null],"[""recs3K0F4W1MSdq2m""]",class_oog.php,Spencer Brittan,"[""recLNTfb8hDjb4veq""]","[""Spencer""]","[""recqByBk0EpjI9rLn""]",,,,,,,,,,,,,,,,,,,,,
recg1bdKplpiMn6CM,3045,recg1bdKplpiMn6CM,2026-06-09T23:09:50.000Z,Hpf Melania,Shannon Y. Clifford,[null],"[""recQmtI5ZsAOeLXtp""]",class_oog.php,Francisco Vaca,"[""recu4LT4UbFIY5xsX""]","[""Francisco""]","[""recUlyG8wMwlKopQw""]",,,,,,,,,,,,,,,,,,,,,
recg27Zq2bCUfGxQA,2708,recg27Zq2bCUfGxQA,2026-06-09T23:09:50.000Z,Volcano Bbf,Dana G. Waters,[null],"[""recmjXLoV7VZKpqoy""]",class_oog.php,Hayley G. Waters Wear,"[""recLFMHh1Qpy7gpgf""]","[""Hayley""]","[""recC9TviwdEjxgABW""]",,,,,,,,,,,,,,,,,,,,,
recg2q8fBl6zY3Mak,1060,recg2q8fBl6zY3Mak,2026-06-11T11:39:24.000Z,Interkalen V.d.o,Daniela Roy,[null],"[""recaqAahuWUuGII4P""]",class_oog,Camila Inestroza,"[""recxILKo5fImj0Xlg""]","[""Camila""]","[""rec2F4zRJZGDzG0M2""]",,,,,,,,,,,,,,,,,,,,,
recg3iVOGhe4SnUe2,1201,recg3iVOGhe4SnUe2,2026-06-09T23:09:50.000Z,Contika 46,Kacey Conway,[null],"[""recFPiXW19r8Sahoe""]",class_oog.php,Kacey Conway,"[""recBW5fiD0x2A09pZ""]","[""Kacey""]","[""recYF9eSOEpYZn4Ko""]",,,,,,,,,,,,,,,,,,,,,
recg4MujYfUwxwTAE,2721,recg4MujYfUwxwTAE,2026-06-11T11:39:22.000Z,Conkelkiefer,David Cameron,[null],"[""recXTI2X35V9VmVOr""]",class_oog,Mia Smith,"[""recHsSjq869gbpIbp""]","[""Mia""]","[""recV9UeEpcw6UDEM9""]",,,,,,,,,,,,,,,,,,,,,
recg58xkAVuWMvUpw,1090,recg58xkAVuWMvUpw,2026-06-11T11:39:21.000Z,City Of Angels,Alison Jones,[null],"[""recLbks7O1PMaT47C""]",class_oog,Sabine Clark,"[""rec0lADouwqghMAAd""]","[""Sabine""]","[""reccPpBL4rQYdBMJP""]",,,,,,,,,,,,,,,,,,,,,
recg5nQ2AXyvOj0eD,2742,recg5nQ2AXyvOj0eD,2026-06-20T15:37:13.000Z,Land's End Piccadilly,,[null],"[""recGQBIh6Xbo7Dvfw""]",get_rings.php,,,,,,,,,,,,,,,,,,,,,,,,,
recg6kKiUWZAEzm6W,2169,recg6kKiUWZAEzm6W,2026-06-18T20:34:10.000Z,Rio Bravo,,[null],"[""recsZx1VYmRMvvWKj""]",get_rings.php,,,,,,,,,,,,,,,,,,,,,,,,,
recg8icWIBxr0wkbY,3011,recg8icWIBxr0wkbY,2026-06-09T23:09:50.000Z,Guibet P,Pamela Gomez,[null],"[""recKPwMo65WuklKYc""]",class_oog.php,Amanda Gomez,"[""recoIRjDD1WpA7gR6""]","[""Amanda""]","[""recD8d72oDpyNe2Hi""]",,,,,,,,,,,,,,,,,,,,,
recgCHJBPI61TTWw5,1452,recgCHJBPI61TTWw5,2026-06-09T23:09:50.000Z,Onyx,Taylor St Jacques,[null],"[""recRxZDoYeiHSkZG9""]",class_oog,Elle Bassion,"[""recljNPWmSNvK6A9m""]","[""Elle""]","[""rec7yDpRrnFHdpEyR""]",,,,,,,,,,,,,,,,,,,,,
recgDTaT57VvTFcLZ,1437,recgDTaT57VvTFcLZ,2026-06-09T23:09:50.000Z,Balencia,Matthew Le Master,[null],"[""recUYAI9ELAilq01f""]",class_oog.php,Stella Gavin,"[""rec1xNTEGa3rUIdFf""]","[""Stella""]","[""recN9E8BVaEfvKU1x""]",,,,,,,,,,,,,,,,,,,,,
recgDhuSDQ6zMAbx7,1102,recgDhuSDQ6zMAbx7,2026-06-09T23:09:50.000Z,Talk About Me,Morgan Taylor,[null],"[""rec0vbmbIKozfec9I""]",class_oog,Violetta Bergonzoli,"[""rec32BAUTXsxaWP4w""]","[""Violetta""]","[""rec0wCs5ZzmAW8kSL""]",,,,,,,,,,,,,,,,,,,,,
recgEoMjHrZ4zO91e,112,recgEoMjHrZ4zO91e,2026-06-09T23:09:50.000Z,Fraxinus Des Coeuries,Juan M. Bolanos,[null],"[""rec6u2I3D3MMwwvpg""]",class_oog,Juan J. Bancalari,"[""recvZYIJFRTfwCpkw""]","[""Juan""]","[""reciQqSfWbMiP5zxf""]",,,,,,,,,,,,,,,,,,,,,
recgKQ2d9LL6SOBLX,3008,recgKQ2d9LL6SOBLX,2026-06-09T23:09:50.000Z,Mon-Ami,Debbie L. Mccarthy-Connor,[null],"[""recPCPE46XHSXdeQx""]",class_oog.php,Debbie L. Mccarthy-Connor,"[""recCA5R1gLJVfkock""]","[""Debbie""]","[""recwFYOP4JHOhB8kQ""]",,,,,,,,,,,,,,,,,,,,,
recgMKpUgxDJ06pWU,1673,recgMKpUgxDJ06pWU,2026-06-12T17:24:27.000Z,Katja,Juan A. Rodriguez Silva,[null],"[""rec0wH9QT0spAYWK9""]",class_oog,Natalia Perez,"[""recwg7qokrsfkrqNT""]","[""Natalia""]","[""reclu4ZfxeCUoDgLA""]",,,,,,,,,,,,,,,,,,,,,
recgRHgfP8iQuOORR,1446,recgRHgfP8iQuOORR,2026-06-21T14:51:51.000Z,Viento,,[null],"[""reckjKE4b6A3nJxvY""]",get_rings.php,,,,,,,,,,,,,,,,,,,,,,,,,
recgRutfSbyZDsyAC,2341,recgRutfSbyZDsyAC,2026-06-09T23:09:50.000Z,Diamant's Invincible Na,Derek Petersen,[null],"[""recpS7olJ6AomYXNk""]",class_oog.php,Jared P. Petersen,"[""rec61N7IuP6cXdLkH""]","[""Jared""]","[""rec9BblNEY7tpcFkm""]",,,,,,,,,,,,,,,,,,,,,
recgeFNmQJNxlpDw3,3476,recgeFNmQJNxlpDw3,2026-07-01T17:00:39.000Z,Phrostbite,,,,get_rings.php,,,,,,,,,,,"[""recgkb6GegzTQef4U""]","[""rec95Df4W3L2bsobK""]",,"[""rec95Df4W3L2bsobK""]","[""recgkb6GegzTQef4U""]",,,,,,,,,,
recgetIPZxLJGdtu8,1124,recgetIPZxLJGdtu8,2026-06-21T12:51:56.000Z,Guizmo De Riverland,,[null],"[""recBE65sWmgu2hJNG""]",get_rings.php,,,,,,,,,,,,,,,,,,,,,,,,,
recgkh1Xq8PkiNLhc,2996,recgkh1Xq8PkiNLhc,2026-06-09T23:09:50.000Z,Maleficent Ht,Benjamin J. Meredith,[null],"[""rec6PWBeeW8h4Exaz""]",class_oog.php,Hector Florentino,"[""rechzGJ6nB5ZniPYe""]","[""Hector""]","[""reccRPUdMRZMCiJuf""]",,,,,,,,,,,,,,,,,,,,,
recgtycNp1GFBLio2,2405,recgtycNp1GFBLio2,2026-06-09T23:09:50.000Z,Billy Suffragette,Morgan Taylor,[null],"[""recufdHnl1gkwQwOi""]",class_oog,Emerson Ritter,"[""recckz3rNTMAJcTAb""]","[""Emerson""]","[""rec0wCs5ZzmAW8kSL""]",,,,,,,,,,,,,,,,,,,,,
recgug85X8x8t1niL,163,recgug85X8x8t1niL,2026-06-15T13:18:54.000Z,Vasco 109,Luis Pedro Biraben,[null],"[""reczmfcr4bD0aJjdS""]",class_oog,Luis Pedro Biraben,"[""rec4L2uVzDCpQ4NGk""]","[""Luis""]","[""recg0VzaMYRIuLt14""]",,,,,,,,,,,,,,,,,,,,,
recgwJ6UxbDX2QWZ1,2990,recgwJ6UxbDX2QWZ1,2026-06-12T13:03:22.000Z,High Renaissance,Elizabeth D. Blaisdell,[null],"[""recoSeBCWODotdNL5""]",class_oog,Elizabeth D. Blaisdell,"[""recGiSFKDWTwdJoPF""]","[""Elizabeth""]","[""recYw9kALEWzAkVln""]",,,,,,,,,,,,,,,,,,,,,
recgziuhN4UFvs9im,2554,recgziuhN4UFvs9im,2026-06-21T15:18:56.000Z,Splendid,,[null],"[""recjFOM7ncwsETAOi""]",get_rings.php,,,,,,,,,,,"[""recgl4pdJWsBPVDhx""]","[""recoq8Jydcp9k8J7d""]",,,,,,,,,,,,,
rech1rYweDID2wBr4,2491,rech1rYweDID2wBr4,2026-06-20T14:42:35.000Z,Charlie's Angel,,[null],"[""recoOhKBtVzRFAnHD""]",get_rings.php,,,,,,,,,,,,,,,,,,,,,,,,,
rech6WrNCtoGKdbWD,2643,rech6WrNCtoGKdbWD,2026-06-18T16:33:47.000Z,Hollywood,,[null],"[""recJPRQIRuTQPiheF""]",get_rings.php,,,,,,,,,,,,,,,,,,,,,,,,,
rech6wXoI6X3xY90b,1685,rech6wXoI6X3xY90b,2026-06-09T23:09:50.000Z,Hh Hyyerr Calling,Jessica Collins,[null],"[""recT5WTalCuel5euU""]",class_oog.php,Jessica Collins,"[""rec9AOBY6djC53osc""]","[""Jessica""]","[""recNpo5pbhuzTKAIi""]",,,,,,,,,,,,,,,,,,,,,
rech7sFSTS6x49XVc,150,rech7sFSTS6x49XVc,2026-06-11T11:39:21.000Z,Chrystal Blue,Samuel Parot,[null],"[""recvDtleM8vfk6OC1""]",class_oog.php,Samuel Parot,"[""recUXk1rCTBLl3j4S""]","[""Samuel""]","[""recnutMCbWmttrhyI""]",,,,,,,,,,,,,,,,,,,,,
rechB4V3R2X5w3Mv2,2307,rechB4V3R2X5w3Mv2,2026-06-12T03:10:20.000Z,Channing,Joanne Clemente,[null],"[""recvWEI2zkid6QpyC""]",class_oog.php,Joanne Clemente,"[""recEugMVGmdhgYxSU""]","[""Joanne""]","[""recF0DNzs4KcSZXwY""]",,,,,,,,,,,,,,,,,,,,,
rechBh5Yev9JRyn1u,1681,rechBh5Yev9JRyn1u,2026-06-11T11:39:25.000Z,Vdl Liantha,Juan A. Rodriguez Silva,[null],"[""recG7SKDs4mcP2CYx""]",class_oog,Camille Gabrie,"[""rechI5JK3oX8sujyd""]","[""Camille""]","[""reclu4ZfxeCUoDgLA""]",,,,,,,,,,,,,,,,,,,,,
rechGPF30MTRNxo4R,2030,rechGPF30MTRNxo4R,2026-06-12T03:10:20.000Z,Chili Z,Anne L. Bingler,[null],"[""recb4KTQuKNimjUqJ""]",class_oog,Heather Farmer,"[""recZYpUo2wQDeHdRc""]","[""Heather""]","[""rec3S9KikkQrKgX8L""]",,,,,,,,,,,,,,,,,,,,,
rechJ2xCxkNKhhG4e,116,rechJ2xCxkNKhhG4e,2026-06-09T23:09:50.000Z,Santiago Vh Netehof,Thea N. Stinnett,[null],"[""recIZlyHRKEz5lTku""]",class_oog.php,Cormac Hanley,"[""recYJZyUDcjmGTPUE""]","[""Cormac""]","[""recfWYHJT3O9VG1TG""]",,,,,,,,,,,,,,,,,,,,,
rechKstVyTQoKky7M,1604,rechKstVyTQoKky7M,2026-06-20T16:25:50.000Z,Fury,,[null],"[""recexGyCTSxDKhUYl""]",get_rings.php,,,,,,,,,,,,,,,,,,,,,,,,,
rechPhYnEXYOLMNs2,3633,rechPhYnEXYOLMNs2,2026-07-01T15:27:40.000Z,Poppy Kub,,,,get_rings.php,,,,,,,,,,,,,,,,,,,,,,,,,
rechSSLCfmY0qzoCf,1422,rechSSLCfmY0qzoCf,2026-06-12T03:10:20.000Z,Perry Girl,Meghan Green,[null],"[""rec7wlOHrfCBS7FPW""]",class_oog,Frederica Alcalay,"[""reczXM3prGmBnwRWV""]","[""Frederica""]","[""recY4IG5M0Ub1eRP6""]",,,,,,,,,,,,,,,,,,,,,
rechTDwvrnTzsDx7H,1507,rechTDwvrnTzsDx7H,2026-06-11T11:39:22.000Z,Cyrus,Mario Garcia,[null],"[""recG058pTpfNNSn8z""]",class_oog,Dakota Sheikh,"[""recQ8qRBqfZBiXcsy""]","[""Dakota""]","[""recgLDs1PX5pujyno""]",,,,,,,,,,,,,,,,,,,,,
rechTSL0KCt5yYk7Z,2073,rechTSL0KCt5yYk7Z,2026-06-09T23:09:50.000Z,Ballyheerin Belle Jorado,Darragh Kerins,[null],"[""recybeuQqxLpdwgyc""]",class_oog.php,Sarah Kerins,"[""recuuXZuhtdqgphBs""]","[""Sarah""]","[""recOdyCszUe4VTxPo""]",,,,,,,,,,,,,,,,,,,,,
rechWFudM5B9xmSx2,1494,rechWFudM5B9xmSx2,2026-06-11T11:39:23.000Z,Magical Powers,Bibby F. Hill,[null],"[""recmym5IiKEcJCwNe""]",class_oog.php,Katherine Addington,"[""recjlTvTCF5JyyZhz""]","[""Katherine""]","[""rechIeLAeG0AY6zFc""]",,,,,,,,,,,,,,,,,,,,,
rechWxMsoOezO0sNj,2931,rechWxMsoOezO0sNj,2026-06-09T23:09:50.000Z,Bellissima Dh Z,Jelmer Hoekstra,[null],"[""recTsQMsS5DlKluGd""]",class_oog.php,Jelmer Hoekstra,"[""recc4s9XxQqAv1rup""]","[""Jelmer""]","[""recqI6AanH1zv5CGV""]",,,,,,,,,,,,,,,,,,,,,
rechZbNQ92TC1QapY,2793,rechZbNQ92TC1QapY,2026-06-09T23:09:50.000Z,Ibalia,Matt Martin,[null],"[""rec2WJAkQ2lK9xu1t""]",class_oog,Debbie Smith,"[""reczdYNCGFEUyxVMl""]","[""Debbie""]","[""recRnYU8EgCMCN4Tl""]",,,,,,,,,,,,,,,,,,,,,
rechgoOSG1jAOreGN,1871,rechgoOSG1jAOreGN,2026-06-12T15:15:41.000Z,Cherrybrook Valentino,Kimberly Nadler-Russo,[null],"[""recteSUNrBahQGXUw""]",class_oog,Shelby Romp,"[""recwnV5ZrH6yg5bA2""]","[""Shelby""]","[""rec1yq40bnU1koghd""]",,,,,,,,,,,,,,,,,,,,,
rechhDd96Tr0FRqYz,219,rechhDd96Tr0FRqYz,2026-06-15T13:18:54.000Z,Clarisimo,No Trainer,[null],"[""rechm45MuC2WZQbuW""]",class_oog,Juan Vegas,"[""recB24KD5cfFLAQLQ""]","[""Juan""]","[""rectmuBKijy6rE4R4""]",,,,,,,,,,,,,,,,,,,,,
rechpesAfBhZbYCmC,2672,rechpesAfBhZbYCmC,2026-06-18T14:00:34.000Z,Svf Maeve,,[null],"[""rec6VOhK8KXkoh1RN""]",get_rings.php,,,,,,,,,,,,,,,,,,,,,,,,,
rechrOxyj7GaI8dmV,3730,rechrOxyj7GaI8dmV,2026-07-01T16:06:37.000Z,Bamboo,,,,get_rings.php,,,,,,,,,,,,,,,,,,,,,,,,,
reci2dsUGmNKNrxEV,1787,reci2dsUGmNKNrxEV,2026-06-09T23:09:50.000Z,Tarantino De Rie,Hanna Pieri,[null],"[""recEKwpfkg93Z4H5R""]",class_oog.php,Robert Mendoza,"[""recTDMo7hqCpuyKDo""]","[""Robert""]","[""rec7DXITsIiRKUwVT""]",,,,,,,,,,,,,,,,,,,,,
reci9QxCtUr806F3U,1619,reci9QxCtUr806F3U,2026-06-18T18:49:15.000Z,Sicario,,[null],"[""rec0rBFv8vF3D7qgC""]",get_rings.php,,,,,,,,,,,,,,,,,,,,,,,,,
reciDvLCK0Gc6NOIA,1298,reciDvLCK0Gc6NOIA,2026-06-09T23:09:50.000Z,Pays Bas V,Morgan Taylor,[null],"[""recx8un2Tv1l1f02C""]",class_oog,Scarlett Hamaoui,"[""recOYADvDrfdlL1bZ""]","[""Scarlett""]","[""rec0wCs5ZzmAW8kSL""]",,,,,,,,,,,,,,,,,,,,,
reciEAJdtrYf6qWOe,1958,reciEAJdtrYf6qWOe,2026-06-11T11:39:25.000Z,Hairo,Luciano Dome,[null],"[""reccgbLiz8TcTL2zv""]",class_oog,Stella Kraemer,"[""rec0G59EnQRnDao5X""]","[""Stella""]","[""recjYsJmAKVPUAG2i""]",,,,,,,,,,,,,,,,,,,,,
reciFJMWSAO9qRigO,2437,reciFJMWSAO9qRigO,2026-07-01T14:00:37.000Z,Cloud 9,,,,get_rings.php,,,,,,,,,,,"[""rec3tyC5LYmFg90iq""]","[""recOuoCZU96HdHUkQ""]",,"[""recOuoCZU96HdHUkQ""]","[""rec3tyC5LYmFg90iq""]",,,,,,,,,,
reciJX9eWBLJxzGOR,1757,reciJX9eWBLJxzGOR,2026-06-09T23:09:50.000Z,Frodo,River A. Wylde,[null],"[""recHVoMWewdqoon2T""]",class_oog.php,River A. Wylde,"[""recYVfznfD87EnNds""]","[""River""]","[""recCFl6Vtsl54ifqL""]",,,,,,,,,,,,,,,,,,,,,
reciJg1uf3PXfxcC5,3420,reciJg1uf3PXfxcC5,2026-07-01T16:50:56.000Z,Harbour Town,,,,get_rings.php,,,,,,,,,,,,,,,,,,,,,,,,,
reciUYPuxHcgL26wE,2936,reciUYPuxHcgL26wE,2026-06-13T00:10:27.000Z,Delta Blues,Marissa Creviston,[null],"[""rechUQIGTl4TpNV4N""]",class_oog.php,Marissa Creviston,"[""rec80MabN4TywgT9f""]","[""Marissa""]","[""recUr6Fi772oNLJ5v""]",,,,,,,,,,,,,,,,,,,,,
reciZLzI85ELzOUlg,2091,reciZLzI85ELzOUlg,2026-06-09T23:09:50.000Z,Cismet 4,Andrew C. Welles,[null],"[""reckUXRnpkkQZOFiB""]",class_oog.php,Andrew C. Welles,"[""recBVfnQM8nNbbdxu""]","[""Andrew""]","[""rectc0mHofDhAxAVA""]",,,,,,,,,,,,,,,,,,,,,
recicIQgWEAEfHWzW,3432,recicIQgWEAEfHWzW,2026-06-19T15:33:44.000Z,Balouco Et,,[null],"[""recwJyNjXrXbKW2XZ""]",get_rings.php,,,,,,,,,,,,,,,,,,,,,,,,,
recieR1tGsakViJ0x,1070,recieR1tGsakViJ0x,2026-06-11T11:39:26.000Z,Secret,Daniela Roy,[null],"[""recnivt53KWT7p0Ot""]",class_oog,Estefania Navarro,"[""recbIEV5U9qm9h3iA""]","[""Estefania""]","[""rec2F4zRJZGDzG0M2""]",,,,,,,,,,,,,,,,,,,,,
recip4oonp4VDC2B0,3086,recip4oonp4VDC2B0,2026-06-11T11:39:23.000Z,Accelerator,Fabian Herrera,[null],"[""rec3IpfVmw7aDlk3r""]",class_oog,Fabian Herrera,"[""recEbKJxQ8cADfblu""]","[""Fabian""]","[""recZ41cgnoPOR4VSU""]",,,,,,,,,,,,,,,,,,,,,
recipSAUhnv1II7Rp,3354,recipSAUhnv1II7Rp,2026-06-18T14:15:38.000Z,Authentic Se,,[null],"[""reckNR7k63SbNTcvn""]",get_rings.php,,,,,,,,,,,,,,,,,,,,,,,,,
recir6581O5r8Cs7B,3377,recir6581O5r8Cs7B,2026-06-18T13:45:37.000Z,Moonshine's Orange Crush,,[null],"[""recoQXkrJvEkFanUy""]",get_rings.php,,,,,,,,,,,,,,,,,,,,,,,,,
recj4T3VXF3GKvitC,1952,recj4T3VXF3GKvitC,2026-07-01T14:30:37.000Z,Mtm Neato,,,,get_rings.php,,,,,,,,,,,,,,,,,,,,,,,,,
recj616ffiWAOHEUy,1453,recj616ffiWAOHEUy,2026-06-09T23:09:50.000Z,Childhood Dream,Dawn Hersey,[null],"[""recHwsdhFA15JNAKv""]",class_oog.php,Lanie Nash,"[""recJA1B7ysTElfU5j""]","[""Lanie""]","[""recXocXm551bESpPa""]",,,,,,,,,,,,,,,,,,,,,
recj76r3HlyuTM8ji,1722,recj76r3HlyuTM8ji,2026-06-11T11:39:25.000Z,Rhubarb And Custard Os,Justine L. Dutton Barnard,[null],"[""reczCi2jQ4o9sXJkG""]",class_oog.php,Justine L. Dutton Barnard,"[""recvD6KL2dqqPvN0v""]","[""Justine""]","[""recU7zogAuLVNKIfQ""]",,,,,,,,,,,,,,,,,,,,,
recjAxZRuXSki6nRO,3088,recjAxZRuXSki6nRO,2026-06-12T17:24:27.000Z,Midnight Queen,Natalie Johnson Russell,[null],"[""recYWclp9VCMWAQkt""]",class_oog,Dana Narayanappa,"[""rec2hEDYAViWnSl7c""]","[""Dana""]","[""reciFw1xeBgWRjqTt""]",,,,,,,,,,,,,,,,,,,,,
recjCnx5L33NjcNQP,3419,recjCnx5L33NjcNQP,2026-06-20T12:01:15.000Z,Beth Dutton,,[null],"[""rec5NGR708WGGAIfQ""]",get_rings.php,,,,,,,,,,,,,,,,,,,,,,,,,
recjEm87XWn7DtIVE,2965,recjEm87XWn7DtIVE,2026-06-09T23:09:50.000Z,Kurano Sp Z,Brooklyn Castellano,[null],"[""recvaejywpL5so5AB""]",class_oog.php,Brooklyn Castellano,"[""rec32DqxNbjRYwPa0""]","[""Brooklyn""]","[""recPdCHJm1UqhZjLu""]",,,,,,,,,,,,,,,,,,,,,
recjGNQ3XOeNkwqQn,122,recjGNQ3XOeNkwqQn,2026-06-09T23:09:50.000Z,Feinschnitt,Terry Gonzalez,[null],"[""recXwUShty8CPvH8R""]",class_oog.php,Dominique Gonzalez,"[""recPGJTiI6K3uYwx2""]","[""Dominique""]","[""reci3OiwSw0ssqcKI""]",,,,,,,,,,,,,,,,,,,,,
recjHivoFbaUMdi8z,2929,recjHivoFbaUMdi8z,2026-06-09T23:09:50.000Z,Kaytaro,Declan Egan,[null],"[""recfkJkZfj2MYo5D2""]",class_oog.php,Declan Egan,"[""recaZx28r0BSMxn0j""]","[""Declan""]","[""recGOZOt71dcEAmvp""]",,,,,,,,,,,,,,,,,,,,,
recjP93mSGRLQnDjS,1324,recjP93mSGRLQnDjS,2026-06-12T03:10:20.000Z,Color Coded,Dawn Hersey,[null],"[""recpaaXDYDSgW6K5R""]",class_oog,Addison Fulbright,"[""recKRoIduTxw8DsFS""]","[""Addison""]","[""recXocXm551bESpPa""]",,,,,,,,,,,,,,,,,,,,,
recjPe7jVWzibc1lp,1994,recjPe7jVWzibc1lp,2026-06-12T03:10:21.000Z,Marjolita,Sven Frei,[null],"[""recWtGteWsVUzHxj4""]",class_oog,Molly Frei,"[""recUFm6Wapo7Qrf6n""]","[""Molly""]","[""rechQszLeuxBMYqll""]",,,,,,,,,,,,,,,,,,,,,
recjPrL35wsPGmFue,1445,recjPrL35wsPGmFue,2026-06-20T18:30:33.000Z,Princesse Fz,,[null],"[""recMT6lOlSURZWOIn""]",get_rings.php,,,,,,,,,,,,,,,,,,,,,,,,,
recjToWEyadTYGYMe,3051,recjToWEyadTYGYMe,2026-06-10T15:10:34.000Z,Undercover,Michael Connors,[null],"[""recFuTfmuOFVJaTP8""]",class_oog.php,Staisha Connors,"[""recFm96WBLydmOKPb""]","[""Staisha""]","[""recfKINr0VpNjmEXZ""]",,,,,,,,,,,,,,,,,,,,,
recjXCJemMjvGYGEu,2049,recjXCJemMjvGYGEu,2026-06-09T23:09:50.000Z,Top Secret Hk,Helen Goddard,[null],"[""recCiAVbHldxvRM4N""]",class_oog.php,Helen Goddard,"[""recVqgz5Pcd0lDWMD""]","[""Helen""]","[""recDrdlgXZrGchjA6""]",,,,,,,,,,,,,,,,,,,,,
recjbDppYrArFofn3,3047,recjbDppYrArFofn3,2026-06-09T23:09:50.000Z,Jasmin De L’abbaye,Gianni Gabrielli,[null],"[""recKSrRKaIkM2EvzH""]",class_oog.php,Gianni Gabrielli,"[""recGZEOj52levwJ5z""]","[""Gianni""]","[""recBAzsT29cV74CnZ""]",,,,,,,,,,,,,,,,,,,,,
recjfRtkOKKC94jcu,1861,recjfRtkOKKC94jcu,2026-06-12T17:24:28.000Z,Darc Vader,Celso Ariani,[null],"[""recMON4SobKvvFQ31""]",class_oog,Emily Plante,"[""recMPbYmzweoEuQZw""]","[""Emily""]","[""rec5Zl0N5TXr6Cc95""]",,,,,,,,,,,,,,,,,,,,,
recjfkDHSe8wbBSCq,1870,recjfkDHSe8wbBSCq,2026-06-11T11:39:23.000Z,Techon Master Bronze,Emily Plante,[null],"[""recX6BoezsTX78euf""]",class_oog,Jolene Plante,"[""recyJaFvQ2RYfJpTw""]","[""Jolene""]","[""recXVR08ixMVy2UwY""]",,,,,,,,,,,,,,,,,,,,,
recjjPCd8M4hfRjAF,2421,recjjPCd8M4hfRjAF,2026-07-01T16:30:43.000Z,Carlo Colesto,,,,get_rings.php,,,,,,,,,,,,,,,,,,,,,,,,,
recjo0sdsw0E4cELH,1043,recjo0sdsw0E4cELH,2026-06-09T23:09:50.000Z,Markanto A,Alan Korotkin,"[""Mark""]","[""recDVF7uAGskLIIS1""]",class_oog.php,Tanner Korotkin,"[""rececJFgkUViuuW0F""]","[""Tanner""]","[""recFIHTcArQhILyAc""]","[""CWF""]","[""Mark""]","[""recxLS3b06Qg89Lkc"",""recNgL5TCcNjxXhbf""]",,"[""recziPesKwLj7xz7R"",""rec5KA7S15iddrSyZ""]","[""recHAfyQQaYP7Qo64"",""recdgr3x0omDS0xWD""]",,,,,,,,,,,,,,,
recjoa5HxFvEF8f0H,2881,recjoa5HxFvEF8f0H,2026-06-09T23:09:50.000Z,Don Cor Z,Ryan Michael Genn,[null],"[""rec3hjxkKORztNcvG""]",class_oog.php,Ryan Michael Genn,"[""recxzzbGbfXwvPmbw""]","[""Ryan""]","[""rec1uM1UghdnlA4Hq""]",,,,,,,,,,,,,,,,,,,,,
recjpVv2M9RZcpiim,1977,recjpVv2M9RZcpiim,2026-06-09T23:09:50.000Z,Just A Gentleman,Stephanie Free,[null],"[""recsiWMC8ERjkzsor""]",class_oog.php,Brittany G. Wyatt,"[""rechnWuL5DdqOxT4V""]","[""Brittany""]","[""recBVRfeR9i4COiwE""]",,,,,,,,,,,,,,,,,,,,,
recjrSjFsAkrG0f5H,1520,recjrSjFsAkrG0f5H,2026-06-12T15:15:41.000Z,Verdi,Stephen Dicarlo,[null],"[""recjiqR65uJS9vQeJ""]",class_oog,Scarlett Yana,"[""rectvNxnKQSB98E47""]","[""Scarlett""]","[""recupQMhsCpx3otEi""]",,,,,,,,,,,,,,,,,,,,,
recjtOwq4yyhryhyx,2986,recjtOwq4yyhryhyx,2026-06-09T23:09:50.000Z,Maui,Matt Martin,[null],"[""rec66pBaptxrt8yyo""]",class_oog,Autumn Farr,"[""recJtLdnd1Pye7RNU""]","[""Autumn""]","[""recRnYU8EgCMCN4Tl""]",,,,,,,,,,,,,,,,,,,,,
recjuhxmP88d5UfTA,2845,recjuhxmP88d5UfTA,2026-06-11T11:39:22.000Z,Naturel De Walput,Luke Sassi,[null],"[""rec0dAC4VPaTnKi1s""]",class_oog.php,Luke Sassi,"[""recRLAErJt0gGFTo1""]","[""Luke""]","[""rec24pSWnvy9FcJe9""]",,,,,,,,,,,,,,,,,,,,,
reck7F7nbuJr5D50O,1523,reck7F7nbuJr5D50O,2026-06-13T01:35:34.000Z,Casino Royale,Jake Evans,[null],"[""recjGrn0NQ8IWILKN""]",class_oog,Jessin Blossom,"[""recoCynxHbGtrr4vn""]","[""Jessin""]","[""recSXiCPwDmQ76cuQ""]",,,,,,,,,,,,,,,,,,,,,
reck7KNxJVatu5qIK,2200,reck7KNxJVatu5qIK,2026-06-09T23:09:50.000Z,Chagrandino Ps,Luciano Dome,[null],"[""rec5O8osBWqMAVFnF""]",class_oog,Stella Kraemer,"[""rec0G59EnQRnDao5X""]","[""Stella""]","[""recjYsJmAKVPUAG2i""]",,,,,,,,,,,,,,,,,,,,,
reck904n4YGYEK8w1,3168,reck904n4YGYEK8w1,2026-06-12T17:24:27.000Z,Barbade Du Ter,Fernando Cardenas,[null],"[""recI27QEDztbPYX0t""]",class_oog,David Miller,"[""rec0TKCGVZiPGwRC9""]","[""David""]","[""recSA6JLxXIoeqSGK""]",,,,,,,,,,,,,,,,,,,,,
reckA4khnOmuCzQG8,1881,reckA4khnOmuCzQG8,2026-06-11T11:39:21.000Z,Bff Signatures Holy Ghost,Kim Taylor,[null],"[""recFj8Rnqda865Orl""]",class_oog,Ella Ofarrell,"[""recUAXMBbSwmB7zjl""]","[""Ella""]","[""recMsKXGUQA6BQOth""]",,,,,,,,,,,,,,,,,,,,,
reckBvzRGUzmn0bFq,2031,reckBvzRGUzmn0bFq,2026-06-11T11:39:21.000Z,Menlo Park,Jake Evans,[null],"[""recf89AQE1qtvd8FY""]",class_oog.php,Jake Evans,"[""recKyS0g5eEgkhboQ""]","[""Jake""]","[""recSXiCPwDmQ76cuQ""]",,,,,,,,,,,,,,,,,,,,,
reckDFumqtxbWhdn2,2109,reckDFumqtxbWhdn2,2026-06-11T11:39:24.000Z,Roundthorn Odara,Anne L. Bingler,[null],"[""recNZ1x4zczsBbzlg""]",class_oog.php,Anne L. Bingler,"[""rechuzUPNLOsASgzX""]","[""Anne""]","[""rec3S9KikkQrKgX8L""]",,,,,,,,,,,,,,,,,,,,,
reckGbKWhq8UTvTKs,1183,reckGbKWhq8UTvTKs,2026-06-09T23:09:50.000Z,Mastermind,Alan Korotkin,"[""Munster""]","[""recGmLBUenZyb34a5""]",class_oog.php,Naomi Selleck,"[""reca7yiYzxQ3gtYWo""]","[""Naomi""]","[""recFIHTcArQhILyAc""]","[""CWF""]","[""Munster""]","[""recF4DCXNr6pHgzRZ"",""reccNQTEZhAkV2qEu""]",,"[""reccBE7omQXoxMrec"",""recsKys33yNX5Kvym""]","[""recVekNDDukUJixfu"",""reckByotcKMrMbdGT""]",,,,,,,,,,,,,,,
reckGdtQLqOYR3OWT,2111,reckGdtQLqOYR3OWT,2026-06-13T01:35:34.000Z,Hfo Balou D'amour,Katie Rudnick,[null],"[""recjZSTlQIM8twWC7""]",class_oog,Addison Evans,"[""recFMGCfWZVJcHYe7""]","[""Addison""]","[""rec6npIsj2ldcOqWZ""]",,,,,,,,,,,,,,,,,,,,,
reckHWLHPNl8zsd7B,145,reckHWLHPNl8zsd7B,2026-06-09T23:09:50.000Z,Chutter Du Rouet Ps,Ben Taylor,[null],"[""recgrjSgq0VNuLGpo""]",class_oog.php,Aaron Vale,"[""rec4xmt1vJjON38j0""]","[""Aaron""]","[""recmTGLWfZLnyH6TK""]",,,,,,,,,,,,,,,,,,,,,
reckIJrZ0tZOsHo6x,1734,reckIJrZ0tZOsHo6x,2026-06-21T14:36:51.000Z,Irvington Vdl,,[null],"[""recIoypfUZN8zcwhz""]",get_rings.php,,,,,,,,,,,,,,,,,,,,,,,,,
reckJKgk676RKWabB,3009,reckJKgk676RKWabB,2026-06-09T23:09:50.000Z,Coby Z,Jenna P. Friedman-Lopez,[null],"[""rec0409bsqwqOEXaa""]",class_oog.php,Jenna P. Friedman-Lopez,"[""recNlymSrDpNu9n0h""]","[""Jenna""]","[""rec3Zk0aiDpx2KX0O""]",,,,,,,,,,,,,,,,,,,,,
reckKVHNZ1Ip1GNg7,213,reckKVHNZ1Ip1GNg7,2026-06-15T13:18:54.000Z,Cozumel,Daniel Michan,[null],"[""recg41TYGjWFbfHel""]",class_oog,Hailey Royce,"[""recusKsOvT8TWWQd6""]","[""Hailey""]","[""receaA0lDaK9CffNz""]",,,,,,,,,,,,,,,,,,,,,
reckMm1E7Fb0j7QMa,3188,reckMm1E7Fb0j7QMa,2026-06-18T18:03:36.000Z,Clockwork,,[null],"[""recYKXz2GWQcCHGI5""]",get_rings.php,,,,,,,,,,,,,,,,,,,,,,,,,
reckOFVSzlsgIng3j,1266,reckOFVSzlsgIng3j,2026-06-09T23:09:50.000Z,Hopeful Z,Ben Taylor,[null],"[""recBpwtdQHxh4VA9A""]",class_oog.php,Sophia Ayers,"[""recR15trSJEmLl1BW""]","[""Sophia""]","[""recmTGLWfZLnyH6TK""]",,,,,,,,,,,,,,,,,,,,,
reckOnxVceHZPnCPX,2117,reckOnxVceHZPnCPX,2026-06-14T10:51:48.000Z,Bye Chance,Caroline Willard Briles,[null],"[""rec9JED7qNw5K1k1x""]",class_oog,Linda E. Vellman,"[""recS6NEHW8df5rwkS""]","[""Linda""]","[""recgDRmlgICPwHaba""]",,,,,,,,,,,,,,,,,,,,,
reckUoAy4E5f7VFWf,3035,reckUoAy4E5f7VFWf,2026-06-09T23:09:50.000Z,Cooley Elusive,Tom Monaghan,[null],"[""recHcQb0mthqatoC8""]",class_oog.php,Tom Monaghan,"[""rec8KP4FWbKeaxKB3""]","[""Tom""]","[""rec0mxYvqyiMsXHtK""]",,,,,,,,,,,,,,,,,,,,,
reckWRVtlbUj1NWlr,2153,reckWRVtlbUj1NWlr,2026-06-09T23:09:50.000Z,Dulce,Andres A. Correa,[null],"[""recRSfdJcMIkb0qi3""]",class_oog.php,Andres A. Correa,"[""rechwnqfyZjTTKeIr""]","[""Andres""]","[""recl4930Uvn00qNs0""]",,,,,,,,,,,,,,,,,,,,,
reckdEI00MUPEgT4Q,3136,reckdEI00MUPEgT4Q,2026-07-01T12:12:33.000Z,Coco,,,,get_rings.php,,,,,,,,,,,,,,,,,,,,,,,,,
reckgkIWQJ2f09WP9,1035,reckgkIWQJ2f09WP9,2026-06-09T23:09:50.000Z,Ideal,Alan Korotkin,"[""Doug""]","[""recA2tEY30b7N3UP1""]",class_oog.php,Grace Lyons,"[""recAMgqGRAz57OiAs""]","[""Grace""]","[""recFIHTcArQhILyAc""]","[""CWF""]","[""Doug""]","[""recGTRPbiyFWGXFfT"",""recIj8qC8Tm1aLVZw""]","[""reco9OucV8JIbdho7"",""recHHqKGVIBzPNXMh""]","[""recFGAu9WXhct08y9"",""recOrY5XFxa1YVM6C"",""rec4BtKWHPtNPK57H""]","[""recFjrgwHyBA9km87"",""recM9FR79XkcNTFdh""]",,,,,,,,,,,,,,,
reckjNpWmPPwthLkp,3418,reckjNpWmPPwthLkp,2026-06-18T14:00:34.000Z,Kingham Hill,,[null],"[""rectXjuXrfyvzonpG""]",get_rings.php,,,,,,,,,,,,,,,,,,,,,,,,,
reckuCuNfbtfkMAfs,1782,reckuCuNfbtfkMAfs,2026-06-09T23:09:50.000Z,Cash For Roses,Bruno Diniz Das Neves,[null],"[""recQ9v9I7Se6al4gm""]",class_oog.php,Bruno Diniz Das Neves,"[""recLrKVLwt2RR3Tbg""]","[""Bruno""]","[""recQKeo6875JCjkvf""]",,,,,,,,,,,,,,,,,,,,,
reckvF1nGccZ2LlCd,1775,reckvF1nGccZ2LlCd,2026-06-09T23:09:50.000Z,Once Upon A Time,Kim Taylor,[null],"[""recDiDE2MtLKKf0P3""]",class_oog,Alyson Jones,"[""rec5eSBDWhpK0tlte""]","[""Alyson""]","[""recMsKXGUQA6BQOth""]",,,,,,,,,,,,,,,,,,,,,
reckxC9woEmMfLJsu,1784,reckxC9woEmMfLJsu,2026-06-09T23:09:50.000Z,Storiall Blue,Thea N. Stinnett,[null],"[""recIBWWm8xC3UjODO""]",class_oog.php,Stella Stinnett,"[""recxHoEIFUSL0yeKt""]","[""Stella""]","[""recfWYHJT3O9VG1TG""]",,,,,,,,,,,,,,,,,,,,,
reckz7DLuW7CZb0Wk,129,reckz7DLuW7CZb0Wk,2026-06-09T23:09:50.000Z,Mtm Can Talk To Me,Michael J. Mccormick,[null],"[""recaBCOa1TSSNZP5p""]",class_oog,Tracy Fenney,"[""recLyTrE6tVxN0uIu""]","[""Tracy""]","[""recNsOB5RbtRbnQ37""]",,,,,,,,,,,,,,,,,,,,,
recl1Yyh9xf8holkv,3211,recl1Yyh9xf8holkv,2026-06-19T14:04:13.000Z,Puertas Koncelo,,[null],"[""recpi9xwGGSx6XUhg""]",get_rings.php,,,,,,,,,,,,,,,,,,,,,,,,,
recl7NGfdcTTxC02z,2734,recl7NGfdcTTxC02z,2026-06-13T01:35:34.000Z,Taffy's Little Charade,Morgan Taylor,[null],"[""recaXaAKeiLL3ev6g""]",class_oog,Skylyn Crisante,"[""recME2nnHHq3MGprb""]","[""Skylyn""]","[""rec0wCs5ZzmAW8kSL""]",,,,,,,,,,,,,,,,,,,,,
recl89eMKrGFi7WO6,2229,recl89eMKrGFi7WO6,2026-06-19T15:33:44.000Z,Muchacho Zan,,[null],"[""recQnMzKyCMQEmYE0""]",get_rings.php,,,,,,,,,,,,,,,,,,,,,,,,,
recl8AF6ygtIXoyFP,2821,recl8AF6ygtIXoyFP,2026-06-09T23:09:50.000Z,Arianna Rv,Ryan Michael Genn,[null],"[""recP7qIG6WE3TdbL7""]",class_oog.php,John M. Struzzieri,"[""recn0cD6aeT6wfqk1""]","[""John""]","[""rec1uM1UghdnlA4Hq""]",,,,,,,,,,,,,,,,,,,,,
recl9BBW73Kxkrm33,195,recl9BBW73Kxkrm33,2026-06-15T13:18:54.000Z,Ganesh Des Till,Sydney Rowland,[null],"[""recFoVE0gTs7NyOHL""]",class_oog,Sofia Popescu,"[""recz2JaMEL3nVN0Tv""]","[""Sofia""]","[""recFsMRQIqS8lWRWR""]",,,,,,,,,,,,,,,,,,,,,
reclDGIaFrwuPh5vb,2831,reclDGIaFrwuPh5vb,2026-06-11T11:39:22.000Z,Mugano D'augustijn Z,Katlynn Butler,[null],"[""rece0DhytDlw4e0sY""]",class_oog,Chiara Zuccolotto,"[""recoi16CYNCvdlZJc""]","[""Chiara""]","[""recmCyrv5t0l7hgsj""]",,,,,,,,,,,,,,,,,,,,,
reclE4ZtKbGovcIdP,1269,reclE4ZtKbGovcIdP,2026-06-12T17:24:27.000Z,Ira De Span,Ben Taylor,[null],"[""rec011rtgc0xUyXAW""]",class_oog,Jose Montenegro,"[""rec1Mofs0ZZD7KgnX""]","[""Jose""]","[""recmTGLWfZLnyH6TK""]",,,,,,,,,,,,,,,,,,,,,
reclHZtWCBDKaidMf,2475,reclHZtWCBDKaidMf,2026-06-11T11:39:25.000Z,Colmans Blue,Jake Evans,[null],"[""recMCnJ5J4qhgZ3iq""]",class_oog,Maurah Burkholder,"[""recxatpI8UXNwRwnp""]","[""Maurah""]","[""recSXiCPwDmQ76cuQ""]",,,,,,,,,,,,,,,,,,,,,
reclJXmGJpF3hBccU,142,reclJXmGJpF3hBccU,2026-06-09T23:09:50.000Z,Puccini Van Orti,Lia Screnci,[null],"[""recrLnFNUvl173919""]",class_oog.php,Lia Screnci,"[""rec5RnC57daRX7Mi1""]","[""Lia""]","[""rec0eBWOxYRez99HS""]",,,,,,,,,,,,,,,,,,,,,
reclKALp0xQ7WIwq4,3845,reclKALp0xQ7WIwq4,2026-07-01T13:06:55.000Z,Beachcomber,,,,get_rings.php,,,,,,,,,,,"[""rec6FsYwgVlwAT6hI""]",,,,"[""rec6FsYwgVlwAT6hI""]",,,,,,,,,,
reclRKdPoWFOjaNtJ,1794,reclRKdPoWFOjaNtJ,2026-06-09T23:09:50.000Z,Chico Bella Z,Louise Pejstrup,[null],"[""recm7DogiyLZ4sE7G""]",class_oog,Lily Niebur,"[""recBsgA1wwnEqhLqK""]","[""Lily""]","[""recrRgNvE5RPL730y""]",,,,,,,,,,,,,,,,,,,,,
reclTLHAbzUXz3vyG,2165,reclTLHAbzUXz3vyG,2026-06-21T16:19:12.000Z,Kts Dijandra,,[null],"[""recHP1WchGaQNiuJN""]",get_rings.php,,,,,,,,,,,,,,,,,,,,,,,,,
reclWybHblGXd0Tm1,1781,reclWybHblGXd0Tm1,2026-06-12T03:10:20.000Z,Una Beretta,Lukene Arenas,[null],"[""recVghcz9REYH8ST0""]",class_oog,Lukene Arenas,"[""recroSHpES6tulq9z""]","[""Lukene""]","[""recIkAyumy88qaBpt""]",,,,,,,,,,,,,,,,,,,,,
reclZ66kVPSeBf8I8,2837,reclZ66kVPSeBf8I8,2026-06-09T23:09:50.000Z,Carmenzita,Antonio J. Martinez,[null],"[""rec70VEuoqNs0m1Cp""]",class_oog,Katherina Sciuto,"[""rec66M6JP65oUgxt7""]","[""Katherina""]","[""recoIakTck18pHikM""]",,,,,,,,,,,,,,,,,,,,,
reclavbS4Ml00OPAd,1792,reclavbS4Ml00OPAd,2026-06-18T20:19:15.000Z,Roberlina Dg,,[null],"[""rece14DeZEUKSUxd8""]",get_rings.php,,,,,,,,,,,,,,,,,,,,,,,,,
reclazRctUbtl3xLE,2980,reclazRctUbtl3xLE,2026-06-13T01:35:34.000Z,Gayfields Tickety Boo,Casey Johns,[null],"[""recgBiZrhh039xK5l""]",class_oog,Sophia Sankowski,"[""rec4N04C8YBHcaL4O""]","[""Sophia""]","[""recEz6cLDl78OaJal""]",,,,,,,,,,,,,,,,,,,,,
reclbFTgTXXRks9ji,1571,reclbFTgTXXRks9ji,2026-06-13T01:35:34.000Z,Shadowfax 111,Antonio J. Martinez,[null],"[""recT6XlOY4pkM6XAq""]",class_oog,Noemi Koziol,"[""reciFnFY2wXYdozii""]","[""Noemi""]","[""recoIakTck18pHikM""]",,,,,,,,,,,,,,,,,,,,,
reclctOBnLLxmyn46,206,reclctOBnLLxmyn46,2026-06-15T13:18:54.000Z,Lady Castle,Jelmer Hoekstra,[null],"[""rectwJW7XizJzICCx""]",class_oog,Emma Brody,"[""rectjEJjeGHseZX7L""]","[""Emma""]","[""recqI6AanH1zv5CGV""]",,,,,,,,,,,,,,,,,,,,,
recldIIkPeCNbGFep,1897,recldIIkPeCNbGFep,2026-07-01T17:15:34.000Z,Kensington Bay,,,,get_rings.php,,,,,,,,,,,"[""recP1bwM0xRwEzmns""]","[""recJin4JoPryqX2u9""]",,"[""recJin4JoPryqX2u9""]","[""recP1bwM0xRwEzmns""]",,,,,,,,,,
recliHRgKFSnFzTYm,1191,recliHRgKFSnFzTYm,2026-06-11T11:39:25.000Z,Wordsmith,Stephanie Free,[null],"[""rec82e2dr4ecqWST8""]",class_oog,Heidi White,"[""recFcXz3F6WXnFFiO""]","[""Heidi""]","[""recBVRfeR9i4COiwE""]",,,,,,,,,,,,,,,,,,,,,
reclp8EHQN3cHJbmQ,1819,reclp8EHQN3cHJbmQ,2026-06-19T16:09:48.000Z,Southwind Beau Regard,,[null],"[""recZ2r31RaaQFQfNq""]",get_rings.php,,,,,,,,,,,,,,,,,,,,,,,,,
reclsY08SqwyDzHjv,3173,reclsY08SqwyDzHjv,2026-06-18T16:33:47.000Z,Fallon Wef,,[null],"[""recAnwW8d9ZyarArT""]",get_rings.php,,,,,,,,,,,,,,,,,,,,,,,,,
recluh74zTtNZDrzh,1513,recluh74zTtNZDrzh,2026-06-09T23:09:50.000Z,Ck’s Superman,Stephen Dicarlo,[null],"[""rec6Q6gd7UJzFnRV9""]",class_oog.php,Libby Woodworth,"[""recGuw7QdyWQyTX6q""]","[""Libby""]","[""recupQMhsCpx3otEi""]",,,,,,,,,,,,,,,,,,,,,
reclz9p8bHaG9Ng8I,3563,reclz9p8bHaG9Ng8I,2026-06-20T15:18:34.000Z,Leroy Blue,,[null],"[""recaIElDenvlQfDLS""]",get_rings.php,,,,,,,,,,,,,,,,,,,,,,,,,
recm2Hq6l48jQ4P9u,2302,recm2Hq6l48jQ4P9u,2026-06-12T17:24:28.000Z,Kind Of Magic Stm,Aurora R. Rangel De Alba,[null],"[""recyxoa8uskuwnUUA""]",class_oog.php,Aurora R. Rangel De Alba,"[""recYuZ7hB1tbpgznK""]","[""Aurora""]","[""recUjyRd7k0lTmyxS""]",,,,,,,,,,,,,,,,,,,,,
recm9pFshfHGazS1c,2630,recm9pFshfHGazS1c,2026-06-09T23:09:50.000Z,Vamos,Ashlynn Meuchel,[null],"[""recitOnBOrhTNMjQI""]",class_oog.php,Ashlynn Meuchel,"[""recCnv14vIoaimxWs""]","[""Ashlynn""]","[""rechMdfBTsAkaoR7P""]",,,,,,,,,,,,,,,,,,,,,
recmDziVtijL9ugUR,3366,recmDziVtijL9ugUR,2026-06-18T16:33:47.000Z,Acorn,,[null],"[""recKzKj7QXokbNcTW""]",get_rings.php,,,,,,,,,,,,,,,,,,,,,,,,,
recmG8pUBon6HR51g,227,recmG8pUBon6HR51g,2026-06-16T03:40:07.000Z,Sandenal,Alan Korotkin,"[""Snoop""]","[""rec3MWCiCIZo2sLcW""]",class_oog,Tanner Korotkin,"[""rececJFgkUViuuW0F""]","[""Tanner""]","[""recFIHTcArQhILyAc""]","[""CWF""]","[""Snoop""]","[""recopPb5O7BLi19hn"",""rec7OoZjWiOZnHtgi""]","[""recwkjpihdathU55b"",""rectaSaWiY7gWtcCa""]","[""recSvPbVVh1AvvyHU"",""recRYCRP9qhSCp1Ha"",""recGArGKGGvff1tJI""]","[""reclEISXCY77qdhNc"",""recM3iEQkS1nFLPKH""]",,,,,,,,,,,,,,,
recmJGAQaVFIet5vD,2160,recmJGAQaVFIet5vD,2026-06-12T17:24:28.000Z,North Shore Hal,H Dougl Schreiber,[null],"[""recD8jCi0q5mMW8MU""]",class_oog,H Dougl Schreiber,"[""recenZm3fZa4dmtCi""]","[""H""]","[""reckydHWVV9YphkZt""]",,,,,,,,,,,,,,,,,,,,,
recmKmpLlRO8FJeAZ,2771,recmKmpLlRO8FJeAZ,2026-06-18T15:48:33.000Z,Tully Lark,,[null],"[""recEUIHd3n7W5YF6s""]",get_rings.php,,,,,,,,,,,,,,,,,,,,,,,,,
recmO75fAMLAZyXbH,1978,recmO75fAMLAZyXbH,2026-06-11T11:39:21.000Z,Secret Affair,Stephanie Free,[null],"[""rechGbAIoLkxWjhRS""]",class_oog.php,Cindy Secret,"[""rec6aVGZIUskBZGZL""]","[""Cindy""]","[""recBVRfeR9i4COiwE""]",,,,,,,,,,,,,,,,,,,,,
recmPbLSRxfN8A94K,1996,recmPbLSRxfN8A94K,2026-06-09T23:09:50.000Z,Thor Jr,Sharn L. Wordley,[null],"[""recsYiWOvwCWUePvo""]",class_oog,Ali Arbabi,"[""recPtl3r1mpHxJ3g7""]","[""Ali""]","[""recqmThVFmsIM6E8t""]",,,,,,,,,,,,,,,,,,,,,
recmPbUNYeendKqzd,1091,recmPbUNYeendKqzd,2026-06-11T11:39:23.000Z,Going For Broke,Alison Jones,[null],"[""reczfZP6RVJ109fPM""]",class_oog,Emma Parker,"[""recukBaoFzRGru2uh""]","[""Emma""]","[""reccPpBL4rQYdBMJP""]",,,,,,,,,,,,,,,,,,,,,
recmVUp383DmNilwm,1846,recmVUp383DmNilwm,2026-06-09T23:09:50.000Z,Carlos He’las,Heather Dayner,[null],"[""rec2vOhNZaYaDdTNa""]",class_oog.php,Evana Somareddy,"[""recuyfo3nv68HVefs""]","[""Evana""]","[""rectbL4oLPTwFxdNp""]",,,,,,,,,,,,,,,,,,,,,
recmZqCDdrzOipU6k,1756,recmZqCDdrzOipU6k,2026-06-12T17:24:28.000Z,Virella,Cynthia D Mesker,[null],"[""reclV7zcsVC6LyF4i""]",class_oog.php,Cynthia D Mesker,"[""rec7QKqlsRrCcs4Rd""]","[""Cynthia""]","[""recj1mtC1YuSuggTF""]",,,,,,,,,,,,,,,,,,,,,
recmbLe9gjwLn55mt,2097,recmbLe9gjwLn55mt,2026-06-09T23:09:50.000Z,Cleveland 42,Isaac Leffkowitz,[null],"[""recAhS04AxFaq6eTd""]",class_oog.php,Isaac Leffkowitz,"[""rec5eeBOUY791C5bu""]","[""Isaac""]","[""rec7ppaIMqZuirHoA""]",,,,,,,,,,,,,,,,,,,,,
recmfTI0Mzxvlh9zu,2212,recmfTI0Mzxvlh9zu,2026-06-12T17:24:28.000Z,Down To A T,Katey Grau,[null],"[""reczBEt2gEuEl5L3m""]",class_oog.php,Annie Cooper,"[""recXpyTqK11X414vG""]","[""Annie""]","[""recWymhFUK9NTB49o""]",,,,,,,,,,,,,,,,,,,,,
recmjA8gjfJK5IuQR,2210,recmjA8gjfJK5IuQR,2026-06-13T01:35:34.000Z,Ascott,Katey Grau,[null],"[""recXMgU3zzkFu9BYa""]",class_oog,Currie Cooper,"[""recuLEaHKZQRPR6B6""]","[""Currie""]","[""recWymhFUK9NTB49o""]",,,,,,,,,,,,,,,,,,,,,
recmlfR0dYooBb4oc,1322,recmlfR0dYooBb4oc,2026-06-11T11:39:25.000Z,Top Shelf,Camille Maynard,[null],"[""rec0q9AnNY7TdrcJG""]",class_oog.php,Camille Maynard,"[""recYuW2sDtfJ70Oph""]","[""Camille""]","[""receCZCsNdOQDE9z9""]",,,,,,,,,,,,,,,,,,,,,
recmm15yWyhSwlMBk,1467,recmm15yWyhSwlMBk,2026-06-19T14:39:36.000Z,Ask Nicely,,[null],"[""rec6I0rEsGshJT6Cr""]",get_rings.php,,,,,,,,,,,,,,,,,,,,,,,,,
recmnSL3EzVstxiPe,113,recmnSL3EzVstxiPe,2026-06-09T23:09:50.000Z,Arezzo Z,Juan M. Bolanos,[null],"[""recvUoq0yPK0NiND5""]",class_oog.php,Juan M. Bolanos,"[""reckMRVODtVnrCtbb""]","[""Juan""]","[""reciQqSfWbMiP5zxf""]",,,,,,,,,,,,,,,,,,,,,
recmwSV8aoUmWPYJS,2864,recmwSV8aoUmWPYJS,2026-06-09T23:09:50.000Z,Dominator Touch Z,Bobby Boulger,[null],"[""recxIlsrbOjPhhb8a""]",class_oog,Kalli Core,"[""rec9bvr48FkMESsHg""]","[""Kalli""]","[""recWQdJafSZQqtOiB""]",,,,,,,,,,,,,,,,,,,,,
recmwk4lub8lpVuWq,3324,recmwk4lub8lpVuWq,2026-06-19T15:15:33.000Z,Pireusa,,[null],"[""rec6vfftxwD11Pihw""]",get_rings.php,,,,,,,,,,,,,,,,,,,,,,,,,
recmxAqtZ4KLikEmy,2730,recmxAqtZ4KLikEmy,2026-06-09T23:09:50.000Z,Striking Elsa,Jennifer Phethean,[null],"[""recDaX9AIGXi2opkI""]",class_oog.php,Phillipa Greenberg,"[""recj6C9Do5xzRdjbN""]","[""Phillipa""]","[""rec2XNYc72zstptO7""]",,,,,,,,,,,,,,,,,,,,,
recmzPISUiG35CDv2,2115,recmzPISUiG35CDv2,2026-06-13T01:35:34.000Z,Simply Good,Katie Rudnick,[null],"[""recbYAzMttzLLuZdX""]",class_oog,Julianna Irwin,"[""recJsWnYNSlIgIepG""]","[""Julianna""]","[""rec6npIsj2ldcOqWZ""]",,,,,,,,,,,,,,,,,,,,,
recn03qKoP5fKW5eC,3032,recn03qKoP5fKW5eC,2026-06-11T11:39:25.000Z,Dylan Odf,Lindsay Standley,[null],"[""recZPZsGiWaZHsyx4""]",class_oog,Lindsay Standley,"[""recjgIY4F0kPfUp55""]","[""Lindsay""]","[""rech8z7SrtfRDMN0j""]",,,,,,,,,,,,,,,,,,,,,
recn1OI77c1sK4d97,1857,recn1OI77c1sK4d97,2026-06-18T15:33:38.000Z,Chill Z,,[null],"[""rec0e3myGnIVCjAMl""]",get_rings.php,,,,,,,,,,,,,,,,,,,,,,,,,
recn1unfGymTEIZEv,2873,recn1unfGymTEIZEv,2026-06-09T23:09:50.000Z,Comme II Reality,Elizabeth Solomon,[null],"[""rec0K4kCMgbTICRTE""]",class_oog.php,Elizabeth Solomon,"[""recvvZ2Rt9VyNxKue""]","[""Elizabeth""]","[""recjs9szuz6Ll0w50""]",,,,,,,,,,,,,,,,,,,,,
recn5rU9lpxExos5N,3561,recn5rU9lpxExos5N,2026-06-20T14:42:35.000Z,Fashion Famous,,[null],"[""recZIYTtPrbpAa2RI""]",get_rings.php,,,,,,,,,,,"[""recVa5hTGrnVLqO7y""]","[""reclRJdbDc7C1PUWT""]",,,,,,,,,,,,,
recn69BbC5W9yCi8K,3191,recn69BbC5W9yCi8K,2026-06-13T01:35:34.000Z,44 North,Maya Abdallah,[null],"[""rec1UtZnhAqb0uQVk""]",class_oog,Reena Moumnine,"[""recVSWIptAdOlozCa""]","[""Reena""]","[""recI1g5Ddvuo2Aqkw""]",,,,,,,,,,,,,,,,,,,,,
recn6pSL8Dii9COa7,2159,recn6pSL8Dii9COa7,2026-06-12T17:24:29.000Z,Jericho,H Dougl Schreiber,[null],"[""rec0nPoh2WUGFBey4""]",class_oog,H Dougl Schreiber,"[""recenZm3fZa4dmtCi""]","[""H""]","[""reckydHWVV9YphkZt""]",,,,,,,,,,,,,,,,,,,,,
recn8FQD4z3GHLeRo,1417,recn8FQD4z3GHLeRo,2026-06-11T11:39:22.000Z,Vajra Du Blay,Juan A. Rodriguez Silva,[null],"[""recgGHyIM6AGlx7iG""]",class_oog.php,Emilio Medina,"[""recxq3x3oKp3xoKiz""]","[""Emilio""]","[""reclu4ZfxeCUoDgLA""]",,,,,,,,,,,,,,,,,,,,,
recn8aUhLr2zY5e2X,1342,recn8aUhLr2zY5e2X,2026-06-09T23:09:50.000Z,Only Love B,Juan M. Bolanos,[null],"[""rec7c9RGVvgUKcK1S""]",class_oog.php,Juan M. Bolanos,"[""reckMRVODtVnrCtbb""]","[""Juan""]","[""reciQqSfWbMiP5zxf""]",,,,,,,,,,,,,,,,,,,,,
recnA9ur1MuCh42k1,3651,recnA9ur1MuCh42k1,2026-07-01T15:42:34.000Z,Ford,,,,get_rings.php,,,,,,,,,,,,,,,,,,,,,,,,,
recnGImQGdEswUBto,2546,recnGImQGdEswUBto,2026-06-11T11:39:22.000Z,In The Wind Wow,Laura Gaither,[null],"[""recV1VYfXGOki1cWY""]",class_oog.php,Laura Gaither,"[""rec4GU1L6Oa9rB3UW""]","[""Laura""]","[""rec0OHl8PfuMKFsyt""]",,,,,,,,,,,,,,,,,,,,,
recnGKDwXHXTEyLRr,2669,recnGKDwXHXTEyLRr,2026-06-18T16:48:35.000Z,Kingston,,[null],"[""recKxLdINw32R5wt4""]",get_rings.php,,,,,,,,,,,,,,,,,,,,,,,,,
recnHXqzRVrS79XjN,2844,recnHXqzRVrS79XjN,2026-06-12T17:24:27.000Z,KS Kiwi,Luke Sassi,[null],"[""reciD8BARTY6HjGWi""]",class_oog.php,Luke Sassi,"[""recRLAErJt0gGFTo1""]","[""Luke""]","[""rec24pSWnvy9FcJe9""]",,,,,,,,,,,,,,,,,,,,,
recnJs6w15cjgPtZy,1788,recnJs6w15cjgPtZy,2026-06-11T11:39:21.000Z,Confidentially,Megan Wexler,[null],"[""recy5hDHL2y6FpWWh""]",class_oog,Lucy Wexler,"[""rec7Ut45GWfXhOC1M""]","[""Lucy""]","[""recbDjphoL8qMtSeW""]",,,,,,,,,,,,,,,,,,,,,
recnNrYsi8o4MRX76,2888,recnNrYsi8o4MRX76,2026-06-20T15:37:13.000Z,Chappalo,,[null],"[""recGAIpaYXepHIhYU""]",get_rings.php,,,,,,,,,,,,,,,,,,,,,,,,,
recnQKa2UumXaPD1u,1449,recnQKa2UumXaPD1u,2026-06-09T23:09:50.000Z,Curacao D'elsendam Z,Taylor St Jacques,[null],"[""recBAfxAXTEQ2vfZ2""]",class_oog.php,Taylor St Jacques,"[""recfFEe6i6PAEJnMn""]","[""Taylor""]","[""rec7yDpRrnFHdpEyR""]",,,,,,,,,,,,,,,,,,,,,
recnYJsnlrzgsBnQQ,3162,recnYJsnlrzgsBnQQ,2026-06-20T18:30:33.000Z,Doc Holiday,,[null],"[""recAEy9WgR9qPggu5""]",get_rings.php,,,,,,,,,,,,,,,,,,,,,,,,,
recnbXSrYEH5xCPCR,2896,recnbXSrYEH5xCPCR,2026-06-19T13:10:11.000Z,Effortlessly Cool,,[null],"[""recfUcje3hD0WxEVG""]",get_rings.php,,,,,,,,,,,,,,,,,,,,,,,,,
recnbrWUy8MyJer3G,1597,recnbrWUy8MyJer3G,2026-06-11T11:39:24.000Z,Quintana Viii,Robert Mendoza,[null],"[""recmCVxgUCTwD9Znb""]",class_oog,Jessica L. Roth Thomas,"[""recvPk4behpKl5tTy""]","[""Jessica""]","[""recc7BtlSMC456iwd""]",,,,,,,,,,,,,,,,,,,,,
recndAQc2jxNEagYU,2622,recndAQc2jxNEagYU,2026-06-12T17:24:28.000Z,Rosmel's Silver Rose,Debra L. Ward,[null],"[""reccF3ty9Y02b2rfe""]",class_oog.php,Madelyn Oster,"[""recfX9tkRPqafsgqM""]","[""Madelyn""]","[""recp8AfepuIJngrGM""]",,,,,,,,,,,,,,,,,,,,,
recnfn1gtJVCOdwYl,2166,recnfn1gtJVCOdwYl,2026-06-09T23:09:50.000Z,Fellini,Terrie E. Shibley,[null],"[""rectGKMVKkrswklor""]",class_oog,Kennedy Kluber,"[""recK9lW7nTdieDMhe""]","[""Kennedy""]","[""recMFDhEMIxKX7fmX""]",,,,,,,,,,,,,,,,,,,,,
recnh1Bj039igYQHp,3182,recnh1Bj039igYQHp,2026-06-21T16:19:12.000Z,de Lorean,,"[""Dorian"",""Dorian""]","[""recnHabSnlEiLZ8Ts"",""recJQdFdRukp72ULK""]",get_rings.php,,,,,,"[""Dorian"",""Dorian""]","[""recdMCMqJ1tX8924y"",""rec6oWa9P7md0V67q""]","[""rec8VwXgYoRHybn5s"",""recBxZ7m83N3Pv2Ub"",""recVvh0qSjPqhDQpk"",""recm1I3W7o7W6VSdi"",""recCwRhCFOKz4pKvE"",""recpzNVzFEauPhyML""]","[""recCcKkMwW5AnnkqC"",""recgV7bmSkuuuzSAT""]","[""recF1peXOjEThQUg9"",""recjKM5xaH3No2sqq""]","[""reczV2BteQQA6htWb""]",,"[""recze0ivEv99k0dPo"",""recNnon5usdLRmQWw""]",,,,,,,,,,,,
recnjnyY9UT59zeAn,1720,recnjnyY9UT59zeAn,2026-06-11T11:39:25.000Z,Iron Maiden,Justine L. Dutton Barnard,[null],"[""rec82ZXx3k3BZs95n""]",class_oog.php,Justine L. Dutton Barnard,"[""recvD6KL2dqqPvN0v""]","[""Justine""]","[""recU7zogAuLVNKIfQ""]",,,,,,,,,,,,,,,,,,,,,
recnjpJmwjKOEdE4N,2941,recnjpJmwjKOEdE4N,2026-06-09T23:09:50.000Z,Nightfall,Traci A. Weston,[null],"[""rec8CE9tachZAQASt""]",class_oog,Windsor Ryan,"[""recAgHM50DSJcxYoF""]","[""Windsor""]","[""rec6szCleq8yE3JIq""]",,,,,,,,,,,,,,,,,,,,,
recnnk8wjfB6422Fn,1119,recnnk8wjfB6422Fn,2026-06-20T16:25:50.000Z,Cayetana,,[null],"[""recWmQZR89JYqOXpK""]",get_rings.php,,,,,,,,,,,,,,,,,,,,,,,,,
recntTllVz5o3TKQU,2384,recntTllVz5o3TKQU,2026-06-11T11:39:21.000Z,Casa Delle Farfalle,Lisa Hasenbeck,[null],"[""rec5RwIwtZ73MZZg4""]",class_oog.php,Sierra Montgomery,"[""rec12lzOQKtI0Qkv5""]","[""Sierra""]","[""recSN0eF04okgAD8J""]",,,,,,,,,,,,,,,,,,,,,
recntoeUdfpjKN1pJ,2129,recntoeUdfpjKN1pJ,2026-06-11T11:39:23.000Z,Martini Maker,Maisie Wagner,[null],"[""recsvVtTz77nUkYlf""]",class_oog.php,Morgan Daly,"[""recOa9hAA7Il6GJF2""]","[""Morgan""]","[""recWddmd29X3mTMwN""]",,,,,,,,,,,,,,,,,,,,,
recnvWnMm8ppryCqV,1045,recnvWnMm8ppryCqV,2026-06-09T23:09:50.000Z,Qastaar Van't Heike,Alan Korotkin,"[""Q""]","[""recvQP0Vs9OogYlkv""]",class_oog,Taylor Oakvik,"[""recD4asSzMCiJoxEc""]","[""Taylor""]","[""recFIHTcArQhILyAc""]","[""CWF""]","[""Q""]","[""recwvHnJiHeQ6kjFj"",""recWJ3nunPwpxW8M6""]","[""rechSgzBVCzo4FIkK"",""recOerz7NzxyVtUH8""]","[""recsxVxqgVUNJjvb2"",""recR5xuqyM7dTM1x9"",""recCXk1hmO4OhqnOg""]","[""recdhicVozqEph1Y4"",""recqi5yPr8ccG3iPu""]",,,,,,,,,,,,,,,
reco3kmN6MpfNfLx2,1346,reco3kmN6MpfNfLx2,2026-06-09T23:09:50.000Z,Britney Ps,Derek Reed,[null],"[""recISQW0vjBNoLsAe""]",class_oog,Cullen Drescher,"[""recN6EWy3cICz9L58""]","[""Cullen""]","[""recnRRpu2nz5AuBj6""]",,,,,,,,,,,,,,,,,,,,,
reco5YOoGE2hQYgsK,1517,reco5YOoGE2hQYgsK,2026-06-11T11:39:26.000Z,Himalaya,Stephen Dicarlo,[null],"[""recZwdr1WNsoE1roP""]",class_oog,Kimberley Pickens,"[""recqOxxtUOYT72PUN""]","[""Kimberley""]","[""recupQMhsCpx3otEi""]",,,,,,,,,,,,,,,,,,,,,
reco8Lh3dqriKoZWO,2747,reco8Lh3dqriKoZWO,2026-06-19T15:52:11.000Z,Kingsland,,[null],"[""recZLLYkyP1KKmlVn""]",get_rings.php,,,,,,,,,,,,,,,,,,,,,,,,,
reco9xhyefVGZdBVj,1745,reco9xhyefVGZdBVj,2026-06-09T23:09:50.000Z,Oa Uno Mas Cerveza,Madison Rose,[null],"[""recK70cODGeU34vad""]",class_oog.php,Madison Rose,"[""rec2JzAL6u5FpzJlI""]","[""Madison""]","[""recTFNzdSZ2WKI4Fx""]",,,,,,,,,,,,,,,,,,,,,
recoDTRwnbckxoP3P,115,recoDTRwnbckxoP3P,2026-06-09T23:09:50.000Z,Goliath De L' Eldorado,Declan Egan,[null],"[""reccpPVz4rg0Xn3it""]",class_oog,Declan Egan,"[""recaZx28r0BSMxn0j""]","[""Declan""]","[""recGOZOt71dcEAmvp""]",,,,,,,,,,,,,,,,,,,,,
recoKVvoZfjTDebAw,2536,recoKVvoZfjTDebAw,2026-06-12T17:24:29.000Z,Executive,Molly A. Kenney,[null],"[""recbUXr0EJKgp7DTm""]",class_oog,Sharon S. Maloney,"[""recPIeLFekmtztRSS""]","[""Sharon""]","[""recvcVgWYY3shMkZ4""]",,,,,,,,,,,,,,,,,,,,,
recoKhtHWlDxbFv5x,1416,recoKhtHWlDxbFv5x,2026-06-11T11:39:23.000Z,Nova,Juan A. Rodriguez Silva,[null],"[""rect83LY8rhaPLnTE""]",class_oog.php,Juan A. Rodriguez Silva,"[""recC09AfMrEyrk5ms""]","[""Juan""]","[""reclu4ZfxeCUoDgLA""]",,,,,,,,,,,,,,,,,,,,,
recoVpUg1DgaXBKqa,1726,recoVpUg1DgaXBKqa,2026-06-09T23:09:50.000Z,As You Are,Stephanie Frey,[null],"[""recL78zo5CXGrUV0s""]",class_oog.php,Miro Frey,"[""rec91JoLPmojny7Ah""]","[""Miro""]","[""recGQXJ8M2eFcl9W7""]",,,,,,,,,,,,,,,,,,,,,
recoYqLa0kNb7DMAe,2910,recoYqLa0kNb7DMAe,2026-06-20T18:48:34.000Z,Oriana Di Villagana,,[null],"[""recw0RCXPvjdGoB4h""]",get_rings.php,,,,,,,,,,,,,,,,,,,,,,,,,
recoiKpT2bIqQtXt6,3070,recoiKpT2bIqQtXt6,2026-06-12T17:24:27.000Z,Neon Spotlight Z,Raishun Burch,[null],"[""recSZXzYo2rEIrwR9""]",class_oog.php,Ameera Chin,"[""recsoGpzF7G0PjVs0""]","[""Ameera""]","[""rec5VNiNYnXVAnanj""]",,,,,,,,,,,,,,,,,,,,,
recojwrDJjepNrSne,2704,recojwrDJjepNrSne,2026-06-12T17:24:28.000Z,Newberry Balia Nl,Dana G. Waters,[null],"[""rec9JObwdwV4vJzDp""]",class_oog.php,Hayley G. Waters Wear,"[""recLFMHh1Qpy7gpgf""]","[""Hayley""]","[""recC9TviwdEjxgABW""]",,,,,,,,,,,,,,,,,,,,,
reconx5lBicdfU2ys,1289,reconx5lBicdfU2ys,2026-06-09T23:09:50.000Z,Engas Aurantiaco,Angela Swanson,[null],"[""recQGYjpOfrvS5njR""]",class_oog.php,Angela Swanson,"[""rec3nADl9IqqdRXd1""]","[""Angela""]","[""rec9hQVBgpLiTbKmW""]",,,,,,,,,,,,,,,,,,,,,
recop2xCRF65wS9UG,1165,recop2xCRF65wS9UG,2026-07-01T14:00:37.000Z,Gss Victor,,,,get_rings.php,,,,,,,,,,,,,,,,,,,,,,,,,
recourNzdMD1KelT0,2520,recourNzdMD1KelT0,2026-06-12T17:24:28.000Z,Dicaprio,August Torsilieri,[null],"[""recAlAuF50JlUkb8B""]",class_oog.php,Emily F. H. Buxton,"[""recjObU6v016KjDEF""]","[""Emily""]","[""recel7Tui1CFiT95R""]",,,,,,,,,,,,,,,,,,,,,
recov2ReRhLrvfSbg,3159,recov2ReRhLrvfSbg,2026-06-12T17:24:27.000Z,Quiet Storm,Gianni Gabrielli,[null],"[""rec40MfXy8dtCqIYP""]",class_oog.php,Asuni Zamudio,"[""recKdlBZESMpynqTs""]","[""Asuni""]","[""recBAzsT29cV74CnZ""]",,,,,,,,,,,,,,,,,,,,,
recoy0U7Ey6vMbpPP,2971,recoy0U7Ey6vMbpPP,2026-06-11T11:39:24.000Z,Jim,No Trainer,[null],"[""recqYnDZ1ONuBv3OS""]",class_oog.php,Kaleigh Holroyd,"[""recrkiIsEe2KF5z4b""]","[""Kaleigh""]","[""rectmuBKijy6rE4R4""]",,,,,,,,,,,,,,,,,,,,,
recoyj0xjbyklzVtn,2477,recoyj0xjbyklzVtn,2026-06-18T16:19:16.000Z,Deltina,,[null],"[""recojaGQAlOa0gcfU""]",get_rings.php,,,,,,,,,,,,,,,,,,,,,,,,,
recoz0TdckJTC6our,2563,recoz0TdckJTC6our,2026-06-09T23:09:50.000Z,Itoulon B,Spencer Brittan,[null],"[""recYaOBKlKGhSpBzy""]",class_oog,Jamie Ricciardi,"[""recHemA85CjCUdo0t""]","[""Jamie""]","[""recqByBk0EpjI9rLn""]",,,,,,,,,,,,,,,,,,,,,
recp2rDbwj2WAY6ci,2617,recp2rDbwj2WAY6ci,2026-06-09T23:09:50.000Z,Istina Van De Kapel,David Cameron,[null],"[""recBy0OrpOauCr6Pz""]",class_oog.php,Georgia Bouzaid,"[""recZ5EwnPE36HTiXi""]","[""Georgia""]","[""recV9UeEpcw6UDEM9""]",,,,,,,,,,,,,,,,,,,,,
recp3uI5gZJP80o3B,1943,recp3uI5gZJP80o3B,2026-07-01T17:22:22.000Z,Lyrical,,,,get_rings.php,,,,,,,,,,,"[""recUTjvrMPPeVpeNQ""]","[""recMoj77LRflASWqQ""]",,"[""recMoj77LRflASWqQ""]","[""recUTjvrMPPeVpeNQ""]",,,,,,,,,,
recp4Js48OsSdHJ1k,2110,recp4Js48OsSdHJ1k,2026-06-11T11:39:21.000Z,Forget Me Not,Katie Rudnick,[null],"[""recTChszlN7lVqyT3""]",class_oog.php,Annaliz Alberts,"[""reciBZ8QpFwqIA4Ew""]","[""Annaliz""]","[""rec6npIsj2ldcOqWZ""]",,,,,,,,,,,,,,,,,,,,,
recp6b51kUAbyMUJm,1593,recp6b51kUAbyMUJm,2026-06-09T23:09:50.000Z,Vdl Nevena,Juan M. Bolanos,[null],"[""recgWglFhSMUK66Pk""]",class_oog.php,Belen Guarderas,"[""recr07kSQUFbPxfgq""]","[""Belen""]","[""reciQqSfWbMiP5zxf""]",,,,,,,,,,,,,,,,,,,,,
recp93phGinm0I9vG,1665,recp93phGinm0I9vG,2026-06-09T23:09:50.000Z,Salt Spring,Kyle Dewar,[null],"[""recM5N0CztIrnQiSg""]",class_oog.php,Kyle Dewar,"[""recfmpHccsWBBEZ8A""]","[""Kyle""]","[""recVsz59iVCmUI0Nu""]",,,,,,,,,,,,,,,,,,,,,
recp9HI8GRrjfLTJU,1089,recp9HI8GRrjfLTJU,2026-06-12T03:10:20.000Z,Changes In Latitude,Alison Jones,[null],"[""recUOPrPt8hqx9T2P""]",class_oog,Ava Parker,"[""reckUXCBVWgpOAhP8""]","[""Ava""]","[""reccPpBL4rQYdBMJP""]",,,,,,,,,,,,,,,,,,,,,
recpF7BQH9k4kO7Cg,1061,recpF7BQH9k4kO7Cg,2026-06-11T11:39:23.000Z,Izitop Aaa,Daniela Roy,[null],"[""recwnV4YzCQeFpteN""]",class_oog,Mia Baez,"[""recu08MrN0g4FlTr5""]","[""Mia""]","[""rec2F4zRJZGDzG0M2""]",,,,,,,,,,,,,,,,,,,,,
recpFHkXxPMFq5Tpp,1093,recpFHkXxPMFq5Tpp,2026-06-12T03:10:20.000Z,Worth The Wait,Alison Jones,[null],"[""rec0EAvO8EiKZz9wz""]",class_oog,Kennedy Morrison,"[""recMy5T1t0dArdrEM""]","[""Kennedy""]","[""reccPpBL4rQYdBMJP""]",,,,,,,,,,,,,,,,,,,,,
recpFk671KXWBaulC,1031,recpFk671KXWBaulC,2026-06-09T23:09:50.000Z,Hurricane,Alan Korotkin,"[""Hurricane""]","[""rec1JTZesicDxGF08""]",class_oog,Taylor Oakvik,"[""recD4asSzMCiJoxEc""]","[""Taylor""]","[""recFIHTcArQhILyAc""]","[""CWF""]","[""Hurricane""]","[""rechB5Z1xKG58Tjs3"",""reczcvCfwfRmopQ21"",""rec8arvb2dLVZDTAY""]","[""recWDDtr7FY1Z1UdD"",""recFqrbJyUw02HnOE"",""rec1nrg6sfyulYcpM""]","[""rec3aGS380avuH6On"",""recY7y8DK2X5u4ppQ"",""recyEhXDXeTC7xF5q""]","[""rec6ZlMeqnJOoaGEU"",""recMKbvTL6pXh4MBC"",""recWVDD7K86dcovAe""]",,"[""recpeC4CWKrPVkiSV""]","[""recwNYxz0f4jNlvIm""]",,,,,,,,,,,,
recpFlXg7xMv2h2em,1760,recpFlXg7xMv2h2em,2026-06-09T23:09:50.000Z,Pistachio,Stephanie Frey,[null],"[""recPzQMpVllPoPnE5""]",class_oog,Tarrin Kirby,"[""recc1yQxHYrJDaQpE""]","[""Tarrin""]","[""recGQXJ8M2eFcl9W7""]",,,,,,,,,,,,,,,,,,,,,
recpGXFL5Gw43iH4m,2866,recpGXFL5Gw43iH4m,2026-06-09T23:09:50.000Z,Kateri,Bobby Boulger,[null],"[""recuGRN6MHnNAfPkm""]",class_oog.php,Kalli Core,"[""rec9bvr48FkMESsHg""]","[""Kalli""]","[""recWQdJafSZQqtOiB""]",,,,,,,,,,,,,,,,,,,,,
recpIloT88g3wW465,165,recpIloT88g3wW465,2026-06-15T13:18:53.000Z,Kingston,Justine Raven,[null],"[""recKxLdINw32R5wt4""]",class_oog,Tomas Yofre,"[""rechCNEEWI9jQDhjW""]","[""Tomas""]","[""rec0bJCjAgTlhNspi""]",,,,,,,,,,,,,,,,,,,,,
recpP4j7nPlQwSf15,2108,recpP4j7nPlQwSf15,2026-06-09T23:09:50.000Z,Spice Of Life,Isaac Leffkowitz,[null],"[""rec3tOlCzuqzu8xpK""]",class_oog.php,Isaac Leffkowitz,"[""rec5eeBOUY791C5bu""]","[""Isaac""]","[""rec7ppaIMqZuirHoA""]",,,,,,,,,,,,,,,,,,,,,
recpQXvg7DeD84UtF,1068,recpQXvg7DeD84UtF,2026-06-12T17:24:28.000Z,Out Of The Blue,Daniela Roy,[null],"[""reclEAQfewD0vwoWG""]",class_oog,Mona Bettant,"[""recAy1BXpYpPWq8FE""]","[""Mona""]","[""rec2F4zRJZGDzG0M2""]",,,,,,,,,,,,,,,,,,,,,
recpQj5KPgaEWjxEa,2875,recpQj5KPgaEWjxEa,2026-06-09T23:09:50.000Z,Kawir Ms,Jared P. Petersen,[null],"[""recftVsxvhU3pxhGz""]",class_oog.php,Jared P. Petersen,"[""rec61N7IuP6cXdLkH""]","[""Jared""]","[""recWoImYqrWG0E1xh""]",,,,,,,,,,,,,,,,,,,,,
recpWtLvV9tJmVvFU,2820,recpWtLvV9tJmVvFU,2026-06-09T23:09:50.000Z,Peyton Cm Kapade,Derek Van Der Burgh,[null],"[""rectjYH9Ah682Eh61""]",class_oog.php,Angelina M Palmeri,"[""recaUkMVVwrXgrWQQ""]","[""Angelina""]","[""recw2AcufXB3OnYyW""]",,,,,,,,,,,,,,,,,,,,,
recpXueurS377Mrkk,2877,recpXueurS377Mrkk,2026-06-09T23:09:50.000Z,Big Castle,Shannon Y. Clifford,[null],"[""recrvn328Tmv7HfxZ""]",class_oog.php,Shannon Y. Clifford,"[""rec7XYSluLDsrEm1b""]","[""Shannon""]","[""recUlyG8wMwlKopQw""]",,,,,,,,,,,,,,,,,,,,,
recpb9eX1g9FU54id,1258,recpb9eX1g9FU54id,2026-06-09T23:09:50.000Z,Balou's Captain,Ben Taylor,[null],"[""recKE5MgJIcemJBBK""]",class_oog,Kinser Vale,"[""reckyoekd19RylkMS""]","[""Kinser""]","[""recmTGLWfZLnyH6TK""]",,,,,,,"[""rec1lHmxzM7rbgP91""]",,,,,,,,,,,,,,
recpdcGr36f4qRlu4,2446,recpdcGr36f4qRlu4,2026-07-01T17:57:34.000Z,Chanson Ps,,,,get_rings.php,,,,,,,,,,,,,,,,,,,,,,,,,
recpe5ZBLVRS3S138,2970,recpe5ZBLVRS3S138,2026-06-09T23:09:50.000Z,Fe Crack The Code,Megan Gardiner,[null],"[""rec5dxymjnNRDuYyU""]",class_oog,Henley Fletcher,"[""rece7037Ou7CmZJQD""]","[""Henley""]","[""recfC6qStEmrNdY3c""]",,,,,,,,,,,,,,,,,,,,,
recpfvulZdiy5IQvn,1245,recpfvulZdiy5IQvn,2026-06-11T11:39:25.000Z,Lucien II Hs,Brittni A. Raflowitz,[null],"[""recXG32TVrmw8DGO0""]",class_oog.php,Brittni A. Raflowitz,"[""recuB93tp86huMHOF""]","[""Brittni""]","[""recU3IaijfKlg4V10""]",,,,,,,,,,,,,,,,,,,,,
recpi1e8PjnPt3ijH,1723,recpi1e8PjnPt3ijH,2026-06-12T17:24:26.000Z,Berlisto,Lauren Schweppe,[null],"[""recEb1fI9vpKW8r0V""]",class_oog,Amy Nelson,"[""recFK6T5ZILUn6E1g""]","[""Amy""]","[""recWb8kIRsV2w5Zj9""]",,,,,,,,,,,,,,,,,,,,,
recpi7FbJ0BNBPikZ,164,recpi7FbJ0BNBPikZ,2026-06-15T13:18:54.000Z,Chacco Bumpy,Luis Pedro Biraben,[null],"[""rec7d5cNC1VojG6xW""]",class_oog,Luis Pedro Biraben,"[""rec4L2uVzDCpQ4NGk""]","[""Luis""]","[""recg0VzaMYRIuLt14""]",,,,,,,,,,,,,,,,,,,,,
recpnCzQhA8RBpccs,1059,recpnCzQhA8RBpccs,2026-06-12T17:24:27.000Z,Global Van T Braunerthof,Daniela Roy,[null],"[""recZ6GeD3Q8Fn0VQ3""]",class_oog,Tatjana Almeida,"[""receuTpQmC2SBCNfl""]","[""Tatjana""]","[""rec2F4zRJZGDzG0M2""]",,,,,,,,,,,,,,,,,,,,,
recpo9xZsjk1rBRI3,3126,recpo9xZsjk1rBRI3,2026-07-01T15:42:34.000Z,Medanga Omhg,,,,get_rings.php,,,,,,,,,,,,,,,,,,,,,,,,,
recpsk0GK3P9KiK5r,2267,recpsk0GK3P9KiK5r,2026-06-18T12:31:36.000Z,Get It Girl,,[null],"[""rec2PMsNQsIQhXAQP""]",get_rings.php,,,,,,,,,,,,,,,,,,,,,,,,,
recptxdw9N2ZePnql,3815,recptxdw9N2ZePnql,2026-07-01T12:24:34.000Z,Vdl Mewando,,,,get_rings.php,,,,,,,,,,,,,,,,,,,,,,,,,
recpvSgkX3GgNA6SU,172,recpvSgkX3GgNA6SU,2026-06-15T13:18:54.000Z,Diamant,Jad Dana,[null],"[""rec8q7MNwQWvp6Ojs""]",class_oog,Jad Dana,"[""recL4jSskbkJn8L05""]","[""Jad""]","[""recy1KamRqc4HFmiB""]",,,,,,,,,,,,,,,,,,,,,
recpx4srwMNP8KfvP,2572,recpx4srwMNP8KfvP,2026-06-09T23:09:50.000Z,Geisha D'agenais,Laura Gaither,[null],"[""recZUPNBMf7ebTNd4""]",class_oog,Brooklyn Delgado,"[""recbM07wfCfOR7Orx""]","[""Brooklyn""]","[""rec0OHl8PfuMKFsyt""]",,,,,,,,,,,,,,,,,,,,,
recpxFnECH9oYoLgn,1265,recpxFnECH9oYoLgn,2026-06-09T23:09:50.000Z,Elusive,Ben Taylor,[null],"[""recLu7bJoBjTCyslm""]",class_oog,Kinser Vale,"[""reckyoekd19RylkMS""]","[""Kinser""]","[""recmTGLWfZLnyH6TK""]",,,,,,,,,,,,,,,,,,,,,
recpy9qy1UpqoYGC2,2532,recpy9qy1UpqoYGC2,2026-06-09T23:09:50.000Z,Solaguayre Chaquensi,Gianni Gabrielli,[null],"[""rectKjJi3vbaPv5i1""]",class_oog,Melanie Mendoza,"[""recS7xRIWP2pzZCg3""]","[""Melanie""]","[""recBAzsT29cV74CnZ""]",,,,,,,,,,,,,,,,,,,,,
recq1R812rInQp3yE,222,recq1R812rInQp3yE,2026-06-15T13:18:54.000Z,Conto Blanco 4,Sharn L. Wordley,[null],"[""recme05G47qNmBPHN""]",class_oog,Sharn L. Wordley,"[""recipdUIV44DeFGfq""]","[""Sharn""]","[""recqmThVFmsIM6E8t""]",,,,,,,,,,,,,,,,,,,,,
recq3TA2ZvEBsMBNd,2171,recq3TA2ZvEBsMBNd,2026-06-11T11:39:23.000Z,Squid,Juliann W. Cunningham,[null],"[""recunMWGQTI2VToxq""]",class_oog.php,Ella Sasso,"[""recRc1almev7LLLEO""]","[""Ella""]","[""recBZQ9mU0STvFbPL""]",,,,,,,,,,,,,,,,,,,,,
recqF2CYSleghftTq,3223,recqF2CYSleghftTq,2026-06-18T13:45:37.000Z,Billy Awesome,,[null],"[""reciCRTPfa1JvLXJO""]",get_rings.php,,,,,,,,,,,,,,,,,,,,,,,,,
recqHqELghHkZD2hE,2203,recqHqELghHkZD2hE,2026-06-12T16:18:24.000Z,Milburn Monti Casino,,[null],"[""recxlzq3barOz46px""]",class_oog.php,,,,,,,,,,,,,,,,,,,,,,,,"[""recalZxr4aZ4O3KDC"",""recp60LPp4mSiGZtH"",""recufQTSGKkilF88O"",""recDl8VsZzZfUuHtS"",""recyqh3VL9q666YMO""]",
recqIQOo8hyHnd5d2,2731,recqIQOo8hyHnd5d2,2026-06-09T23:09:50.000Z,Picar,Mario Garcia,[null],"[""recFtsOdf7D6kAYAo""]",class_oog.php,Mario Garcia,"[""recYydYY39G3BcGLd""]","[""Mario""]","[""recgLDs1PX5pujyno""]",,,,,,,,,,,,,,,,,,,,,
recqLhLtFgcKkbKqZ,2878,recqLhLtFgcKkbKqZ,2026-06-12T17:24:27.000Z,Ilusionist II,Shannon Y. Clifford,[null],"[""rec8Vvmrl3eS033yb""]",class_oog,Olivia Mcginnis,"[""recXe7Px1s1mT5The""]","[""Olivia""]","[""recUlyG8wMwlKopQw""]",,,,,,,,,,,,,,,,,,,,,
recqMaDteMbkSTVIv,2614,recqMaDteMbkSTVIv,2026-06-11T11:39:22.000Z,Naton Wi Ro Z,Jessica Cross,[null],"[""recBmww7UNikgcKTQ""]",class_oog,Laura Sherren,"[""recYHXSyICCmg2fjP""]","[""Laura""]","[""recUpaBE2IKFd0lXw""]",,,,,,,,,,,,,,,,,,,,,
recqPmHb1W2pXL1PF,2668,recqPmHb1W2pXL1PF,2026-06-09T23:09:50.000Z,Curtis 89,Alan Korotkin,"[""Curtis""]","[""recunj24PlGBaPYhL""]",class_oog,Josephine Demmo,"[""recrHYQZEkbg68kV9""]","[""Josephine""]","[""recFIHTcArQhILyAc""]","[""CWF""]","[""Curtis""]",,,,,,,,,,,,,,,,,,,
recqVh52mOV5zCfP5,1491,recqVh52mOV5zCfP5,2026-06-11T11:39:21.000Z,Dunkin Donuts,Bibby F. Hill,[null],"[""rec8Goer4IVkOC4h7""]",class_oog.php,Katherine Addington,"[""recjlTvTCF5JyyZhz""]","[""Katherine""]","[""rechIeLAeG0AY6zFc""]",,,,,,,,,,,,,,,,,,,,,
recqqmboGHECUlJyn,1574,recqqmboGHECUlJyn,2026-06-09T23:09:50.000Z,Valdes,Antonio J. Martinez,[null],"[""recDqLWLTELHxRM9X""]",class_oog,Antonio J. Martinez,"[""rec0wQobR70eQk97e""]","[""Antonio""]","[""recoIakTck18pHikM""]",,,,,,,,,,,,,,,,,,,,,
recqrDljxlnEyCaVN,3004,recqrDljxlnEyCaVN,2026-06-12T17:24:28.000Z,Rio Mccoy,Lauren Schweppe,[null],"[""recSIVm9mzXtZVo8Z""]",class_oog,Brittany Doughty,"[""recyG2L0F5ju9AGky""]","[""Brittany""]","[""recWb8kIRsV2w5Zj9""]",,,,,,,,,,,,,,,,,,,,,
recqvsikbAFYAqlpk,1923,recqvsikbAFYAqlpk,2026-06-09T23:09:50.000Z,Olaf,Selcuk Koksalan,[null],"[""recwbK8BKyykjODJ7""]",class_oog.php,Selcuk Koksalan,"[""recrxStYnnbtC31mN""]","[""Selcuk""]","[""recuv8jdRvTVv1a9Z""]",,,,,,,,,,,,,,,,,,,,,
recqyHqh6tBpG6zaa,1358,recqyHqh6tBpG6zaa,2026-06-18T16:48:35.000Z,Coconet,,[null],"[""rechdPrCS1AtGRTUl""]",get_rings.php,,,,,,,,,,,,,,,,,,,,,,,,,
recqzYIr22FSPmONx,2372,recqzYIr22FSPmONx,2026-06-09T23:09:50.000Z,F Miss Gouvernante Vdl Z,Anthony Sauriol,[null],"[""recdfnpvrii1vjhVr""]",class_oog.php,Anthony Sauriol,"[""recUwNcxdLMqUK3KT""]","[""Anthony""]","[""recIKamH37qEBTrF7""]",,,,,,,,,,,,,,,,,,,,,
recr0Gm2CqKg25ilW,1926,recr0Gm2CqKg25ilW,2026-06-09T23:09:50.000Z,Costello,Derek Van Der Burgh,[null],"[""rec6JB2dXpm5ALnlU""]",class_oog,Allison Beck,"[""recejsmKqHfknNq9t""]","[""Allison""]","[""recw2AcufXB3OnYyW""]",,,,,,,,,,,,,,,,,,,,,
recr57PyYYUA0cB6N,2403,recr57PyYYUA0cB6N,2026-06-13T01:35:34.000Z,Chacco Blue's Camelot,Jenna P. Friedman-Lopez,[null],"[""recQ2W0linNXzraNQ""]",class_oog,Sophie Sacagiu,"[""recFcDAkmM11SfTyQ""]","[""Sophie""]","[""rec3Zk0aiDpx2KX0O""]",,,,,,,,,,,,,,,,,,,,,
recr7okJrTWDibQUA,1112,recr7okJrTWDibQUA,2026-06-09T23:09:50.000Z,Cavendish,Wilton J. Porter,[null],"[""rec0Dv2QtwVbgQqkt""]",class_oog.php,Wilton J. Porter,"[""rec0lXJIFvHi7Oj5p""]","[""Wilton""]","[""recBIuBmnjIBnlRT9""]",,,,,,,,,,,,,,,,,,,,,
recr98HPDjgIiZDSE,2023,recr98HPDjgIiZDSE,2026-06-09T23:09:50.000Z,Joaquin Daloubet,Cristobal Castro,[null],"[""recKlZ3FPc3vEr5AR""]",class_oog,Veronica Arenas,"[""recagRAhtEb8H7veW""]","[""Veronica""]","[""recXyfjbTanYPcKpl""]",,,,,,,,,,,,,,,,,,,,,
recrBCwVhPdsZ0yqo,3023,recrBCwVhPdsZ0yqo,2026-06-17T20:54:40.000Z,Frf Princess Royal,,[null],"[""recLGDIdqt8C0afX0""]",get_rings.php,,,,,,,,,,,,,,,,,,,,,,,,,
recrBjQEKkSDgWttF,1244,recrBjQEKkSDgWttF,2026-06-12T17:24:27.000Z,Kankan,Brittni A. Raflowitz,[null],"[""recNTIir4T2KGDC39""]",class_oog,Brittni A. Raflowitz,"[""recuB93tp86huMHOF""]","[""Brittni""]","[""recU3IaijfKlg4V10""]",,,,,,,,,,,,,,,,,,,,,
recrI0ZFUd7suGMKJ,2989,recrI0ZFUd7suGMKJ,2026-06-12T14:09:33.000Z,Green Book,Taylor St Jacques,[null],"[""recz6zQwDRKkudHmo""]",class_oog,Madison Olvert,"[""reciLpQETY1uEIqrJ""]","[""Madison""]","[""rec7yDpRrnFHdpEyR""]",,,,,,,,,,,,,,,,,,,,,
recrIYf0Es1HnC62P,2620,recrIYf0Es1HnC62P,2026-06-13T00:10:27.000Z,Lincom's Close Up,Debra L. Ward,[null],"[""rec0hrpr20STHePIT""]",class_oog,Mason Maclean,"[""recMaad2LIEbjro0b""]","[""Mason""]","[""recp8AfepuIJngrGM""]",,,,,,,"[""recRI7FKdsGXdKmO3""]","[""recR7JRY2aOtelwqg""]",,,,,,,,,,,,,
recrLZtwVCXp7OLBN,3205,recrLZtwVCXp7OLBN,2026-06-20T12:18:43.000Z,Poofy's Bailey,,[null],"[""rec1fuuwUuu8mZgZk""]",get_rings.php,,,,,,,,,,,,,,,,,,,,,,,,,
recrMi1Uqm4je5bL2,2301,recrMi1Uqm4je5bL2,2026-06-11T11:39:22.000Z,Karamba Hdh,Aurora R. Rangel De Alba,[null],"[""reccP77U1iYBQrkeh""]",class_oog.php,Aurora R. Rangel De Alba,"[""recYuZ7hB1tbpgznK""]","[""Aurora""]","[""recUjyRd7k0lTmyxS""]",,,,,,,,,,,,,,,,,,,,,
recrOYFqsYdfrWENu,1078,recrOYFqsYdfrWENu,2026-06-11T22:35:22.000Z,Cole Younger,Troy Linback,[null],"[""rec32RCk5pszC9arn""]",class_oog.php,Laura Linback,"[""recrnFLPKd1yT29th""]","[""Laura""]","[""recuRmh8EsUEag8cU""]",,,,,,,,,,,,,,,,,,,,,
recrQzV7n1goo9y5W,3577,recrQzV7n1goo9y5W,2026-07-01T15:15:34.000Z,Kahlua-Carmen,,,,get_rings.php,,,,,,,,,,,,,,,,,,,,,,,,,
recrRJCCx8bMO8AHH,2496,recrRJCCx8bMO8AHH,2026-06-20T17:19:17.000Z,Viva Blue 2,,[null],"[""recepHCgq7P5KcN4W""]",get_rings.php,,,,,,,,,,,,,,,,,,,,,,,,,
recrRoNFqjPts97do,1134,recrRoNFqjPts97do,2026-06-19T13:27:45.000Z,Syl Dandy,,[null],"[""recfrZ0dbUfLSJE5z""]",get_rings.php,,,,,,,,,,,,,,,,,,,,,,,,,
recrU2ek0zMbrnuce,2213,recrU2ek0zMbrnuce,2026-06-13T01:35:34.000Z,Ea De Casavieja,Katey Grau,[null],"[""rectvnMKMZPUabxbK""]",class_oog,Currie Cooper,"[""recuLEaHKZQRPR6B6""]","[""Currie""]","[""recWymhFUK9NTB49o""]",,,,,,,,,,,,,,,,,,,,,
recrUgJqtSNyjM7Ng,2829,recrUgJqtSNyjM7Ng,2026-06-13T01:35:34.000Z,Noran,Daniela Roy,[null],"[""recCL5jGRxCgxSTxZ""]",class_oog,Kelly P. Murphy,"[""recdjEm6x9g7ssHiR""]","[""Kelly""]","[""rec2F4zRJZGDzG0M2""]",,,,,,,,,,,,,,,,,,,,,
recrWqNtXGqR0SWHN,2624,recrWqNtXGqR0SWHN,2026-06-11T11:39:22.000Z,Tavish,Debra L. Ward,[null],"[""recA1M889R2eXkTtW""]",class_oog,Samantha Corda-Mcgreevy,"[""rec1FJm9aRkMpJgMG""]","[""Samantha""]","[""recp8AfepuIJngrGM""]",,,,,,,,"[""recbWyVKGLV9VRto2""]",,,,,,,,,,,,,
recrakE8uCpPiKueL,1736,recrakE8uCpPiKueL,2026-06-11T11:39:23.000Z,Garrincha Van De Kalevallei,Marcus Gruenthal,[null],"[""recBezwCTbGePCZMo""]",class_oog.php,Maleah Lang Mcmahon,"[""rec6wPiU3mn7pKqtV""]","[""Maleah""]","[""rec4KAl96j0uH9if9""]",,,,,,,,,,,,,,,,,,,,,
recrbqppQSK7BTJa3,3856,recrbqppQSK7BTJa3,2026-07-01T17:57:34.000Z,Gcj Starry Night,,,,get_rings.php,,,,,,,,,,,"[""recG3pMnFn8MQVCKK""]","[""recQ5Fmr2q5O7kyik""]",,"[""recQ5Fmr2q5O7kyik""]","[""recG3pMnFn8MQVCKK""]",,,,,,,,,,
recrcGvEq9VjLfJM7,2625,recrcGvEq9VjLfJM7,2026-06-12T17:24:26.000Z,Pie In The Sky,Grace Dreyer,[null],"[""recwjpsn0lj3yhWoQ""]",class_oog.php,Ella Clark,"[""recQQrPH3WjlKE04C""]","[""Ella""]","[""recmEHqV9uMzGpVKb""]",,,,,,,,,,,,,,,,,,,,,
recrhTIGLAHgE4tE9,2138,recrhTIGLAHgE4tE9,2026-06-09T23:09:50.000Z,Madhappy,Jane C. Ehrhart,[null],"[""receqd5Cup8r42Zwg""]",class_oog.php,Joan V. Ehrhart,"[""recZSuImgt5CS4NOz""]","[""Joan""]","[""rec5Ut33CL5koblpZ""]",,,,,,,,,,,,,,,,,,,,,
recrir75mhqUa4sKv,193,recrir75mhqUa4sKv,2026-06-19T11:39:33.000Z,Don D'alme C Z,,[null],"[""recniMggMH1HmsENM""]",get_rings.php,,,,,,,,,,,,,,,,,,,,,,,,,
recrjgn1n26XhdPsI,3049,recrjgn1n26XhdPsI,2026-06-10T15:10:36.000Z,Donna Lucardie Z,Anna Christina Gansauer,[null],"[""recV7TArveHbk3902""]",class_oog.php,Francesca Chiatti,"[""recmb5vK1TYiSD47T""]","[""Francesca""]","[""rect1laGmQRq2wmFo""]",,,,,,,,,,,,,,,,,,,,,
recrl3ROs2cbiMFu6,3287,recrl3ROs2cbiMFu6,2026-06-19T14:22:12.000Z,Papa Smurf,,[null],"[""reclf1kB4rjTatlYd""]",get_rings.php,,,,,,,,,,,,,,,,,,,,,,,,,
recrogcv51FvGgW5m,2032,recrogcv51FvGgW5m,2026-06-12T17:24:28.000Z,Novel-T,Robin Swinderman Mitchell,[null],"[""recPQAEXgekokD3yD""]",class_oog,Lee D. Cesery,"[""recPXLEaURBERJ9rQ""]","[""Lee""]","[""recJZPYAhA0EEsHd8""]",,,,,,,,,,,,,,,,,,,,,
recrpIaLGqiuVDWF9,3387,recrpIaLGqiuVDWF9,2026-06-18T18:18:33.000Z,Indian Summer,,[null],"[""rec9NVjULtoxvjllO""]",get_rings.php,,,,,,,,,,,,,,,,,,,,,,,,,
recrrANhwcT5xhNy7,2799,recrrANhwcT5xhNy7,2026-06-12T03:10:20.000Z,Steely Dan,Rob Billings,[null],"[""recSbt4OEcCbJFJu6""]",class_oog.php,Kendall Crowell,"[""recwj9P1QCrZn1Tfd""]","[""Kendall""]","[""recHNjiHOpvxP5N0r""]",,,,,,,,,,,,,,,,,,,,,
recs0olEcPhG6L0j3,2395,recs0olEcPhG6L0j3,2026-06-11T11:39:22.000Z,Gigi Top 2,Patrick R. Wilcher,[null],"[""recMi4Gk4sjKerTep""]",class_oog,Maja Mossberg,"[""rec7zPNAjOrAi3nVJ""]","[""Maja""]","[""recU1AQcmSYuCkBtn""]",,,,,,,,,,,,,,,,,,,,,
recs0rRpUMYVPs1fd,1995,recs0rRpUMYVPs1fd,2026-06-09T23:09:50.000Z,Camino Imperio Egípcio,Sharn L. Wordley,[null],"[""recdLTutEXasEnkRs""]",class_oog,Ali Arbabi,"[""recPtl3r1mpHxJ3g7""]","[""Ali""]","[""recqmThVFmsIM6E8t""]",,,,,,,,,,,,,,,,,,,,,
recs4QUdI17DyVMJz,3033,recs4QUdI17DyVMJz,2026-06-11T11:39:21.000Z,Mr. Ed,Robert P. Stucky,[null],"[""reczWdmIcfyHmfZR9""]",class_oog.php,Robert P. Stucky,"[""recprk8Tvo9TV0dFe""]","[""Robert""]","[""reclHVeeKHQlhkXJF""]",,,,,,,,,,,,,,,,,,,,,
recs7PhIVX66MFcNR,2043,recs7PhIVX66MFcNR,2026-06-12T17:24:28.000Z,Edward Z,Ciaran Flynn,[null],"[""recPyvX2CZdQN23Ow""]",class_oog.php,Ciaran Flynn,"[""rech5IrfxPETA39wn""]","[""Ciaran""]","[""rechciBzZWtqtHHZq""]",,,,,,,,,,,,,,,,,,,,,
recs8NjqDztH8N2ot,1696,recs8NjqDztH8N2ot,2026-06-09T23:09:50.000Z,Kinmar Candy Hero,Declan Egan,[null],"[""recD9b3EPozRngyHO""]",class_oog.php,Declan Egan,"[""recaZx28r0BSMxn0j""]","[""Declan""]","[""recGOZOt71dcEAmvp""]",,,,,,,,,,,,,,,,,,,,,
recsBQYy05ONMMFwj,1469,recsBQYy05ONMMFwj,2026-06-18T13:31:26.000Z,Pretty Well Marqued,,[null],"[""recdNjLddoLx28TpW""]",get_rings.php,,,,,,,,,,,,,,,,,,,,,,,,,
recsDtJjqiuoQmPaf,3087,recsDtJjqiuoQmPaf,2026-06-12T17:24:27.000Z,India-S,Alexa Marino Bacardi,[null],"[""recRRhyftSM5LqC1m""]",class_oog,Lola Bacardi,"[""recAAhXIBGzsVMAOV""]","[""Lola""]","[""recQS2r3hlg93GR1c""]",,,,,,,,,,,,,,,,,,,,,
recsGLgZzmF73HcM5,2081,recsGLgZzmF73HcM5,2026-06-09T23:09:50.000Z,Rsk Quality Cruise,Darragh Kerins,[null],"[""rec0sYu20wnigw9yf""]",class_oog,Khloe Kerins,"[""rec07LS8TvgJcQ6tb""]","[""Khloe""]","[""recOdyCszUe4VTxPo""]",,,,,,,,,,,,,,,,,,,,,
recsIjdKEsOQGFlUO,2392,recsIjdKEsOQGFlUO,2026-06-12T03:10:20.000Z,Lady Glitter Sparkles,Dana Ventrice,[null],"[""recioCKp5HurRkzvh""]",class_oog.php,Cassie Gil,"[""recCcq5PlsD69xriP""]","[""Cassie""]","[""rect7nOXb9JImTCcP""]",,,,,,,,,,,,,,,,,,,,,
recsKorlosWuL3nkw,108,recsKorlosWuL3nkw,2026-06-09T23:09:50.000Z,Chriszi,David Cameron,[null],"[""recSe2WllVQ8pL1bb""]",class_oog.php,David Cameron,"[""recAmZSREqpAqaQ5C""]","[""David""]","[""recV9UeEpcw6UDEM9""]",,,,,,,,,,,,,,,,,,,,,
recsKx81yXefHm2mi,1215,recsKx81yXefHm2mi,2026-06-09T23:09:50.000Z,Temptation V/H Haringvliet Z,Megan Wexler,[null],"[""recD9SB1PECGSj1Yb""]",class_oog.php,Jodie Camberg,"[""rec2gmXjnMZbtz4xW""]","[""Jodie""]","[""recbDjphoL8qMtSeW""]",,,,,,,,,,,,,,,,,,,,,
recsNZqumTeVwS3r6,1079,recsNZqumTeVwS3r6,2026-06-13T01:35:34.000Z,Grande Dame,Troy Linback,[null],"[""recYVyYHDs2ANF8Gk""]",class_oog,Laura Linback,"[""recrnFLPKd1yT29th""]","[""Laura""]","[""recuRmh8EsUEag8cU""]",,,,,,,,,,,,,,,,,,,,,
recsPY5EGJuNn2oFw,2523,recsPY5EGJuNn2oFw,2026-06-09T23:09:50.000Z,Lugano,August Torsilieri,[null],"[""rec05nOvYeZKRmjJD""]",class_oog,Liliana Nora Menesi,"[""rec0kl9lhDCTw4bxG""]","[""Liliana""]","[""recel7Tui1CFiT95R""]",,,,,,,,,,,,,,,,,,,,,
recsQfoa7vchRkI2b,2979,recsQfoa7vchRkI2b,2026-06-19T12:15:33.000Z,Wodka,,[null],"[""recO0nI7CiCJMO7zT""]",get_rings.php,,,,,,,,,,,,,,,,,,,,,,,,,
recsYbyKto6qpy0S0,1145,recsYbyKto6qpy0S0,2026-06-09T23:09:50.000Z,Cecile S,Stephen Dicarlo,[null],"[""recX2TYiNOjII449V""]",class_oog,Alicia Taylor,"[""recJi60YstBWSLuyc""]","[""Alicia""]","[""recupQMhsCpx3otEi""]",,,,,,,,,,,,,,,,,,,,,
recsbUFgLfmWmpRDL,2276,recsbUFgLfmWmpRDL,2026-06-20T12:18:43.000Z,Kamara,,[null],"[""recI0O5RE61V6uX1L""]",get_rings.php,,,,,,,,,,,,,,,,,,,,,,,,,
recsgc6l5dq6bv58T,1330,recsgc6l5dq6bv58T,2026-06-21T12:51:56.000Z,Arezzo Z,,[null],"[""recvUoq0yPK0NiND5""]",get_rings.php,,,,,,,,,,,,,,,,,,,,,,,,,
recsgqRYcMam5zMYd,2463,recsgqRYcMam5zMYd,2026-06-09T23:09:50.000Z,Eq Scorpio,Sharn L. Wordley,[null],"[""recRgXQ7C0w2aGQ6I""]",class_oog.php,Diego Farje,"[""reca28cCzi6t0iAKS""]","[""Diego""]","[""recqmThVFmsIM6E8t""]",,,,,,,,,,,,,,,,,,,,,
recsijrsnfq3O4UzD,3674,recsijrsnfq3O4UzD,2026-07-01T15:15:34.000Z,Pepe Fb,,,,get_rings.php,,,,,,,,,,,,,,,,,,,,,,,,,
recskrY2ERXLInXy1,1683,recskrY2ERXLInXy1,2026-06-11T11:39:25.000Z,Bakham Du Very Z,Jessica Collins,[null],"[""reczGhUK7dw3yyyAT""]",class_oog.php,Blythe Novick,"[""recjw1We9NSeCvXYA""]","[""Blythe""]","[""recNpo5pbhuzTKAIi""]",,,,,,,,,,,,,,,,,,,,,
recslU4mcs4gSq4Hd,2443,recslU4mcs4gSq4Hd,2026-07-01T12:39:35.000Z,Valentina,,,,get_rings.php,,,,,,,,,,,,,,,,,,,,,,,,,
recslqd83nSNdxImJ,2133,recslqd83nSNdxImJ,2026-06-09T23:09:50.000Z,O'Malley Rfb,Addison Reed,[null],"[""recZsIGQ0PoTXc8ed""]",class_oog.php,Addison Reed,"[""recnq0SxsppmltiqF""]","[""Addison""]","[""recRlcCb6UzGjsfM8""]",,,,,,,,,,,,,,,,,,,,,
recsn5lYwAOsYIFXs,2951,recsn5lYwAOsYIFXs,2026-06-12T03:10:20.000Z,Elvis Blue Hallelujah,Brian Murphy,[null],"[""recogpaNTwnvXhHhd""]",class_oog,Peyton Villalona,"[""recdjhwbi07xAvBjH""]","[""Peyton""]","[""rec6UiZPMcNsltg3J""]",,,,,,,,,,,,,,,,,,,,,
recsnwwrfV2q0TJfY,1032,recsnwwrfV2q0TJfY,2026-06-25T18:06:17.000Z,,,,,,,,,,,,"[""recpr1DXHu512wkTC""]","[""recwI3Bjm0FADcH4z"",""rec8NXMCcuM8L05o5"",""recZ4ud7WLP45Hshv""]","[""recqmeyH5ZioMXWl0""]","[""rectbTsSnmRHGqwbx""]",,,"[""rec5OflVpqSlMVxel""]",,,,,,,,,,,,
recspOBmv9RNHSFDP,1388,recspOBmv9RNHSFDP,2026-06-19T15:52:11.000Z,Let's Fly,,[null],"[""recAuYnZJlAZQZf9s""]",get_rings.php,,,,,,,,,,,,,,,,,,,,,,,,,
recsqOkaczV6jKDvC,2952,recsqOkaczV6jKDvC,2026-06-09T23:09:50.000Z,Glenara Chacco Dp,Brian Murphy,[null],"[""recTfQComcsRMvBYN""]",class_oog,Brian Murphy,"[""rechp7Vc1sVhhq9q4""]","[""Brian""]","[""rec6UiZPMcNsltg3J""]",,,,,,,,,,,,,,,,,,,,,
recsqsoE9SMDSF5JV,1915,recsqsoE9SMDSF5JV,2026-06-09T23:09:50.000Z,Fbf Sundrop,Bryce P. Richardson,[null],"[""recPEid8ck3sbuX76""]",class_oog.php,Stacy A. Ryback,"[""rec4DsivRRwV7UXmX""]","[""Stacy""]","[""rectIwXBJfkrEAaOG""]",,,,,,,,,,,,,,,,,,,,,
recsuO9dXevR7qQ6h,1831,recsuO9dXevR7qQ6h,2026-06-09T23:09:50.000Z,Umtiti Van De Barlebuis,Lia Screnci,[null],"[""recWqrsqH1PtDZGKQ""]",class_oog,Giavona Pirolo,"[""recIpUgiZMUitm7VT""]","[""Giavona""]","[""rec0eBWOxYRez99HS""]",,,,,,,,,,,,,,,,,,,,,
recsx8UsBHNLe7SDS,1661,recsx8UsBHNLe7SDS,2026-06-09T23:09:50.000Z,Major,Kyle Dewar,[null],"[""recYdWPZJPzjnH6Uf""]",class_oog.php,Kyle Dewar,"[""recfmpHccsWBBEZ8A""]","[""Kyle""]","[""recVsz59iVCmUI0Nu""]",,,,,,,"[""recbw2VXwrYGxTSB1""]",,,,"[""recbw2VXwrYGxTSB1""]",,,,,,,,,,
rect1d7lN7ldDNNRM,1188,rect1d7lN7ldDNNRM,2026-06-11T11:39:26.000Z,Spot On,Stephanie Free,[null],"[""rec1LOPTSEvOn9Czl""]",class_oog,Allison Wise,"[""rec7f7BAxJlquItEu""]","[""Allison""]","[""recBVRfeR9i4COiwE""]",,,,,,,,,,,,,,,,,,,,,
rect4ecy9WO592VH5,2158,rect4ecy9WO592VH5,2026-06-09T23:09:50.000Z,Calibur W,H Dougl Schreiber,[null],"[""recqoCHpOouHIL3L0""]",class_oog.php,H Dougl Schreiber,"[""recenZm3fZa4dmtCi""]","[""H""]","[""reckydHWVV9YphkZt""]",,,,,,,,,,,,,,,,,,,,,
rect87snjPMcY7fbo,1860,rect87snjPMcY7fbo,2026-06-09T23:09:50.000Z,Crusader,Marcus Gruenthal,[null],"[""recsBwPifRjX57n89""]",class_oog.php,Marcus Gruenthal,"[""rec6eqb0fBJcoRHZU""]","[""Marcus""]","[""rec4KAl96j0uH9if9""]",,,,,,,,,,,,,,,,,,,,,
rect9kuSGZd3zCfJT,2953,rect9kuSGZd3zCfJT,2026-06-09T23:09:50.000Z,Ivanhoe,Brian Murphy,[null],"[""recqo0l1TcOw7WkjU""]",class_oog.php,Elizabeth Schumann,"[""recWbZukYiZRz2KJD""]","[""Elizabeth""]","[""rec6UiZPMcNsltg3J""]",,,,,,,,,,,,,,,,,,,,,
rectAgVU3we2blL9U,2184,rectAgVU3we2blL9U,2026-06-11T11:39:25.000Z,Lonesome Dove,Patrick R. Wilcher,[null],"[""recgBey9cKweOiVzq""]",class_oog.php,Isabella Ruohomaki,"[""rec57kNAMePseOzKb""]","[""Isabella""]","[""recU1AQcmSYuCkBtn""]",,,,,,,,,,,,,,,,,,,,,
rectB3iiD9s1xf55m,111,rectB3iiD9s1xf55m,2026-06-09T23:09:50.000Z,Cascais Hc,Juan M. Bolanos,[null],"[""recwBrV6oveu4Br6E""]",class_oog,Juan J. Bancalari,"[""recvZYIJFRTfwCpkw""]","[""Juan""]","[""reciQqSfWbMiP5zxf""]",,,,,,,,,,,,,,,,,,,,,
rectDB55uRU4HAI9U,3096,rectDB55uRU4HAI9U,2026-06-11T11:39:25.000Z,Caltitza,Carlos Aguirre,[null],"[""rechpvf5DyOyKP52h""]",class_oog,Francisco E. Toro,"[""recudKxq4aIcwHDSV""]","[""Francisco""]","[""rec1FgPVFDZY2PmXP""]",,,,,,,,,,,,,,,,,,,,,
rectDIaOKW17DJty7,1669,rectDIaOKW17DJty7,2026-06-11T11:39:23.000Z,Harmonie,Juan A. Rodriguez Silva,[null],"[""recVImaiqCuKmMvlj""]",class_oog,Tiffany Townson,"[""rectQMRKMJcOriLlq""]","[""Tiffany""]","[""reclu4ZfxeCUoDgLA""]",,,,,,,,,,,,,,,,,,,,,
rectFtbsLs4W8L2Ip,2305,rectFtbsLs4W8L2Ip,2026-06-12T03:10:20.000Z,Eye Of The Tiger,Wendy J. Hechler,[null],"[""recRWZd7OyBnuwzol""]",class_oog,Lillian Hardman,"[""recAIlcnxeRCGBqqF""]","[""Lillian""]","[""rec1I0IvFKaYQa6K4""]",,,,,,,,,,,,,,,,,,,,,
rectPDx3d1SOQkKUB,1454,rectPDx3d1SOQkKUB,2026-06-09T23:09:50.000Z,Mr Dw,Dawn Hersey,[null],"[""recoS14KkrnhCVPtY""]",class_oog,Jackie Sawyer,"[""recqbxVBgZQBatkFP""]","[""Jackie""]","[""recXocXm551bESpPa""]",,,,,,,,,,,,,,,,,,,,,
rectXRpiS4Dy2lUlR,1333,rectXRpiS4Dy2lUlR,2026-06-12T17:24:27.000Z,Casillo Hp 2,Juan M. Bolanos,[null],"[""rec6XtWBD3dPrI9xc""]",class_oog.php,Samantha Schulze,"[""recXJhirTRueJMKgU""]","[""Samantha""]","[""reciQqSfWbMiP5zxf""]",,,,,,,,,,,,,,,,,,,,,
rectY3GOus6n9pmIQ,214,rectY3GOus6n9pmIQ,2026-06-16T03:40:05.000Z,KS Kiwi,Luke Sassi,[null],"[""reciD8BARTY6HjGWi""]",class_oog,Luke Sassi,"[""recRLAErJt0gGFTo1""]","[""Luke""]","[""rec24pSWnvy9FcJe9""]",,,,,,,,,,,,,,,,,,,,,
rectZxA8z9uiUO7Yk,3284,rectZxA8z9uiUO7Yk,2026-06-18T20:04:12.000Z,Proud Mary,,[null],"[""recl3s4bWUg5hzJmq""]",get_rings.php,,,,,,,,,,,,,,,,,,,,,,,,,
rectiPuYi4cnJuWhY,1975,rectiPuYi4cnJuWhY,2026-06-11T11:39:25.000Z,Carsten S,Jennifer Tate,[null],"[""rec2JkZ4Yg119HiD5""]",class_oog.php,Jennifer Tate,"[""recvPEe5AM3OgbEpI""]","[""Jennifer""]","[""recvbfeJr2qBsQo29""]",,,,,,,,,,,,,,,,,,,,,
rectj1icJwe5T3DsL,2993,rectj1icJwe5T3DsL,2026-06-09T23:09:50.000Z,Delando De St Leger,Jelmer Hoekstra,[null],"[""rec2x3QeQSxKezjPQ""]",class_oog.php,Dorothy Douglas,"[""recrV61WHjIJdaJga""]","[""Dorothy""]","[""recqI6AanH1zv5CGV""]",,,,,,,,,,,,,,,,,,,,,
rectlICPZxA60eEOd,1233,rectlICPZxA60eEOd,2026-06-20T15:55:12.000Z,Pocket,,[null],"[""recwjF9v9WAN6INra""]",get_rings.php,,,,,,,,,,,"[""rec3tHy4YVGU3jTgD""]",,,,,,,,,,,,,,
rectlw76gHQdcUM6x,3277,rectlw76gHQdcUM6x,2026-06-18T17:03:37.000Z,Alena Fz,,[null],"[""rec5irbB4BanFG1M9""]",get_rings.php,,,,,,,,,,,,,,,,,,,,,,,,,
rectp3hEvedZE6M94,1478,rectp3hEvedZE6M94,2026-06-11T11:39:22.000Z,Bp First Of Many,Lesley Grant-Law,[null],"[""recnRsU088RRiKCoY""]",class_oog.php,Lesley Grant-Law,"[""recIF0LG8oHnJvWAU""]","[""Lesley""]","[""recSN4WGiXjlJgPc6""]",,,,,,,,,,,,,,,,,,,,,
rectrltH39Rd7pVVb,2116,rectrltH39Rd7pVVb,2026-06-20T13:48:38.000Z,Junebug,,[null],"[""recbMaYq59CKnEN0F""]",get_rings.php,,,,,,,,,,,"[""recP2LZFuvsflOHbe""]","[""recHu2nnNqNkGa6Pt""]",,,,,,,,,,,,,
rectskKSrlE9AWIF0,1609,rectskKSrlE9AWIF0,2026-06-21T15:49:00.000Z,Quintano Van Den Eikenbos,,[null],"[""rec8l3fAe9SiREmjQ""]",get_rings.php,,,,,,,,,,,,,,,,,,,,,,,,,
rectwreYfKfGgUoW4,1481,rectwreYfKfGgUoW4,2026-06-09T23:09:50.000Z,Limerick,Taylor Manning,[null],"[""recetc9kQtuflj67j""]",class_oog,Taylor Manning,"[""recmkwpSa6JYJNHCD""]","[""Taylor""]","[""recdHGo38u6gzbP2H""]",,,,,,,,,,,,,,,,,,,,,
recu1a42EXQUojyia,1874,recu1a42EXQUojyia,2026-06-12T15:15:41.000Z,Icandy,,[null],"[""recgUbzjjuWYQbHed""]",class_oog.php,,,,,,,,,,,"[""recXviezzTqfddwy7""]","[""reca0pHrdu8uhAqJR""]",,,,,,,,,,,,,
recu2ChEbYzzkg52e,1982,recu2ChEbYzzkg52e,2026-06-09T23:09:50.000Z,Herakles,Izabella Mcnerney,[null],"[""rec6m1HEVlUs9g5DV""]",class_oog.php,Izabella Mcnerney,"[""recDpzt0NNWMYoccN""]","[""Izabella""]","[""rectkJACVgE6s05BM""]",,,,,,,,,,,,,,,,,,,,,
recu5l2tyVid7cZE4,2404,recu5l2tyVid7cZE4,2026-06-12T17:24:28.000Z,Marylee Z,Celso Ariani,[null],"[""recDzjWHwc9TGbMJL""]",class_oog,Paige Figueiredo Agrawal,"[""recY8O6Lce7YtfvQI""]","[""Paige""]","[""rec5Zl0N5TXr6Cc95""]",,,,,,,,,,,,,,,,,,,,,
recuEGBoV7kKfnAh0,2729,recuEGBoV7kKfnAh0,2026-06-09T23:09:50.000Z,Clearville,Heather Froehlich Cortell,[null],"[""recmnv8k5XqrqvKba""]",class_oog.php,Emily Kowit,"[""recesupg2Pf1wqO3M""]","[""Emily""]","[""recYYSG3rW61gLanZ""]",,,,,,,,,,,,,,,,,,,,,
recuNDMKlo3aXlqhm,3834,recuNDMKlo3aXlqhm,2026-07-01T12:54:34.000Z,Vaya Z,,,,get_rings.php,,,,,,,,,,,,,,,,,,,,,,,,,
recuNQ00z5v7WxF6j,1724,recuNQ00z5v7WxF6j,2026-06-11T11:39:24.000Z,Billy Banbury,Stephanie Frey,[null],"[""recdTX5IUQZl4s7vU""]",class_oog.php,Alexa Riccio,"[""recTHJagHE9Q3tPsI""]","[""Alexa""]","[""recGQXJ8M2eFcl9W7""]",,,,,,,,,,,,,,,,,,,,,
recuO3aIl1Zy8yISR,1725,recuO3aIl1Zy8yISR,2026-06-12T17:24:27.000Z,Loudon,Lauren Schweppe,[null],"[""recmvtgGUKhHjJxWQ""]",class_oog,Amy Nelson,"[""recFK6T5ZILUn6E1g""]","[""Amy""]","[""recWb8kIRsV2w5Zj9""]",,,,,,,,,,,,,,,,,,,,,
recuPBx5yKoynvNJL,1337,recuPBx5yKoynvNJL,2026-06-11T11:39:25.000Z,Double R Jacaranda,Juan M. Bolanos,[null],"[""recFYAs9mJQnTitDs""]",class_oog.php,Carlota Goyeneche,"[""recMzk8ShOgT6gTZr""]","[""Carlota""]","[""reciQqSfWbMiP5zxf""]",,,,,,,,,,,,,,,,,,,,,
recuSzIZFy4vBG8jp,1085,recuSzIZFy4vBG8jp,2026-06-09T23:09:50.000Z,Conthargos Gold,Conan Conway,[null],"[""recvvgvQ5dYB54Hir""]",class_oog.php,Rebecca Conway,"[""recsO1C4R1X36JbFl""]","[""Rebecca""]","[""recS9EfEO0iZet31e""]",,,,,,,,,,,,,,,,,,,,,
recuTXf9H0hZHoqdK,2460,recuTXf9H0hZHoqdK,2026-06-11T11:39:24.000Z,Tenor Van't Klavertje Vier,Alan Korotkin,"[""Shrek""]","[""recwbmw731cwKB5Mb""]",class_oog,Lola Applebaum,"[""rec1N6F0tZ2Z6a0dQ""]","[""Lola""]","[""recFIHTcArQhILyAc""]","[""CWF""]","[""Shrek""]","[""recEdZ4OFqFqFuLuN"",""recaobAyHu7aYe5D1"",""recwNqmrIvUEVqqjC"",""recwfEXf1VHgxYlhC""]","[""rec74rl8mP9PsR40n"",""recrmdzOf3RgvxqGq"",""recHGwLnHHEgpPQGi"",""recseghwvhsy5cSnM"",""recHCZiPi5jGAYydf""]","[""recpgxvjU0tHArwgQ"",""recwE80SK2NEBuQ0g"",""recRfCvoopfJIysre"",""recR7m2NMOlFhhVdI"",""recRd3N2mXYt2kHhj""]","[""recs5cpucn20uU66n"",""recMuLnN6z4ndpQMd"",""recBX6hPKlXT3oFGB"",""recYQctImqCLyRKhH""]",,,"[""recqP4qfv1OC3kv3i""]",,,,,,,,,,,,
recuWvWoUZ4r7fvro,1981,recuWvWoUZ4r7fvro,2026-07-01T14:00:37.000Z,E'Clipse Solaire,,,,get_rings.php,,,,,,,,,,,"[""recqA7IOoUPqKOQBN""]",,,,"[""recqA7IOoUPqKOQBN""]",,,,,,,,,,
recuXLShazq7IOZKb,2126,recuXLShazq7IOZKb,2026-06-12T03:10:21.000Z,Momentum,Scott Keach,[null],"[""rectI5xjpyudvz1GX""]",class_oog.php,Zara Adnams,"[""recbFJhHS5IlTuTPc""]","[""Zara""]","[""recAxFIoUH9sfVhnS""]",,,,,,,,,,,,,,,,,,,,,
recuXuZ2bGvhPkD4L,1238,recuXuZ2bGvhPkD4L,2026-06-17T20:54:40.000Z,Christy B,,[null],"[""reczNTqxvwQpVOMtd""]",get_rings.php,,,,,,,,,,,,,,,,,,,,,,,,,
recuddIKIuwNLGEe2,1579,recuddIKIuwNLGEe2,2026-06-12T17:24:28.000Z,V.h. Paris Fox,Kelsey Duffy,[null],"[""recacDysjHQBziLIW""]",class_oog.php,Marlow Rickun,"[""rec7wgjXCOF4uxl6i""]","[""Marlow""]","[""recJe0LFDSWmZkYs4""]",,,,,,,,,,,,,,,,,,,,,
recugWgvDfNb66AlQ,2080,recugWgvDfNb66AlQ,2026-06-09T23:09:50.000Z,P-Capitola,Darragh Kerins,[null],"[""recYURLSHbLWax0Uw""]",class_oog.php,Sarah Kerins,"[""recuuXZuhtdqgphBs""]","[""Sarah""]","[""recOdyCszUe4VTxPo""]",,,,,,,,,,,,,,,,,,,,,
recuinxSmvH1u9KHl,1564,recuinxSmvH1u9KHl,2026-06-09T23:09:50.000Z,Mtm Silhouette,Stephen Dicarlo,[null],"[""recP2OfCrJJQ5mJjT""]",class_oog,Leslie S. Prinz,"[""recl8qN4avWdxvdcJ""]","[""Leslie""]","[""recupQMhsCpx3otEi""]",,,,,,,,,,,,,,,,,,,,,
recul7YU3h0jBRd89,2634,recul7YU3h0jBRd89,2026-06-09T23:09:50.000Z,Mtm Nutmeg,Natalie Geller,[null],"[""recRohJrA6QjFRROT""]",class_oog.php,Rachel Zaluski,"[""rec9ElUH8g5rla1mh""]","[""Rachel""]","[""recz8qWzDP2cl0zXp""]",,,,,,,,,,,,,,,,,,,,,
recul9Pr69tRlOjOC,2960,recul9Pr69tRlOjOC,2026-06-09T23:09:50.000Z,Dracko Van Het Vinckenhof Z,Vicente Guillen,[null],"[""recC3oy4u30kAUXpX""]",class_oog.php,Vicente Guillen,"[""recvGTTxZSbHtC8Ym""]","[""Vicente""]","[""recCbBJMoJvofncZW""]",,,,,,,,,,,,,,,,,,,,,
recuoqJOcF2si7HDS,2530,recuoqJOcF2si7HDS,2026-06-11T19:21:29.000Z,Royce Van Den Henxbroek,Gianni Gabrielli,[null],"[""rec302NoK3OfRFOSR""]",class_oog,Skylah Watkins,"[""rec3tPmVZKASH2PqQ""]","[""Skylah""]","[""recBAzsT29cV74CnZ""]",,,,,,,,,,,,,,,,,,,,,
recusGpYIKh04LH18,2019,recusGpYIKh04LH18,2026-06-12T03:10:21.000Z,Bss Prince Charming,Stefanie L. Collier,[null],"[""recls6r9Pzr1y9Hiy""]",class_oog.php,Sophia Oosthuizen,"[""recMU6VojE1ZcAXyd""]","[""Sophia""]","[""recbqlRFLweeL4BNZ""]",,,,,,,,,,,,,,,,,,,,,
recusM5NdBZFA8R4I,2183,recusM5NdBZFA8R4I,2026-06-09T23:09:50.000Z,Follow Me Home,Caitlin Maloney,[null],"[""recYumFBtDDqiK67Q""]",class_oog.php,Caitlin Maloney,"[""recFGOrpqErAQfkOW""]","[""Caitlin""]","[""recBrA49Tjkqwn7cF""]",,,,,,,,,,,,,,,,,,,,,
recutOuRfDtmGYnr5,2035,recutOuRfDtmGYnr5,2026-06-11T11:39:21.000Z,Simply Bliss,Elizabeth C. de Golian,[null],"[""recreUf0EnmZ0w8XW""]",class_oog.php,Elizabeth C. de Golian,"[""rec9QNDx2IegGtFnl""]","[""Elizabeth""]","[""recVpkQDmdDLWOnf7""]",,,,,,,,,,,,,,,,,,,,,
recutvWECAJbYHvFO,2937,recutvWECAJbYHvFO,2026-06-09T23:09:50.000Z,Follow Me,Marissa Creviston,[null],"[""recUQ7hl3dhqBAlIH""]",class_oog.php,Marissa Creviston,"[""rec80MabN4TywgT9f""]","[""Marissa""]","[""recUr6Fi772oNLJ5v""]",,,,,,,,,,,,,,,,,,,,,
recuvPZVD2efT8yCl,2381,recuvPZVD2efT8yCl,2026-06-21T16:04:05.000Z,Dumbledore,,[null],"[""recyWEcgmITPBBDFq""]",get_rings.php,,,,,,,,,,,"[""recBTOgxg2P5Dx9bm""]","[""recIWBWPUBNEtVDxc""]",,,,,,,,,,,,,
recuxxtlQ8FlkNjqC,147,recuxxtlQ8FlkNjqC,2026-06-09T23:09:50.000Z,Effixe Du Melnire,Juan E. Hidalgo,[null],"[""rec1WNWyNkZHM2djN""]",class_oog.php,Juan E. Hidalgo,"[""recT9NpDNfSMhikLG""]","[""Juan""]","[""recWm4nXbUtPYpLCL""]",,,,,,,,,,,,,,,,,,,,,
recv0B2iG4iBLz2LX,3101,recv0B2iG4iBLz2LX,2026-06-11T11:39:24.000Z,Chanel,Carlos Aguirre,[null],"[""recIV0AQbZVVkxgVz""]",class_oog,Raquel V Toro,"[""recSjgiaxtLvji5uq""]","[""Raquel""]","[""rec1FgPVFDZY2PmXP""]",,,,,,,,,,,,,,,,,,,,,
recv1bz0TLXgVFK4A,166,recv1bz0TLXgVFK4A,2026-06-15T13:18:54.000Z,Billy Mc Dermit,Rowan Willis,[null],"[""recx1SpmB3BbDQmjh""]",class_oog,Rowan Willis,"[""recIdlNIImGCWKqrx""]","[""Rowan""]","[""reczi0OzlF0G0YjBs""]",,,,,,,,,,,,,,,,,,,,,
recv27aInn9zpKV4n,1599,recv27aInn9zpKV4n,2026-07-01T14:45:36.000Z,Cr Dream Boy,,,,get_rings.php,,,,,,,,,,,,,,,,,,,,,,,,,
recv79kftJHQbcGbx,1465,recv79kftJHQbcGbx,2026-06-09T23:09:50.000Z,Norelien,Mario Garcia,[null],"[""rec8WP23Cu2mqFUBh""]",class_oog,Maya Allhusen,"[""recPq12kGtlUnKNeW""]","[""Maya""]","[""recgLDs1PX5pujyno""]",,,,,,,,,,,,,,,,,,,,,
recv8nlDjgvbvp6ZJ,1496,recv8nlDjgvbvp6ZJ,2026-06-11T11:39:21.000Z,Somermist Secret Admirer,Bibby F. Hill,[null],"[""recS5m1EQSvZEcJES""]",class_oog.php,Katherine Addington,"[""recjlTvTCF5JyyZhz""]","[""Katherine""]","[""rechIeLAeG0AY6zFc""]",,,,,,,,,,,,,,,,,,,,,
recv9pN07UPLwgUlv,1272,recv9pN07UPLwgUlv,2026-06-09T23:09:50.000Z,Mtm Anonymous Z,Ben Taylor,[null],"[""recHAnzuqYB4BmFf2""]",class_oog,Alise Carrico,"[""recUMvSAuUWgkBqLP""]","[""Alise""]","[""recmTGLWfZLnyH6TK""]",,,,,,,,,,,,,,,,,,,,,
recvB3GQGMCFpcjB4,1653,recvB3GQGMCFpcjB4,2026-07-01T15:00:37.000Z,Duran Duran Z,,,,get_rings.php,,,,,,,,,,,,,,,,,,,,,,,,,
recvGTmncdJsfGqa8,1493,recvGTmncdJsfGqa8,2026-06-09T23:09:50.000Z,Lyon,Bibby F. Hill,[null],"[""recAotPYSEsSn12HE""]",class_oog.php,Katherine Addington,"[""recjlTvTCF5JyyZhz""]","[""Katherine""]","[""rechIeLAeG0AY6zFc""]",,,,,,,,,,,,,,,,,,,,,
recvHB0yjIYO7QtDx,2819,recvHB0yjIYO7QtDx,2026-06-12T14:09:33.000Z,Mattador,Derek Van Der Burgh,[null],"[""recC8R2n0Nt7vCCZX""]",class_oog,Allison Beck,"[""recejsmKqHfknNq9t""]","[""Allison""]","[""recw2AcufXB3OnYyW""]",,,,,,,,,,,,,,,,,,,,,
recvHtEFJEg2EU4nO,1111,recvHtEFJEg2EU4nO,2026-06-12T03:10:20.000Z,Mtm Apple,Michael J. Mccormick,[null],"[""recezQK0HYupTVbac""]",class_oog,Tracy Fenney,"[""recLyTrE6tVxN0uIu""]","[""Tracy""]","[""recNsOB5RbtRbnQ37""]",,,,,,,,,,,,,,,,,,,,,
recvJUwvnGNi2qyFG,153,recvJUwvnGNi2qyFG,2026-06-09T23:09:50.000Z,Champion League,Sharn L. Wordley,[null],"[""recItD8viIbf6aEov""]",class_oog.php,Sharn L. Wordley,"[""recipdUIV44DeFGfq""]","[""Sharn""]","[""recqmThVFmsIM6E8t""]",,,,,,,,,,,,,,,,,,,,,
recvJc1GYL1CAgS4R,3155,recvJc1GYL1CAgS4R,2026-06-12T17:24:27.000Z,Cookie Z,Tammy Blanchette,[null],"[""recKSEESfOjL9QBV5""]",class_oog,Ariana Zuccolotto,"[""recUp0PuFTPxVBAqS""]","[""Ariana""]","[""recDlEaFgkwZNWGL7""]",,,,,,,,,,,,,,,,,,,,,
recvKAArSusorh5to,127,recvKAArSusorh5to,2026-06-09T23:09:50.000Z,Artic Jt Z,Captain Brian Cournane,[null],"[""recpufs1guD9CqDb5""]",class_oog.php,Captain Brian Cournane,"[""rec9bdGQgGu9zWiEQ""]","[""Captain""]","[""recclCEkrFrjDDv36""]",,,,,,,,,,,,,,,,,,,,,
recvKHl9VcledFfVP,3321,recvKHl9VcledFfVP,2026-06-20T17:54:35.000Z,Thunderbird Cafe,,[null],"[""rec2sa4cMTiJ5Z8Vr""]",get_rings.php,,,,,,,,,,,,,,,,,,,,,,,,,
recvMGPH0clJ6e919,1074,recvMGPH0clJ6e919,2026-06-09T23:09:50.000Z,Caballa Ps,Benjamin J. Meredith,[null],"[""recpJzyZSVuBaeQob""]",class_oog,Madison Cohen,"[""recgdnXFKviBsM1pd""]","[""Madison""]","[""reccRPUdMRZMCiJuf""]",,,,,,,,,,,,,,,,,,,,,
recvS4oaEuUxfdgB7,2329,recvS4oaEuUxfdgB7,2026-06-09T23:09:50.000Z,Mtm Rico Suave,Michael J. Mccormick,[null],"[""recbURFrtTX0bnncK""]",class_oog.php,Tracy Fenney,"[""recLyTrE6tVxN0uIu""]","[""Tracy""]","[""recNsOB5RbtRbnQ37""]",,,,,,,,,,,,,,,,,,,,,
recvSX4e5cgb81siN,3676,recvSX4e5cgb81siN,2026-07-01T12:24:34.000Z,Rhythm,,,,get_rings.php,,,,,,,,,,,,,,,,,,,,,,,,,
recvUVUzrTnEs4ih3,1199,recvUVUzrTnEs4ih3,2026-06-11T11:39:21.000Z,All Class,Kacey Conway,[null],"[""recLeGBqAs55jNXEC""]",class_oog,Samantha Delany,"[""rec3VweD3zhl5o4DM""]","[""Samantha""]","[""recYF9eSOEpYZn4Ko""]",,,,,,,,,,,,,,,,,,,,,
recvUkJmo2MpUJzWH,1069,recvUkJmo2MpUJzWH,2026-06-12T17:24:28.000Z,Quinta Van De Helle Z,Daniela Roy,[null],"[""recxFnv0MGp93JTAo""]",class_oog,Susannah Cooper,"[""recgwMtX6ewmLIDvH""]","[""Susannah""]","[""rec2F4zRJZGDzG0M2""]",,,,,,,,,,,,,,,,,,,,,
recvXYulV8iOfgMp0,2241,recvXYulV8iOfgMp0,2026-06-21T12:51:56.000Z,Oro Del Sole,,[null],"[""recMRzmv5wOo4ageX""]",get_rings.php,,,,,,,,,,,,,,,,,,,,,,,,,
recvbelvX44Ma1YIP,2003,recvbelvX44Ma1YIP,2026-06-09T23:09:50.000Z,Ancelotti,Ashley Romano,[null],"[""rec7l7jPPOA9Tcft0""]",class_oog.php,Ashley Romano,"[""recHgg15iR1gmE3se""]","[""Ashley""]","[""recJyvaqZ3spBq50v""]",,,,,,,,,,,,,,,,,,,,,
recvjGPlbc2R2QDQX,3522,recvjGPlbc2R2QDQX,2026-07-01T05:25:59.000Z,,,"[""Dany""]","[""rec05rXqFdMeqeX7A""]",,,,,,,"[""Dany""]","[""recQuaAPJ6EujjBMq"",""recjUP1rQsVhOknhK"",""recLo7GkrewP2AqKk""]","[""recdFI2NsmhJgnPfM"",""rect4vY9woFzHDqWA""]","[""recTXwBbGLK2jwkrf"",""recCYqmWpOcyMc3WB"",""rec4WLR5Nnk0lL6Ic"",""rec2yhPOvTpQtLi6b""]","[""rec37MjBjfNxvgkA4"",""recMgIIqNebADfe93"",""recSDeVOEDOreiTiA""]",,,,,,,,,,,,,,,
recvjSnNyrwcGgAu8,2611,recvjSnNyrwcGgAu8,2026-06-11T11:39:24.000Z,Tyamo,Jasmine Walsh,[null],"[""recmEo4sesOjwthKX""]",class_oog,Peyton Krumin,"[""recSpZwBDTYVDdVOK""]","[""Peyton""]","[""recI1AZhpQDfY3cRY""]",,,,,,,,,,,,,,,,,,,,,
recvmrYoAgi0HWS1H,1275,recvmrYoAgi0HWS1H,2026-06-09T23:09:50.000Z,Norton Vdl,Ben Taylor,[null],"[""reckSqNZefX2hmsOE""]",class_oog.php,Abby Grabowski,"[""recsZWzfb3MPtdoRj""]","[""Abby""]","[""recmTGLWfZLnyH6TK""]",,,,,,,,,,,,,,,,,,,,,
recvxTs1okJ0DWwtC,1067,recvxTs1okJ0DWwtC,2026-06-09T23:09:50.000Z,Noah,Daniela Roy,[null],"[""recfvXIJu2fBnhXlU""]",class_oog.php,Clara Vidal,"[""recXSff0neRglrRwx""]","[""Clara""]","[""rec2F4zRJZGDzG0M2""]",,,,,,,,,,,,,,,,,,,,,
recw15cQ3GOGZLo0a,1749,recw15cQ3GOGZLo0a,2026-06-09T23:09:50.000Z,Coffee,George J. Bessette,[null],"[""recBeIt2QJKxKBR0i""]",class_oog.php,Kirsten L. Malacarne,"[""recwXqtaxLJy9JnT1""]","[""Kirsten""]","[""recXKfhF5qV7KjRHI""]",,,,,,,,,,,,,,,,,,,,,
recw4QGfBff6LBKoD,2480,recw4QGfBff6LBKoD,2026-06-18T19:04:12.000Z,Hell's Angel 6,,[null],"[""recfkEnDaIkpAOOkn""]",get_rings.php,,,,,,,,,,,,,,,,,,,,,,,,,
recw6zyhFDji5ixp0,2135,recw6zyhFDji5ixp0,2026-06-09T23:09:50.000Z,Orisco,Addison Reed,[null],"[""reczMCXVX6itjFoKW""]",class_oog.php,Addison Reed,"[""recnq0SxsppmltiqF""]","[""Addison""]","[""recRlcCb6UzGjsfM8""]",,,,,,,,,,,,,,,,,,,,,
recw8YOxXzNsCNT9X,3276,recw8YOxXzNsCNT9X,2026-06-19T14:58:19.000Z,Quaprice Van 'T Rietveld,,[null],"[""recuF5PNrZp3NuI9D""]",get_rings.php,,,,,,,,,,,,,,,,,,,,,,,,,
recw8ohQRJT1u6Kd0,1130,recw8ohQRJT1u6Kd0,2026-06-20T14:24:39.000Z,O'Coloury M,,[null],"[""rece9e7BIH7arlQuL""]",get_rings.php,,,,,,,,,,,,,,,,,,,,,,,,,
recwGcO2bv6w3EA36,1598,recwGcO2bv6w3EA36,2026-06-09T23:09:50.000Z,Sublime,Morgan Taylor,[null],"[""rec0ccuSsFq6Hqk01""]",class_oog,Pranadha Sheela,"[""rec4cEjMecSZDXqFx""]","[""Pranadha""]","[""rec0wCs5ZzmAW8kSL""]",,,,,,,,,,,,,,,,,,,,,
recwIYoYdZrRyZqp1,2362,recwIYoYdZrRyZqp1,2026-06-09T23:09:50.000Z,Constantin De Hus,John Michael Durr,[null],"[""reckTUVVY8E0JiyBv""]",class_oog,John Michael Durr,"[""recb1rMqysX4FAaMx""]","[""John""]","[""rec9nE2B2j1bOmqTB""]",,,,,,,,,,,,,,,,,,,,,
recwPFzPwL9QsRqzW,1607,recwPFzPwL9QsRqzW,2026-06-18T12:00:39.000Z,Ijesto Vdp,,[null],"[""rec6RnhlbmxDtdOJI""]",get_rings.php,,,,,,,,,,,,,,,,,,,,,,,,,
recwPvS0fTpPNe0CW,2607,recwPvS0fTpPNe0CW,2026-06-09T23:09:50.000Z,Santino,Jasmine Walsh,[null],"[""recTl6xiHXjgT0YY4""]",class_oog.php,Jasmine Walsh,"[""rec3pY7apXwfTmgAy""]","[""Jasmine""]","[""recI1AZhpQDfY3cRY""]",,,,,,,,,,,,,,,,,,,,,
recwRRSvRvajFvpfV,2983,recwRRSvRvajFvpfV,2026-06-12T17:24:29.000Z,Miracle Es,Savannah Groselle,[null],"[""reccWmH9YrdWoRbbj""]",class_oog.php,Savannah Groselle,"[""recTbPPrT5MS4uV32""]","[""Savannah""]","[""recGAk78qKHuklkI5""]",,,,,,,,,,,,,,,,,,,,,
recwWIj0Guwg26DIR,1642,recwWIj0Guwg26DIR,2026-07-01T14:45:36.000Z,Finest Hour,,,,get_rings.php,,,,,,,,,,,,,,,,,,,,,,,,,
recwWOG240Qq3NTxd,2280,recwWOG240Qq3NTxd,2026-06-19T15:52:11.000Z,Rise Up Na,,[null],"[""recK3WDAA3YDNzCZ4""]",get_rings.php,,,,,,,,,,,,,,,,,,,,,,,,,
recwYhzRtCDiI5xSW,1770,recwYhzRtCDiI5xSW,2026-06-11T11:39:26.000Z,Dsh Gran Torino,Lesley Grant-Law,[null],"[""rec55vpC4sa96DMLZ""]",class_oog.php,Leslie Law,"[""recRtC0F3ysCyAaTr""]","[""Leslie""]","[""recSN4WGiXjlJgPc6""]",,,,,,,,,,,,,,,,,,,,,
recwcHiK4uHqobZog,1976,recwcHiK4uHqobZog,2026-06-09T23:09:50.000Z,Debonair,Jennifer Tate,[null],"[""recJA2F2U0w9TUwpo""]",class_oog.php,Jennifer Tate,"[""recvPEe5AM3OgbEpI""]","[""Jennifer""]","[""recvbfeJr2qBsQo29""]",,,,,,,,,,,,,,,,,,,,,
recweIMsj19oIxZbO,2300,recweIMsj19oIxZbO,2026-06-12T17:24:29.000Z,Jumper,Aurora R. Rangel De Alba,[null],"[""rec5ttdBVYcgXCjy7""]",class_oog,Aurora R. Rangel De Alba,"[""recYuZ7hB1tbpgznK""]","[""Aurora""]","[""recUjyRd7k0lTmyxS""]",,,,,,,,,,,,,,,,,,,,,
recwhHBdbXr3nioUL,1798,recwhHBdbXr3nioUL,2026-06-18T14:46:42.000Z,Cr Diaconcello Es,,[null],"[""recp5CvrwFLFoNOQm""]",get_rings.php,,,,,,,,,,,,,,,,,,,,,,,,,
recwnjKuBVkFxw7GV,1039,recwnjKuBVkFxw7GV,2026-06-09T23:09:50.000Z,King Z,Alan Korotkin,"[""King""]","[""recqr8YGyalIpRStG""]",class_oog,Victoria Rotsaert,"[""recDyFLYrfFkJWmIR""]","[""Victoria""]","[""recFIHTcArQhILyAc""]","[""CWF""]","[""King""]","[""recGnavBPW3qQJ2Ec""]","[""rect32KznBbTik3bb"",""recFIgFMvcw8vxEFs""]","[""rec78OqD5qyWhM4gG"",""recyrdvxmpcjkyVmM""]","[""recQWDZkVxaMnH8pe""]",,,,,,,,,,,,,,,
recwpKZrzKeu5qt2f,1390,recwpKZrzKeu5qt2f,2026-06-16T03:40:05.000Z,Maminka,Sydney Rowland,[null],"[""rec8YINI8jJV8z09Q""]",class_oog,Lexi Ferder,"[""rec49jKVAw5ScYA7G""]","[""Lexi""]","[""recFsMRQIqS8lWRWR""]",,,,,,,,,,,,,,,,,,,,,
recwtt6JgdgBaJB4b,1485,recwtt6JgdgBaJB4b,2026-06-09T23:09:50.000Z,Roncevert,Dawn Hersey,[null],"[""recCxBXhiqmeolR7k""]",class_oog.php,Lanie Nash,"[""recJA1B7ysTElfU5j""]","[""Lanie""]","[""recXocXm551bESpPa""]",,,,,,,,,,,,,,,,,,,,,
recwxhnQFuwUfaehT,1702,recwxhnQFuwUfaehT,2026-06-12T17:24:26.000Z,Edita,Todd D. Minikus,[null],"[""recUhB6bLHbrbMKIF""]",class_oog,Katie M. Savarise,"[""recw0WGQE7cSRXkqe""]","[""Katie""]","[""rec17fXVv4zXio64e""]",,,,,,,,,,,,,,,,,,,,,
recx1kojPJGAckAQi,1120,recx1kojPJGAckAQi,2026-06-20T15:55:12.000Z,Chaccolouet Tw,,[null],"[""recHOmTp51EvfBjeO""]",get_rings.php,,,,,,,,,,,,,,,,,,,,,,,,,
recx5V5UYxIPodNVd,2366,recx5V5UYxIPodNVd,2026-06-11T11:39:25.000Z,Kandoo Pj,Jake Evans,[null],"[""recej7833yHmLYG1d""]",class_oog,Maurah Burkholder,"[""recxatpI8UXNwRwnp""]","[""Maurah""]","[""recSXiCPwDmQ76cuQ""]",,,,,,,,,,,,,,,,,,,,,
recxCrUaZp3KapOAl,3271,recxCrUaZp3KapOAl,2026-06-21T15:03:56.000Z,Mtm Diego,,[null],"[""rechUPDpzIAwXDLi0""]",get_rings.php,,,,,,,,,,,"[""rechQb2d0TDMWXojt""]",,,,,,,,,,,,,,
recxEARuaECngLqta,2850,recxEARuaECngLqta,2026-07-01T12:39:35.000Z,Royaume De Dieu,,,,get_rings.php,,,,,,,,,,,,,,,,,,,,,,,,,
recxF9q0GD48Trd4e,2502,recxF9q0GD48Trd4e,2026-06-11T22:35:22.000Z,Fernhill Kudos,Alan Korotkin,,,class_oog,Lynn Yoos,"[""recV9LcVTEC4F1lFv""]","[""Lynn""]","[""recFIHTcArQhILyAc""]","[""CWF""]",,,,,,,,,,,,,,,,,,,,
recxFgeKTUx5EvOlS,1904,recxFgeKTUx5EvOlS,2026-07-01T13:48:33.000Z,Copa Cabana Ohf,,,,get_rings.php,,,,,,,,,,,,,,,,,,,,,,,,,
recxHix12TaoXWWG1,136,recxHix12TaoXWWG1,2026-06-15T13:18:54.000Z,Quality Star Z,Bliss Heers,[null],"[""recsZIUJzbGKVDdp3""]",class_oog,Bliss Heers,"[""recXovs9KjxpTkCpj""]","[""Bliss""]","[""recKF0YhvyIihzny3""]",,,,,,,,,,,,,,,,,,,,,
recxKkGj8JrPQSHJA,1282,recxKkGj8JrPQSHJA,2026-06-11T11:39:24.000Z,Quesera K Van't Kattenheye,Erica Robson,[null],"[""recSFpqdvfYwyxwMe""]",class_oog,Chloe Peterson,"[""reclT1ePqkZKMN7nA""]","[""Chloe""]","[""recMir2WcmMLTzpZq""]",,,,,,,,,,,,,,,,,,,,,
recxKx5Adn1Lx38Zf,3396,recxKx5Adn1Lx38Zf,2026-06-20T17:01:13.000Z,Sambuca Q,,[null],"[""recpoS2K8fzuOSkem""]",get_rings.php,,,,,,,,,,,,,,,,,,,,,,,,,
recxPCOLEDArkdGeA,3134,recxPCOLEDArkdGeA,2026-07-01T13:06:55.000Z,Burner 3,,,,get_rings.php,,,,,,,,,,,,,,,,,,,,,,,,,
recxPVzLjOfU3oKd7,3431,recxPVzLjOfU3oKd7,2026-06-20T18:48:34.000Z,Integrity Second Chance,,[null],"[""rec9eexsLj4d4JHWP""]",get_rings.php,,,,,,,,,,,,,,,,,,,,,,,,,
recxQELeISHzsdFNx,140,recxQELeISHzsdFNx,2026-06-09T23:09:50.000Z,Dorchester,Andrew C. Welles,[null],"[""rec6i0GjQGwBoQN2q""]",class_oog,Nora Nauss,"[""recf8UPoJAute0lLH""]","[""Nora""]","[""rectc0mHofDhAxAVA""]",,,,,,,,,,,,,,,,,,,,,
recxTJKdQIV5W4Pm1,2390,recxTJKdQIV5W4Pm1,2026-06-09T23:09:50.000Z,Poptart,Alan Korotkin,"[""Poptart""]","[""rec6qkStn8vxhfz5c""]",class_oog.php,Lainey Posa,"[""recDgiEEaFBd36p3d""]","[""Lainey""]","[""recFIHTcArQhILyAc""]","[""CWF""]","[""Poptart""]",,,,,,,,,,,,,,,,,,,
recxVD0nzlj8GuBu7,2185,recxVD0nzlj8GuBu7,2026-06-09T23:09:50.000Z,Inka Malpic,Conan Conway,[null],"[""recjifjHem7ahuGkr""]",class_oog.php,Rebecca Conway,"[""recsO1C4R1X36JbFl""]","[""Rebecca""]","[""recS9EfEO0iZet31e""]",,,,,,,,,,,,,,,,,,,,,
recxdKZ1k90OnH1tC,2957,recxdKZ1k90OnH1tC,2026-06-11T11:39:22.000Z,Oo Seven De L'equipe,Kirk Webby,[null],"[""recGnNupa4d13lGyT""]",class_oog,Kirk Webby,"[""recj0huhTEnvjmgCe""]","[""Kirk""]","[""recAQw955LG6uVCeK""]",,,,,,,,,,,,,,,,,,,,,
recxf2hJeyR0Pod4b,1273,recxf2hJeyR0Pod4b,2026-06-09T23:09:50.000Z,Mucksmaeuschenstill,Ben Taylor,[null],"[""recWt5nWBa2SufAvp""]",class_oog.php,Aaron Vale,"[""rec4xmt1vJjON38j0""]","[""Aaron""]","[""recmTGLWfZLnyH6TK""]",,,,,,,,,,,,,,,,,,,,,
recxfeSSIkc6ZVnCZ,209,recxfeSSIkc6ZVnCZ,2026-06-15T13:18:54.000Z,Ici,Sydney Rowland,[null],"[""recCmoVpLN0IM1Tfx""]",class_oog,Jake Endicott,"[""recqHIOykXcWkBlKs""]","[""Jake""]","[""recFsMRQIqS8lWRWR""]",,,,,,,,,,,,,,,,,,,,,
recxhhLw5OQ6dQ3im,2871,recxhhLw5OQ6dQ3im,2026-06-11T11:39:24.000Z,Rakona Z,Ashlee Bond,[null],"[""recQUFR6ixWCD6Q8i""]",class_oog.php,Ashlee Bond,"[""recW5RVnDW4GorcuS""]","[""Ashlee""]","[""recoD21rUN9Qq4pgV""]",,,,,,,,,,,,,,,,,,,,,
recxiI7bR50kOkLz2,120,recxiI7bR50kOkLz2,2026-06-09T23:09:50.000Z,Charly Brown 353,Megan Wexler,[null],"[""recOVsCMtqbRa2dvA""]",class_oog.php,Maya Denis,"[""rec3BxcQLNZKJwRBi""]","[""Maya""]","[""recbDjphoL8qMtSeW""]",,,,,,,,,,,,,,,,,,,,,
recxloaG3vDKK6KgS,1836,recxloaG3vDKK6KgS,2026-06-11T11:39:21.000Z,Cento Forever,Rebecca Warth,[null],"[""rec0C9LNIc1wwIMtL""]",class_oog,Pamela Mattel,"[""recuRfqCXumIZugTG""]","[""Pamela""]","[""rec456G3R5wbsgOk8""]",,,,,,,,,,,,,,,,,,,,,
recxoqsw7Vlz8HTgf,2433,recxoqsw7Vlz8HTgf,2026-06-18T20:19:15.000Z,Niargentus,,[null],"[""recblJN9hkko1JaWb""]",get_rings.php,,,,,,,,,,,,,,,,,,,,,,,,,
recxqkpsWuxGHmTs3,1489,recxqkpsWuxGHmTs3,2026-06-11T11:39:21.000Z,Crown Ridge Footloose,Bibby F. Hill,[null],"[""recgRTKNIpPqpcBoZ""]",class_oog.php,Bay Hammer,"[""recX08ZCdFPtFNJCN""]","[""Bay""]","[""rechIeLAeG0AY6zFc""]",,,,,,,,,,,,,,,,,,,,,
recxrdRq2KHam1QlL,1966,recxrdRq2KHam1QlL,2026-06-09T23:09:50.000Z,Carli De Sabette,Kim E. Burnette,[null],"[""recmByhMYQnxjwoVz""]",class_oog.php,Vannakay Hurnevich,"[""recqsQJCmH0zsgQee""]","[""Vannakay""]","[""recq5CHnS6h3E8w58""]",,,,,,,,,,,,,,,,,,,,,
recxvbzrlM93EUJOx,2389,recxvbzrlM93EUJOx,2026-06-09T23:09:50.000Z,Fanfan Boy,Alan Korotkin,"[""Fan""]","[""recwctlw2A47WeG8P""]",class_oog.php,Tanner Korotkin,"[""rececJFgkUViuuW0F""]","[""Tanner""]","[""recFIHTcArQhILyAc""]","[""CWF""]","[""Fan""]","[""recjPrNyS7Hlk3SUJ""]","[""recejRmmXMol02PGq"",""rec3z5T2kZ4GnlCfs"",""recm5nIT4f2LWqDAX""]","[""recwhVOXttc6gKSiM""]","[""recz6AI8LQLpads8j""]",,,"[""recb7QsFExkz0wx2u""]",,,,,,,,"[""recY324EkCztDtZDe""]",,,,
recxycCAxrV17fAzz,1562,recxycCAxrV17fAzz,2026-06-11T11:39:24.000Z,Raja J,Derek Van Der Burgh,[null],"[""recsQ2DEH1KUaCMDJ""]",class_oog,Morgan Cusick,"[""reck2Oohvt2yj474g""]","[""Morgan""]","[""recw2AcufXB3OnYyW""]",,,,,,,,,,,,,,,,,,,,,
recyBWdljr5B5CT6N,3052,recyBWdljr5B5CT6N,2026-07-01T20:06:35.000Z,Lafayette,,,,get_rings.php,,,,,,,,,,,"[""recFtFhM7zZB3qZJX""]","[""rec8KKUgPeBaekH3n""]",,"[""rec8KKUgPeBaekH3n""]","[""recFtFhM7zZB3qZJX""]",,,,,,,,,,
recyC211wdLSWalr9,1890,recyC211wdLSWalr9,2026-06-19T16:27:45.000Z,Rock & Roll D'eres Z,,[null],"[""recal4WCSUKJLG4vE""]",get_rings.php,,,,,,,,,,,,,,,,,,,,,,,,,
recyGmCLlAYOqFFts,20,recyGmCLlAYOqFFts,2026-06-11T11:39:21.000Z,DRAG BREAK,No Trainer,[null],"[""recusXD270CSY7aC5""]",class_oog.php,DRAG BREAK,"[""recKaccadK6FZieQl""]","[""DRAG""]","[""rectmuBKijy6rE4R4""]",,,,,,,,,,,,,,,,,,,,,
recyH0D7hf3GolOjQ,2045,recyH0D7hf3GolOjQ,2026-06-20T19:42:37.000Z,Don Daddy Z,,[null],"[""recx3TX53soby2FPO""]",get_rings.php,,,,,,,,,,,"[""reckCnj9nOiddtCyE""]","[""recfZRYSWvzuHfU0t""]",,"[""recfZRYSWvzuHfU0t""]","[""reckCnj9nOiddtCyE""]",,,,,,,,,,
recyIn6WNt6HlgIDB,2144,recyIn6WNt6HlgIDB,2026-06-09T23:09:50.000Z,U Amon Z,Carson L. Ruff,[null],"[""rec3gVJGUApRE1G3u""]",class_oog,Addison Hall,"[""rec7JhqMK4DWc8LY5""]","[""Addison""]","[""recQduwaFmkfTL3Xq""]",,,,,,,,,,,,,,,,,,,,,
recyKbRMCGmfGewAV,2714,recyKbRMCGmfGewAV,2026-06-12T17:24:29.000Z,Buga Z,Samuel Parot,[null],"[""recIfem3TXVWXAB2k""]",class_oog,Dolores Funes,"[""rec8mAGBiGYk3HpkV""]","[""Dolores""]","[""recnutMCbWmttrhyI""]",,,,,,,,,,,,,,,,,,,,,
recyN0zO7TiYNyGAw,1546,recyN0zO7TiYNyGAw,2026-06-12T17:24:27.000Z,Tupac Van De Vrombautshoeve Z,Dominique H. Damico,[null],"[""recX4J067KZK5mqyl""]",class_oog,Paige Jones,"[""rec22CzM2EIb7egZV""]","[""Paige""]","[""recUSP9h7nazUAhZI""]",,,,,,,,,,,,,,,,,,,,,
recyPJIuIT4RGZCT5,2338,recyPJIuIT4RGZCT5,2026-06-12T17:24:26.000Z,Central Park,Maleah Lang Mcmahon,[null],"[""recD9gwIjpzrVvDIe""]",class_oog.php,Maleah Lang Mcmahon,"[""rec6wPiU3mn7pKqtV""]","[""Maleah""]","[""recScvZPMMmuVjpAg""]",,,,,,,,,,,,,,,,,,,,,
recyPlATW6FbyWfpY,1257,recyPlATW6FbyWfpY,2026-06-09T23:09:50.000Z,Avalanche,Ben Taylor,[null],"[""recMIFmIw1cNfOL2T""]",class_oog.php,Mallory Vale,"[""recCyC3z96ioVgKzW""]","[""Mallory""]","[""recmTGLWfZLnyH6TK""]",,,,,,,,,,,,,,,,,,,,,
recyQRsugfqFd7Hlq,1104,recyQRsugfqFd7Hlq,2026-06-09T23:09:50.000Z,Hallmark Hpf,Benjamin J. Meredith,[null],"[""recznBPlUOh3ieweT""]",class_oog.php,Hector Florentino,"[""rechzGJ6nB5ZniPYe""]","[""Hector""]","[""reccRPUdMRZMCiJuf""]",,,,,,,,,,,,,,,,,,,,,
recyUgHplw37ztedH,3502,recyUgHplw37ztedH,2026-06-17T20:57:38.000Z,Pandor Fortuna,,[null],"[""recm0woxm0dfmRjcM""]",get_rings.php,,,,,,,,,,,,,,,,,,,,,,,,,
recyVcaLOvsk1Ik1S,2088,recyVcaLOvsk1Ik1S,2026-06-13T00:10:27.000Z,Talk To Me Goose,Madison Daughdrill,[null],"[""recq3BKm9HA4MWzjy""]",class_oog,Lyla Payne,"[""recAOcQC7VSiD7LHH""]","[""Lyla""]","[""recQXTpW29gQ8CQhu""]",,,,,,,,,,,,,,,,,,,,,
recyad0MnsQ6b0jC7,1182,recyad0MnsQ6b0jC7,2026-06-09T23:09:50.000Z,Lupina Colada,Wilton J. Porter,[null],"[""reclblfFPGZ6203Xi""]",class_oog.php,Wilton J. Porter,"[""rec0lXJIFvHi7Oj5p""]","[""Wilton""]","[""recBIuBmnjIBnlRT9""]",,,,,,,,,,,,,,,,,,,,,
recyfyN4kujFVTi3w,2833,recyfyN4kujFVTi3w,2026-06-12T17:24:28.000Z,Top Gun Z,Samuel Parot,[null],"[""recq4yel90gUTUD2H""]",class_oog.php,Samuel Parot,"[""recUXk1rCTBLl3j4S""]","[""Samuel""]","[""recnutMCbWmttrhyI""]",,,,,,,,,,,,,,,,,,,,,
recygGog8FLxrMnVH,2181,recygGog8FLxrMnVH,2026-06-09T23:09:50.000Z,Chaning Tatum,Samantha Mccleerey,[null],"[""reckANjuzr2lIgoX7""]",class_oog,Samantha Mccleerey,"[""recAATtzYsIZzhjnb""]","[""Samantha""]","[""recNt8RCU3OfCIZg6""]",,,,,,,,,,,,,,,,,,,,,
recyh6ROTkkw13BrX,2025,recyh6ROTkkw13BrX,2026-06-11T11:39:26.000Z,Piazza Di Siena,Lia Screnci,[null],"[""rectzY46Vtbkcr12D""]",class_oog.php,Lia Screnci,"[""rec5RnC57daRX7Mi1""]","[""Lia""]","[""rec0eBWOxYRez99HS""]",,,,,,,,,,,,,,,,,,,,,
recykDsuwpWbA5U1N,1825,recykDsuwpWbA5U1N,2026-06-11T11:39:24.000Z,Cor La Loi Mdm Z,Lia Screnci,[null],"[""recBGR9exROYploMW""]",class_oog,Adrianna Schneider,"[""recP43wcoh66HhylY""]","[""Adrianna""]","[""rec0eBWOxYRez99HS""]",,,,,,,,,,,,,,,,,,,,,
recylwU4Wbx8orr3X,1401,recylwU4Wbx8orr3X,2026-06-18T18:49:15.000Z,Sea To Sky,,[null],"[""rec9Ho6kcq77lqDMJ""]",get_rings.php,,,,,,,,,,,,,,,,,,,,,,,,,
recyoV70nYdspP18A,1875,recyoV70nYdspP18A,2026-06-12T17:24:29.000Z,Maestro Van't Laar,Kimberly Nadler-Russo,[null],"[""recP4G3QNnl2v954G""]",class_oog.php,Braeden Simons,"[""rec2ZzSAukMmfPita""]","[""Braeden""]","[""rec1yq40bnU1koghd""]",,,,,,,"[""recOWB0wxD7JGi8EW""]",,,,,,,,,,,,,,
recyrvLrihL58fzZD,2565,recyrvLrihL58fzZD,2026-06-12T17:24:28.000Z,Quasar De Medi,Spencer Brittan,[null],"[""recJyCrUlzOgSUcr5""]",class_oog,Marlene Gonzalez,"[""recCSEBtoiH12jjkL""]","[""Marlene""]","[""recqByBk0EpjI9rLn""]",,,,,,,,,,,,,,,,,,,,,
recysJxjwgm0Tj0rd,2792,recysJxjwgm0Tj0rd,2026-06-09T23:09:50.000Z,Helia Des Bergeries,Matt Martin,[null],"[""recSjDS9eaqyUZlj9""]",class_oog,Debbie Smith,"[""reczdYNCGFEUyxVMl""]","[""Debbie""]","[""recRnYU8EgCMCN4Tl""]",,,,,,,,,,,,,,,,,,,,,
recyvOQBUftNZ9zAB,2635,recyvOQBUftNZ9zAB,2026-06-09T23:09:50.000Z,Tugano Van Klapscheut,Raishun Burch,[null],"[""recQZMEffGo1OFwVA""]",class_oog.php,Addison Reed,"[""recnq0SxsppmltiqF""]","[""Addison""]","[""rec5VNiNYnXVAnanj""]",,,,,,,,,,,,,,,,,,,,,
recyxu2pa8vIITr73,2911,recyxu2pa8vIITr73,2026-06-18T21:06:12.000Z,Safira,,[null],"[""recxeMjXgZdtjSinF""]",get_rings.php,,,,,,,,,,,,,,,,,,,,,,,,,
recz3QUJ7HdroTZPU,1844,recz3QUJ7HdroTZPU,2026-06-11T19:21:29.000Z,Ice Breaker,Fabian Herrera,[null],"[""recXGZIT30Naios89""]",class_oog,Stella Hartman,"[""recWvS6hQL8R9Smz1""]","[""Stella""]","[""recZ41cgnoPOR4VSU""]",,,,,,,,,,,,,,,,,,,,,
recz8Od4fzbW65MXo,1505,recz8Od4fzbW65MXo,2026-06-12T03:10:20.000Z,Unbreakable Z,Morgan Taylor,[null],"[""reclEAKZ4QzaQgulE""]",class_oog,Gabriela Juron,"[""recZe5YwA2cdOJKps""]","[""Gabriela""]","[""rec0wCs5ZzmAW8kSL""]",,,,,,,,,,,,,,,,,,,,,
reczI8T7J4s9G4bdJ,1913,reczI8T7J4s9G4bdJ,2026-06-09T23:09:50.000Z,Boleybawn Rolo,Bryce P. Richardson,[null],"[""recDToNbMNma9p8mG""]",class_oog.php,Bryce P. Richardson,"[""recmy93tzMkYZukPY""]","[""Bryce""]","[""rectIwXBJfkrEAaOG""]",,,,,,,,,,,,,,,,,,,,,
reczNMRYgWOH2Hl6m,2701,reczNMRYgWOH2Hl6m,2026-06-11T11:39:26.000Z,Bull Run's Luminous,Dana G. Waters,[null],"[""recJLYsUEr1clTzLC""]",class_oog,Hayley G. Waters Wear,"[""recLFMHh1Qpy7gpgf""]","[""Hayley""]","[""recC9TviwdEjxgABW""]",,,,,,,,,,,,,,,,,,,,,
reczOTwv7DErytw0W,2605,reczOTwv7DErytw0W,2026-06-12T03:10:20.000Z,Lumiere,Jasmine Walsh,[null],"[""recdgVTjaWDh5ukyJ""]",class_oog.php,Emery Kobel,"[""recRwKQn4Cpl8Zqzz""]","[""Emery""]","[""recI1AZhpQDfY3cRY""]",,,,,,,,,,,,,,,,,,,,,
reczPBGCE21Cd5gI2,2746,reczPBGCE21Cd5gI2,2026-06-18T13:15:52.000Z,King Conan,,[null],"[""rec0UEC9k9wlbqjtR""]",get_rings.php,,,,,,,,,,,,,,,,,,,,,,,,,
reczUfsjadnxdNGOl,2568,reczUfsjadnxdNGOl,2026-06-09T23:09:50.000Z,Nasia’s Girl Keros,Hanna R. Egan,[null],"[""rec5ylEAIYsVImCwb""]",class_oog.php,Hanna R. Egan,"[""recaKiCcAz57uZZru""]","[""Hanna""]","[""rece9iPIoEEaCPIqS""]",,,,,,,,,,,,,,,,,,,,,
reczYObixJZURLE5N,1348,reczYObixJZURLE5N,2026-06-11T11:39:23.000Z,First Lady Van De Kranenburg,Derek Reed,[null],"[""recvuddhUtF9cqixv""]",class_oog,Felicia Rodgers,"[""recRqmqFiWa1SNEQF""]","[""Felicia""]","[""recnRRpu2nz5AuBj6""]",,,,,,,,,,,,,,,,,,,,,
reczYd1rBRl9hCVoM,1962,reczYd1rBRl9hCVoM,2026-06-09T23:09:50.000Z,Isla De Coco,Lauren E. Hough,[null],"[""recgEUtWn3Fw94C4d""]",class_oog,Lauren E. Hough,"[""recoEG978VWcbWV8X""]","[""Lauren""]","[""recHOKa6KSlvHuryw""]",,,,,,,,,,,,,,,,,,,,,
reczZki5NzsZ5t682,2766,reczZki5NzsZ5t682,2026-06-13T00:10:27.000Z,Panelja Van Con Amper,Declan Egan,[null],"[""recVfbZwDiZ1sFKgZ""]",class_oog.php,Declan Egan,"[""recaZx28r0BSMxn0j""]","[""Declan""]","[""recGOZOt71dcEAmvp""]",,,,,,,,,,,,,,,,,,,,,
reczbo9B52MjihV7r,138,reczbo9B52MjihV7r,2026-06-09T23:09:50.000Z,Cardozo 4,Alan Korotkin,"[""Cardozo""]","[""recWzhAof4LAZHr0A""]",class_oog.php,Tanner Korotkin,"[""rececJFgkUViuuW0F""]","[""Tanner""]","[""recFIHTcArQhILyAc""]","[""CWF""]","[""Cardozo""]",,,,,,,,,,,,,,,,,,,
reczdDwH5997TPKaH,2161,reczdDwH5997TPKaH,2026-06-09T23:09:50.000Z,Astronaut H Z,Josh Dolan,[null],"[""rechLMm2PvpZsf9T9""]",class_oog.php,Teresa Pompay,"[""recDvQhcGTW6G54Jc""]","[""Teresa""]","[""recYSQRJjZGVMtbrM""]",,,,,,,"[""recA16vN9zRQshlYm""]","[""recH9JuDmGRPpa3mk""]",,,,,,,,,,,,,
recze8WNaAqnZyEhM,3050,recze8WNaAqnZyEhM,2026-06-11T11:39:24.000Z,Czechmate,Brooke Eddy,[null],"[""recEGszJmOp7bz0OB""]",class_oog.php,Brooke Eddy,"[""rec45xeSyRTpyJ2zV""]","[""Brooke""]","[""reclpyjsxImYb6Ul2""]",,,,,,,,,,,,,,,,,,,,,
reczeoSZhFHkwI91y,1224,reczeoSZhFHkwI91y,2026-06-09T23:09:50.000Z,Lord Cornet,Megan Wexler,[null],"[""recau6gwl9hDZb3oe""]",class_oog,Ashley Ann McGehee,"[""recd1WEHiwAp0241z""]","[""Ashley""]","[""recbDjphoL8qMtSeW""]",,,,,,,,,,,,,,,,,,,,,
reczhMBQy68g02ImT,2036,reczhMBQy68g02ImT,2026-06-09T23:09:50.000Z,Diablue Sh Z,Jared P. Petersen,[null],"[""rectiy9k81CaMREHj""]",class_oog.php,Jared P. Petersen,"[""rec61N7IuP6cXdLkH""]","[""Jared""]","[""recWoImYqrWG0E1xh""]",,,,,,,,,,,,,,,,,,,,,
reczhiIjkBSlMXNrB,186,reczhiIjkBSlMXNrB,2026-06-15T13:18:53.000Z,Chelsea 179,Chloe D. Reid,[null],"[""recJ5Q3eTX32eABbT""]",class_oog,Chloe D. Reid,"[""recjYzZcxgGjI5pgc""]","[""Chloe""]","[""recuU297BOg1dPG6Q""]",,,,,,,,,,,,,,,,,,,,,
reczk6eyb3XMCx2VX,2124,reczk6eyb3XMCx2VX,2026-06-09T23:09:50.000Z,Spy,Davide Troncanetti,[null],"[""recvSVmahnRVd2Vih""]",class_oog.php,Paul O'Shea,"[""recZvQD6Y4wJKPe7F""]","[""Paul""]","[""reckdATr2NvXwU0Ah""]",,,,,,,,,,,,,,,,,,,,,
reczlljtaMXYqXbdn,149,reczlljtaMXYqXbdn,2026-06-09T23:09:50.000Z,Quicksilver C,Luis Sabino Goncalves,[null],"[""recGy4GdtMrhhnRS7""]",class_oog,Luis Sabino Goncalves,"[""recK2pLt58HPpPYET""]","[""Luis""]","[""recq1xhVivniA66Lf""]",,,,,,,,,,,,,,,,,,,,,
reczpLVAZwd889uGM,2351,reczpLVAZwd889uGM,2026-06-09T23:09:50.000Z,Otto Pilot,Lauren Schweppe,[null],"[""recRf3B5ZIsl6PIJq""]",class_oog.php,Jeannie M. Savegnago,"[""recbEm8GGmws15KlY""]","[""Jeannie""]","[""recWb8kIRsV2w5Zj9""]",,,,,,,,,,,,,,,,,,,,,
reczr9z58mEkBGGdP,2707,reczr9z58mEkBGGdP,2026-06-09T23:09:50.000Z,Voila Bbf,Dana G. Waters,[null],"[""recCblCmvEDw4fjhb""]",class_oog.php,Hayley G. Waters Wear,"[""recLFMHh1Qpy7gpgf""]","[""Hayley""]","[""recC9TviwdEjxgABW""]",,,,,,,,,,,,,,,,,,,,,
reczrRTCTrN3thDKn,1253,reczrRTCTrN3thDKn,2026-06-12T03:10:21.000Z,I'M Du Vinia,Lizabeth Perez-Pascual,[null],"[""recz1jsHwJWXrUgPH""]",class_oog,Lizabeth Perez-Pascual,"[""recZ5wzygnW42KQVr""]","[""Lizabeth""]","[""recPyfVVGkVn9fvlf""]",,,,,,,,,,,,,,,,,,,,,
reczrS7UlzABS7lXq,2616,reczrS7UlzABS7lXq,2026-06-11T11:39:22.000Z,Copabella Voltage,David Cameron,[null],"[""recGwZ8itiKMPIn8L""]",class_oog.php,Georgia Bouzaid,"[""recZ5EwnPE36HTiXi""]","[""Georgia""]","[""recV9UeEpcw6UDEM9""]",,,,,,,,,,,,,,,,,,,,,
reczrama7zARNJJrX,181,reczrama7zARNJJrX,2026-06-15T13:18:54.000Z,Cimbura,Jessica Leto,[null],"[""recMVkLjYDUFTElr1""]",class_oog,Jessica Leto,"[""recEXA5KIi7zkcuMz""]","[""Jessica""]","[""recokYiwVzDqI2UFJ""]",,,,,,,,,,,,,,,,,,,,,
reczsqCOVjh23cwUk,3030,reczsqCOVjh23cwUk,2026-06-09T23:09:50.000Z,Missy Vd Vosberg,Stacey L. Reser,[null],"[""recbSG4mvquviY4nI""]",class_oog,Seanna Reser,"[""recEJlwUSbNSsfpy2""]","[""Seanna""]","[""recdxilKHsN0qZ3Fz""]",,,,,,,,,,,,,,,,,,,,,
reczwdDElfctF7Vz4,1005,reczwdDElfctF7Vz4,2026-06-11T11:39:24.000Z,Heroine De Kerglenn,Juan Benítez,[null],"[""recGLtX4301LzejXu""]",class_oog.php,Rita de Goes,"[""reck7CWVqseCHyMVg""]","[""Rita""]","[""reccVab1jS62QQ5la""]",,,,,,,,,,,,,,,,,,,,,
