record_id,Count (classes),Count (horses),trainer,trainers,source,horse,horses,Count (entries),rider_display,rec_id,entries,rider,entry_go_times,wec-alerts,class_oog,class_oog copy,class_results,cwf
rec05p5hQBPfpTp9d,0,1,Angela Gais,"[""recGc5Brn264xxwLl""]",class_oog,Callisto,"[""recl2NImXOkzcPnd3""]",1,Angela,rec05p5hQBPfpTp9d,"[""rec4BWUfDhA6ovO4X""]",Angela Gais,,,,,,
rec07LS8TvgJcQ6tb,0,1,Darragh Kerins,"[""recOdyCszUe4VTxPo""]",class_oog,Rsk Quality Cruise,"[""rec0sYu20wnigw9yf""]",2,Khloe,rec07LS8TvgJcQ6tb,"[""recsGLgZzmF73HcM5"",""recQ08GxtyZiioC8f""]",Khloe Kerins,,,,,,
rec0FUCzNUyfQf4RT,0,1,Jake Evans,"[""recSXiCPwDmQ76cuQ""]",class_oog,Novio,"[""recACZTBR1kkOmdvv""]",1,Sydney,rec0FUCzNUyfQf4RT,"[""recer4I9JB8bWtgM0""]",Sydney Shelby,,,,,,
rec0G59EnQRnDao5X,0,5,Luciano Dome,"[""recjYsJmAKVPUAG2i""]",class_oog,Million's Crack Ki,"[""recvaFmeyxN8zUwyx"",""rec5O8osBWqMAVFnF"",""recGDKWcPo8Ro3vCx"",""reccgbLiz8TcTL2zv"",""recDQEfPh2h3Q33rW""]",5,Stella,rec0G59EnQRnDao5X,"[""reck7KNxJVatu5qIK"",""recZf5JilxOykAhlL"",""rec88WmrE0gSWXFHr"",""reciEAJdtrYf6qWOe"",""recQGvjw92VWHTcTV""]",Stella Kraemer,,,,,,
rec0TKCGVZiPGwRC9,0,1,Fernando Cardenas,"[""recSA6JLxXIoeqSGK""]",class_oog,Barbade Du Ter,"[""recI27QEDztbPYX0t""]",1,David,rec0TKCGVZiPGwRC9,"[""reck904n4YGYEK8w1""]",David Miller,,,,,,
rec0YrrKHcxLsnQPN,0,1,Raishun Burch,"[""rec5VNiNYnXVAnanj""]",class_oog,Neon Spotlight Z,"[""recSZXzYo2rEIrwR9""]",0,Azhara,rec0YrrKHcxLsnQPN,,Azhara Chin,,,,,,
rec0fQwv2Q9zJck2B,0,1,Mari Gromkowski,"[""recQexushi8p8Xgll""]",class_oog,Khan Of Ballmore,"[""recsfWRQp1NAMI84S""]",0,Angela,rec0fQwv2Q9zJck2B,,Angela R. Calkins,,,,,,
rec0kl9lhDCTw4bxG,0,1,August Torsilieri,"[""recel7Tui1CFiT95R""]",class_oog,Lugano,"[""rec05nOvYeZKRmjJD""]",1,Liliana,rec0kl9lhDCTw4bxG,"[""recsPY5EGJuNn2oFw""]",Liliana Nora Menesi,,,,,,
rec0lADouwqghMAAd,0,1,Alison Jones,"[""reccPpBL4rQYdBMJP""]",class_oog,City Of Angels,"[""recLbks7O1PMaT47C""]",1,Sabine,rec0lADouwqghMAAd,"[""recg58xkAVuWMvUpw""]",Sabine Clark,,,,,,
rec0lXJIFvHi7Oj5p,0,4,Wilton J. Porter,"[""recBIuBmnjIBnlRT9""]",class_oog,Kentucky N,"[""recfu3Yfd9weAfidM"",""rec0Dv2QtwVbgQqkt"",""rec8OWj74wrBROtRy"",""reclblfFPGZ6203Xi""]",4,Wilton,rec0lXJIFvHi7Oj5p,"[""recJuDUOmFVaMsUEd"",""recr7okJrTWDibQUA"",""recF0W8eoTTbrb02f"",""recyad0MnsQ6b0jC7""]",Wilton J. Porter,,,,,,
rec0otuCDdzkSG3ar,0,1,Debra L. Ward,"[""recp8AfepuIJngrGM""]",class_oog,Nayla Balou,"[""receljDYMCfnrvT9S""]",1,Mary,rec0otuCDdzkSG3ar,"[""rec4iZ2svnApgdukR""]",Mary Jo Engstrom,,,,,,
rec0wQobR70eQk97e,0,4,Antonio J. Martinez,"[""recoIakTck18pHikM""]",class_oog,Valdes,"[""recDqLWLTELHxRM9X"",""rec2uRDPVBpIkoO5a"",""recW0Dlsb9syKs5ve"",""recNaJ0kqp1c9M0Ka""]",5,Antonio,rec0wQobR70eQk97e,"[""recVys8qg27M44Naf"",""recqqmboGHECUlJyn"",""recAqDdmBqy3B5hH6"",""recXhFNIq8ga5um2X"",""recBPLymAty28jZIq""]",Antonio J. Martinez,,,,,,
rec0x9rLbWUGqvGPz,0,1,Katie Rudnick,"[""rec6npIsj2ldcOqWZ""]",class_oog,Never Ending Story,"[""recXxxSduyhYIdVk7""]",1,Zendaya,rec0x9rLbWUGqvGPz,"[""rec5W8zVBAHOmlvOQ""]",Zendaya Horner Brown,,,,,,
rec0y8f9IiGiQ5gl4,0,1,Matthew Le Master,"[""recN9E8BVaEfvKU1x""]",class_oog,Il Dolce,"[""recRtbiGzYn7F1WF2""]",1,Lauren,rec0y8f9IiGiQ5gl4,"[""recAaq5pWLL9bFKdl""]",Lauren Flesher,,,,,,
rec12lzOQKtI0Qkv5,0,1,Lisa Hasenbeck,"[""recSN0eF04okgAD8J""]",class_oog,Casa Delle Farfalle,"[""rec5RwIwtZ73MZZg4""]",2,Sierra,rec12lzOQKtI0Qkv5,"[""recd84T95KYRhjbjj"",""recntTllVz5o3TKQU""]",Sierra Montgomery,,,,,,
rec19k29zjaRFLbaR,0,1,Lauren Schweppe,"[""recWb8kIRsV2w5Zj9""]",class_oog,Jurrney,"[""recNpF44tpAAjobk2""]",1,Wendy,rec19k29zjaRFLbaR,"[""rec50A1e6NvveXW9q""]",Wendy B. Rice,,,,,,
rec1AU4meQ1ffufH5,0,2,Meghan Green,"[""recY4IG5M0Ub1eRP6""]",class_oog,Liverpool 56,"[""rec84BFw2lO0RAtgl"",""recS5xAw61CzSznVk""]",2,Liza,rec1AU4meQ1ffufH5,"[""recapiXQPWvNxuZL6"",""recVOGkNENJbP9Xxb""]",Liza Guettler,,,,,,
rec1FJm9aRkMpJgMG,0,1,Debra L. Ward,"[""recp8AfepuIJngrGM""]",class_oog,Tavish,"[""recA1M889R2eXkTtW""]",1,Samantha,rec1FJm9aRkMpJgMG,"[""recrWqNtXGqR0SWHN""]",Samantha Corda-Mcgreevy,,,,,,
rec1Mofs0ZZD7KgnX,0,1,Ben Taylor,"[""recmTGLWfZLnyH6TK""]",class_oog,Ira De Span,"[""rec011rtgc0xUyXAW""]",1,Jose,rec1Mofs0ZZD7KgnX,"[""reclE4ZtKbGovcIdP""]",Jose Montenegro,,,,,,
rec1N6F0tZ2Z6a0dQ,2,1,Alan Korotkin,"[""recFIHTcArQhILyAc""]",class_oog,Tenor Van't Klavertje Vier,"[""recwbmw731cwKB5Mb""]",1,Lola,rec1N6F0tZ2Z6a0dQ,"[""recuTXf9H0hZHoqdK""]",Lola Applebaum,"[""recEdZ4OFqFqFuLuN"",""recwfEXf1VHgxYlhC""]","[""rec74rl8mP9PsR40n"",""recrmdzOf3RgvxqGq"",""recHGwLnHHEgpPQGi""]","[""recpgxvjU0tHArwgQ"",""recRd3N2mXYt2kHhj""]","[""recs5cpucn20uU66n"",""recBX6hPKlXT3oFGB""]","[""recqP4qfv1OC3kv3i""]",
rec1SXsCfn8ggGYct,0,1,Juan Benítez,"[""reccVab1jS62QQ5la""]",class_oog,Balou's Paul Ps,"[""recCCyLwjd5I1kA86""]",1,Diego,rec1SXsCfn8ggGYct,"[""recNMq45IIW6vAlQY""]",Diego Gaspar De Goes,,,,,,
rec1mLXyML08iCPpy,0,1,Camille Maynard,"[""receCZCsNdOQDE9z9""]",class_oog,High Time,"[""recKzDZNnajztetMV""]",1,Anne,rec1mLXyML08iCPpy,"[""rec9frvWzFMf9c8Kj""]",Anne C. Hormel,,,,,,
rec1rRr9PfJ44u4mU,0,1,Katie Rudnick,"[""rec6npIsj2ldcOqWZ""]",class_oog,Picture Me,"[""recQhCOFvwzFZ0ish""]",1,Marli,rec1rRr9PfJ44u4mU,"[""recEiVFckiGl6vosq""]",Marli Scott,,,,,,
rec1s3YEvz6wRp9fD,0,2,Andras Szieberth,"[""recIKurBKhyE9TxmA""]",class_oog,Nadia I,"[""rec4YooWMtcVpmXQF"",""rec1rNUMvytBtklqW""]",1,Daina,rec1s3YEvz6wRp9fD,"[""recfcYc88XderhX4o""]",Daina Greene,,,,,,
rec1xNTEGa3rUIdFf,0,1,Matthew Le Master,"[""recN9E8BVaEfvKU1x""]",class_oog,Balencia,"[""recUYAI9ELAilq01f""]",1,Stella,rec1xNTEGa3rUIdFf,"[""recgDTaT57VvTFcLZ""]",Stella Gavin,,,,,,
rec22CzM2EIb7egZV,0,1,Dominique H. Damico,"[""recUSP9h7nazUAhZI""]",class_oog,Tupac Van De Vrombautshoeve Z,"[""recX4J067KZK5mqyl""]",2,Paige,rec22CzM2EIb7egZV,"[""rec3Uv3yOB4Q5NwZf"",""recyN0zO7TiYNyGAw""]",Paige Jones,,,,,,
rec24xHDnlr7Kj1lY,0,1,Debra L. Ward,"[""recp8AfepuIJngrGM""]",class_oog,Sophistakkato,"[""recsAV7EC1XCcjVLn""]",1,Katherine,rec24xHDnlr7Kj1lY,"[""recZ969Ndb9cj3ytT""]",Katherine Nunez,,,,,,
rec26sQvra3iWNE6x,0,1,Stephanie Frey,"[""recGQXJ8M2eFcl9W7""]",class_oog,Best Of Me,"[""recQow1zOdv8t21oJ""]",0,Ashley,rec26sQvra3iWNE6x,,Ashley Wallace,,,,,,
rec292OiOlkSoYFMx,0,1,Katie Moniz Floyd,"[""recPMskDVL2pcUFPb""]",class_oog,Rock Bottom,"[""recfnnkoAHLbVUDlc""]",1,Farrah,rec292OiOlkSoYFMx,"[""recE6rTI9nxl3ddcz""]",Farrah Whiddon,,,,,,
rec29Ue0IrWbswtu3,0,2,Bibby F. Hill,"[""rechIeLAeG0AY6zFc""]",class_oog,Somermist Secret Admirer,"[""recS5m1EQSvZEcJES"",""recDOtGY0befnMTnN""]",1,Linden,rec29Ue0IrWbswtu3,"[""recWv5cRARoLwBg6g""]",Linden Nguyen,,,,,,
rec2JzAL6u5FpzJlI,0,2,Madison Rose,"[""recTFNzdSZ2WKI4Fx""]",class_oog,Diatoon Blue Ps,"[""reckjQTTuinVgI02H"",""recK70cODGeU34vad""]",2,Madison,rec2JzAL6u5FpzJlI,"[""recEkFqamrTfpSxMi"",""reco9xhyefVGZdBVj""]",Madison Rose,,,,,,
rec2R7jOxeWvL99ey,0,1,Maisie Wagner,"[""recWddmd29X3mTMwN""]",class_oog,Spectacular Jedi,"[""rec4pW9bO9QBqQEPq""]",1,Avery,rec2R7jOxeWvL99ey,"[""recebQmUQ4MWj8thS""]",Avery Rush,,,,,,
rec2VxNAPxqPlbevF,0,1,Kathryn Delaney,"[""recpwhIril531ls02""]",class_oog,Harley De Youguette,"[""recJhhRnyFYOTSoPm""]",0,Faith,rec2VxNAPxqPlbevF,,Faith Allen,,,,,,
rec2ZzSAukMmfPita,0,1,Kimberly Nadler-Russo,"[""rec1yq40bnU1koghd""]",class_oog,Maestro Van't Laar,"[""recP4G3QNnl2v954G""]",1,Braeden,rec2ZzSAukMmfPita,"[""recyoV70nYdspP18A""]",Braeden Simons,,,,,,
rec2ddD10LiZx0odI,0,1,Darragh Kerins,"[""recOdyCszUe4VTxPo""]",class_oog,Colbert Q,"[""recQqlvVVUuzmYYt0""]",0,Melissa,rec2ddD10LiZx0odI,,Melissa A. Hirt,,,,,,
rec2dwRqXzc72yGn6,0,1,Kacey Conway,"[""recYF9eSOEpYZn4Ko""]",class_oog,Quizmaster,"[""rec2p6xS8sgo9c9mo""]",1,Lainey,rec2dwRqXzc72yGn6,"[""rec2oJQmqDACrFDkO""]",Lainey Lovell,,,,,,
rec2fj8BKdynfDg3D,0,2,Lauren Schweppe,"[""recWb8kIRsV2w5Zj9""]",class_oog,Milburn Monti Casino,"[""recxlzq3barOz46px"",""recWIVRXmWfip508y""]",1,Evelyn,rec2fj8BKdynfDg3D,"[""reccfnhd9Nq3KBBkl""]",Evelyn Byron,,,,,,
rec2gmXjnMZbtz4xW,0,2,Megan Wexler,"[""recbDjphoL8qMtSeW""]",class_oog,Hendrick Des Forets,"[""rec0ITU8wH9wPEfS6"",""recD9SB1PECGSj1Yb""]",2,Jodie,rec2gmXjnMZbtz4xW,"[""recEqZqbeLMd1XiVB"",""recsKx81yXefHm2mi""]",Jodie Camberg,,,,,,
rec2hEDYAViWnSl7c,0,2,Natalie Johnson Russell,"[""reciFw1xeBgWRjqTt""]",class_oog,Olli Van De Zuuthoeve,"[""recmf6z2silxZhrcG"",""recYWclp9VCMWAQkt""]",2,Dana,rec2hEDYAViWnSl7c,"[""recjAxZRuXSki6nRO"",""rec3d5aE12ySM19YR""]",Dana Narayanappa,,,,,,
rec2jDKTGlikuVdSU,0,1,Daniela Roy,"[""rec2F4zRJZGDzG0M2""]",class_oog,Captain Morgan,"[""recE26EQIjm375tmu""]",1,Gabriel,rec2jDKTGlikuVdSU,"[""recBsU2Jj6yCwEiMr""]",Gabriel Zampieri,,,,,,
rec2kTgEMh08Ob6b3,0,1,Stephanie Free,"[""recBVRfeR9i4COiwE""]",class_oog,Talk To Me,"[""recOBj8vcvUSV1G9z""]",1,Kendall,rec2kTgEMh08Ob6b3,"[""recRNP3eMAyRJEFMu""]",Kendall King,,,,,,
rec2kwFzPKreJnevI,0,1,Isaac Leffkowitz,"[""rec7ppaIMqZuirHoA""]",class_oog,Cold Play,"[""recSpYWN65VvNIf4n""]",0,Kylie,rec2kwFzPKreJnevI,,Kylie J. Geddes,,,,,,
rec2wAS2YrbXNmcut,0,1,Kyle Dewar,"[""recVsz59iVCmUI0Nu""]",class_oog,O'Quality Z,"[""rec3lPXo3qPlqr6jF""]",1,Jenna,rec2wAS2YrbXNmcut,"[""recPkDXCz5fooby5m""]",Jenna Wentroth,,,,,,
rec2xuBuBfqg5ZicM,0,2,Spencer Brittan,"[""recqByBk0EpjI9rLn""]",class_oog,Inlaws Manolo,"[""recEWH4u9If0ikM53"",""recsMbuOUWCeE4DCV""]",1,Kimberly,rec2xuBuBfqg5ZicM,"[""recPiw2ep6uP6wRTx""]",Kimberly Blake Roth,,,,,,
rec306qqGUUlLMqAD,0,1,Derek Van Der Burgh,"[""recw2AcufXB3OnYyW""]",class_oog,Hicorino,"[""reccnNFYTQBX07Nav""]",1,Brooke,rec306qqGUUlLMqAD,"[""recZu88uJonIdPVyP""]",Brooke Borges,,,,,,
rec32BAUTXsxaWP4w,0,2,Morgan Taylor,"[""rec0wCs5ZzmAW8kSL""]",class_oog,Talk About Me,"[""rec0vbmbIKozfec9I"",""recqyb3QQVYkFi3MZ""]",2,Violetta,rec32BAUTXsxaWP4w,"[""recgDhuSDQ6zMAbx7"",""recAZNrHFA3dH55Rq""]",Violetta Bergonzoli,,,,,,
rec32DqxNbjRYwPa0,0,2,Brooklyn Castellano,"[""recPdCHJm1UqhZjLu""]",class_oog,Kurano Sp Z,"[""recvaejywpL5so5AB"",""recq3SaHggwHJZ6TY""]",1,Brooklyn,rec32DqxNbjRYwPa0,"[""recjEm87XWn7DtIVE""]",Brooklyn Castellano,,,,,,
rec3BxcQLNZKJwRBi,0,5,Maya Denis,"[""rec1yYXh3xuiGBsAr""]",class_oog,Lin Lin,"[""recPSAy86BWgZsb5v"",""recOVsCMtqbRa2dvA"",""recPNCV6VOVWK2NaS"",""recvYZlQqAZpnWNKo"",""recGmPubDpsiWp8Rm""]",4,Maya,rec3BxcQLNZKJwRBi,"[""recxiI7bR50kOkLz2"",""recOpcMSGzNAaHJ87"",""recOB0gvl9ol4FFKr"",""recYOe2ff0v83G5zh""]",Maya Denis,,,,,,
rec3JI6oeMRwsEyEb,0,1,Kimberly Nadler-Russo,"[""rec1yq40bnU1koghd""]",class_oog,Fletcher W,"[""reccaQUKYLybKHEwa""]",1,Olivia,rec3JI6oeMRwsEyEb,"[""recIFbblss2EakCsc""]",Olivia Johnson,,,,,,
rec3KyPkvRMIFK5KU,0,1,Carson L. Ruff,"[""recQduwaFmkfTL3Xq""]",class_oog.php,Bellefleur Z,"[""recOsTu5oWwgPp0y8""]",0,Carson,rec3KyPkvRMIFK5KU,,Carson L. Ruff,,,,,,
rec3PaVo95svCEkcx,0,1,Daniela Roy,"[""rec2F4zRJZGDzG0M2""]",class_oog,Tolu,"[""rec2gtsrG7rYcCOdd""]",1,Sara,rec3PaVo95svCEkcx,"[""recOAX1RDtyWEjryg""]",Sara Lopez,,,,,,
rec3VweD3zhl5o4DM,0,1,Kacey Conway,"[""recYF9eSOEpYZn4Ko""]",class_oog,All Class,"[""recLeGBqAs55jNXEC""]",1,Samantha,rec3VweD3zhl5o4DM,"[""recvUVUzrTnEs4ih3""]",Samantha Delany,,,,,,
rec3ZhfWzrr4zMAGX,0,1,Christine Davis,"[""recARZMqQrFq9nlEp""]",class_oog,Greymeadows Pinot Noir,"[""reci37ggCOP56Iue7""]",0,Zoie,rec3ZhfWzrr4zMAGX,,Zoie Davis,,,,,,
rec3gQl0aV9rigp2y,0,2,Patrick R. Wilcher,"[""recU1AQcmSYuCkBtn""]",class_oog,Ozone Vdl,"[""recqjQpR8NboXB0Yl"",""recPI4PUWEIWkoNxr""]",2,Patrick,rec3gQl0aV9rigp2y,"[""recZeRDlzip5lxPtT"",""recMDcq9uN5X1rDjh""]",Patrick R. Wilcher,,,,,,
rec3nADl9IqqdRXd1,0,3,Angela Swanson,"[""rec9hQVBgpLiTbKmW""]",class_oog,Cash The First Des Rosiers Z,"[""recMfywBbZte9vRS3"",""recQGYjpOfrvS5njR"",""reciui6ReMWydzeSF""]",3,Angela,rec3nADl9IqqdRXd1,"[""rec4qUOGVJAGUZqnw"",""recIem3eXtuwqkBpL"",""reconx5lBicdfU2ys""]",Angela Swanson,,,,,,
rec3pY7apXwfTmgAy,0,3,Jasmine Walsh,"[""recI1AZhpQDfY3cRY""]",class_oog,Santino,"[""recTl6xiHXjgT0YY4"",""recESRryqm3rYzNmy"",""recb3aoVyoF0GP1Hp""]",3,Jasmine,rec3pY7apXwfTmgAy,"[""rec9JEZc89Tnnz4bF"",""recfKc7mykWwAnnCx"",""recwPvS0fTpPNe0CW""]",Jasmine Walsh,,,,,,
rec3tPmVZKASH2PqQ,0,1,Gianni Gabrielli,"[""recBAzsT29cV74CnZ""]",class_oog,Royce Van Den Henxbroek,"[""rec302NoK3OfRFOSR""]",1,Skylah,rec3tPmVZKASH2PqQ,"[""recuoqJOcF2si7HDS""]",Skylah Watkins,,,,,,
rec3xaSH4kvOzYXQ3,0,1,Madison Daughdrill,"[""recQXTpW29gQ8CQhu""]",class_oog,Dank's Corner Livin' In The Future,"[""recHhzuyLxlaQtDz2""]",0,J'Alynne,rec3xaSH4kvOzYXQ3,,J'Alynne Rivera,,,,,,
rec45xeSyRTpyJ2zV,0,2,Brooke Eddy,"[""reclpyjsxImYb6Ul2""]",class_oog,Czechmate,"[""recEGszJmOp7bz0OB"",""recHA1XH3iVUvV58m""]",2,Brooke,rec45xeSyRTpyJ2zV,"[""recze8WNaAqnZyEhM"",""recQIGIc8cE2pgwWI""]",Brooke Eddy,,,,,,
rec49jKVAw5ScYA7G,0,2,Sydney Rowland,"[""recFsMRQIqS8lWRWR""]",class_oog,Maminka,"[""rec8YINI8jJV8z09Q"",""recTTq34WC55wI9mR""]",3,Lexi,rec49jKVAw5ScYA7G,"[""recbudwFhpwTGxAjY"",""recVQl1bG82CSQkOp"",""recwpKZrzKeu5qt2f""]",Lexi Ferder,,,,,,
rec4DsivRRwV7UXmX,0,1,Bryce P. Richardson,"[""rectIwXBJfkrEAaOG""]",class_oog,Fbf Sundrop,"[""recPEid8ck3sbuX76""]",1,Stacy,rec4DsivRRwV7UXmX,"[""recsqsoE9SMDSF5JV""]",Stacy A. Ryback,,,,,,
rec4GU1L6Oa9rB3UW,0,3,Laura Gaither,"[""rec0OHl8PfuMKFsyt""]",class_oog,My Diamant,"[""recHigUbk8O2rt4YX"",""rectJHLGfkz83GWKx"",""recV1VYfXGOki1cWY""]",3,Laura,rec4GU1L6Oa9rB3UW,"[""recVoPNyQWvqU4tMF"",""recNuQZgLFZzx6m0C"",""recnGImQGdEswUBto""]",Laura Gaither,,,,,,
rec4L2uVzDCpQ4NGk,0,2,Luis Pedro Biraben,"[""recg0VzaMYRIuLt14""]",class_oog,Vasco 109,"[""reczmfcr4bD0aJjdS"",""rec7d5cNC1VojG6xW""]",2,Luis,rec4L2uVzDCpQ4NGk,"[""recpi7FbJ0BNBPikZ"",""recgug85X8x8t1niL""]",Luis Pedro Biraben,,,,,,
rec4N04C8YBHcaL4O,0,1,Casey Johns,"[""recEz6cLDl78OaJal""]",class_oog,Gayfields Tickety Boo,"[""recgBiZrhh039xK5l""]",1,Sophia,rec4N04C8YBHcaL4O,"[""reclazRctUbtl3xLE""]",Sophia Sankowski,,,,,,
rec4NvqQzRLo07ZXw,0,1,Dana Kurrle,"[""recNlaJ4fNzGpH0Rf""]",class_oog.php,Newcomer Z,"[""reckf5vereqxMaJMI""]",0,Xavier,rec4NvqQzRLo07ZXw,,Xavier 5. Gomez,,,,,,
rec4PcNx1EROlGAmm,0,1,Juan E. Hidalgo,"[""recWm4nXbUtPYpLCL""]",class_oog,Cfh Ricardo Two You,"[""reck168DhM2xEDlCA""]",1,Annika,rec4PcNx1EROlGAmm,"[""recAEIaYalYre2llI""]",Annika Quanbeck,,,,,,
rec4QObpXAEMzGjYz,0,1,Mario Garcia,"[""recgLDs1PX5pujyno""]",class_oog,Ata Fe Dulce,"[""recPQL6azSpEEvNcS""]",1,Lyla,rec4QObpXAEMzGjYz,"[""recNSqR2GLBH1gzvl""]",Lyla Roberts,,,,,,
rec4TgJ6VN8jfdTXm,0,1,Manuel G. Torres,"[""recIorvNwvWPlOR66""]",class_oog,Conthalando Ps,"[""recDXmtE1EtbKe5Z0""]",1,Manuel,rec4TgJ6VN8jfdTXm,"[""rec3zyMPoFyldLxW3""]",Manuel G. Torres,,,,,,
rec4bGHnc6K7y1cJw,0,1,Benjamin J. Meredith,"[""reccRPUdMRZMCiJuf""]",class_oog,Chris B,"[""recsB7WBTOhoiZ7Fm""]",0,Benjamin,rec4bGHnc6K7y1cJw,,Benjamin J. Meredith,,,,,,
rec4buni1J59TYcNS,0,1,Courtney de Hechavarria,"[""recv85dMm1vEE8kec""]",class_oog,Howie Do It,"[""recEca3dY4K2WdByh""]",1,Finley,rec4buni1J59TYcNS,"[""recTllW1I5Hp3rsKI""]",Finley Morgan,,,,,,
rec4cEjMecSZDXqFx,0,1,Morgan Taylor,"[""rec0wCs5ZzmAW8kSL""]",class_oog,Sublime,"[""rec0ccuSsFq6Hqk01""]",1,Pranadha,rec4cEjMecSZDXqFx,"[""recwGcO2bv6w3EA36""]",Pranadha Sheela,,,,,,
rec4dczTNgJ0tnKTw,0,1,Camille Maynard,"[""receCZCsNdOQDE9z9""]",class_oog,Belle,"[""rec0ViGBFOoUgCE9l""]",0,Colby,rec4dczTNgJ0tnKTw,,Colby Maynard Maddrix,,,,,,
rec4i0yhWAXBUxDNL,0,1,Jessica Collins,"[""recNpo5pbhuzTKAIi""]",class_oog,Hickstead Legend,"[""recG7uweZEH4T75hg""]",1,Mason,rec4i0yhWAXBUxDNL,"[""recMKzrJ2Q9vgeEPC""]",Mason Plaumann,,,,,,
rec4lA1dG8qgtDZwW,0,1,Jennifer Strickland,"[""rechnMyqDMI94XcqU""]",class_oog,Milas D,"[""rec4nUa5OPixUm7uS""]",0,Annabelle,rec4lA1dG8qgtDZwW,,Annabelle Campbell,,,,,,
rec4xmt1vJjON38j0,0,5,Ben Taylor,"[""recmTGLWfZLnyH6TK""]",class_oog,Eliott Dz,"[""rec1L7nHKepoFIwZq"",""recWt5nWBa2SufAvp"",""recfYTTjfDAsazjDL"",""recgrjSgq0VNuLGpo"",""recv8f1K44vlGb0o4""]",7,Aaron,rec4xmt1vJjON38j0,"[""recPO0LJIpCgiyGYx"",""recLvWuP2J8cSVcb4"",""reckHWLHPNl8zsd7B"",""recxf2hJeyR0Pod4b"",""rec79GI4KSUnzcxKK"",""recTBGxYqTMhlMCuV"",""recKf9uorI8nw0z5l""]",Aaron Vale,,,,,,
rec4yo3C7hHrQlfdq,0,1,Ben Taylor,"[""recmTGLWfZLnyH6TK""]",class_oog,Dorado Sdn,"[""reccdhmunQM3p5ySo""]",1,Cooper,rec4yo3C7hHrQlfdq,"[""recWZYPesnF1w0ZOc""]",Cooper Beisel,,,,,,
rec50cOyj9krr4nq5,0,3,Timothy Maddrix,"[""recQUXHjJZbV57FsH""]",class_oog,Quina Blue Ps,"[""recXDTBxiDiXRbLqW"",""reciSVHSq448vSyrP"",""recYtMQ90CfQwa769""]",3,Timothy,rec50cOyj9krr4nq5,"[""rec9N1Ti4a8Q38uHS"",""rec3Ajj0at5slKfYA"",""rec6b9get1DuDSNzS""]",Timothy Maddrix,,,,,,
rec57kNAMePseOzKb,0,1,Patrick R. Wilcher,"[""recU1AQcmSYuCkBtn""]",class_oog,Lonesome Dove,"[""recgBey9cKweOiVzq""]",1,Isabella,rec57kNAMePseOzKb,"[""rectAgVU3we2blL9U""]",Isabella Ruohomaki,,,,,,
rec5EhfTnbywcBHpc,4,2,Alan Korotkin,"[""recFIHTcArQhILyAc""]",class_oog,Specialist,"[""recnQ5XOUOoXDWCda"",""recJBmmeVg06cGO87""]",1,Kate,rec5EhfTnbywcBHpc,"[""recBfBZQnclsaJ7hC""]",Kate Marisch,"[""recsTPlmzSoEOJ9PD"",""rec3lgsvJOxrR20bh"",""recsZof39xsbn0zRj"",""recIw5sSGaS95M1Ej""]","[""rec7F7ZnEHLci1GlB"",""recdma1bPcCKzGbCV"",""recHQCqKm33XJKU5o"",""recqtlpbxYq6QYO6G"",""reczOF5Eo76L9zZM0"",""rec60GcqesZeD7lJY"",""recjOslOxJYpGLYFM"",""recXSzKrbvb92SwUN"",""recfToVYu6ghfGrgS""]","[""recNLYJd2cvA0aBEL"",""rechdH3c2hyesd07q"",""recZdUHZ5eSv6o7he"",""recU23OXos2JEIsTr""]","[""recQADDokz4TUDbui"",""reck2mXnkE7xmGAXX"",""rec22zBanBrO0RH7L"",""recPi5Q9n77aOvCig""]","[""recBqkzo836EePbD9"",""recrgGK9Byi6YF2Uv"",""rec878qGco4PCdqpn""]",true
rec5MlL9OQJ3jlSbG,0,2,John Paulsen,"[""recNSLAabY22Iw1Z1""]",class_oog,On The Clock,"[""rec8yCaafwHR1yQyp"",""recga1p2gHq74cRn0""]",2,Heidi,rec5MlL9OQJ3jlSbG,"[""recb666cCgReqLBEk"",""recZ6ePCGKjsNz47Y""]",Heidi Paulsen,,,,,,
rec5PSI4vDRdbgcGL,0,1,Ben Taylor,"[""recmTGLWfZLnyH6TK""]",class_oog,Levano,"[""recKSwzb931OSIE2J""]",1,Sarah,rec5PSI4vDRdbgcGL,"[""recG2OVyitHn9s0Ns""]",Sarah E. Turner,,,,,,
rec5RnC57daRX7Mi1,0,4,Lia Screnci,"[""rec0eBWOxYRez99HS""]",class_oog,Puccini Van Orti,"[""recrLnFNUvl173919"",""recnJ0yX8uvWRaYPo"",""recAcezq3hDqF2BUf"",""rectzY46Vtbkcr12D""]",4,Lia,rec5RnC57daRX7Mi1,"[""reclJXmGJpF3hBccU"",""rec8bEkXQ121XUPro"",""recNjbOAcTg809hYR"",""recyh6ROTkkw13BrX""]",Lia Screnci,,,,,,
rec5ajwSmFOn8GV9H,0,1,Megan O'Brien,"[""rec18D1jOyn6X42k9""]",class_oog,Hellcat,"[""recxGALw1YEWdE4UY""]",1,Megan,rec5ajwSmFOn8GV9H,"[""recZnssMwPiGKbLvF""]",Megan O'Brien,,,,,,
rec5eSBDWhpK0tlte,0,3,Kim Taylor,"[""recMsKXGUQA6BQOth""]",class_oog,Endeavor In His Name,"[""recjXGoSpmndP1mil"",""rec2rQQ0oGkiRYFHt"",""recDiDE2MtLKKf0P3""]",3,Alyson,rec5eSBDWhpK0tlte,"[""reckvF1nGccZ2LlCd"",""recWxE5xbvlhuQSg2"",""recMw3vZvAvTFLYOW""]",Alyson Jones,,,,,,
rec5eeBOUY791C5bu,0,8,Isaac Leffkowitz,"[""rec7ppaIMqZuirHoA""]",class_oog,Cabana Boy,"[""rec3tOlCzuqzu8xpK"",""rec5ilpr2s7Hlj44B"",""recAhS04AxFaq6eTd"",""recSpYWN65VvNIf4n"",""rech1HNqhAB9ph3s6"",""recRfkenRgYpuF8fS"",""recrMq9Lypfzx04aw"",""rectnWr9scFwpHkvJ""]",10,Isaac,rec5eeBOUY791C5bu,"[""recpP4j7nPlQwSf15"",""rec9rHx6aDDm4lD8r"",""rec3Z99UEZL8sSNY7"",""rec5WQl0Uwyt03T0k"",""recmbLe9gjwLn55mt"",""recU702x9XlGPM9j0"",""recSAF0IdEdEUFC1d"",""recSEYXiZxQFGbHXq"",""recHty4PZ51DfdrOL"",""recIsgyCC9k8b5fCm""]",Isaac Leffkowitz,,,,,,
rec5ifryJ1tg6JsgV,0,2,Alyssa Venn,"[""recvlKnVrjrfAQE3f""]",class_oog,Untouchable's Unique,"[""recgiv4yhI3KP9VH5"",""rec2RoE1G77AFQsDv""]",2,Dominic,rec5ifryJ1tg6JsgV,"[""recMk2zeczItF2s3g"",""recWUrpDr1kPZ7RMM""]",Dominic Arnold,,,,,,
rec5kDHL5wHbYs33J,0,1,Lincoln Russell,"[""recS6sxPEULRVow6v""]",class_oog,Cartier De Muze,"[""recUoea9FBJSIFPgy""]",1,Lincoln,rec5kDHL5wHbYs33J,"[""recToI8ktnABOD4rJ""]",Lincoln Russell,,,,,,
rec5wVh7jpJmRorXu,0,2,James Gentleman,"[""recReZ0D2zANcGXoH""]",class_oog,Not Another,"[""recXLzqJ3a5OeVozW"",""recqOpAZreu0dm9iA""]",0,James,rec5wVh7jpJmRorXu,,James Gentleman,,,,,,
rec61N7IuP6cXdLkH,0,3,Jared P. Petersen,"[""recWoImYqrWG0E1xh""]",class_oog,Diablue Sh Z,"[""rectiy9k81CaMREHj"",""recftVsxvhU3pxhGz"",""recpS7olJ6AomYXNk""]",3,Jared,rec61N7IuP6cXdLkH,"[""recpQj5KPgaEWjxEa"",""reczhMBQy68g02ImT"",""recgRutfSbyZDsyAC""]",Jared P. Petersen,,,,,,
rec63Jm3i7dGwbNQG,0,1,Courtney de Hechavarria,"[""recv85dMm1vEE8kec""]",class_oog,Nr Golden Graham,"[""recP7gqkpNS8ewIrc""]",1,Ella,rec63Jm3i7dGwbNQG,"[""recALnitG3TN7XQ4p""]",Ella de Hechavarria,,,,,,
rec66M6JP65oUgxt7,0,1,Antonio J. Martinez,"[""recoIakTck18pHikM""]",class_oog,Carmenzita,"[""rec70VEuoqNs0m1Cp""]",1,Katherina,rec66M6JP65oUgxt7,"[""reclZ66kVPSeBf8I8""]",Katherina Sciuto,,,,,,
rec66VzhNh321sG4u,0,1,Katie Moniz Floyd,"[""recPMskDVL2pcUFPb""]",class_oog,Whata Heart Throb,"[""recuIFrsrZvUsdCLE""]",1,Kimberly,rec66VzhNh321sG4u,"[""recPOYwljVGxMKLTP""]",Kimberly Ewing,,,,,,
rec6706A0jhb96oOe,0,6,Celso Ariani,"[""rec5Zl0N5TXr6Cc95""]",class_oog,Facundo De La Nutria,"[""recBpibv9YAh7V1Z2"",""recLNnmL9i2bqIPdm"",""recabZZWJAemXoGRD"",""recLiplT5iysXRSiV"",""recPzghsQT7R3fC8Y"",""recOZ9UPOk8sC3QWe""]",6,Celso,rec6706A0jhb96oOe,"[""recL4jKm0eoF4WCaH"",""recJ3UqDyllaCAglQ"",""recSUHXG1aUOdU7eF"",""rec81sUUNYt18WiAO"",""recKnpes6SEjkV7pz"",""recBKYF2PYQxmUqv0""]",Celso Ariani,,,,,,
rec6DLuiZHDSdzLF9,0,1,Maya Abdallah,"[""recI1g5Ddvuo2Aqkw""]",class_oog,Raise A Glass CF,"[""recT3Q3BVFUqScBIP""]",1,Serene,rec6DLuiZHDSdzLF9,"[""recaKN30sYkeitstu""]",Serene Moumnine,,,,,,
rec6O8cJ48p1djCBY,0,3,Juan A. Rodriguez Silva,"[""reclu4ZfxeCUoDgLA""]",class_oog,Ferdita,"[""recacQg6LsfABw3mV"",""recZ6iaaYpLDnhB5c"",""recEA81YHES7j8aEP""]",3,Ana,rec6O8cJ48p1djCBY,"[""rec1zG5BsIopNkvgJ"",""recN5KhTvL1b6Wxp7"",""recQBcW7clyHLcXmK""]",Ana Cristina Rodriguez,,,,,,
rec6PfdUq1V5Pn86W,0,1,Isaac Leffkowitz,"[""rec7ppaIMqZuirHoA""]",class_oog,Mary J,"[""recydrjm8EMegldSp""]",1,Rebecca,rec6PfdUq1V5Pn86W,"[""recbBuCGoa2DVvxQE""]",Rebecca A. Milliken,,,,,,
rec6WJh8ugWLFk1a9,0,1,Jessica Collins,"[""recNpo5pbhuzTKAIi""]",class_oog,Hh Hyyerr Calling,"[""recT5WTalCuel5euU""]",0,Francesca,rec6WJh8ugWLFk1a9,,Francesca Giarrusso,,,,,,
rec6aVGZIUskBZGZL,0,1,Stephanie Free,"[""recBVRfeR9i4COiwE""]",class_oog.php,Secret Affair,"[""rechGbAIoLkxWjhRS""]",1,Cindy,rec6aVGZIUskBZGZL,"[""recmO75fAMLAZyXbH""]",Cindy Secret,,,,,,
rec6eqb0fBJcoRHZU,0,4,Marcus Gruenthal,"[""rec4KAl96j0uH9if9""]",class_oog,Cachaca Pitu Lhf,"[""recqcYXMX1DI8cqj1"",""recRJnWJ6LZ3r403l"",""rech955C4jzPxGzsU"",""recsBwPifRjX57n89""]",4,Marcus,rec6eqb0fBJcoRHZU,"[""rect87snjPMcY7fbo"",""recA9WN5yyh58eP0i"",""recOlHBWITPhZK4g5"",""recURpiT91CHk3NR8""]",Marcus Gruenthal,,,,,,
rec6qb1pnoFynbJWM,0,2,Lisa Hasenbeck,"[""recSN0eF04okgAD8J""]",class_oog,Casa Quo Vadis,"[""rec3nHv51hRLMYzq9"",""recvCGTMcpB6GIFQn""]",1,Grace,rec6qb1pnoFynbJWM,"[""rec1kzOSCYINSWMgd""]",Grace Harrison,,,,,,
rec6wPiU3mn7pKqtV,0,6,Maleah Lang Mcmahon,"[""recScvZPMMmuVjpAg""]",class_oog,Elalisa,"[""recfEzPHrLfQjgcds"",""recVdhUWpKl6PKIOk"",""recacSlktTfSCsO8b"",""recBezwCTbGePCZMo"",""recwhaKxdJNMbLzwt"",""recD9gwIjpzrVvDIe""]",7,Maleah,rec6wPiU3mn7pKqtV,"[""recWXO4ts3p4Au4to"",""recGRczw4eXlBMkK6"",""recyPJIuIT4RGZCT5"",""recTA1ZVZrvwdBJPz"",""recrakE8uCpPiKueL"",""recV6W9xPPlc1hmiJ"",""receo6taKueoXOJxq""]",Maleah Lang Mcmahon,,,,,,
rec6woGEX9IGLSlUm,0,1,Alexandra Goetze Bell,"[""recJw4KTGszq5ixgY""]",class_oog,Virgules Balou Van 'T Neerhof,"[""recxEtnlYuDZ9DkTm""]",1,Alexandra,rec6woGEX9IGLSlUm,"[""recfUavC1vih6Z4fE""]",Alexandra Goetze Bell,,,,,,
rec6ysxUctaB5NfSJ,0,1,Jacqueline Steffens Daly,"[""rec3YjZUNtuqDJ0nC""]",class_oog,La Luciole,"[""recpjmVkhaMa5uNgi""]",0,Hailey,rec6ysxUctaB5NfSJ,,Hailey Lay-Hak,,,,,,
rec7A4JPtP8rt44q1,0,2,Stephen Dicarlo,"[""recupQMhsCpx3otEi""]",class_oog,Grandia,"[""rec3fBjNTw6F2vmRA"",""recTiq35XKEnjYr4F""]",2,Esme,rec7A4JPtP8rt44q1,"[""recMWVCsnuFxNS8t1"",""recf32m9uv1cIoTdZ""]",Esme Desautel,,,,,,
rec7ELvs61kTO6o8h,0,1,Erica Robson,"[""recMir2WcmMLTzpZq""]",class_oog,Spice Girl,"[""recjdMClb9vZnjzZ5""]",1,Bernadette,rec7ELvs61kTO6o8h,"[""rec0OvFLXfoZKvs15""]",Bernadette Sobrino,,,,,,
rec7JhqMK4DWc8LY5,0,2,Carson L. Ruff,"[""recQduwaFmkfTL3Xq""]",class_oog,Bellefleur Z,"[""recOsTu5oWwgPp0y8"",""rec3gVJGUApRE1G3u""]",2,Addison,rec7JhqMK4DWc8LY5,"[""recL1SsZsFHnzYjRl"",""recyIn6WNt6HlgIDB""]",Addison Hall,,,,,,
rec7QFk37tD1CriFs,0,1,Darragh Kerins,"[""recOdyCszUe4VTxPo""]",class_oog,Riverstown Flamenco Cruise,"[""rec8A2lbxQcozlnDf""]",1,Jenny,rec7QFk37tD1CriFs,"[""recVUmGO6khwmUVT2""]",Jenny Walker,,,,,,
rec7QKqlsRrCcs4Rd,0,1,Cynthia D Mesker,"[""recj1mtC1YuSuggTF""]",class_oog,Virella,"[""reclV7zcsVC6LyF4i""]",1,Cynthia,rec7QKqlsRrCcs4Rd,"[""recmZqCDdrzOipU6k""]",Cynthia D Mesker,,,,,,
rec7QsPrCjP5aaOd2,0,0,,,,,,1,Collyn,rec7QsPrCjP5aaOd2,"[""recSQWPXrhPWXzxAt""]",Collyn Smitherman,,,,,,
rec7S7t2RbbauTtda,0,1,Rebecca Warth,"[""rec456G3R5wbsgOk8""]",class_oog,Os Quincy,"[""reczxmLcbbOMopigx""]",1,Rebecca,rec7S7t2RbbauTtda,"[""recI8Aeh6KyBGtUTc""]",Rebecca Warth,,,,,,
rec7Ut45GWfXhOC1M,0,2,Megan Wexler,"[""recbDjphoL8qMtSeW""]",class_oog,Confidentially,"[""recy5hDHL2y6FpWWh"",""reciepx4wxOC09KnY""]",2,Lucy,rec7Ut45GWfXhOC1M,"[""recnJs6w15cjgPtZy"",""recRPfRo59FcQb68k""]",Lucy Wexler,,,,,,
rec7XYSluLDsrEm1b,0,1,Shannon Y. Clifford,"[""recUlyG8wMwlKopQw""]",class_oog,Big Castle,"[""recrvn328Tmv7HfxZ""]",1,Shannon,rec7XYSluLDsrEm1b,"[""recpXueurS377Mrkk""]",Shannon Y. Clifford,,,,,,
rec7f7BAxJlquItEu,0,1,Stephanie Free,"[""recBVRfeR9i4COiwE""]",class_oog,Spot On,"[""rec1LOPTSEvOn9Czl""]",1,Allison,rec7f7BAxJlquItEu,"[""rect1d7lN7ldDNNRM""]",Allison Wise,,,,,,
rec7t3G7rY0SFDSwO,0,2,Richard A. Spooner,"[""reczNfVkVVBnpCR5D""]",class_oog,Lyjanair,"[""recoePvez1dUpMQU8"",""recwyDBYG3PDDvYQA""]",2,Richard,rec7t3G7rY0SFDSwO,"[""recBjezp7voIF02N8"",""rec7dFt7LqAIZa3sg""]",Richard A. Spooner,,,,,,
rec7wgjXCOF4uxl6i,0,2,Kelsey Duffy,"[""recJe0LFDSWmZkYs4""]",class_oog,V.h. Paris Fox,"[""recacDysjHQBziLIW"",""recdd1BVXpCTjOogN""]",2,Marlow,rec7wgjXCOF4uxl6i,"[""recuddIKIuwNLGEe2"",""rec55QuaBFAQFcsdh""]",Marlow Rickun,,,,,,
rec7zPNAjOrAi3nVJ,0,2,Patrick R. Wilcher,"[""recU1AQcmSYuCkBtn""]",class_oog,Psj Hana 6,"[""recguRqJ7rOKiuHTB"",""recMi4Gk4sjKerTep""]",1,Maja,rec7zPNAjOrAi3nVJ,"[""recs0olEcPhG6L0j3""]",Maja Mossberg,,,,,,
rec80MabN4TywgT9f,0,1,Marissa Creviston,"[""recUr6Fi772oNLJ5v""]",class_oog,Delta Blues,"[""recKf2iviypuesPFP""]",3,Marissa,rec80MabN4TywgT9f,"[""recutvWECAJbYHvFO"",""recbkPoe4t8Irl2NP"",""reciUYPuxHcgL26wE""]",Marissa Creviston,,,,,,
rec8ChXFoOgj2B53g,0,1,Stefano Baruzzo,"[""recqebjIKM3r0tkep""]",class_oog,Arthur,"[""recOEUEDDZHmRlkKO""]",1,Stefano,rec8ChXFoOgj2B53g,"[""recbhoeEZbeIiWOod""]",Stefano Baruzzo,,,,,,
rec8CvnauqvLMVUf0,0,1,Antonio J. Martinez,"[""recoIakTck18pHikM""]",class_oog,Lisdeen Lady Kvj,"[""recCO6qdAsYAySo1B""]",1,Ellie,rec8CvnauqvLMVUf0,"[""recEowePriWsC8ik3""]",Ellie Zimmerman,,,,,,
rec8GL7h1CWWbSviG,0,1,Debra L. Ward,"[""recp8AfepuIJngrGM""]",class_oog,Copernicus Z,"[""recjoyTU6vFi9Vio0""]",1,Grace,rec8GL7h1CWWbSviG,"[""recStFvN12aPsOfGR""]",Grace Phan,,,,,,
rec8KP4FWbKeaxKB3,0,3,Tom Monaghan,"[""rec0mxYvqyiMsXHtK""]",class_oog,Malmo 54,"[""recwhyo1jEAFwr2JO"",""recHcQb0mthqatoC8"",""rec4t0FzVih0kCmed""]",3,Tom,rec8KP4FWbKeaxKB3,"[""reckUoAy4E5f7VFWf"",""rec6wNQ8qnyhIyKnM"",""recYMjXkeMz3isTBm""]",Tom Monaghan,,,,,,
rec8UUBoADypKtGHQ,0,1,Stephen Dicarlo,"[""recupQMhsCpx3otEi""]",class_oog.php,Ziggy Stardust,"[""recvb5lkfvnh4qeZv""]",0,Stephen,rec8UUBoADypKtGHQ,,Stephen Dicarlo,,,,,,
rec8eowQRZXV3oVxo,0,1,Jennifer Phethean,"[""rec2XNYc72zstptO7""]",class_oog,Striking Elsa,"[""rechjHHcAV6E5Zvsx""]",1,Jennifer,rec8eowQRZXV3oVxo,"[""recFZqfjjBg2iwfJO""]",Jennifer Phethean,,,,,,
rec8mAGBiGYk3HpkV,0,1,Samuel Parot,"[""recnutMCbWmttrhyI""]",class_oog,Buga Z,"[""recIfem3TXVWXAB2k""]",1,Dolores,rec8mAGBiGYk3HpkV,"[""recyKbRMCGmfGewAV""]",Dolores Funes,,,,,,
rec8mL4WnVntpQaTA,0,1,Kathryn Delaney,"[""recpwhIril531ls02""]",class_oog,Kennedy,"[""recJVg3nk3gtSYaoh""]",1,Izabella,rec8mL4WnVntpQaTA,"[""rec1jsiwNJbaqTry3""]",Izabella Zourdos,,,,,,
rec8pjhUK2dw0I7FB,0,1,Stephanie Free,"[""recBVRfeR9i4COiwE""]",class_oog,Carolina Bay,"[""recsJ5fy4cS6erdA0""]",0,Lily,rec8pjhUK2dw0I7FB,,Lily Gloriod,,,,,,
rec90AY2oQyQzzoUN,0,1,Carly Tredinnick,"[""recjGahspjyOKdkyr""]",class_oog,Dublin,"[""recirHuE46MLWzQc5""]",1,Amelia,rec90AY2oQyQzzoUN,"[""reccJGzhx3OasZ6fm""]",Amelia Tredinnick,,,,,,
rec91JoLPmojny7Ah,0,1,Stephanie Frey,"[""recGQXJ8M2eFcl9W7""]",class_oog.php,As You Are,"[""recL78zo5CXGrUV0s""]",1,Miro,rec91JoLPmojny7Ah,"[""recoVpUg1DgaXBKqa""]",Miro Frey,,,,,,
rec974lTBQb8pAelY,0,1,Leah Lang-Gluscic,"[""recpHh1PShXkwhM2V""]",class_oog,Dimazzo,"[""recZkCFReFrLUJo2s""]",1,Leah,rec974lTBQb8pAelY,"[""recZjVJhvDeW8E4h6""]",Leah Lang-Gluscic,,,,,,
rec9AOBY6djC53osc,0,2,Jessica Collins,"[""recNpo5pbhuzTKAIi""]",class_oog,Quite Clever,"[""recVvr3i3orCifh5H"",""recCpjFhbOsTOGJUB""]",3,Jessica,rec9AOBY6djC53osc,"[""recIQVgKeN2LNZnrj"",""rech6wXoI6X3xY90b"",""recMemx832jy1SfEr""]",Jessica Collins,,,,,,
rec9ElUH8g5rla1mh,0,1,Natalie Geller,"[""recz8qWzDP2cl0zXp""]",class_oog,Mtm Nutmeg,"[""recRohJrA6QjFRROT""]",1,Rachel,rec9ElUH8g5rla1mh,"[""recul7YU3h0jBRd89""]",Rachel Zaluski,,,,,,
rec9QNDx2IegGtFnl,0,2,Elizabeth C. de Golian,"[""recVpkQDmdDLWOnf7""]",class_oog,Red Admiral,"[""rec4s0Mzjefu6r5cl"",""recreUf0EnmZ0w8XW""]",2,Elizabeth,rec9QNDx2IegGtFnl,"[""recdonopJ0WtIypgP"",""recutOuRfDtmGYnr5""]",Elizabeth C. de Golian,,,,,,
rec9WGfroIzNJgxYO,0,1,Kirk Webby,"[""recAQw955LG6uVCeK""]",class_oog.php,Cameron 38,"[""recsNgxhTd41Ps8ZF""]",0,Jamie,rec9WGfroIzNJgxYO,,Jamie M. Stryker,,,,,,
rec9bdGQgGu9zWiEQ,0,3,Captain Brian Cournane,"[""recclCEkrFrjDDv36""]",class_oog,Castlefield Dream,"[""recsKkiNg0lfLi4MY"",""recGM6SqPGsYdfkoo"",""recpufs1guD9CqDb5""]",5,Captain,rec9bdGQgGu9zWiEQ,"[""recvKAArSusorh5to"",""recQCUi9gMth3vZD2"",""recO6KU4WirqGei7w"",""rec0nIlVrJ81KpK5w"",""recCujvGOmv06gqb6""]",Captain Brian Cournane,,,,,,
rec9bvr48FkMESsHg,0,4,Bobby Boulger,"[""recWQdJafSZQqtOiB""]",class_oog,Dominator Touch Z,"[""recxIlsrbOjPhhb8a"",""rec6X8TFkV3MzY8Lj"",""recdCFjm5K74Cf8ym"",""recuGRN6MHnNAfPkm""]",4,Kalli,rec9bvr48FkMESsHg,"[""recmwSV8aoUmWPYJS"",""recpGXFL5Gw43iH4m"",""recUxyV5yb4LFF1EB"",""recCnnePf7K82RFVC""]",Kalli Core,,,,,,
rec9fIR10f73qL1si,0,2,Kimberly S. Maloomian,"[""recqHUJJahci2rF3E""]",class_oog,Only Always,"[""rec6NgqkkCNTmrbDA"",""recw3ZOiSLcHgxMgs""]",2,Kimberly,rec9fIR10f73qL1si,"[""recFtnmzhTDGlhFbC"",""rec53XSizG64Ut8fX""]",Kimberly S. Maloomian,,,,,,
rec9hDnDABk2Jn63Z,0,1,Antonio J. Martinez,"[""recoIakTck18pHikM""]",class_oog,Valdes,"[""recDqLWLTELHxRM9X""]",0,Athena,rec9hDnDABk2Jn63Z,,Athena Lekkas,,,,,,
rec9sgXQpjPkE204z,0,1,Matt Martin,"[""recRnYU8EgCMCN4Tl""]",class_oog,All In,"[""rech2gyew6YKsl923""]",0,Matt,rec9sgXQpjPkE204z,,Matt Martin,,,,,,
rec9wGvChkIEYr9ra,0,2,Dennis Mitchell,"[""recoecRalvylo1ERb""]",class_oog,Granslam De Lezellec,"[""rec4VDspCpJERBJl8"",""recBIM9PfT6bsg41D""]",2,Lilly,rec9wGvChkIEYr9ra,"[""recARRtM6on1LSMRP"",""recF4cj2RXKDMSliP""]",Lilly Mack,,,,,,
rec9xdU3MJtpDiRxC,0,1,Amanda Flint,"[""rec3UdGAtomDxEozr""]",class_oog,Santana,"[""recXmjfTXve9sBDbF""]",1,Elli,rec9xdU3MJtpDiRxC,"[""recBEFytHdCyQqvMe""]",Elli Yeager,,,,,,
recAATtzYsIZzhjnb,0,1,Samantha Mccleerey,"[""recNt8RCU3OfCIZg6""]",class_oog,Chaning Tatum,"[""reckANjuzr2lIgoX7""]",1,Samantha,recAATtzYsIZzhjnb,"[""recygGog8FLxrMnVH""]",Samantha Mccleerey,,,,,,
recAAhXIBGzsVMAOV,0,2,Alexa Marino Bacardi,"[""recQS2r3hlg93GR1c""]",class_oog,India-S,"[""recRRhyftSM5LqC1m"",""recUPzuPwcRwcXprF""]",2,Lola,recAAhXIBGzsVMAOV,"[""recEwOsVOO6ZyT8A3"",""recsDtJjqiuoQmPaf""]",Lola Bacardi,,,,,,
recAIlcnxeRCGBqqF,0,1,Wendy J. Hechler,"[""rec1I0IvFKaYQa6K4""]",class_oog,Eye Of The Tiger,"[""recRWZd7OyBnuwzol""]",1,Lillian,recAIlcnxeRCGBqqF,"[""rectFtbsLs4W8L2Ip""]",Lillian Hardman,,,,,,
recAMgqGRAz57OiAs,4,1,Alan Korotkin,"[""recFIHTcArQhILyAc""]",class_oog,La La Land,"[""recA2tEY30b7N3UP1""]",1,Grace,recAMgqGRAz57OiAs,"[""reckgkIWQJ2f09WP9""]",Grace Lyons,"[""rec4zVR0Dj563Savi"",""recIj8qC8Tm1aLVZw"",""reckCrRGfMWbbvPkj""]","[""recTeqRS6Bib3sW5s"",""recM5E4Jy5ow074g5""]","[""recb3qmih1jDyoQKG"",""rec4BtKWHPtNPK57H"",""rec7YdmSwN9GSq5Yh"",""rec9LrcqTlbvqVmPH""]","[""recriw5Jt9fDsyk7J"",""recM9FR79XkcNTFdh"",""recVwJ1Z1qLVmCyeU""]",,true
recAOcQC7VSiD7LHH,0,1,Madison Daughdrill,"[""recQXTpW29gQ8CQhu""]",class_oog,Talk To Me Goose,"[""recq3BKm9HA4MWzjy""]",1,Lyla,recAOcQC7VSiD7LHH,"[""recyVcaLOvsk1Ik1S""]",Lyla Payne,,,,,,
recAV58cJTpaxDTN6,0,1,Lindsay Barrack,"[""recHOVfz50z5VV3gG""]",class_oog,The Real Slim Shady,"[""recaYyJQOHDxaXVWG""]",1,Elleana,recAV58cJTpaxDTN6,"[""recMlcP9J5BfsR5Nh""]",Elleana Bender,,,,,,
recAVN8QWh2A6nZOL,0,2,David Cameron,"[""recV9UeEpcw6UDEM9""]",class_oog,Yalambis Ikon,"[""recBVMDEeKtclY2YM"",""recA5qCmRLMk98Xr4""]",1,Maddison,recAVN8QWh2A6nZOL,"[""recfyOAWYulsQNwCK""]",Maddison Stephen,,,,,,
recAVWkAQVv9aBNJj,0,1,Manuel G. Torres,"[""recIorvNwvWPlOR66""]",class_oog,Karlotta Cl,"[""rectB9IQVZ59gCD5j""]",1,Alejandra,recAVWkAQVv9aBNJj,"[""recAUNBS3GXlJCmZj""]",Alejandra Ortiz Orozco,,,,,,
recAe7S3iuE2LSdMM,0,1,Juan M. Bolanos,"[""reciQqSfWbMiP5zxf""]",class_oog,Kali,"[""recZYvMb7PsuQ9hBI""]",1,Mireya,recAe7S3iuE2LSdMM,"[""rec1K7ICEFCibF2DT""]",Mireya Godoy,,,,,,
recAfTlChemRxsLKj,0,1,Madison Daughdrill,"[""recQXTpW29gQ8CQhu""]",class_oog,Shenandoah East Wind,"[""recHDwKXte9oVke6e""]",0,Leena,recAfTlChemRxsLKj,,Leena Rivera,,,,,,
recAgHM50DSJcxYoF,0,5,Traci A. Weston,"[""rec6szCleq8yE3JIq""]",class_oog,Nightfall,"[""rec8CE9tachZAQASt"",""reca5o7UX35J1yh7a"",""recjy8Rsai0b6rh1D"",""recKrZPlpWjBkk4xk"",""recofiVV7xeLAUHgS""]",5,Windsor,recAgHM50DSJcxYoF,"[""recLT7QRZdjY1XWGU"",""recnjpJmwjKOEdE4N"",""recKBQJJB72VmxEj9"",""recHZbJYccRY2KuMe"",""rec41PNz3aD0mIrBn""]",Windsor Ryan,,,,,,
recAmZSREqpAqaQ5C,0,1,David Cameron,"[""recV9UeEpcw6UDEM9""]",class_oog,Chriszi,"[""recSe2WllVQ8pL1bb""]",1,David,recAmZSREqpAqaQ5C,"[""recsKorlosWuL3nkw""]",David Cameron,,,,,,
recAxawahZ8fxICUO,0,1,Darragh Kerins,"[""recOdyCszUe4VTxPo""]",class_oog,Diamant Joe,"[""recqDNugtAgCap3cd""]",1,Annie,recAxawahZ8fxICUO,"[""reccw0MYAF5N4ys2S""]",Annie Ashton,,,,,,
recAy1BXpYpPWq8FE,0,1,Daniela Roy,"[""rec2F4zRJZGDzG0M2""]",class_oog,Out Of The Blue,"[""reclEAQfewD0vwoWG""]",1,Mona,recAy1BXpYpPWq8FE,"[""recpQXvg7DeD84UtF""]",Mona Bettant,,,,,,
recB24KD5cfFLAQLQ,0,2,Pablo J. Barrios,"[""recotkhuiB65Mp1KD""]",class_oog,Noucka Ut Frankryk,"[""recC1LlZr1GscmlPI"",""rechm45MuC2WZQbuW""]",2,Juan,recB24KD5cfFLAQLQ,"[""rechhDd96Tr0FRqYz"",""recC24kVXhDADHYQG""]",Juan Vegas,,,,,,
recB4QCufSOyEq6bx,0,1,Lauren Schweppe,"[""recWb8kIRsV2w5Zj9""]",class_oog,Otto Pilot,"[""recRf3B5ZIsl6PIJq""]",0,Jennifer,recB4QCufSOyEq6bx,,Jennifer Giovino,,,,,,
recB5Plz99xL18UVe,0,1,Robert Mendoza,"[""recc7BtlSMC456iwd""]",class_oog,Gotham De Chalusse,"[""recdt9wD4XES6iQOA""]",0,Traci,recB5Plz99xL18UVe,,Traci Ribeiro,,,,,,
recBNTGE25Iu0b3a6,0,1,Stephanie Free,"[""recBVRfeR9i4COiwE""]",class_oog,Just A Gentleman,"[""recsiWMC8ERjkzsor""]",0,Victoria,recBNTGE25Iu0b3a6,,Victoria Free Knott,,,,,,
recBNoi4NI4sHMozS,0,1,Jasmine Walsh,"[""recI1AZhpQDfY3cRY""]",class_oog,Conchita Blue Ps,"[""recE2bq8oN5PjNRxW""]",1,Julianne,recBNoi4NI4sHMozS,"[""recCq52WuubpC3gZ0""]",Julianne Lurie,,,,,,
recBT5NSSosYjYJEA,0,1,Wendy J. Hechler,"[""rec1I0IvFKaYQa6K4""]",class_oog,Amuze Bouche,"[""reca7kq3xJU6MLy9R""]",0,Wendy,recBT5NSSosYjYJEA,,Wendy J. Hechler,,,,,,
recBVfnQM8nNbbdxu,0,1,Andrew C. Welles,"[""rectc0mHofDhAxAVA""]",class_oog,Boozeman Na,"[""recUmtfePV5ddCIPw""]",2,Andrew,recBVfnQM8nNbbdxu,"[""recQKRRPsv4UmJwLN"",""reciZLzI85ELzOUlg""]",Andrew C. Welles,,,,,,
recBW5fiD0x2A09pZ,0,1,Kacey Conway,"[""recYF9eSOEpYZn4Ko""]",class_oog,Quizmaster,"[""recFPiXW19r8Sahoe""]",1,Kacey,recBW5fiD0x2A09pZ,"[""recg3iVOGhe4SnUe2""]",Kacey Conway,,,,,,
recBiXeZ9sjJZpkqE,0,1,Taylor Manning,"[""recdHGo38u6gzbP2H""]",class_oog,Ameko Chaccord,"[""recn9DHhf2ZgrfQgn""]",0,Kari,recBiXeZ9sjJZpkqE,,Kari Gilley,,,,,,
recBjI827CmqKZ34c,0,1,Chloe Mouton,"[""recT8YlCbrNCIUBkI""]",class_oog,Lightning Pj,"[""recK7HuwvnCExHclP""]",1,Chloe,recBjI827CmqKZ34c,"[""recEmcKd7RW2NEeOK""]",Chloe Mouton,,,,,,
recBsgA1wwnEqhLqK,0,1,Louise Pejstrup,"[""recrRgNvE5RPL730y""]",class_oog,Chico Bella Z,"[""recm7DogiyLZ4sE7G""]",1,Lily,recBsgA1wwnEqhLqK,"[""reclRKdPoWFOjaNtJ""]",Lily Niebur,,,,,,
recBvnLmlMg8sppYy,0,1,Dominique H. Damico,"[""recUSP9h7nazUAhZI""]",class_oog,Ironclad's Fairmont,"[""rect0uldbYtw7E0RS""]",1,Randi,recBvnLmlMg8sppYy,"[""reca0h4RLbgEQB1f6""]",Randi Callahan,,,,,,
recC09AfMrEyrk5ms,0,3,Juan A. Rodriguez Silva,"[""reclu4ZfxeCUoDgLA""]",class_oog,Nova,"[""rect83LY8rhaPLnTE"",""recjs9EM2uPYaUcmj"",""recFlyjedAVJDtOjI""]",2,Juan,recC09AfMrEyrk5ms,"[""recTayOSJm4BUxgZ6"",""recoKhtHWlDxbFv5x""]",Juan A. Rodriguez Silva,,,,,,
recC1iPVmbpbSBj7x,0,1,Natalie Johnson Russell,"[""reciFw1xeBgWRjqTt""]",class_oog,Koh I Knoor,"[""recPUXz9OXL5sXEi5""]",1,Natalie,recC1iPVmbpbSBj7x,"[""recdOBrLHAVTVoaxj""]",Natalie Johnson Russell,,,,,,
recC3p9Pnylt1n6Wr,0,1,Caroline Willard Briles,"[""recgDRmlgICPwHaba""]",class_oog,Freeman,"[""recMIT3uYfio9vRzJ""]",1,Caroline,recC3p9Pnylt1n6Wr,"[""recCsSwjsbcad6kVC""]",Caroline Willard Briles,,,,,,
recC4avxEI7hGm32h,0,1,Addison Reed,"[""recRlcCb6UzGjsfM8""]",class_oog,Kanai,"[""rec1ihQOtFr55EjAR""]",0,Kelly,recC4avxEI7hGm32h,,Kelly Kiser,,,,,,
recCA5R1gLJVfkock,0,1,Debbie L. Mccarthy-Connor,"[""recwFYOP4JHOhB8kQ""]",class_oog,Mon-Ami,"[""recPCPE46XHSXdeQx""]",1,Debbie,recCA5R1gLJVfkock,"[""recgKQ2d9LL6SOBLX""]",Debbie L. Mccarthy-Connor,,,,,,
recCGQAHzRxj61j7x,0,1,Spencer Brittan,"[""recqByBk0EpjI9rLn""]",class_oog,Dee Dee Gz,"[""recNm9iI4P34OMHyE""]",1,Samantha,recCGQAHzRxj61j7x,"[""recc7xn13H6oiCRUV""]",Samantha Fields,,,,,,
recCMlq6p9MboaRTk,0,1,Lisa Hasenbeck,"[""recSN0eF04okgAD8J""]",class_oog,Marvick,"[""recS2og6juvFiIejV""]",1,Emma,recCMlq6p9MboaRTk,"[""recLe5HKdO4Ch1uW8""]",Emma Reimer,,,,,,
recCSEBtoiH12jjkL,0,1,Spencer Brittan,"[""recqByBk0EpjI9rLn""]",class_oog,Quasar De Medi,"[""recJyCrUlzOgSUcr5""]",1,Marlene,recCSEBtoiH12jjkL,"[""recyrvLrihL58fzZD""]",Marlene Gonzalez,,,,,,
recCcq5PlsD69xriP,0,1,Dana Ventrice,"[""rect7nOXb9JImTCcP""]",class_oog,Lady Glitter Sparkles,"[""recioCKp5HurRkzvh""]",1,Cassie,recCcq5PlsD69xriP,"[""recsIjdKEsOQGFlUO""]",Cassie Gil,,,,,,
recCnv14vIoaimxWs,0,2,Ashlynn Meuchel,"[""rechMdfBTsAkaoR7P""]",class_oog,Vamos,"[""recitOnBOrhTNMjQI"",""recWoOXah38HJ4RR0""]",2,Ashlynn,recCnv14vIoaimxWs,"[""recm9pFshfHGazS1c"",""recDzMHWC9M9N2YQB""]",Ashlynn Meuchel,,,,,,
recCyC3z96ioVgKzW,0,3,Ben Taylor,"[""recmTGLWfZLnyH6TK""]",class_oog,Calimero Z,"[""recuANGzKQsiYIjUk"",""recMIFmIw1cNfOL2T"",""rechFSX16WCpjh38T""]",3,Mallory,recCyC3z96ioVgKzW,"[""recyPlATW6FbyWfpY"",""recIzehtQuF1GS1Mz"",""recbILz4rBUcKWHxq""]",Mallory Vale,,,,,,
recCzkqiwznIfOd3g,0,1,Kyle Dewar,"[""recVsz59iVCmUI0Nu""]",class_oog,Miles Ahead,"[""recSAYgkGu3kkDPVg""]",1,Katherine,recCzkqiwznIfOd3g,"[""rec7BwCKMRQDMQgx2""]",Katherine F. Dewar,,,,,,
recD4asSzMCiJoxEc,4,5,Alan Korotkin,"[""recFIHTcArQhILyAc""]",class_oog,Navigator,"[""recVFkxHHmovyJRAf"",""rec1JTZesicDxGF08"",""rec3gZ9Ff1QTqGXvi"",""recMWdp7zaE1i2Gzl"",""recvQP0Vs9OogYlkv""]",4,Taylor,recD4asSzMCiJoxEc,"[""recauzEWZogoAhBmF"",""recnvWnMm8ppryCqV"",""recpFk671KXWBaulC"",""recNuRyQtxfcZtq8r""]",Taylor Oakvik,"[""recQP0wSqj9XJZtIT"",""recWJ3nunPwpxW8M6"",""reczcvCfwfRmopQ21"",""rec8arvb2dLVZDTAY""]",,"[""recCXk1hmO4OhqnOg"",""recYqFMhzIJ1j57L9"",""recY7y8DK2X5u4ppQ"",""recyEhXDXeTC7xF5q""]","[""rec7c4JvVPFXSEuXm"",""recMKbvTL6pXh4MBC"",""recWVDD7K86dcovAe"",""recqi5yPr8ccG3iPu""]",,
recDLNYS4jejx7XWt,0,1,Matthew Le Master,"[""recN9E8BVaEfvKU1x""]",class_oog,Princeton Mk,"[""recRQAnDUUMqYpinp""]",1,Matthew,recDLNYS4jejx7XWt,"[""recZJzNfAeLstAbSR""]",Matthew Le Master,,,,,,
recDO1ZAzYfy82SNU,0,2,Diego Bedoya,"[""reciZDolH9q1XcQGD""]",class_oog,Casamigos,"[""rec8NOjTkFoEPrO0Z"",""rec1hASjfzRNVLHW4""]",2,Diego,recDO1ZAzYfy82SNU,"[""recdMawPmNGGlbYJu"",""recROXckIZdYxVSgq""]",Diego Bedoya,,,,,,
recDgiEEaFBd36p3d,3,2,Alan Korotkin,"[""recFIHTcArQhILyAc""]",class_oog,Fanfan Boy,"[""recwctlw2A47WeG8P"",""rectw3YThFpuojpG9""]",2,Lainey,recDgiEEaFBd36p3d,"[""rec45GpYeI1KYllF5"",""recxTJKdQIV5W4Pm1""]",Lainey Posa,"[""rece6ELpZpUWa8DpQ"",""receHjBveagGPPZvk"",""recnsfgiWAOsyRSyR""]","[""recKpxMRBrBL2uenv"",""recfxOyMrwxtAroic"",""recZDJCFqj8ypokY0"",""recZsTK2SBqdklfUU"",""rechv9QcOxZ8ksPve"",""recg1RddR9gwXNspX"",""rec3KIgI7FExNLqPG"",""recnSo7doE40wx1bL"",""recp6Lmrjqd6hZTVy""]","[""reciC9tuLaiAWTKyW"",""recXVvxtiSHNDA5MT"",""recnqfTfHRVfHg3uc""]","[""reclrOnF3xRTQmkot"",""rec0KarEAfg6x3FCq"",""recqfUNqZeuyBJDkJ""]","[""recM7ePRIiMfiBEK0"",""recq5DenL0vl8Snuf"",""recxrx33N0YVQ7Zsn""]",true
recDpzt0NNWMYoccN,0,1,Izabella Mcnerney,"[""rectkJACVgE6s05BM""]",class_oog,Herakles,"[""rec6m1HEVlUs9g5DV""]",1,Izabella,recDpzt0NNWMYoccN,"[""recu2ChEbYzzkg52e""]",Izabella Mcnerney,,,,,,
recDrzNxBBJxTR1nP,0,2,Declan Egan,"[""recGOZOt71dcEAmvp""]",class_oog,Roc N' Rose,"[""recTjtkkEhwGZiUt8"",""rec5XIxuphy7e2gHq""]",1,Ellery,recDrzNxBBJxTR1nP,"[""rec5ygHvQHdrPqVbK""]",Ellery Winkler,,,,,,
recDvQhcGTW6G54Jc,0,1,Josh Dolan,"[""recYSQRJjZGVMtbrM""]",class_oog,Astronaut H Z,"[""rechLMm2PvpZsf9T9""]",1,Teresa,recDvQhcGTW6G54Jc,"[""reczdDwH5997TPKaH""]",Teresa Pompay,,,,,,
recDyFLYrfFkJWmIR,2,2,Alan Korotkin,"[""recFIHTcArQhILyAc""]",class_oog,King Z,"[""recqr8YGyalIpRStG"",""recqt3jIIsz9QHFaX""]",2,Victoria,recDyFLYrfFkJWmIR,"[""rec8PR9MnLxkUXfAc"",""recwnjKuBVkFxw7GV""]",Victoria Rotsaert,"[""recLhWvaLBkmPiRKk""]","[""recZfucwbcRMSgUrV"",""rec1d5MmNPbtjbLLy""]","[""rec91uogmEKkQGuXP"",""recXB2BMSRDKXYHxa""]","[""recraVWrLUHa02whH""]",,true
recE67bCSPJNSkL7j,0,1,Dominique H. Damico,"[""recUSP9h7nazUAhZI""]",class_oog,Prince Henry,"[""recZufTxjH8A4owbm""]",1,Jackson,recE67bCSPJNSkL7j,"[""rec40RGkxUIYykjih""]",Jackson Callahan,,,,,,
recEJipuTn6MGygSi,0,1,George J. Bessette,"[""recXKfhF5qV7KjRHI""]",class_oog,Center Stage,"[""recz4RiSOxALkokRS""]",0,Catherine,recEJipuTn6MGygSi,,Catherine Souza,,,,,,
recEJlwUSbNSsfpy2,0,2,Stacey L. Reser,"[""recdxilKHsN0qZ3Fz""]",class_oog,Missy Vd Vosberg,"[""recbSG4mvquviY4nI"",""recIyWc3lqqBppYPg""]",2,Seanna,recEJlwUSbNSsfpy2,"[""rec8sI9fvIMgzRWtl"",""reczsqCOVjh23cwUk""]",Seanna Reser,,,,,,
recEQTb1rKMDCNj7U,0,2,Annalee Bennett,"[""reckwt4VtWr7R1D6A""]",class_oog,Fabian,"[""recq2HxFToW1xmwCN"",""recqF2W534jS1xg10""]",2,Bonnie,recEQTb1rKMDCNj7U,"[""receFg4UH7Fm3c82b"",""recfehbw8pxUeFhve""]",Bonnie Silver,,,,,,
recER3fldSHgHdZie,0,1,Michael K. Kennedy,"[""recKPpIDSj1ofUcQV""]",class_oog,Rover,"[""recnxF20aOrGakXwz""]",1,Kelly,recER3fldSHgHdZie,"[""rec2LVSvJYCzH6ntu""]",Kelly Prather,,,,,,
recEXA5KIi7zkcuMz,0,1,Jessica Leto,"[""recokYiwVzDqI2UFJ""]",class_oog,Cimbura,"[""recMVkLjYDUFTElr1""]",1,Jessica,recEXA5KIi7zkcuMz,"[""reczrama7zARNJJrX""]",Jessica Leto,,,,,,
recEbKJxQ8cADfblu,0,2,Fabian Herrera,"[""recZ41cgnoPOR4VSU""]",class_oog,Accelerator,"[""rec3IpfVmw7aDlk3r"",""rec5oHRuo9LmxwmDS""]",3,Fabian,recEbKJxQ8cADfblu,"[""rec8LsoJURKHZ44D2"",""recXEXzWgxgc1AjBl"",""recip4oonp4VDC2B0""]",Fabian Herrera,,,,,,
recEbcgaKc5Dpkk1Q,1,1,Alan Korotkin,"[""recFIHTcArQhILyAc""]",class_oog,Vote For Pedro,"[""recSN2ubuLOEooD86""]",1,Aria,recEbcgaKc5Dpkk1Q,"[""recRhFjbDRMY2A7QM""]",Aria Waxman,"[""rechV7POobAjU5Gny""]",,"[""recivOon4P74tJCna""]","[""rec8kcPgE2l4YnsSV""]",,true
recEcvnOYgFTFKxaR,0,1,Isaac Leffkowitz,"[""rec7ppaIMqZuirHoA""]",class_oog,Cabana Boy,"[""recJq5Qel4UwuM65W""]",0,Sherri,recEcvnOYgFTFKxaR,,Sherri R. Geddes,,,,,,
recEugMVGmdhgYxSU,0,1,Joanne Clemente,"[""recF0DNzs4KcSZXwY""]",class_oog,Channing,"[""recvWEI2zkid6QpyC""]",1,Joanne,recEugMVGmdhgYxSU,"[""rechB4V3R2X5w3Mv2""]",Joanne Clemente,,,,,,
recExGej0SLoxXNcX,0,1,Kelsey Duffy,"[""recJe0LFDSWmZkYs4""]",class_oog,Flylow,"[""rec9QVvKA6ZzXPqKg""]",0,David,recExGej0SLoxXNcX,,David Levendorf,,,,,,
recF8g1NlVHtsHCCG,0,1,Jacqueline Green,"[""recCsEeP9dMvgyAPE""]",class_oog,Bravada,"[""recvXBygQGBOargml""]",0,Adeline,recF8g1NlVHtsHCCG,,Adeline Forrester,,,,,,
recF9YT0HjPEeG1TA,0,1,Wendy J. Hechler,"[""rec1I0IvFKaYQa6K4""]",class_oog,Amuze Bouche,"[""reca7kq3xJU6MLy9R""]",1,Annastasia,recF9YT0HjPEeG1TA,"[""recFfJUbnQtbefgoX""]",Annastasia Valentine,,,,,,
recFAEZkb410RquB4,0,1,Morgan Mulcahy,"[""recPjoErB5zrZjQMv""]",class_oog,Plush Ponies' Kickapoo Kiwi Bliss,"[""recXahvq9OxhIGmPd""]",1,Sofia,recFAEZkb410RquB4,"[""recbf6iOpW2tMd2cU""]",Sofia Clark,,,,,,
recFF5ezULmsdkBPt,0,1,Dawn Hersey,"[""recXocXm551bESpPa""]",class_oog,Quatro,"[""recOgikWXyQGpeOs3""]",0,Leah,recFF5ezULmsdkBPt,,Leah Blomquist,,,,,,
recFFcGmDfwcL61rx,0,1,Megan Wexler,"[""recbDjphoL8qMtSeW""]",class_oog,Cardline Kdw Z,"[""recxDclpkHEVEN1k4""]",1,Sara,recFFcGmDfwcL61rx,"[""recSGdNaylECpMpNa""]",Sara Setian,,,,,,
recFGOrpqErAQfkOW,0,1,Caitlin Maloney,"[""recBrA49Tjkqwn7cF""]",class_oog,Follow Me Home,"[""recYumFBtDDqiK67Q""]",1,Caitlin,recFGOrpqErAQfkOW,"[""recusM5NdBZFA8R4I""]",Caitlin Maloney,,,,,,
recFJdeuDkXro5LmG,0,1,Juan M. Bolanos,"[""reciQqSfWbMiP5zxf""]",class_oog.php,Poliana Van Op De Berg,"[""recfmPoR4SW87P0Ni""]",1,Alberto,recFJdeuDkXro5LmG,"[""recHdfTDJcesQMSdN""]",Alberto Sarmiento,,,,,,
recFK6T5ZILUn6E1g,0,2,Lauren Schweppe,"[""recWb8kIRsV2w5Zj9""]",class_oog,Berlisto,"[""recEb1fI9vpKW8r0V"",""recmvtgGUKhHjJxWQ""]",2,Amy,recFK6T5ZILUn6E1g,"[""recpi1e8PjnPt3ijH"",""recuO3aIl1Zy8yISR""]",Amy Nelson,,,,,,
recFMGCfWZVJcHYe7,0,2,Katie Rudnick,"[""rec6npIsj2ldcOqWZ""]",class_oog,Hfo Balou D'amour,"[""recjZSTlQIM8twWC7"",""recApexUFy6SutJMS""]",1,Addison,recFMGCfWZVJcHYe7,"[""reckGdtQLqOYR3OWT""]",Addison Evans,,,,,,
recFNH3dlWOMcE4BU,0,1,Debra L. Ward,"[""recp8AfepuIJngrGM""]",class_oog,Nayla Balou,"[""receljDYMCfnrvT9S""]",0,Ruby,recFNH3dlWOMcE4BU,,Ruby Lauria,,,,,,
recFZeUYjog2WhqRM,0,1,Antonio J. Martinez,"[""recoIakTck18pHikM""]",class_oog,Unica Z,"[""recgMYtFOaWMvKptD""]",0,Victoria,recFZeUYjog2WhqRM,,Victoria Edwards,,,,,,
recFcDAkmM11SfTyQ,0,1,Jenna P. Friedman-Lopez,"[""rec3Zk0aiDpx2KX0O""]",class_oog,Chacco Blue's Camelot,"[""recQ2W0linNXzraNQ""]",1,Sophie,recFcDAkmM11SfTyQ,"[""recr57PyYYUA0cB6N""]",Sophie Sacagiu,,,,,,
recFcXz3F6WXnFFiO,0,1,Stephanie Free,"[""recBVRfeR9i4COiwE""]",class_oog,Wordsmith,"[""rec82e2dr4ecqWST8""]",1,Heidi,recFcXz3F6WXnFFiO,"[""recliHRgKFSnFzTYm""]",Heidi White,,,,,,
recFm96WBLydmOKPb,0,1,Michael Connors,"[""recfKINr0VpNjmEXZ""]",class_oog,Undercover,"[""recFuTfmuOFVJaTP8""]",1,Staisha,recFm96WBLydmOKPb,"[""recjToWEyadTYGYMe""]",Staisha Connors,,,,,,
recFpywyjhA2PMReJ,0,1,Natalie Geller,"[""recz8qWzDP2cl0zXp""]",class_oog,Clementine,"[""recxJXSGHfKPaxAe7""]",1,Megan,recFpywyjhA2PMReJ,"[""recJHIs0tHVP2BiYM""]",Megan Charms,,,,,,
recG4gQUnXvzjTpbP,0,1,Madison Daughdrill,"[""recQXTpW29gQ8CQhu""]",class_oog,Psu Krymsun Blue Sky,"[""recEMsh99Wax4krPL""]",1,Isabella,recG4gQUnXvzjTpbP,"[""rec2I74RoLLuXjE0g""]",Isabella Adams,,,,,,
recG8GBXDrqNT5sCX,0,1,Lucia Rivas,"[""recKZfdrFY1v1ROxJ""]",class_oog,Okidoki Van De Renthoeve,"[""rec9mkyDT8SCK4pXM""]",1,Lucia,recG8GBXDrqNT5sCX,"[""recSL9HbNYEgGrSQz""]",Lucia Rivas,,,,,,
recGRLrIrLGE485c5,1,1,Alan Korotkin,"[""recFIHTcArQhILyAc""]",class_oog,Irish Coffee Vhl,"[""rec2Rw1goWbDfGT2R""]",1,Iliana,recGRLrIrLGE485c5,"[""rec2QkcnyX1waK5ev""]",Iliana Palumbo,"[""recUKoTBXkNCBMgn1""]","[""recsP2eRFxG453786"",""recfKBWZgoMszlEQR"",""recbV2O8jlSqhBwLT""]","[""recXSue955mdSudfZ""]","[""rec0H98knsVwMXN5w""]","[""recMMMFaoQQnL5Xjv""]",true
recGZEOj52levwJ5z,0,2,Gianni Gabrielli,"[""recBAzsT29cV74CnZ""]",class_oog,Bonnie M Z,"[""recKSrRKaIkM2EvzH"",""recQbAxNwd3H4PQC8""]",1,Gianni,recGZEOj52levwJ5z,"[""recjbDppYrArFofn3""]",Gianni Gabrielli,,,,,,
recGiSFKDWTwdJoPF,0,1,Elizabeth D. Blaisdell,"[""recYw9kALEWzAkVln""]",class_oog,High Renaissance,"[""recoSeBCWODotdNL5""]",1,Elizabeth,recGiSFKDWTwdJoPF,"[""recgwJ6UxbDX2QWZ1""]",Elizabeth D. Blaisdell,,,,,,
recGmNTAC24c74vst,0,1,Heather Dayner,"[""rectbL4oLPTwFxdNp""]",class_oog,Crescendo 55,"[""recSDfMJUKijBPzEd""]",1,Andrea,recGmNTAC24c74vst,"[""recbJbaJrLSZZhemR""]",Andrea Clark,,,,,,
recGuw7QdyWQyTX6q,0,2,Stephen Dicarlo,"[""recupQMhsCpx3otEi""]",class_oog,Ck's Superman,"[""reckjvGSFP4t4Cwq4"",""rec6Q6gd7UJzFnRV9""]",1,Libby,recGuw7QdyWQyTX6q,"[""recluh74zTtNZDrzh""]",Libby Woodworth,,,,,,
recH6EVKjG6HBGt14,0,1,Daniela Roy,"[""rec2F4zRJZGDzG0M2""]",class_oog,Lord Cageman,"[""recAT3lIYgGZIMQVx""]",1,Jingxuan,recH6EVKjG6HBGt14,"[""rec6M1TTc7umBP1As""]",Jingxuan Zhou,,,,,,
recH6p1VUgxnUtntJ,0,1,Mario Garcia,"[""recgLDs1PX5pujyno""]",class_oog,Fireball,"[""recMLDHtQ10Ghfjmx""]",1,Lucas,recH6p1VUgxnUtntJ,"[""rec20ehq3ynW6QPW7""]",Lucas Garcia,,,,,,
recH9akzVEVnBeaLr,0,1,Jasmine Walsh,"[""recI1AZhpQDfY3cRY""]",class_oog,Dominus Z,"[""reci7vpKDSO4HLzfO""]",1,Charlotte,recH9akzVEVnBeaLr,"[""recViExca4G5K4I8d""]",Charlotte H. Wiese,,,,,,
recHIRQceipabxP3g,0,1,Morgan Taylor,"[""rec0wCs5ZzmAW8kSL""]",class_oog,W.e.c. High Dollar Lad,"[""recsxehx14guGuKey""]",1,Clementine,recHIRQceipabxP3g,"[""recSQzHuz4JIZFsuE""]",Clementine Lidsky,,,,,,
recHQrH3ARzcwckou,0,1,Andrew C. Welles,"[""rectc0mHofDhAxAVA""]",class_oog,Nexstar-Lh,"[""recMhgwi3o4wKYxBv""]",1,Chandler,recHQrH3ARzcwckou,"[""recRg11BQ0Q6CMESR""]",Chandler Robinson,,,,,,
recHX2ArcWkBK8opr,0,1,Christine Davis,"[""recARZMqQrFq9nlEp""]",class_oog,Princeton,"[""recHEp9v9lEefLbmo""]",1,Lacoste,recHX2ArcWkBK8opr,"[""rec7F9hjLstqdYMOO""]",Lacoste Davis,,,,,,
recHeQeDK4Lzn635W,12,5,Alan Korotkin,"[""recFIHTcArQhILyAc""]",class_oog,Forte,"[""recuAM948OicLWxLT"",""recI42t09rbvMcyno"",""recDVF7uAGskLIIS1"",""recKtsuwLGpqqjPXe"",""recphHLM9HP8cczaO""]",5,Carsyn,recHeQeDK4Lzn635W,"[""recM1V8ZmP1ZDK5fp"",""recJT9v8bWD7VMxpO"",""rec7oPU2U47Im0jah"",""rec8qHQrDItvdlQoL"",""recQQNSRvgx8fEVqj""]",Carsyn Korotkin,"[""rechB5Z1xKG58Tjs3"",""recoRaVZAt4BGvFSt"",""recq3LauGU6iaYjTe"",""recO8g1ng4UCDAake"",""rec7UqqaKrYoAtcT2"",""reczcOMi9ze9Fxb9Y"",""reczoJsly5Ikcnwjd"",""recpcezkPwrreMoyq"",""recxLS3b06Qg89Lkc"",""recNgL5TCcNjxXhbf"",""rec3DnDrxnDBnh5I3"",""reclaNUVVaxj46Vp5""]","[""reczuJqEQxr9Tq9aB"",""rec4YYYhrihWhqTIc"",""recPJtdZJ7sjAFdu1"",""recSa3eKN82JBFD4y"",""recWDDtr7FY1Z1UdD"",""reci6zYtD9Ygnhs8d"",""rece5RdwAcDTPz2Qz"",""recdPOGBTyp6Xg6CF"",""recvd5hYeRQpmZTFq"",""recFqrbJyUw02HnOE"",""rec1nrg6sfyulYcpM"",""recJO5nCkooW0Ztnb"",""reczWqIzAb9GEVEOz"",""rectUKjrwvscaffop"",""recmIlghG5snB7fL9"",""receYKAuh0QdwXgbV"",""recsT29BQkyFZ8KPo""]","[""rectDBMkNUIyRSL2D"",""recBXaMXfXbcZHlRc"",""recXMF6BTo3uNTJoQ"",""recvwVeBHMBTNXUNv"",""rec3aGS380avuH6On"",""rec80POQP3EhiJrM8"",""recvtYoqJt7t1H3PW"",""recucXBBlgOQJVjOw"",""recziPesKwLj7xz7R"",""rec5KA7S15iddrSyZ"",""recXeRa65L7eyPrA5"",""recindKg93HLreIKu""]","[""recwsgGv5hhRLllSa"",""recEMPG8xkKvTaVHJ"",""rec0Bk0MbLCNHmjen"",""recylA8MZ9acHquD2"",""rec6ZlMeqnJOoaGEU"",""recbPuI17qdAcc1CF"",""rec4DJCGowqFOFdU5"",""recHAfyQQaYP7Qo64"",""recdgr3x0omDS0xWD"",""rechXcADkJGGs5BvI"",""recs6DgNppxh6GjsC"",""recwRfyj4pCKdFwT1""]","[""recnPaxYCJIQYdVrs"",""rec4dPc7NaEZKTeR8"",""recS1DBpn7M7cZM68"",""recwNYxz0f4jNlvIm"",""recegkGHX1iJR8tHF""]",true
recHemA85CjCUdo0t,0,2,Spencer Brittan,"[""recqByBk0EpjI9rLn""]",class_oog,Itoulon B,"[""recYaOBKlKGhSpBzy"",""recKPV9B8S9SpfoSf""]",2,Jamie,recHemA85CjCUdo0t,"[""recoz0TdckJTC6our"",""receIq5ahZGPMIpTF""]",Jamie Ricciardi,,,,,,
recHewY5dcEfgwlof,0,1,Gabriela Tirado,"[""rec8idqGtfg38fRMa""]",class_oog,Amaro,"[""recJbpiYaBN0FyfXQ""]",1,Gabriela,recHewY5dcEfgwlof,"[""recIR6cOMBZe15Qoi""]",Gabriela Tirado,,,,,,
recHgg15iR1gmE3se,0,2,Ashley Romano,"[""recJyvaqZ3spBq50v""]",class_oog,Ancelotti,"[""rec7l7jPPOA9Tcft0"",""rec75sEswzXRhWCry""]",2,Ashley,recHgg15iR1gmE3se,"[""recvbelvX44Ma1YIP"",""recOrQbqhd52tVKex""]",Ashley Romano,,,,,,
recHjmrQNcl4jAQmy,0,1,Lisa Hasenbeck,"[""recSN0eF04okgAD8J""]",class_oog,Marvick,"[""recS2og6juvFiIejV""]",0,Kevin,recHjmrQNcl4jAQmy,,Kevin C. Eufemia,,,,,,
recHjv9em55EZ8g2D,0,1,Jamie Reinheimer,"[""recueBhFGFi7LFglR""]",class_oog,Sf Old Fashioned,"[""rec4NB0C9itFKn8SC""]",0,Sadie,recHjv9em55EZ8g2D,,Sadie Koresh,,,,,,
recHmTWBod6JZu0hF,0,1,Todd D. Minikus,"[""rec17fXVv4zXio64e""]",class_oog,Pi-Air,"[""recy69guaLLe1O9mL""]",1,Riley,recHmTWBod6JZu0hF,"[""reccpYhCZAY4DbLiD""]",Riley Delbecq,,,,,,
recHsSjq869gbpIbp,0,2,David Cameron,"[""recV9UeEpcw6UDEM9""]",class_oog,de Lisle Apollo,"[""recHkViA1LK59eYEa"",""recXTI2X35V9VmVOr""]",2,Mia,recHsSjq869gbpIbp,"[""recIcH8Q9JMVfQglf"",""recg4MujYfUwxwTAE""]",Mia Smith,,,,,,
recI0ALQRlCHCd046,0,1,Daniela Roy,"[""rec2F4zRJZGDzG0M2""]",class_oog,Helium De La Virée Au Vent,"[""recZZyDOGkQT1QsV8""]",1,Emma,recI0ALQRlCHCd046,"[""recCXnGJSdTBJQL6t""]",Emma J Lopez,,,,,,
recI8AUfFyisPjYuQ,1,1,Alan Korotkin,"[""recFIHTcArQhILyAc""]",class_oog,Peridoni 20,"[""recabXmO03R3e1TB3""]",1,Elisabeth,recI8AUfFyisPjYuQ,"[""reccLR3YbRcGmma61""]",Elisabeth Rotsaert,"[""recEfC0jqFXrJNADf""]","[""recCX2LNdSwF6RhhN"",""recjIGPyKrhiNad0k""]","[""recUL44GxXwwj0g6y""]","[""recvm5lcObBDmC5Oy""]",,true
recIEWQXASuV2H7Yh,0,1,Mike Holtkamp,"[""recSXI5qNI2oXZ7rL""]",class_oog,Ralvero Vdl,"[""reckbVyJBhGk7mx4E""]",1,Mike,recIEWQXASuV2H7Yh,"[""recKudLyrLWKeNdxA""]",Mike Holtkamp,,,,,,
recIF0LG8oHnJvWAU,0,4,Lesley Grant-Law,"[""recSN4WGiXjlJgPc6""]",class_oog,Dsh Gran Torino,"[""rec55vpC4sa96DMLZ"",""rec2Kztr2b9bCKZWx"",""rec33uWBGSFqTtTPp"",""recnRsU088RRiKCoY""]",3,Lesley,recIF0LG8oHnJvWAU,"[""recWl9xEhrRDshUkR"",""rectp3hEvedZE6M94"",""recQ1Kstofjb9fnXH""]",Lesley Grant-Law,,,,,,
recILyVkpLmgOfH9F,0,1,Wendy J. Hechler,"[""rec1I0IvFKaYQa6K4""]",class_oog,Best Kept Secret,"[""recxYp7jpolOw17jw""]",1,Audrey,recILyVkpLmgOfH9F,"[""recCPYDQqze5U10UO""]",Audrey Price,,,,,,
recIdlNIImGCWKqrx,0,1,Rowan Willis,"[""reczi0OzlF0G0YjBs""]",class_oog,Billy Mc Dermit,"[""recx1SpmB3BbDQmjh""]",1,Rowan,recIdlNIImGCWKqrx,"[""recv1bz0TLXgVFK4A""]",Rowan Willis,,,,,,
recIfAJxdyRG9m1b3,0,1,Pablo J. Barrios,"[""recotkhuiB65Mp1KD""]",class_oog,Don D'alme C Z,"[""recniMggMH1HmsENM""]",1,Pablo,recIfAJxdyRG9m1b3,"[""recXjp76LDifCcTvu""]",Pablo J. Barrios,,,,,,
recIiT6acuIgcj2Mm,0,1,Taryn M. Adamy,"[""reccnhZlVCHJXjTVi""]",class_oog,Cassaderra Na,"[""recLwMDICqwy0PnEc""]",1,Taryn,recIiT6acuIgcj2Mm,"[""recQefzWA7zkHVhfY""]",Taryn M. Adamy,,,,,,
recIksBgzHgeXEK4H,0,1,Juan A. Rodriguez Silva,"[""reclu4ZfxeCUoDgLA""]",class_oog,Isadora S,"[""rec3ymJHjbSypFThl""]",1,Kamal,recIksBgzHgeXEK4H,"[""recILcoLqiRnvt23v""]",Kamal Gabrie,,,,,,
recIkuCoDdkiwsGIJ,0,1,Terrie E. Shibley,"[""recMFDhEMIxKX7fmX""]",class_oog,Cms Cabernett,"[""recGKVwLVd3FnZhTg""]",0,Jai,recIkuCoDdkiwsGIJ,,Jai Smith Rezac,,,,,,
recIpUgiZMUitm7VT,0,1,Lia Screnci,"[""rec0eBWOxYRez99HS""]",class_oog,Umtiti Van De Barlebuis,"[""recWqrsqH1PtDZGKQ""]",1,Giavona,recIpUgiZMUitm7VT,"[""recsuO9dXevR7qQ6h""]",Giavona Pirolo,,,,,,
recIvgr2ouqPr2MO5,0,1,Isaac Leffkowitz,"[""rec7ppaIMqZuirHoA""]",class_oog,Ustina,"[""rec9xWBf0WO0Y8iw0""]",0,Sage,recIvgr2ouqPr2MO5,,Sage Bain,,,,,,
recIyU5MvYiv0F83D,0,1,Ved Sarma Sarkar,"[""reclcUH7P4ed068kk""]",class_oog,Fernhill Milchem Matteo,"[""recUXLzj4DdB3zEOA""]",1,Ved,recIyU5MvYiv0F83D,"[""recXp9EOzKv62kg0i""]",Ved Sarma Sarkar,,,,,,
recJ5QtdFwwSvt6f5,0,1,Alberto Michan,"[""recOPpcKG9qWpofRT""]",class_oog,Joint De Canabis Van De Doornhoeve,"[""recQ8PBDqcbb6Psk9""]",1,Alberto,recJ5QtdFwwSvt6f5,"[""rec1dChOEHy9TphqB""]",Alberto Michan,,,,,,
recJA1B7ysTElfU5j,0,1,Dawn Hersey,"[""recXocXm551bESpPa""]",class_oog,Phoenix Air,"[""rec0sJ3zC0hY0vDtR""]",4,Lanie,recJA1B7ysTElfU5j,"[""recOfLdHsiYbcIuT8"",""recwtt6JgdgBaJB4b"",""recj616ffiWAOHEUy"",""recKmuCb4PkIDdbvP""]",Lanie Nash,,,,,,
recJEi1nlMz6pLTm3,0,1,Erica Robson,"[""recMir2WcmMLTzpZq""]",class_oog,Poptart,"[""rec6qkStn8vxhfz5c""]",0,Tinsley,recJEi1nlMz6pLTm3,,Tinsley Robson,,,,,,
recJi60YstBWSLuyc,0,1,Stephen Dicarlo,"[""recupQMhsCpx3otEi""]",class_oog,Cecile S,"[""recX2TYiNOjII449V""]",1,Alicia,recJi60YstBWSLuyc,"[""recsYbyKto6qpy0S0""]",Alicia Taylor,,,,,,
recJk81dslzlz9SLS,0,1,Madison Daughdrill,"[""recQXTpW29gQ8CQhu""]",class_oog,My Weekend Is Booked,"[""rec0Vy0UNO4QDX5U0""]",1,Kit,recJk81dslzlz9SLS,"[""recSPeyPMpegjPJEC""]",Kit Falzone,,,,,,
recJmjHzdDwvZl5mz,0,2,Sharn L. Wordley,"[""recqmThVFmsIM6E8t""]",class_oog,Tobias Van Kreyel Mc,"[""rec584hR7QhYVM0Dy"",""reciHXKYhbSfc4YRu""]",2,Lauren,recJmjHzdDwvZl5mz,"[""recYHW3mL96UcmZy3"",""recO3sBM1Ej8rFE5M""]",Lauren Balcomb,,,,,,
recJsWnYNSlIgIepG,0,1,Katie Rudnick,"[""rec6npIsj2ldcOqWZ""]",class_oog,Simply Good,"[""recTChszlN7lVqyT3""]",1,Julianna,recJsWnYNSlIgIepG,"[""recmzPISUiG35CDv2""]",Julianna Irwin,,,,,,
recJtDOkatkQ755LX,0,1,Stephen Dicarlo,"[""recupQMhsCpx3otEi""]",class_oog,Mtm Clarcona,"[""recmHyS9XFXdqSOfQ""]",1,Anna,recJtDOkatkQ755LX,"[""recfbl0lg85yH6S4h""]",Anna Mead,,,,,,
recJtLdnd1Pye7RNU,0,1,Matt Martin,"[""recRnYU8EgCMCN4Tl""]",class_oog,Maui,"[""rec66pBaptxrt8yyo""]",1,Autumn,recJtLdnd1Pye7RNU,"[""recjtOwq4yyhryhyx""]",Autumn Farr,,,,,,
recJuaov51EBccleb,0,1,Brooke Eddy,"[""reclpyjsxImYb6Ul2""]",class_oog,Harbor Boy,"[""rectI6Ru9zyzGnrBA""]",1,Fallon,recJuaov51EBccleb,"[""recZrqsPurBAf5Ep8""]",Fallon Badini,,,,,,
recK2pLt58HPpPYET,0,2,Luis Sabino Goncalves,"[""recq1xhVivniA66Lf""]",class_oog,Gallaxia De Ferval Z,"[""recbbAtpQTgBh68BZ"",""recGy4GdtMrhhnRS7""]",2,Luis,recK2pLt58HPpPYET,"[""reczlljtaMXYqXbdn"",""recFjNjYx9SKPOSZJ""]",Luis Sabino Goncalves,,,,,,
recK4EsxpaJjX3LUB,0,1,Rob Billings,"[""recHNjiHOpvxP5N0r""]",class_oog,Watchusayin,"[""recL7BjnccTJbLaxF""]",1,Grayson,recK4EsxpaJjX3LUB,"[""recQoysjcAG0qyHVc""]",Grayson Moore,,,,,,
recK9lW7nTdieDMhe,0,3,Terrie E. Shibley,"[""recMFDhEMIxKX7fmX""]",class_oog,Falling Moon Front Page,"[""recqbHFrX0MGeuH0r"",""rectGKMVKkrswklor"",""recajodZkqNU0xqhE""]",3,Kennedy,recK9lW7nTdieDMhe,"[""recnfn1gtJVCOdwYl"",""rec4V1tpPt3wiEnbN"",""recfNXRYXeRBEUVb8""]",Kennedy Kluber,,,,,,
recKMctgmVmyqxECd,0,1,Spencer Brittan,"[""recqByBk0EpjI9rLn""]",class_oog,Fc Sensational,"[""reczPLJAzsLXLKSjW""]",0,Tricia,recKMctgmVmyqxECd,,Tricia Sales,,,,,,
recKRoIduTxw8DsFS,0,1,Dawn Hersey,"[""recXocXm551bESpPa""]",class_oog,Color Coded,"[""recpaaXDYDSgW6K5R""]",1,Addison,recKRoIduTxw8DsFS,"[""recjP93mSGRLQnDjS""]",Addison Fulbright,,,,,,
recKSFffAB38A7Qc7,0,1,Andras Szieberth,"[""recIKurBKhyE9TxmA""]",class_oog,Nadia I,"[""rec4YooWMtcVpmXQF""]",1,Andras,recKSFffAB38A7Qc7,"[""recTqHtUA7a1azoGY""]",Andras Szieberth,,,,,,
recKTcsZ4zpTvlcB3,0,1,Daniela Roy,"[""rec2F4zRJZGDzG0M2""]",class_oog,Benjamin,"[""rec0AjlSw7pupQDJX""]",1,Maria,recKTcsZ4zpTvlcB3,"[""recdPMOFigX7AuBXi""]",Maria Ospina,,,,,,
recKUZuBFUuIJfYe1,0,1,Terry L. Brown,"[""rec66J2Ps6QIW80Eq""]",class_oog,Sunkist,"[""rec9Cq92rysrUPw7F""]",1,Holly,recKUZuBFUuIJfYe1,"[""recWPdGVFI6Qz09or""]",Holly K. Sims,,,,,,
recKaccadK6FZieQl,0,1,No Trainer,"[""rectmuBKijy6rE4R4""]",class_oog,DRAG BREAK,"[""recusXD270CSY7aC5""]",1,DRAG,recKaccadK6FZieQl,"[""recyGmCLlAYOqFFts""]",DRAG BREAK,,,,,,
recKcvl4bqHepAxuo,0,3,Candice King,"[""rec1sLb3hI5Aty4bi""]",class_oog,Tillman,"[""recLAN1YCprctnFUq"",""recQIpMbWzNoucRll"",""recwxnbZ53dpZdeAP""]",3,Aidan,recKcvl4bqHepAxuo,"[""recFa588ULfAZelY7"",""recFIucAwqNnrCEri"",""recHs8RP528qvk0N3""]",Aidan Murphy,,,,,,
recKdlBZESMpynqTs,0,2,Gianni Gabrielli,"[""recBAzsT29cV74CnZ""]",class_oog,Piebra Filibustero,"[""recfoL7MUlqgZMTqp"",""rec40MfXy8dtCqIYP""]",2,Asuni,recKdlBZESMpynqTs,"[""recov2ReRhLrvfSbg"",""recQvWDwga9UpZqB7""]",Asuni Zamudio,,,,,,
recKe0fEOC2617vU1,0,1,Daniela Roy,"[""rec2F4zRJZGDzG0M2""]",class_oog,Salute To You,"[""recDpMqmThlCwQMi7""]",1,Daniela,recKe0fEOC2617vU1,"[""rec3wby7DWIiWanEq""]",Daniela Pulgar,,,,,,
recKyS0g5eEgkhboQ,0,6,Jake Evans,"[""recSXiCPwDmQ76cuQ""]",class_oog,Clever,"[""recoHea1TIdEOozjS"",""recBAxAXHSLDqprSX"",""recStBpcwE6PFz5vb"",""recVhURLvVIqTQBtg"",""recizkDiAx9XHbQsW"",""recxrIuScJmdsHpEp""]",7,Jake,recKyS0g5eEgkhboQ,"[""rec9JhcjVE6MzwKwQ"",""rec9YY2VQtUbQheE9"",""rec9HeW9WlmtzBC08"",""recOpmNMHcQpdCtC9"",""recE62RogZyu0j9w7"",""reckBvzRGUzmn0bFq"",""rec43Xr9hCD3oLh2g""]",Jake Evans,,,,,,
recL4jSskbkJn8L05,0,1,Jad Dana,"[""recy1KamRqc4HFmiB""]",class_oog,Diamant,"[""rec8q7MNwQWvp6Ojs""]",1,Jad,recL4jSskbkJn8L05,"[""recpvSgkX3GgNA6SU""]",Jad Dana,,,,,,
recL4pj1n339zhgHs,0,1,Jennifer Strickland,"[""rechnMyqDMI94XcqU""]",class_oog,Milas D,"[""rec4nUa5OPixUm7uS""]",1,Jennifer,recL4pj1n339zhgHs,"[""rec5zBhR4G8UOqWRu""]",Jennifer Strickland,,,,,,
recL7ukkyjSp9ZHvs,0,1,Michael J. Mccormick,"[""recNsOB5RbtRbnQ37""]",class_oog,Mtm Bubba,"[""recQokOYTH4zuZbGa""]",0,Ellham,recL7ukkyjSp9ZHvs,,Ellham Memari,,,,,,
recLDDDVjl8UWm6VT,0,1,Megan Gardiner,"[""recfC6qStEmrNdY3c""]",class_oog,Castell 21,"[""recDtVYDKNlqH6xXc""]",1,Amanda,recLDDDVjl8UWm6VT,"[""recbcJelLtShLACB0""]",Amanda Gardiner,,,,,,
recLEG9lIoQdlLyaD,0,1,Erica Robson,"[""recMir2WcmMLTzpZq""]",class_oog,Colombiana,"[""recaGTpYnV7oeIHSa""]",2,Erica,recLEG9lIoQdlLyaD,"[""rec0oUzAUaAoWaLAO"",""rec3wfvjfMjQ9sCII""]",Erica Robson,,,,,,
recLFMHh1Qpy7gpgf,0,8,Dana G. Waters,"[""recC9TviwdEjxgABW""]",class_oog,Nitemoves,"[""recqlOr6InLW8OcZ6"",""recCblCmvEDw4fjhb"",""recmjXLoV7VZKpqoy"",""recoEy9hoaDtJjoNI"",""recAalHFW2uRbLEYb"",""recJLYsUEr1clTzLC"",""recMgRUiYRSnoC7GQ"",""rec9JObwdwV4vJzDp""]",7,Hayley,recLFMHh1Qpy7gpgf,"[""reczr9z58mEkBGGdP"",""recg27Zq2bCUfGxQA"",""recojwrDJjepNrSne"",""recIYS51CTVPVlsjT"",""recccgm4LNfYTtd8R"",""recQUhxttilVTEAXi"",""reczNMRYgWOH2Hl6m""]",Hayley G. Waters Wear,,,,,,
recLNTfb8hDjb4veq,0,3,Spencer Brittan,"[""recqByBk0EpjI9rLn""]",class_oog,Itoulon B,"[""recs3K0F4W1MSdq2m"",""recvzeEenKar1B9iY"",""recufRVkrsknR48az""]",4,Spencer,recLNTfb8hDjb4veq,"[""recg1BskB6PGtMP8B"",""recg11DzLD3aVrPCu"",""recHb7nYCyxL0yEEM"",""rec7pZYSTNNmPkyu6""]",Spencer Brittan,,,,,,
recLP6sOdNoKo8Xxd,0,1,Kathryn Delaney,"[""recpwhIril531ls02""]",class_oog,Harley De Youguette,"[""recJhhRnyFYOTSoPm""]",1,Madelyn,recLP6sOdNoKo8Xxd,"[""recYt2bS3S9KPlmzG""]",Madelyn Stillwell,,,,,,
recLPd8U60MI5DjCy,0,1,Antonio J. Martinez,"[""recoIakTck18pHikM""]",class_oog,Lowie Van De Opstal,"[""rec7j8GzTIZj2s6FW""]",1,Zeynep,recLPd8U60MI5DjCy,"[""recFHbfpKiKSr9rgq""]",Zeynep Mira Ozyurt,,,,,,
recLSkao4RJ9VeamB,0,1,Kelsey Duffy,"[""recJe0LFDSWmZkYs4""]",class_oog,Wrenwood Blue Dream,"[""rechslNRnxcpCkLaB""]",1,Robert,recLSkao4RJ9VeamB,"[""rec66QuE2Mvd77FhV""]",Robert Duffy-Levendorf,,,,,,
recLfxbxgtscXLGFT,0,1,Erica Robson,"[""recMir2WcmMLTzpZq""]",class_oog,Quesera K Van't Kattenheye,"[""recSFpqdvfYwyxwMe""]",0,Sabrina,recLfxbxgtscXLGFT,,Sabrina Lefebvre,,,,,,
recLrKVLwt2RR3Tbg,0,3,Bruno Diniz Das Neves,"[""recQKeo6875JCjkvf""]",class_oog,Gucci Musterd,"[""rec8O71Kdp1X8FGdo"",""recMqlWtQtBhqCq9V"",""recQ9v9I7Se6al4gm""]",3,Bruno,recLrKVLwt2RR3Tbg,"[""recfjVuC8K6N1bqm5"",""reckuCuNfbtfkMAfs"",""recIzCje3rUoRNWcW""]",Bruno Diniz Das Neves,,,,,,
recLyTrE6tVxN0uIu,0,8,Michael J. Mccormick,"[""recNsOB5RbtRbnQ37""]",class_oog,Mtm Can Talk To Me,"[""recaBCOa1TSSNZP5p"",""recb0ilVV63XwPyRa"",""reccnTCxokueBKAKY"",""recphUf4GvG1kGKuU"",""recjskR0eEwN6Dk1x"",""reczBKqmMXql0CLrb"",""recezQK0HYupTVbac"",""recdaVcFLIUHI6kbc""]",9,Tracy,recLyTrE6tVxN0uIu,"[""reckz7DLuW7CZb0Wk"",""recE1MaNADKY9B2V1"",""recW4W2Sd7UGjIZJk"",""recvS4oaEuUxfdgB7"",""rec8P7VE4xrhSr8iw"",""receFL2jrZgtEi18s"",""recWnwuX7YEpOVN6X"",""recfceJucrzwxFkvk"",""recvHtEFJEg2EU4nO""]",Tracy Fenney,,,,,,
recLzzBYsHVDPuiDg,0,2,Marissa Creviston,"[""recUr6Fi772oNLJ5v""]",class_oog,Obora's Sandman,"[""recIBz7C8oVDQNAPH"",""recUQ7hl3dhqBAlIH""]",0,Anna,recLzzBYsHVDPuiDg,,Anna Weiss,,,,,,
recM7ioOHefDmEAqq,0,1,Heather Froehlich Cortell,"[""recYYSG3rW61gLanZ""]",class_oog,Delisa Gp,"[""recHgVNnMbV0sNKWs""]",1,Heather,recM7ioOHefDmEAqq,"[""recdeUfxo0vGgm3Pm""]",Heather Froehlich Cortell,,,,,,
recM7mIEX7KrsLZpU,0,1,Andres A. Correa,"[""recl4930Uvn00qNs0""]",class_oog,Enzo Ferrari,"[""recLj4UDBywdJC7LQ""]",1,Kayla,recM7mIEX7KrsLZpU,"[""recRzK78bR4xQ8ovU""]",Kayla Singh,,,,,,
recME2nnHHq3MGprb,0,2,Morgan Taylor,"[""rec0wCs5ZzmAW8kSL""]",class_oog,Taffy's Little Charade,"[""recaXaAKeiLL3ev6g"",""recNbuPv9GwtRbRRm""]",1,Skylyn,recME2nnHHq3MGprb,"[""recl7NGfdcTTxC02z""]",Skylyn Crisante,,,,,,
recMPbYmzweoEuQZw,0,1,Celso Ariani,"[""rec5Zl0N5TXr6Cc95""]",class_oog,Darc Vader,"[""recMON4SobKvvFQ31""]",1,Emily,recMPbYmzweoEuQZw,"[""recjfRtkOKKC94jcu""]",Emily Plante,,,,,,
recMU6VojE1ZcAXyd,0,1,Stefanie L. Collier,"[""recbqlRFLweeL4BNZ""]",class_oog,Bss Prince Charming,"[""recls6r9Pzr1y9Hiy""]",1,Sophia,recMU6VojE1ZcAXyd,"[""recusGpYIKh04LH18""]",Sophia Oosthuizen,,,,,,
recMVQ94M8BVWywgu,0,2,Ben Taylor,"[""recmTGLWfZLnyH6TK""]",class_oog,Elocia,"[""recSi1JQHq46yEy28"",""recdHtx1XyoqmixV6""]",1,Mya,recMVQ94M8BVWywgu,"[""recQtqCuhjUD3zjO6""]",Mya Carrico,,,,,,
recMaad2LIEbjro0b,0,1,Debra L. Ward,"[""recp8AfepuIJngrGM""]",class_oog,Lincom's Close Up,"[""rec0hrpr20STHePIT""]",1,Mason,recMaad2LIEbjro0b,"[""recrIYf0Es1HnC62P""]",Mason Maclean,,,,,,
recMifDCMUrKBbuO5,0,1,Jane C. Ehrhart,"[""rec5Ut33CL5koblpZ""]",class_oog,Madhappy,"[""receqd5Cup8r42Zwg""]",2,Jane,recMifDCMUrKBbuO5,"[""recX5qWot6Av0Z3oy"",""recJHYRElkwolfSEq""]",Jane C. Ehrhart,,,,,,
recMy5T1t0dArdrEM,0,1,Alison Jones,"[""reccPpBL4rQYdBMJP""]",class_oog,Worth The Wait,"[""rec0EAvO8EiKZz9wz""]",1,Kennedy,recMy5T1t0dArdrEM,"[""recpFHkXxPMFq5Tpp""]",Kennedy Morrison,,,,,,
recMzk8ShOgT6gTZr,0,1,Juan M. Bolanos,"[""reciQqSfWbMiP5zxf""]",class_oog,Double R Jacaranda,"[""recFYAs9mJQnTitDs""]",1,Carlota,recMzk8ShOgT6gTZr,"[""recuPBx5yKoynvNJL""]",Carlota Goyeneche,,,,,,
recN6EWy3cICz9L58,0,2,Derek Reed,"[""recnRRpu2nz5AuBj6""]",class_oog,Britney Ps,"[""recISQW0vjBNoLsAe"",""recjE2Ei5cPmJgQdl""]",2,Cullen,recN6EWy3cICz9L58,"[""reco3kmN6MpfNfLx2"",""recCK9Bbw2Ctvpst0""]",Cullen Drescher,,,,,,
recNBQyuhKbs4KSEm,0,1,Jacqueline Steffens Daly,"[""rec3YjZUNtuqDJ0nC""]",class_oog,Lady Roxy,"[""recKgbUJtVxZpLUkL""]",1,Suzanne,recNBQyuhKbs4KSEm,"[""recdkGK7Ky8tTodPI""]",Suzanne Burns,,,,,,
recNELjCoC4kZvtuz,3,0,,,,,,0,Marley,recNELjCoC4kZvtuz,,Marley Katz,"[""rec0cuVajPDQ8FXxo"",""recpySw0S30ZsSIy6""]","[""recdXyy9QLXuId9AA"",""recR2pQ9yBAPGXRMS""]","[""rec5gpU9xi1d3M44K"",""recYbtVgNNjBeT0ft"",""rec5UkekAG15mNrRw""]","[""reczHc2ZjXFmD9aar"",""recamBTUnFDjlgCaQ""]",,
recNZdF2y3UymF3hZ,0,5,Megan Wexler,"[""recbDjphoL8qMtSeW""]",class_oog,Ledoux,"[""recLy0joj26tclrr2"",""recKp9tNitqO9Eslf"",""recQrwLGs9KZmuISs"",""recdSr39X3oOJZjOa"",""reciEeSgJNDYwsk9v""]",5,Megan,recNZdF2y3UymF3hZ,"[""rece8QRDzcNymM2DX"",""recSreSDbd6p6RAsb"",""recNgH57AAv2QuVR2"",""recb8kY0wI96J5yl3"",""recQay4lUnB4pRhOZ""]",Megan Wexler,,,,,,
recNirM4RHUlZhnbx,0,1,Thea N. Stinnett,"[""recfWYHJT3O9VG1TG""]",class_oog,Kara J D'alve Z,"[""recochZJJAeI8sJWl""]",1,Alexandria,recNirM4RHUlZhnbx,"[""rec1eLaySOTVGfZvf""]",Alexandria Beneson,,,,,,
recNl2xmTcpi4Qutb,0,1,Terrie E. Shibley,"[""recMFDhEMIxKX7fmX""]",class_oog,Leroy Brown,"[""reczn10oPCI0Ko8ix""]",1,Amanda,recNl2xmTcpi4Qutb,"[""rec5SupXeyjWTgAbz""]",Amanda Majewski,,,,,,
recNlymSrDpNu9n0h,0,3,Jenna P. Friedman-Lopez,"[""rec3Zk0aiDpx2KX0O""]",class_oog,Diamond Rbc Z,"[""recb06EzEhRXoWKfE"",""rec0409bsqwqOEXaa"",""recnYaxBg2yWHsGAP""]",3,Jenna,recNlymSrDpNu9n0h,"[""recRUmhoOe0gPinCh"",""reckJKgk676RKWabB"",""recUtlg8od1chADBZ""]",Jenna P. Friedman-Lopez,,,,,,
recNn7KbaFwOOFbYW,0,1,Jamie Reinheimer,"[""recueBhFGFi7LFglR""]",class_oog,Sf Old Fashioned,"[""rec4NB0C9itFKn8SC""]",1,Jamie,recNn7KbaFwOOFbYW,"[""rec7xtG00LNziiwOy""]",Jamie Reinheimer,,,,,,
recNqQR6DgevXhdjd,0,1,Madison Daughdrill,"[""recQXTpW29gQ8CQhu""]",class_oog,Dank's Corner Livin' In The Future,"[""recHhzuyLxlaQtDz2""]",1,Laikynn,recNqQR6DgevXhdjd,"[""rec7zQax96YuurTYP""]",Laikynn Mixon,,,,,,
recNxwU3qLAqtCJos,0,1,Lauren Schweppe,"[""recWb8kIRsV2w5Zj9""]",class_oog,Jurrney,"[""recaCQLlEZ79nr9GJ""]",1,Lauren,recNxwU3qLAqtCJos,"[""rec7X3x2xYM9fNfws""]",Lauren Schweppe,,,,,,
recNzSUHTpZtd7NWZ,0,3,Casey M. Millis,"[""recBrEtNpXmVIRzK3""]",class_oog,Kashmir,"[""rec8gyq6rP2NUKN64"",""recHMJlKzrbejcORZ"",""recNKI4hLA4TCZA3C""]",3,Casey,recNzSUHTpZtd7NWZ,"[""recPYtOlXEMAgy51Q"",""rec8UGAUAUJ780m3N"",""recZNJ9sLZjsWr4Mc""]",Casey M. Millis,,,,,,
recOGT7wK06oAdsHU,0,1,Jamie Reinheimer,"[""recueBhFGFi7LFglR""]",class_oog,Caligua,"[""rec81uY66ycE88wYH""]",1,Janie,recOGT7wK06oAdsHU,"[""rec2cDkWFGecuTXv5""]",Janie Stevenson,,,,,,
recONcc9Y1eFbsIqb,0,1,Daniela Roy,"[""rec2F4zRJZGDzG0M2""]",class_oog,Epik,"[""recz8ZZNm1odTS2R2""]",1,Côme,recONcc9Y1eFbsIqb,"[""recE0VaX8Y1xYPUCM""]",Côme Bettant,,,,,,
recOYADvDrfdlL1bZ,0,2,Morgan Taylor,"[""rec0wCs5ZzmAW8kSL""]",class_oog,Pays Bas V,"[""recx8un2Tv1l1f02C"",""recDz4Szz11aFohBg""]",2,Scarlett,recOYADvDrfdlL1bZ,"[""reciDvLCK0Gc6NOIA"",""recVscUeLQRzogBzv""]",Scarlett Hamaoui,,,,,,
recOa9hAA7Il6GJF2,0,1,Maisie Wagner,"[""recWddmd29X3mTMwN""]",class_oog,Martini Maker,"[""recsvVtTz77nUkYlf""]",1,Morgan,recOa9hAA7Il6GJF2,"[""recntoeUdfpjKN1pJ""]",Morgan Daly,,,,,,
recOh2Fao2Dj2qlPT,0,1,Debra L. Ward,"[""recp8AfepuIJngrGM""]",class_oog,Tavish,"[""recA1M889R2eXkTtW""]",0,Debra,recOh2Fao2Dj2qlPT,,Debra L. Ward,,,,,,
recOkGkqEmmFznq4k,0,1,Gianni Gabrielli,"[""recBAzsT29cV74CnZ""]",class_oog,Kascaya Z,"[""reckjV13gigbihqLO""]",1,Miranda,recOkGkqEmmFznq4k,"[""recNVaEWSnFbWs024""]",Miranda Gabrielli,,,,,,
recP43wcoh66HhylY,0,1,Lia Screnci,"[""rec0eBWOxYRez99HS""]",class_oog,Cor La Loi Mdm Z,"[""recBGR9exROYploMW""]",1,Adrianna,recP43wcoh66HhylY,"[""recykDsuwpWbA5U1N""]",Adrianna Schneider,,,,,,
recPB7WI5VyV8QMB2,0,1,Katlynn Butler,"[""recmCyrv5t0l7hgsj""]",class_oog,Cupido De Jolie Z,"[""recG8UFeNEruW0qAM""]",1,Katlynn,recPB7WI5VyV8QMB2,"[""rec26JITyiE4sJMw9""]",Katlynn Butler,,,,,,
recPFYBgAHsC0RKNr,0,1,H Dougl Schreiber,"[""reckydHWVV9YphkZt""]",class_oog,North Shore Hal,"[""recD8jCi0q5mMW8MU""]",0,H,recPFYBgAHsC0RKNr,,H Douglas Schreiber,,,,,,
recPFqrG7eCkbV1oV,0,1,Juan Benítez,"[""reccVab1jS62QQ5la""]",class_oog,Flint T.s. Et,"[""recpebMoudJDC60fQ""]",1,Camille,recPFqrG7eCkbV1oV,"[""recVtBbwobTXncVAO""]",Camille Pacheco,,,,,,
recPGJTiI6K3uYwx2,0,1,Terry Gonzalez,"[""reci3OiwSw0ssqcKI""]",class_oog,Feinschnitt,"[""recXwUShty8CPvH8R""]",1,Dominique,recPGJTiI6K3uYwx2,"[""recjGNQ3XOeNkwqQn""]",Dominique Gonzalez,,,,,,
recPIeLFekmtztRSS,0,1,Molly A. Kenney,"[""recvcVgWYY3shMkZ4""]",class_oog,Executive,"[""recbUXr0EJKgp7DTm""]",1,Sharon,recPIeLFekmtztRSS,"[""recoKVvoZfjTDebAw""]",Sharon S. Maloney,,,,,,
recPKZKemiflnx7tw,0,2,Abby Strohmeyer,"[""recHr7nRG7cRW4hq4""]",class_oog,Ferris Bueller,"[""recdgZHJZwsLqMgDU"",""rec2nDWjaoATDkEcy""]",2,Kimberly,recPKZKemiflnx7tw,"[""recTls64pZq4X5EVG"",""recKQc8FIWEv0zD7f""]",Kimberly Tobias,,,,,,
recPMAhk7mQkCWVJk,0,2,Josh Dolan,"[""recYSQRJjZGVMtbrM""]",class_oog,Paulownia,"[""rec9AP3HlVMforLnk"",""rec81fkbetDGZMtjx""]",2,Josh,recPMAhk7mQkCWVJk,"[""recOQJY6MEQg7VRgJ"",""recSq8P0NfinWRF3k""]",Josh Dolan,,,,,,
recPQoiV65KHQ45rz,1,1,Alan Korotkin,"[""recFIHTcArQhILyAc""]",class_oog,La La Land,"[""recfNblKC4omkLphP""]",1,Christina,recPQoiV65KHQ45rz,"[""recM1mGbDxboroFgQ""]",Christina Faninger,"[""recUNFjkwJIatKsA5""]",,"[""recMiWd0wHfcw2Svv""]","[""recFRJlPD4hXiFt2D""]",,true
recPQsoqkap3XkAa0,0,1,Camille Maynard,"[""receCZCsNdOQDE9z9""]",class_oog,Sunday Rose,"[""recnwz2FRRohIztxK""]",1,Shiloh,recPQsoqkap3XkAa0,"[""recEGqQL7rG7xysMK""]",Shiloh Roseboom,,,,,,
recPXLEaURBERJ9rQ,0,1,Robin Swinderman Mitchell,"[""recJZPYAhA0EEsHd8""]",class_oog,Novel-T,"[""recPQAEXgekokD3yD""]",1,Lee,recPXLEaURBERJ9rQ,"[""recrogcv51FvGgW5m""]",Lee D. Cesery,,,,,,
recPXdNTrV4Jh4bzw,0,1,Dana Kurrle,"[""recNlaJ4fNzGpH0Rf""]",class_oog,Newcomer Z,"[""reckf5vereqxMaJMI""]",1,Xavier,recPXdNTrV4Jh4bzw,"[""recCBxxMJ1CtUSSZR""]",Xavier Gomez,,,,,,
recPYRCEIs5ZuvAm6,0,1,Katie Rudnick,"[""rec6npIsj2ldcOqWZ""]",class_oog,Simply Good,"[""recbYAzMttzLLuZdX""]",0,Emily,recPYRCEIs5ZuvAm6,,Emily Caudle,,,,,,
recPdCUxo8dHxOsst,0,1,Raishun Burch,"[""rec5VNiNYnXVAnanj""]",class_oog,Lolita Z,"[""recPzJd0N3xIhHeyD""]",1,Sienna,recPdCUxo8dHxOsst,"[""recOMmK8MSH3g7A94""]",Sienna Jones,,,,,,
recPeGkEKhaTp6cBV,0,2,Juan A. Rodriguez Silva,"[""reclu4ZfxeCUoDgLA""]",class_oog,Comedian Of Picobello Z,"[""recnyy0NO8f4ypyat"",""recIJocvEbI4bkFpd""]",2,Sebastian,recPeGkEKhaTp6cBV,"[""rec4X25T8c5jnS9aX"",""recRwYDAB03ykBYId""]",Sebastian Presa Tejada,,,,,,
recPg8rVHALW0MdJX,0,1,Andres A. Correa,"[""recl4930Uvn00qNs0""]",class_oog.php,Bluebelle,"[""recZP6wgonkpwI9SZ""]",0,Andrea,recPg8rVHALW0MdJX,,Andrea Correa,,,,,,
recPgxcjKp2mPObNu,1,0,,,,,,0,Sydney,recPgxcjKp2mPObNu,,Sydney Matalon,"[""recjPrNyS7Hlk3SUJ""]","[""recejRmmXMol02PGq"",""rec3z5T2kZ4GnlCfs"",""recm5nIT4f2LWqDAX""]","[""recwhVOXttc6gKSiM""]","[""recz6AI8LQLpads8j""]","[""recb7QsFExkz0wx2u""]",
recPhhmTvRfqCQMot,0,1,Jenelle Branom,"[""recmuuXibSUSiIg5P""]",class_oog,Bellagio,"[""recRtnQE55TEl4dH6""]",0,Jenelle,recPhhmTvRfqCQMot,,Jenelle Branom,,,,,,
recPnQqnbJEkMT3dY,0,3,Tammy Blanchette,"[""recDlEaFgkwZNWGL7""]",class_oog,Chardonnay,"[""recdKcSqDpopwsIiG"",""rec3i8qHdse1cFJON"",""rec1pG6CeNFMn9AyW""]",4,Robert,recPnQqnbJEkMT3dY,"[""recEQeYA6DQnvwbRg"",""rec6jFlPCM76WurPT"",""recRZNv8l8lpqrl18"",""rec1skbI5S4rMKr3H""]",Robert Blanchette,,,,,,
recPq12kGtlUnKNeW,0,2,Mario Garcia,"[""recgLDs1PX5pujyno""]",class_oog,Hercules,"[""recKsKbcYKcRdmK7X"",""rec8WP23Cu2mqFUBh""]",2,Maya,recPq12kGtlUnKNeW,"[""recv79kftJHQbcGbx"",""recQBQoJ1XqG7D9zR""]",Maya Allhusen,,,,,,
recPssTPHylHZbouQ,0,1,Juan Benítez,"[""reccVab1jS62QQ5la""]",class_oog,Valeo Des Aulnes,"[""reci170NmUmzXtOw3""]",1,Amanda,recPssTPHylHZbouQ,"[""recNHVkQ5KFrWoE3n""]",Amanda Cabel,,,,,,
recPtl3r1mpHxJ3g7,0,2,Sharn L. Wordley,"[""recqmThVFmsIM6E8t""]",class_oog,Thor Jr,"[""recsYiWOvwCWUePvo"",""recdLTutEXasEnkRs""]",2,Ali,recPtl3r1mpHxJ3g7,"[""recs0rRpUMYVPs1fd"",""recmPbLSRxfN8A94K""]",Ali Arbabi,,,,,,
recPuKAnYtugBQcK9,0,1,Manuel G. Torres,"[""recIorvNwvWPlOR66""]",class_oog,Zara Www,"[""reclCmPq9aWmKIMD8""]",1,Kate,recPuKAnYtugBQcK9,"[""recHYiLPns3ywXPMS""]",Kate Phillips,,,,,,
recQ8qRBqfZBiXcsy,0,2,Mario Garcia,"[""recgLDs1PX5pujyno""]",class_oog,Cyrus,"[""recG058pTpfNNSn8z"",""recfj715eByJAtDSL""]",2,Dakota,recQ8qRBqfZBiXcsy,"[""recDg97u6E8ueRkPR"",""rechTDwvrnTzsDx7H""]",Dakota Sheikh,,,,,,
recQQrPH3WjlKE04C,0,1,Grace Dreyer,"[""recmEHqV9uMzGpVKb""]",class_oog,Quicksilver Hercules,"[""recwfJbVkdkVWNO0q""]",1,Ella,recQQrPH3WjlKE04C,"[""recrcGvEq9VjLfJM7""]",Ella Clark,,,,,,
recQVrVcnghBYOhLX,0,2,Matt Martin,"[""recRnYU8EgCMCN4Tl""]",class_oog,Joylon Gb,"[""recMmwA2xAw6AoAk9"",""recoIfeCdEj0JuYKM""]",2,Brinley,recQVrVcnghBYOhLX,"[""recNtjRjQXWHrQ5ll"",""recKcYv5A7peie9dW""]",Brinley Farr,,,,,,
recQXT3tHMHJl4tss,0,2,Conan Conway,"[""recS9EfEO0iZet31e""]",class_oog,Titan,"[""recBAKR7ORMahR0y8"",""recdHzVN1Aq8OZiKa""]",1,Mckenzie,recQXT3tHMHJl4tss,"[""rec1oM5ee7kSk9If7""]",Mckenzie Miller,,,,,,
recQYtoWytkrBT5u6,0,1,Jasmine Walsh,"[""recI1AZhpQDfY3cRY""]",class_oog,Posh,"[""recPYs0Y20jnSDpbk""]",1,Josephine,recQYtoWytkrBT5u6,"[""recAFC6AKzcuuFK3K""]",Josephine Lurie,,,,,,
recQegkSIOiKIORwi,0,1,Gaston Escamez,"[""recZAL84Ujr0QX9cW""]",class_oog,Conlugo Ps,"[""recEKjMLxbot8wxp8""]",1,Lawson,recQegkSIOiKIORwi,"[""reca6JPxYZPlxbSyK""]",Lawson Whitaker,,,,,,
recQk7a0vqvqeHwYS,0,1,Morgan Taylor,"[""rec0wCs5ZzmAW8kSL""]",class_oog,Cms Who's The Man,"[""recdanmPVXbmzN9w1""]",1,Madison,recQk7a0vqvqeHwYS,"[""recbTTLdQQzmaK8Yy""]",Madison Boutilier,,,,,,
recQtl36CipbQcEZ6,0,1,Ben Taylor,"[""recmTGLWfZLnyH6TK""]",class_oog,Patron,"[""recIEURZIRcudCDt1""]",1,Joy,recQtl36CipbQcEZ6,"[""recBybovGA3QF4KoF""]",Joy Rollefson,,,,,,
recQxb0Ax2Q7oNNKl,0,1,Alan Korotkin,"[""recFIHTcArQhILyAc""]",class_oog,Poptart,"[""rec6qkStn8vxhfz5c""]",0,Olivia,recQxb0Ax2Q7oNNKl,,Olivia Oakvik,,,,,,
recR15trSJEmLl1BW,0,4,Ben Taylor,"[""recmTGLWfZLnyH6TK""]",class_oog,Conthinder,"[""recBbNqLfR6bedO4Y"",""recBpwtdQHxh4VA9A"",""recFDWbTiblt4mAKN"",""recq5UnOR7mLoxI6I""]",4,Sophia,recR15trSJEmLl1BW,"[""recBrlPfyzwPNCO75"",""rec9GEPDxYugGa9EC"",""recDwDMZvyoaSoh3B"",""reckOFVSzlsgIng3j""]",Sophia Ayers,,,,,,
recR2Qqw14ekrhhEb,0,3,Tara G. Bostwick,"[""recnfUPcKk9Gyyfct""]",class_oog,Churchill Blue,"[""recVCZXLZHYtVS0q9"",""recgMVCqjpDn8pGu6"",""recjwykrLZTULfE44""]",3,Reagan,recR2Qqw14ekrhhEb,"[""recSu8KzOmYJDg4Em"",""rec5ppXd3Vi3V3PUp"",""recMl7T8npEco3A2D""]",Reagan Williams,,,,,,
recRIMcTnKFY5QT1D,0,1,Angela Gais,"[""recGc5Brn264xxwLl""]",class_oog,Bonne Chance,"[""rechiQURI0DyDDCqo""]",1,Alexandra,recRIMcTnKFY5QT1D,"[""recMuRotnCxQR9iwp""]",Alexandra Stauffer,,,,,,
recRLAErJt0gGFTo1,0,4,Luke Sassi,"[""rec24pSWnvy9FcJe9""]",class_oog,Penelope De La Fresnière,"[""rec4C5up6MnR29EiK"",""rec7OtpMftJvmaGkF"",""rec0dAC4VPaTnKi1s"",""reciD8BARTY6HjGWi""]",5,Luke,recRLAErJt0gGFTo1,"[""recf7XhHRIWSt1q5G"",""recX7ZLMmQ0SEzHLB"",""recnHXqzRVrS79XjN"",""recjuhxmP88d5UfTA"",""rectY3GOus6n9pmIQ""]",Luke Sassi,,,,,,
recRU1Mej9Bok2L0a,0,1,Matthias Hollberg,"[""rec1WjmrNr6i9f42W""]",class_oog,Alejandro Fcf,"[""recNt5v3dRPI2tyvH""]",1,Averie,recRU1Mej9Bok2L0a,"[""recIZlv5njbVi0Nxl""]",Averie Foss,,,,,,
recRZ3xBHi6OjRlHK,0,1,Maya Denis,"[""rec1yYXh3xuiGBsAr""]",class_oog,Fernhill Touch Of Grandeur,"[""recPNCV6VOVWK2NaS""]",1,Kendall,recRZ3xBHi6OjRlHK,"[""recA6Nqh637ic9n2z""]",Kendall Stephens,,,,,,
recRc1almev7LLLEO,0,2,Juliann W. Cunningham,"[""recBZQ9mU0STvFbPL""]",class_oog,Squid,"[""recunMWGQTI2VToxq"",""rectQgrzp3TJHRPnl""]",2,Ella,recRc1almev7LLLEO,"[""recq3TA2ZvEBsMBNd"",""rec4aCCXiT3ZzSW5s""]",Ella Sasso,,,,,,
recRqmqFiWa1SNEQF,0,2,Derek Reed,"[""recnRRpu2nz5AuBj6""]",class_oog,Rich Girl,"[""rece3GBJjxZECBTqa"",""recvuddhUtF9cqixv""]",2,Felicia,recRqmqFiWa1SNEQF,"[""reczYObixJZURLE5N"",""recdvY5Bhns0iSO9A""]",Felicia Rodgers,,,,,,
recRtC0F3ysCyAaTr,0,1,Lesley Grant-Law,"[""recSN4WGiXjlJgPc6""]",class_oog,Dsh Gran Torino,"[""rec55vpC4sa96DMLZ""]",1,Leslie,recRtC0F3ysCyAaTr,"[""recwYhzRtCDiI5xSW""]",Leslie Law,,,,,,
recRwKQn4Cpl8Zqzz,0,2,Jasmine Walsh,"[""recI1AZhpQDfY3cRY""]",class_oog,Dominus Z,"[""reci7vpKDSO4HLzfO"",""recdgVTjaWDh5ukyJ""]",2,Emery,recRwKQn4Cpl8Zqzz,"[""recdMAFrp27NIbeGF"",""reczOTwv7DErytw0W""]",Emery Kobel,,,,,,
recS6NEHW8df5rwkS,0,2,Caroline Willard Briles,"[""recgDRmlgICPwHaba""]",class_oog,Bye Chance,"[""rec9JED7qNw5K1k1x"",""recuCPJ2Zgcp5QVZK""]",3,Linda,recS6NEHW8df5rwkS,"[""recGNgC61nUbQ8dS7"",""recKixOH4Ep6JOkPO"",""reckOnxVceHZPnCPX""]",Linda E. Vellman,,,,,,
recS7xRIWP2pzZCg3,0,1,Gianni Gabrielli,"[""recBAzsT29cV74CnZ""]",class_oog,Solaguayre Chaquensi,"[""rectKjJi3vbaPv5i1""]",1,Melanie,recS7xRIWP2pzZCg3,"[""recpy9qy1UpqoYGC2""]",Melanie Mendoza,,,,,,
recSD3oLcU0QYz1H7,0,1,Marissa Creviston,"[""recUr6Fi772oNLJ5v""]",class_oog,Delta Blues,"[""rechUQIGTl4TpNV4N""]",0,Ashley,recSD3oLcU0QYz1H7,,Ashley Nokes,,,,,,
recSjgiaxtLvji5uq,0,1,Carlos Aguirre,"[""rec1FgPVFDZY2PmXP""]",class_oog,Chanel,"[""recIV0AQbZVVkxgVz""]",1,Raquel,recSjgiaxtLvji5uq,"[""recv0B2iG4iBLz2LX""]",Raquel V Toro,,,,,,
recSlmjMGDyanRxR7,0,1,Alberto Michan,"[""recOPpcKG9qWpofRT""]",class_oog,Sweet Caroline Na,"[""rech23Fgkd56AncPD""]",1,Juliane,recSlmjMGDyanRxR7,"[""rec7Ab9hWgN2MWcXj""]",Juliane Stephan,,,,,,
recSpZwBDTYVDdVOK,0,3,Jasmine Walsh,"[""recI1AZhpQDfY3cRY""]",class_oog,Starridor,"[""recEjGyhVLj8KVVn1"",""recNWMRMAQy4ZOXRW"",""recmEo4sesOjwthKX""]",2,Peyton,recSpZwBDTYVDdVOK,"[""recP069o09wRfHVzl"",""recvjSnNyrwcGgAu8""]",Peyton Krumin,,,,,,
recStDHonwdQtwWja,0,1,Ivy Nyberg,"[""recFYFjihQUcBvh6P""]",class_oog,Indianapolis,"[""recL9EZdGQk2oSxYz""]",1,Ivy,recStDHonwdQtwWja,"[""recQiGG8bUwdhs9Th""]",Ivy Nyberg,,,,,,
recSwYgVxYeWHJAvI,0,1,Robert Mendoza,"[""recc7BtlSMC456iwd""]",class_oog,Tarantino De Rie,"[""recEKwpfkg93Z4H5R""]",0,Hanna,recSwYgVxYeWHJAvI,,Hanna Pieri,,,,,,
recSx6zrBtxT7i8gh,0,1,Benjamin J. Meredith,"[""reccRPUdMRZMCiJuf""]",class_oog,Hallmark Hpf,"[""recznBPlUOh3ieweT""]",0,Nick,recSx6zrBtxT7i8gh,,Nick Edmunds,,,,,,
recT4DmfdKkyGN2BH,0,1,Kim E. Burnette,"[""recq5CHnS6h3E8w58""]",class_oog,Carli De Sabette,"[""recmByhMYQnxjwoVz""]",0,Maya,recT4DmfdKkyGN2BH,,Maya Fischl,,,,,,
recT9NpDNfSMhikLG,0,3,Juan E. Hidalgo,"[""recWm4nXbUtPYpLCL""]",class_oog,Il Vole Du Park,"[""rec6ysiq6YPYZB8xn"",""rec1WNWyNkZHM2djN"",""recvc1quYVdy4FRr4""]",4,Juan,recT9NpDNfSMhikLG,"[""recuxxtlQ8FlkNjqC"",""recIILOTkzdwkPqea"",""recUqU7pPcDCKpVrj"",""rec7azKaPKmD2cx7o""]",Juan E. Hidalgo,,,,,,
recTCHnChSTIiwvZX,0,1,Kelsey Duffy,"[""recJe0LFDSWmZkYs4""]",class_oog,Flylow,"[""rec9QVvKA6ZzXPqKg""]",1,David,recTCHnChSTIiwvZX,"[""recU0jOLumK458kcA""]",David Duffy-Levendorf,,,,,,
recTCvI0mQz6rAjWg,0,1,Ben Taylor,"[""recmTGLWfZLnyH6TK""]",class_oog,Forseti,"[""reclfJi9i9xlltKo7""]",1,Ben,recTCvI0mQz6rAjWg,"[""recHyN19AKl4BWiCZ""]",Ben Taylor,,,,,,
recTDMo7hqCpuyKDo,0,5,Robert Mendoza,"[""recc7BtlSMC456iwd""]",class_oog,Lyonheart,"[""recV8l7UbmAohDANr"",""rec1WwYM8k4xOd9j3"",""recEKwpfkg93Z4H5R"",""recQQaDO3dcVfREOY"",""reccCKcFj7yR73Nd9""]",7,Robert,recTDMo7hqCpuyKDo,"[""rec8nbieTHlNYfAzC"",""reci2dsUGmNKNrxEV"",""rec1h9tikxncztApt"",""rec32qsqLuGDJ9aQ7"",""rec514OUjwldYovtn"",""recSpoDIMbZJaCFQg"",""recSpXIJ25DfqTbXv""]",Robert Mendoza,,,,,,
recTHJagHE9Q3tPsI,0,3,Stephanie Frey,"[""recGQXJ8M2eFcl9W7""]",class_oog,Billy Banbury,"[""recdTX5IUQZl4s7vU"",""recdgDYXozqdyOFDK"",""recMjB7oPDo8BDfWU""]",2,Alexa,recTHJagHE9Q3tPsI,"[""recuNQ00z5v7WxF6j"",""recTB2sMib3ga8Eu6""]",Alexa Riccio,,,,,,
recTbPPrT5MS4uV32,0,5,Savannah Groselle,"[""recGAk78qKHuklkI5""]",class_oog,Makuna,"[""recVJE5vN5qq6I9DS"",""recCjY7URLFiJYB7z"",""recpYT7ZhP7sVY8yE"",""recsLq3QJpe0I91E1"",""reccWmH9YrdWoRbbj""]",5,Savannah,recTbPPrT5MS4uV32,"[""recHI4yrp2NFdPoy4"",""recCGHfmjgSEuux59"",""recQ7HnsEnibn4AGr"",""recRYg0YIM8JzWYG8"",""recwRRSvRvajFvpfV""]",Savannah Groselle,,,,,,
recTf0sGZjMph4C5x,0,3,Stefano Baruzzo,"[""recqebjIKM3r0tkep""]",class_oog,Orchidee Vd Bisschop,"[""reclcCXIKxjqvHhQG"",""rec78HboS0nekBGJk"",""recoAziURff9yumKS""]",3,Devin,recTf0sGZjMph4C5x,"[""recfmZckWPiD4Rqmf"",""recTBFm0ySysqGw0a"",""recFIql8NQczd9Ery""]",Devin A. Seek,,,,,,
recTf2Xim4Op3oBot,0,1,Jasmine Walsh,"[""recI1AZhpQDfY3cRY""]",class_oog,Bianca,"[""recHIKuIcAOuVlvBx""]",1,Harlow,recTf2Xim4Op3oBot,"[""recWRSQyU8e94yiTZ""]",Harlow Kobel,,,,,,
recTzVdXN2lQX7IZJ,0,1,Juan A. Rodriguez Silva,"[""reclu4ZfxeCUoDgLA""]",class_oog,Goodgraf,"[""recmkdZlIpgn2WpHl""]",1,Lenir,recTzVdXN2lQX7IZJ,"[""recQadhnwp62oGhc1""]",Lenir Perez,,,,,,
recUAXMBbSwmB7zjl,0,1,Kim Taylor,"[""recMsKXGUQA6BQOth""]",class_oog,Bff Signatures Holy Ghost,"[""recFj8Rnqda865Orl""]",1,Ella,recUAXMBbSwmB7zjl,"[""reckA4khnOmuCzQG8""]",Ella Ofarrell,,,,,,
recUFm6Wapo7Qrf6n,0,3,Sven Frei,"[""rechQszLeuxBMYqll""]",class_oog,Espresso,"[""recanS0gIFgb7M0um"",""recVpyyWeXZVriozh"",""recWtGteWsVUzHxj4""]",3,Molly,recUFm6Wapo7Qrf6n,"[""recdqd8c1RiqEIyWS"",""rec2baIfOEJG63TMM"",""recjPe7jVWzibc1lp""]",Molly Frei,,,,,,
recUMVpOTXnrfo6VI,0,1,Jacob Fletcher,"[""recXPKDGyJI2y5uSY""]",class_oog,5o1 Stakkatol's Dream,"[""recTLCrfSjDjMGHda""]",1,Jacob,recUMVpOTXnrfo6VI,"[""recWktbRAlMADqRYM""]",Jacob Fletcher,,,,,,
recUMvSAuUWgkBqLP,0,2,Ben Taylor,"[""recmTGLWfZLnyH6TK""]",class_oog,Samba Do Brasil,"[""recpHGtjY8NAqovDV"",""recHAnzuqYB4BmFf2""]",1,Alise,recUMvSAuUWgkBqLP,"[""recv9pN07UPLwgUlv""]",Alise Carrico,,,,,,
recUXk1rCTBLl3j4S,0,4,Samuel Parot,"[""recnutMCbWmttrhyI""]",class_oog,Contigo Z,"[""rec2G9YifGvN4YYhL"",""recuzitVFFi8AmZ40"",""recvDtleM8vfk6OC1"",""recq4yel90gUTUD2H""]",4,Samuel,recUXk1rCTBLl3j4S,"[""recdwOEYGZ8DxLTUJ"",""recRPs1ydxqIDjEOg"",""recyfyN4kujFVTi3w"",""rech7sFSTS6x49XVc""]",Samuel Parot,,,,,,
recUgFp1uT5JPlHTn,0,1,Andrew C. Welles,"[""rectc0mHofDhAxAVA""]",class_oog,Cismet 4,"[""reckUXRnpkkQZOFiB""]",0,Alexandra,recUgFp1uT5JPlHTn,,Alexandra Welles,,,,,,
recUp0PuFTPxVBAqS,0,1,Tammy Blanchette,"[""recDlEaFgkwZNWGL7""]",class_oog,Cookie Z,"[""recKSEESfOjL9QBV5""]",1,Ariana,recUp0PuFTPxVBAqS,"[""recvJc1GYL1CAgS4R""]",Ariana Zuccolotto,,,,,,
recUwNcxdLMqUK3KT,0,3,Anthony Sauriol,"[""recIKamH37qEBTrF7""]",class_oog,Olivia Ve,"[""rech5yTeSsVS1KTIB"",""recdfnpvrii1vjhVr"",""recBEKQFHtHWNpX0V""]",3,Anthony,recUwNcxdLMqUK3KT,"[""recqzYIr22FSPmONx"",""recG0ObOIx4SWYBfZ"",""recZhshSDnMVLef3m""]",Anthony Sauriol,,,,,,
recV9LW30IW7R1YBf,0,1,Raishun Burch,"[""rec5VNiNYnXVAnanj""]",class_oog,Leporsche Th,"[""recRMC3zELLHIedtW""]",1,Ella,recV9LW30IW7R1YBf,"[""recBc8B5JwLXimn9V""]",Ella Saidi,,,,,,
recV9LcVTEC4F1lFv,0,1,Alan Korotkin,"[""recFIHTcArQhILyAc""]",class_oog,Fernhill Kudos,"[""recCJZ2qtB13pnoHM""]",1,Lynn,recV9LcVTEC4F1lFv,"[""recxF9q0GD48Trd4e""]",Lynn Yoos,,,,,,
recVEALy4YPkqWZIK,0,2,Jacqueline Steffens Daly,"[""rec3YjZUNtuqDJ0nC""]",class_oog,La Luciole,"[""recpjmVkhaMa5uNgi"",""recF0Qj3XRYqabiuO""]",2,Jacqueline,recVEALy4YPkqWZIK,"[""rec8BkNjJAu1oqLly"",""recZpqPhNHYT2KGLP""]",Jacqueline Steffens Daly,,,,,,
recVJofoqKgb9upuP,0,1,Darragh Kerins,"[""recOdyCszUe4VTxPo""]",class_oog,Colbert Q,"[""recQqlvVVUuzmYYt0""]",1,Sophia,recVJofoqKgb9upuP,"[""recBhjBj2yY4p1S1s""]",Sophia A. Thomson,,,,,,
recVKO2NQO19jKTke,0,1,Debbie L. Mccarthy-Connor,"[""recwFYOP4JHOhB8kQ""]",class_oog,Del’arkan,"[""recjwkvLE2ZbqHGk6""]",1,Ryan,recVKO2NQO19jKTke,"[""recSRTctssQmFt5Zq""]",Ryan Baldwin,,,,,,
recVSWIptAdOlozCa,0,1,Maya Abdallah,"[""recI1g5Ddvuo2Aqkw""]",class_oog,44 North,"[""rec1UtZnhAqb0uQVk""]",1,Reena,recVSWIptAdOlozCa,"[""recn69BbC5W9yCi8K""]",Reena Moumnine,,,,,,
recVYmCyz3WQKbmGi,0,1,Kelsey Duffy,"[""recJe0LFDSWmZkYs4""]",class_oog,Cadenza,"[""recYAM5kcV0CsvYQm""]",1,Amelia,recVYmCyz3WQKbmGi,"[""recFPompwNuUcxVJg""]",Amelia Ruth,,,,,,
recVqgz5Pcd0lDWMD,0,3,Helen Goddard,"[""recDrdlgXZrGchjA6""]",class_oog,Toussant,"[""recKtvM0TTe4beUJy"",""recCiAVbHldxvRM4N"",""recgt7oTDr0J3ohaV""]",3,Helen,recVqgz5Pcd0lDWMD,"[""recjXCJemMjvGYGEu"",""recKqQzhbfKxF94HK"",""recQvAK9J6jkpyCVI""]",Helen Goddard,,,,,,
recVyFnsCEnBxwmHx,0,1,Juan M. Bolanos,"[""reciQqSfWbMiP5zxf""]",class_oog,Baral Quester,"[""recJDA8C1LeKb7kWF""]",1,Nicole,recVyFnsCEnBxwmHx,"[""recXQEcjWOL1CE99r""]",Nicole Schulze,,,,,,
recW2UNuebpQOcSsH,0,1,Jake Evans,"[""recSXiCPwDmQ76cuQ""]",class_oog,Checkmate,"[""recJX8hecWzDKLwX6""]",1,Gabriella,recW2UNuebpQOcSsH,"[""rec1e77tZXkuTZTKx""]",Gabriella Savettiere,,,,,,
recW5RVnDW4GorcuS,0,4,Ashlee Bond,"[""recoD21rUN9Qq4pgV""]",class_oog,Hakatann De Lojou,"[""rec2tqfAlAdTX4g55"",""rec8tPpuefo69dXlO"",""recxVsVDTZtCpRdnr"",""recQUFR6ixWCD6Q8i""]",4,Ashlee,recW5RVnDW4GorcuS,"[""recfZjErV6grXiOk4"",""recTYuCuVNfUvncak"",""recHFLwyRYGy4cKNa"",""recxhhLw5OQ6dQ3im""]",Ashlee Bond,,,,,,
recW5c6UYARQVomg8,0,1,Kyle Dewar,"[""recVsz59iVCmUI0Nu""]",class_oog,Cerveza De Barril,"[""recYUrf4jnJTSnrCY""]",1,Riley,recW5c6UYARQVomg8,"[""recLzsSI5ImoRFuuv""]",Riley Hilliard,,,,,,
recWbZukYiZRz2KJD,0,2,Brian Murphy,"[""rec6UiZPMcNsltg3J""]",class_oog,Denison Park Combat,"[""recnhOVcyG0NA6V4G"",""recqo0l1TcOw7WkjU""]",2,Elizabeth,recWbZukYiZRz2KJD,"[""recXhnw9jzNNP3Ri9"",""rect9kuSGZd3zCfJT""]",Elizabeth Schumann,,,,,,
recWfvZLKxCuHjeU8,0,1,Dawn Hersey,"[""recXocXm551bESpPa""]",class_oog,Insightful,"[""recXcU7TWrbVPmrvG""]",1,Kendall,recWfvZLKxCuHjeU8,"[""rec4HtfJmwxwrcJYO""]",Kendall Bland,,,,,,
recWgnylWhkmIDhco,0,2,Scott Keach,"[""recAxFIoUH9sfVhnS""]",class_oog,Born To Be Wild,"[""recj1gvrUNRxVuaWC"",""recYCbgK9cpBTgQ21""]",2,Jamie,recWgnylWhkmIDhco,"[""rec6uUStMesh3znm5"",""recSagAG8IFRylsx2""]",Jamie Alnwick,,,,,,
recWnhS4f3syx16A3,0,1,Madison Daughdrill,"[""recQXTpW29gQ8CQhu""]",class_oog,Orchard Hills Snapchat,"[""recfswAtH6LI45qA4""]",1,Elliana,recWnhS4f3syx16A3,"[""recKtli3fmhLv4STL""]",Elliana Rivera,,,,,,
recWqMq2Vyup6j34N,0,1,Madison Daughdrill,"[""recQXTpW29gQ8CQhu""]",class_oog,Shenandoah East Wind,"[""recHDwKXte9oVke6e""]",1,Theya,recWqMq2Vyup6j34N,"[""recVLcZffu8eU3CHc""]",Theya Savoy,,,,,,
recWvS6hQL8R9Smz1,0,1,Fabian Herrera,"[""recZ41cgnoPOR4VSU""]",class_oog,Ice Breaker,"[""recXGZIT30Naios89""]",1,Stella,recWvS6hQL8R9Smz1,"[""recz3QUJ7HdroTZPU""]",Stella Hartman,,,,,,
recX08ZCdFPtFNJCN,0,3,Bibby F. Hill,"[""rechIeLAeG0AY6zFc""]",class_oog,Hidden Springs Star Attraction,"[""recVZIGDe0ghJemqC"",""rec6IEDCH2CEsI0mA"",""recgRTKNIpPqpcBoZ""]",2,Bay,recX08ZCdFPtFNJCN,"[""recNfHPg3nWeEtmZe"",""recxqkpsWuxGHmTs3""]",Bay Hammer,,,,,,
recXJhirTRueJMKgU,0,1,Juan M. Bolanos,"[""reciQqSfWbMiP5zxf""]",class_oog,Casillo Hp 2,"[""rec6XtWBD3dPrI9xc""]",1,Samantha,recXJhirTRueJMKgU,"[""rectXRpiS4Dy2lUlR""]",Samantha Schulze,,,,,,
recXL6ewYYdPAwYVU,0,1,Kim E. Burnette,"[""recq5CHnS6h3E8w58""]",class_oog,Rocketman,"[""recnGB7QjIqhvsjpm""]",1,Samantha,recXL6ewYYdPAwYVU,"[""recWzBOkxZD3KE8v5""]",Samantha Brooks,,,,,,
recXSff0neRglrRwx,0,4,Daniela Roy,"[""rec2F4zRJZGDzG0M2""]",class_oog,Volodia D'argouges,"[""recTZCcQOTJ1RasLn"",""recTTobw5FlvTgQhj"",""recfvXIJu2fBnhXlU"",""recpdVBUOXM5ptGGY""]",5,Clara,recXSff0neRglrRwx,"[""recSJLnuRigTEuee6"",""rec6ZGNosqNhhZYIP"",""recvxTs1okJ0DWwtC"",""rec2c2MFlF74J1ChD"",""recVEJVQOCfivJpff""]",Clara Vidal,,,,,,
recXe7Px1s1mT5The,0,1,Shannon Y. Clifford,"[""recUlyG8wMwlKopQw""]",class_oog,Ilusionist II,"[""rec8Vvmrl3eS033yb""]",1,Olivia,recXe7Px1s1mT5The,"[""recqLhLtFgcKkbKqZ""]",Olivia Mcginnis,,,,,,
recXig31jQJbwJJlg,0,1,Matthew Le Master,"[""recN9E8BVaEfvKU1x""]",class_oog,Princeton Mk,"[""rectmJGqLMNFrXHew""]",0,Kristina,recXig31jQJbwJJlg,,Kristina Photakis,,,,,,
recXjKxdNF0lGEVIK,0,1,Juan M. Bolanos,"[""reciQqSfWbMiP5zxf""]",class_oog,Waterloo Rose,"[""rec3bFZb1G5EJqSoY""]",1,Estefania,recXjKxdNF0lGEVIK,"[""recTiJDnV6SBB5Zej""]",Estefania Lee,,,,,,
recXmEN1YTg2iS1Mk,0,1,Stephanie Free,"[""recBVRfeR9i4COiwE""]",class_oog,Luau,"[""rec5IMARVeIPrAwrw""]",1,Alyssa,recXmEN1YTg2iS1Mk,"[""recZNJ7ALepjMkTD7""]",Alyssa Padlo,,,,,,
recXovs9KjxpTkCpj,0,2,Bliss Heers,"[""recKF0YhvyIihzny3""]",class_oog,Quality Star Z,"[""recsZIUJzbGKVDdp3"",""recZXpsfx2TknH6J1""]",2,Bliss,recXovs9KjxpTkCpj,"[""reca9DLtSE2IygyqS"",""recxHix12TaoXWWG1""]",Bliss Heers,,,,,,
recXpyTqK11X414vG,0,2,Katey Grau,"[""recWymhFUK9NTB49o""]",class_oog,Down To A T,"[""reczBEt2gEuEl5L3m"",""recIjsc1DHNHnR7TG""]",1,Annie,recXpyTqK11X414vG,"[""recmfTI0Mzxvlh9zu""]",Annie Cooper,,,,,,
recY69naIWJFUyAd2,0,1,Derek Van Der Burgh,"[""recw2AcufXB3OnYyW""]",class_oog,Dorien,"[""recCFoetVK6igjp1t""]",1,Leslie,recY69naIWJFUyAd2,"[""recLJrOuDzuNMTQCU""]",Leslie Taylor,,,,,,
recY8O6Lce7YtfvQI,0,1,Celso Ariani,"[""rec5Zl0N5TXr6Cc95""]",class_oog,Marylee Z,"[""recDzjWHwc9TGbMJL""]",1,Paige,recY8O6Lce7YtfvQI,"[""recu5l2tyVid7cZE4""]",Paige Figueiredo Agrawal,,,,,,
recY8qeRhWAe7RPzG,0,2,Matthew Le Master,"[""recN9E8BVaEfvKU1x""]",class_oog,Comeback Queen,"[""recyASRhw8q4tEAtw"",""recmnXLEJTpYDltWO""]",2,Mckenzie,recY8qeRhWAe7RPzG,"[""recddkhIwq0I9QZKq"",""rec0EKYIlKuo6e2gz""]",Mckenzie Badley,,,,,,
recYAMMYSikFNZf1a,0,3,Jared P. Petersen,"[""recWoImYqrWG0E1xh""]",class_oog,Dropshot Z,"[""recB0LPWzuHFktnZa"",""recN0PqdmUUsEJakp"",""recbYy7ntd9niyPq6""]",3,Jordan,recYAMMYSikFNZf1a,"[""rec0v0WJGnoB5pLrQ"",""recHX5P9TK4TYXgVf"",""recCB9HyG6Q3UySnn""]",Jordan Petersen,,,,,,
recYDYpVKNJFGCcQZ,0,1,Jenelle Branom,"[""recmuuXibSUSiIg5P""]",class_oog,Willy Wonka Wb,"[""receKOZoWQrdEGWSG""]",1,Danielle,recYDYpVKNJFGCcQZ,"[""recc0jIcjOJMEQbuG""]",Danielle Guy,,,,,,
recYHXSyICCmg2fjP,0,1,Jessica Cross,"[""recUpaBE2IKFd0lXw""]",class_oog,Naton Wi Ro Z,"[""recBmww7UNikgcKTQ""]",1,Laura,recYHXSyICCmg2fjP,"[""recqMaDteMbkSTVIv""]",Laura Sherren,,,,,,
recYJZyUDcjmGTPUE,0,3,Thea N. Stinnett,"[""recfWYHJT3O9VG1TG""]",class_oog,Cognac Vh Gebergte Z,"[""recB982E0TELXjaLf"",""recIZlyHRKEz5lTku"",""recsjrUyPEAthWrtc""]",3,Cormac,recYJZyUDcjmGTPUE,"[""rechJ2xCxkNKhhG4e"",""recEZqAaLXIqWFEM1"",""recN0sT2reQTFi1Da""]",Cormac Hanley,,,,,,
recYVfznfD87EnNds,0,1,River A. Wylde,"[""recCFl6Vtsl54ifqL""]",class_oog,Frodo,"[""recHVoMWewdqoon2T""]",1,River,recYVfznfD87EnNds,"[""reciJX9eWBLJxzGOR""]",River A. Wylde,,,,,,
recYfk01EegWuH04x,0,1,August Torsilieri,"[""recel7Tui1CFiT95R""]",class_oog,Sylvester Ter Linden,"[""recGW1k76PpCNztdS""]",1,Lynde,recYfk01EegWuH04x,"[""recTUSzO5pmuIHeoZ""]",Lynde Johnson,,,,,,
recYnDaBSRGGCe3PR,0,1,Carlos Aguirre,"[""rec1FgPVFDZY2PmXP""]",class_oog,Unairo,"[""recchmykdcWsU1Wra""]",1,Juan,recYnDaBSRGGCe3PR,"[""recVEMvy0QLo2P805""]",Juan Carlos Arriaga Radilla,,,,,,
recYuW2sDtfJ70Oph,0,5,Camille Maynard,"[""receCZCsNdOQDE9z9""]",class_oog,Uncle John's Band,"[""reccxXRvlvcw4ztyx"",""recU6yQCMREs5VEOC"",""recqWCoF0qPZMo7Cq"",""rec0q9AnNY7TdrcJG"",""recH3kKm7qJQzeokv""]",4,Camille,recYuW2sDtfJ70Oph,"[""recJfg4wJMkdEpx9m"",""recEDxqpF2gZV7nU1"",""rec9g3cCnYaJqzg5B"",""recmlfR0dYooBb4oc""]",Camille Maynard,,,,,,
recYuZ7hB1tbpgznK,0,4,Aurora R. Rangel De Alba,"[""recUjyRd7k0lTmyxS""]",class_oog,Cornet Special,"[""rec1kg2ewJ39SdIXP"",""reccP77U1iYBQrkeh"",""rec5ttdBVYcgXCjy7"",""recyxoa8uskuwnUUA""]",4,Aurora,recYuZ7hB1tbpgznK,"[""recm2Hq6l48jQ4P9u"",""recJsEsg8iT9Xn06S"",""recweIMsj19oIxZbO"",""recrMi1Uqm4je5bL2""]",Aurora R. Rangel De Alba,,,,,,
recYxSrzV8TEJcBWx,2,2,Alan Korotkin,"[""recFIHTcArQhILyAc""]",class_oog,Choco Du Reverdy,"[""rec6OXORzccdhll6P"",""reciBP5IPTFNbjykc""]",2,Sophie,recYxSrzV8TEJcBWx,"[""rec9f7ogvI5AiZGXT"",""reccmjiFpM818Ryfd""]",Sophie Heap,"[""rec5QlpGgCFQQQQof"",""reclhw2ZmvrYoiYPA""]","[""rec5Pkw0fce38VuxI"",""reciTHnWgIszQCDM9"",""recnBy6JYmQm7XvnW"",""recQSJbw8lQI3LAOu"",""recVcXB8AfIJb7y7o"",""recyVkCfboIGne1uE""]","[""reci0czOVqr4fAn1O"",""recz8WVsKbTeKseJN""]","[""reclPRtZdN0n93XRl"",""recCXBPD2ysxEVOzk""]","[""recL6rvvjKgdPgzsl"",""recxvtyv7cN6wvTNA""]",
recYydYY39G3BcGLd,0,1,Mario Garcia,"[""recgLDs1PX5pujyno""]",class_oog,Fireball,"[""recFtsOdf7D6kAYAo""]",1,Mario,recYydYY39G3BcGLd,"[""recqIQOo8hyHnd5d2""]",Mario Garcia,,,,,,
recZ1bCRiNAzUqRKJ,0,1,Jordan Melfi,"[""recb5ZCQtoQItOePu""]",class_oog,Grs Chianti,"[""recXPXJnkJBhrX11M""]",1,Alexandra,recZ1bCRiNAzUqRKJ,"[""recUn4v7SAM0cx5OA""]",Alexandra Dastjerdi,,,,,,
recZ2J6OAJ9QD4wY1,0,2,Jessica Cross,"[""recUpaBE2IKFd0lXw""]",class_oog,Odilon,"[""recMUv5LPHiKQF8o6"",""recGd1PD9o3dSgk0c""]",2,Soleil,recZ2J6OAJ9QD4wY1,"[""rec36l8EG5RpAgroN"",""rec5HRwfgu8Db9W27""]",Soleil Katsur,,,,,,
recZ5EwnPE36HTiXi,0,2,David Cameron,"[""recV9UeEpcw6UDEM9""]",class_oog,Istina Van De Kapel,"[""recBy0OrpOauCr6Pz"",""recGwZ8itiKMPIn8L""]",4,Georgia,recZ5EwnPE36HTiXi,"[""recp2rDbwj2WAY6ci"",""reczrS7UlzABS7lXq"",""recR3W8k6i3qacHOC"",""recYehcVBRs1IYVFM""]",Georgia Bouzaid,,,,,,
recZ5wzygnW42KQVr,0,1,Lizabeth Perez-Pascual,"[""recPyfVVGkVn9fvlf""]",class_oog,I'M Du Vinia,"[""recz1jsHwJWXrUgPH""]",1,Lizabeth,recZ5wzygnW42KQVr,"[""reczrRTCTrN3thDKn""]",Lizabeth Perez-Pascual,,,,,,
recZ6bukRuLkzx7R1,0,1,Jessica Collins,"[""recNpo5pbhuzTKAIi""]",class_oog,Nastelina Van De Witte Driesendijk,"[""reciawxdq7bpwFnfP""]",1,Michelle,recZ6bukRuLkzx7R1,"[""recK5fvOPrmUZKM7Y""]",Michelle Lin,,,,,,
recZCGuytgOV0ElOg,0,1,Stephanie Free,"[""recBVRfeR9i4COiwE""]",class_oog,Carolina Bay,"[""recsJ5fy4cS6erdA0""]",1,Emily,recZCGuytgOV0ElOg,"[""recawK4STNftWVsnu""]",Emily Mckendry,,,,,,
recZCyDovHC8Skku3,0,1,Laura Gaither,"[""rec0OHl8PfuMKFsyt""]",class_oog,Geisha D'agenais,"[""rec89xy1xTBKI5qS0""]",0,Cyril,recZCyDovHC8Skku3,,Cyril Chatel,,,,,,
recZKx0rOpn5ThLPf,0,1,Jenelle Branom,"[""recmuuXibSUSiIg5P""]",class_oog,Bellagio,"[""recRtnQE55TEl4dH6""]",1,Jennifer,recZKx0rOpn5ThLPf,"[""recGS7VKuqwRHs47B""]",Jennifer Moclair,,,,,,
recZSuImgt5CS4NOz,0,3,Jane C. Ehrhart,"[""rec5Ut33CL5koblpZ""]",class_oog,So Dashing,"[""recq3iv8YlgD5p7ZS"",""reccnvSS13fIvBqR7"",""receqd5Cup8r42Zwg""]",1,Joan,recZSuImgt5CS4NOz,"[""recrhTIGLAHgE4tE9""]",Joan V. Ehrhart,,,,,,
recZTikiJFTplPVMn,0,1,Grace Dreyer,"[""recmEHqV9uMzGpVKb""]",class_oog,Pie In The Sky,"[""recwjpsn0lj3yhWoQ""]",0,Piper,recZTikiJFTplPVMn,,Piper Wise,,,,,,
recZVjIZbv3aB4HuP,0,1,Antonio J. Martinez,"[""recoIakTck18pHikM""]",class_oog,Bz Cancara,"[""rec0H5iFT348zvgKI""]",1,Gia,recZVjIZbv3aB4HuP,"[""recZEWnkjgpa4OQns""]",Gia Pallitto,,,,,,
recZX9OprffUfumki,5,0,,,,,,0,Zoey,recZX9OprffUfumki,,Zoey Burton,"[""recbUTVDamLWAHax1"",""rec6oWa9P7md0V67q"",""recYCZjABGgi47DvT"",""recdMCMqJ1tX8924y"",""recVrpjf8NDlCKl7A""]","[""recsQswCdFkfnchEm"",""rec8VwXgYoRHybn5s"",""reccTihJ6NOK1MVXA"",""recsqZu4P0yQUnXqR"",""recBxZ7m83N3Pv2Ub"",""rec6tq6zFuTFshe9s"",""rec81i9VwQRhaP9QK"",""rec0Wk2958HY3j2zj"",""rec3O1iRvCrA9S3BG"",""rec4jZPlf8thDxync"",""recRVY5pY1DdkINkK"",""recVvh0qSjPqhDQpk"",""recm1I3W7o7W6VSdi"",""recCwRhCFOKz4pKvE"",""recpzNVzFEauPhyML""]","[""recgV7bmSkuuuzSAT"",""reciTIqeKPVjhYIWc"",""rec9uUpIFeKbPGBlm"",""recCcKkMwW5AnnkqC"",""recYoq5c5daUmPpPV""]","[""recjKM5xaH3No2sqq"",""reclInkp2cuCbriMJ"",""reccjzjTXBjuJ9bbT"",""recF1peXOjEThQUg9"",""rec1d5ZnnAJdgiZFs""]","[""recze0ivEv99k0dPo"",""recuu2WurT7lgvQn6"",""recrxNLslVcWWGuDn"",""rec0FHckogROfgaGy"",""recNnon5usdLRmQWw""]",
recZYpUo2wQDeHdRc,0,1,Anne L. Bingler,"[""rec3S9KikkQrKgX8L""]",class_oog,Chili Z,"[""recb4KTQuKNimjUqJ""]",1,Heather,recZYpUo2wQDeHdRc,"[""rechGPF30MTRNxo4R""]",Heather Farmer,,,,,,
recZe5YwA2cdOJKps,0,1,Morgan Taylor,"[""rec0wCs5ZzmAW8kSL""]",class_oog,Unbreakable Z,"[""reclEAKZ4QzaQgulE""]",1,Gabriela,recZe5YwA2cdOJKps,"[""recz8Od4fzbW65MXo""]",Gabriela Juron,,,,,,
recZeXwiclBhaislj,0,1,Rebecca Warth,"[""rec456G3R5wbsgOk8""]",class_oog,Romeo Juliets Shadow,"[""recFDsz0IzWNeXBNp""]",1,Zella,recZeXwiclBhaislj,"[""recS6Yi3xMApohadp""]",Zella Esposito,,,,,,
recZfCUedmN6e4tva,0,1,Conan Conway,"[""recS9EfEO0iZet31e""]",class_oog,Col De Knolton,"[""recBaYvEEaZilflVe""]",1,Harper,recZfCUedmN6e4tva,"[""recNhGu8Ypiw7ym9f""]",Harper Conway,,,,,,
recZv0Kz1HlCWvWvz,0,1,Lindsay Haselden,"[""rec6D1SUrQr1IYJyM""]",class_oog,Cruise Mor,"[""recEqrLojB1nQq8yc""]",1,Lindsay,recZv0Kz1HlCWvWvz,"[""recLeXGaasG5rMb5L""]",Lindsay Haselden,,,,,,
recZvQD6Y4wJKPe7F,0,3,Davide Troncanetti,"[""reckdATr2NvXwU0Ah""]",class_oog,Primo Cbi Cornet,"[""recHUf7ZSX6wndH6j"",""recdqDzwsRLcZd2IK"",""recvSVmahnRVd2Vih""]",3,Paul,recZvQD6Y4wJKPe7F,"[""reczk6eyb3XMCx2VX"",""recU9FdSfOVPTyxvg"",""recXK4as2MW3qqBnf""]",Paul O'Shea,,,,,,
recZzmxP8vC1h4Ixu,0,1,Joshua Tabor,"[""recgYbnUCVZoIzP1M""]",class_oog,Kismet,"[""recSCaY6fBH1el1aw""]",1,Joshua,recZzmxP8vC1h4Ixu,"[""recIM5iX7O0l4QqCT""]",Joshua Tabor,,,,,,
reca28cCzi6t0iAKS,0,2,Sharn L. Wordley,"[""recqmThVFmsIM6E8t""]",class_oog,Eq Scorpio,"[""recRgXQ7C0w2aGQ6I"",""recumKdAjpMtCp9Q8""]",2,Diego,reca28cCzi6t0iAKS,"[""recsgqRYcMam5zMYd"",""reccFg4JNik72evV7""]",Diego Farje,,,,,,
reca7yiYzxQ3gtYWo,2,1,Alan Korotkin,"[""recFIHTcArQhILyAc""]",class_oog,Mastermind,"[""recGmLBUenZyb34a5""]",1,Naomi,reca7yiYzxQ3gtYWo,"[""reckGbKWhq8UTvTKs""]",Naomi Selleck,"[""recF4DCXNr6pHgzRZ"",""reccNQTEZhAkV2qEu""]",,"[""reccBE7omQXoxMrec"",""recsKys33yNX5Kvym""]","[""recVekNDDukUJixfu"",""reckByotcKMrMbdGT""]",,true
recaKiCcAz57uZZru,0,4,Hanna R. Egan,"[""rece9iPIoEEaCPIqS""]",class_oog,Daytona S.e,"[""recZc4laV3ccmGSAv"",""rec5ylEAIYsVImCwb"",""recom6eZn2mde86xe"",""rec27B4lL3oVLYvYG""]",4,Hanna,recaKiCcAz57uZZru,"[""reczUfsjadnxdNGOl"",""recXng0ma9MdJcCCB"",""receotXwf9JfD39Gm"",""recSISgiC5t0suxEY""]",Hanna R. Egan,,,,,,
recaRgvYZE0TBZ6VR,0,2,Stephanie Free,"[""recBVRfeR9i4COiwE""]",class_oog,Macallan,"[""recvT1vMYk93QCR9y"",""recarF7ZNDFQFYvoE""]",2,Reagan,recaRgvYZE0TBZ6VR,"[""recVa3Ph0uD7GFNQy"",""recPtjIrAj2aGAHxY""]",Reagan Brown,,,,,,
recaUkMVVwrXgrWQQ,0,1,Derek Van Der Burgh,"[""recw2AcufXB3OnYyW""]",class_oog,Peyton Cm Kapade,"[""rectjYH9Ah682Eh61""]",1,Angelina,recaUkMVVwrXgrWQQ,"[""recpWtLvV9tJmVvFU""]",Angelina M Palmeri,,,,,,
recaYewbSiDYrXT7p,0,1,Daniela Roy,"[""rec2F4zRJZGDzG0M2""]",class_oog,Volodia D'argouges,"[""recTZCcQOTJ1RasLn""]",0,Annabelle,recaYewbSiDYrXT7p,,Annabelle Poirier,,,,,,
recaZx28r0BSMxn0j,0,10,Declan Egan,"[""recGOZOt71dcEAmvp""]",class_oog,Goliath De L' Eldorado,"[""reccpPVz4rg0Xn3it"",""rec5iXZPcQzVZs9JC"",""recD9b3EPozRngyHO"",""recIl9qAoUDLVs394"",""recVQNhIlxyYZlD03"",""recWqVGgbAp7EX3bA"",""recfkJkZfj2MYo5D2"",""recj5YhfSj7gDmn8l"",""recw7brYEKACfwnCH"",""recVfbZwDiZ1sFKgZ""]",9,Declan,recaZx28r0BSMxn0j,"[""recoDTRwnbckxoP3P"",""recs8NjqDztH8N2ot"",""recHy72LAvDJQ6toq"",""recb5aLOWcDGO2C5d"",""recjHivoFbaUMdi8z"",""recISqJY9P7QLFTtw"",""rec6qEkb6JtyJio2I"",""rec5pQtQGSG9uVcTL"",""reczZki5NzsZ5t682""]",Declan Egan,,,,,,
recagRAhtEb8H7veW,0,1,Cristobal Castro,"[""recXyfjbTanYPcKpl""]",class_oog,Joaquin Daloubet,"[""recKlZ3FPc3vEr5AR""]",1,Veronica,recagRAhtEb8H7veW,"[""recr98HPDjgIiZDSE""]",Veronica Arenas,,,,,,
recandUNivppmOwX6,0,2,Dominique H. Damico,"[""recUSP9h7nazUAhZI""]",class_oog,Cadans Z,"[""recctkWYVvDkvWYI5"",""recbloZFLUvDYGqAh""]",2,Sarah,recandUNivppmOwX6,"[""recZqFdHXmURIhVhk"",""rec6AV0thciPwtA0u""]",Sarah Callahan,,,,,,
recb1rMqysX4FAaMx,0,2,John Michael Durr,"[""rec9nE2B2j1bOmqTB""]",class_oog,Constantin De Hus,"[""reckTUVVY8E0JiyBv"",""recmHq7QdkA4XFks5""]",2,John,recb1rMqysX4FAaMx,"[""recwIYoYdZrRyZqp1"",""rec7vnyr2tVcM6JKv""]",John Michael Durr,,,,,,
recbEm8GGmws15KlY,0,1,Lauren Schweppe,"[""recWb8kIRsV2w5Zj9""]",class_oog.php,Otto Pilot,"[""recRf3B5ZIsl6PIJq""]",1,Jeannie,recbEm8GGmws15KlY,"[""reczpLVAZwd889uGM""]",Jeannie M. Savegnago,,,,,,
recbFJhHS5IlTuTPc,0,3,Scott Keach,"[""recAxFIoUH9sfVhnS""]",class_oog,Yalambi's Jingle Bell,"[""recgzUaQSWiYF5FDr"",""rectI5xjpyudvz1GX"",""recr8YUWKb9KlTsWH""]",2,Zara,recbFJhHS5IlTuTPc,"[""recuXLShazq7IOZKb"",""recZH5LJ6exgReT0B""]",Zara Adnams,,,,,,
recbIEV5U9qm9h3iA,0,2,Daniela Roy,"[""rec2F4zRJZGDzG0M2""]",class_oog,Secret,"[""recnivt53KWT7p0Ot"",""recwPbturey15NTfV""]",1,Estefania,recbIEV5U9qm9h3iA,"[""recieR1tGsakViJ0x""]",Estefania Navarro,,,,,,
recbM07wfCfOR7Orx,0,2,Laura Gaither,"[""rec0OHl8PfuMKFsyt""]",class_oog,Geisha D'agenais,"[""recZUPNBMf7ebTNd4"",""rec89xy1xTBKI5qS0""]",1,Brooklyn,recbM07wfCfOR7Orx,"[""recpx4srwMNP8KfvP""]",Brooklyn Delgado,,,,,,
recbTZTntK2RVTp2c,0,1,Jessica Collins,"[""recNpo5pbhuzTKAIi""]",class_oog.php,Allegra Van Het Eikenhof Z,"[""recWwCPXi147FCMIS""]",1,Aria,recbTZTntK2RVTp2c,"[""rec3K75aukCEzb49g""]",Aria Collins,,,,,,
recbYvaGOoKCR5aok,0,1,Daniela Roy,"[""rec2F4zRJZGDzG0M2""]",class_oog,Zamba,"[""recmvMfOCA74e8HNY""]",1,Campbell,recbYvaGOoKCR5aok,"[""recRHVJ2gqfIym4cq""]",Campbell Cobb,,,,,,
recbrgeNFLBoH10vu,0,3,Gianni Gabrielli,"[""recBAzsT29cV74CnZ""]",class_oog,Bonnie M Z,"[""recqbcN7di8FZoXQb"",""rec1SE5SwPnnar75T"",""rec0FivSfh6MsyTIM""]",3,Jesus,recbrgeNFLBoH10vu,"[""recbQlO6CvoZuDUWm"",""recbBkivjo9pQUAWb"",""recYzjtSeoo3iQJjz""]",Jesus A. Rigu,,,,,,
recc1yQxHYrJDaQpE,0,1,Stephanie Frey,"[""recGQXJ8M2eFcl9W7""]",class_oog,Pistachio,"[""recPzQMpVllPoPnE5""]",1,Tarrin,recc1yQxHYrJDaQpE,"[""recpFlXg7xMv2h2em""]",Tarrin Kirby,,,,,,
recc4s9XxQqAv1rup,0,4,Jelmer Hoekstra,"[""recqI6AanH1zv5CGV""]",class_oog,Jalanne,"[""rectztXZHmffjRRIU"",""rec68Y4BHkJgauJol"",""recLierzXmARsRhOF"",""recTsQMsS5DlKluGd""]",4,Jelmer,recc4s9XxQqAv1rup,"[""rec4ITFSuRzNz24pL"",""recehrzQUYcDtPpB9"",""rechWxMsoOezO0sNj"",""recabD0Iks2s2NpGr""]",Jelmer Hoekstra,,,,,,
reccSzGDIKf9DLzAW,0,1,Alyssa Pascucci,"[""reccxT6yO7DM4d3NC""]",class_oog,Conchacco Ps,"[""recgY8x8fIs7Ea8SX""]",1,Alyssa,reccSzGDIKf9DLzAW,"[""reccigib2ijRnWs41""]",Alyssa Pascucci,,,,,,
reccdMY4DqXa2MtUK,0,1,Juan Benítez,"[""reccVab1jS62QQ5la""]",class_oog,Thompson Ter Doorn Z,"[""recXJdhBfCSjXKcrL""]",1,Maria,reccdMY4DqXa2MtUK,"[""rec1VD4ZNQ8xxCGWk""]",Maria Pantaliao,,,,,,
recchBHYpfx21fK86,0,1,Lia Screnci,"[""rec0eBWOxYRez99HS""]",class_oog,Emi Initia,"[""recc9AIrEF9uWQsvJ""]",1,Sara,recchBHYpfx21fK86,"[""rec74jz5MQsVEZGqt""]",Sara Lent,,,,,,
recchSR2cIrnif7YT,0,1,Katie Moniz Floyd,"[""recPMskDVL2pcUFPb""]",class_oog,Calais,"[""reclw3uibI8WoGQFn""]",1,Kole,recchSR2cIrnif7YT,"[""rec97QFWtimduyHuB""]",Kole Floyd,,,,,,
recckz3rNTMAJcTAb,0,1,Morgan Taylor,"[""rec0wCs5ZzmAW8kSL""]",class_oog,Billy Suffragette,"[""recufdHnl1gkwQwOi""]",1,Emerson,recckz3rNTMAJcTAb,"[""recgtycNp1GFBLio2""]",Emerson Ritter,,,,,,
reccwHv3NHXUKADE0,0,1,Spencer Brittan,"[""recqByBk0EpjI9rLn""]",class_oog,A Golden Girl Sh Z,"[""rec6MB2ywdYKcfb0T""]",1,Taylor,reccwHv3NHXUKADE0,"[""receBxobjvudw9YS9""]",Taylor Finkle,,,,,,
recd1WEHiwAp0241z,0,1,Megan Wexler,"[""recbDjphoL8qMtSeW""]",class_oog,Lord Cornet,"[""recau6gwl9hDZb3oe""]",1,Ashley,recd1WEHiwAp0241z,"[""reczeoSZhFHkwI91y""]",Ashley Ann McGehee,,,,,,
recdXJtDodXupFQgk,0,1,Lauren Schweppe,"[""recWb8kIRsV2w5Zj9""]",class_oog,Apollonios,"[""recxd404BsvEXl1mE""]",1,Maddie,recdXJtDodXupFQgk,"[""recL8Xw3EnQGVbX13""]",Maddie Mcinturf,,,,,,
recdjEm6x9g7ssHiR,0,1,Daniela Roy,"[""rec2F4zRJZGDzG0M2""]",class_oog,Noran,"[""recCL5jGRxCgxSTxZ""]",1,Kelly,recdjEm6x9g7ssHiR,"[""recrUgJqtSNyjM7Ng""]",Kelly P. Murphy,,,,,,
recdjhwbi07xAvBjH,0,1,Brian Murphy,"[""rec6UiZPMcNsltg3J""]",class_oog,Elvis Blue Hallelujah,"[""recogpaNTwnvXhHhd""]",1,Peyton,recdjhwbi07xAvBjH,"[""recsn5lYwAOsYIFXs""]",Peyton Villalona,,,,,,
recdsjuMklF5j8vEb,0,1,Dana Ventrice,"[""rect7nOXb9JImTCcP""]",class_oog,Benlea Magic Dragon,"[""recpC9hSd2JGmKMSF""]",1,Noemi,recdsjuMklF5j8vEb,"[""recfCCwGu6ZvbT6Jo""]",Noemi Varela,,,,,,
recduOMJhv4KgHjFF,0,1,Megan Gardiner,"[""recfC6qStEmrNdY3c""]",class_oog,Danilo Khr,"[""recJZ3UqYKN7EYxcf""]",1,Megan,recduOMJhv4KgHjFF,"[""rec3DpKWemv7a6IRn""]",Megan Gardiner,,,,,,
rece4lFbqi3oXjypv,0,1,Jacqueline Green,"[""recCsEeP9dMvgyAPE""]",class_oog,Bravada,"[""recvXBygQGBOargml""]",1,Daisy,rece4lFbqi3oXjypv,"[""recNuqtXWZGSWRx9A""]",Daisy Green,,,,,,
rece7037Ou7CmZJQD,0,1,Megan Gardiner,"[""recfC6qStEmrNdY3c""]",class_oog,Fe Crack The Code,"[""rec5dxymjnNRDuYyU""]",1,Henley,rece7037Ou7CmZJQD,"[""recpe5ZBLVRS3S138""]",Henley Fletcher,,,,,,
rece86WN8FUEah4HY,0,1,Wendy J. Hechler,"[""rec1I0IvFKaYQa6K4""]",class_oog,Kamilla,"[""recjgo7hE3earZlS7""]",1,Olivia,rece86WN8FUEah4HY,"[""rec0MpaYnNju2ExM0""]",Olivia Planer,,,,,,
receBFuBzYlXyUiqp,0,1,Julia Worden,"[""recNOjlJkQLR1qWTQ""]",class_oog,United Del Coco,"[""recd0U1K0KpXErnJz""]",1,Julia,receBFuBzYlXyUiqp,"[""rec3Me0gpJHib7Ibm""]",Julia Worden,,,,,,
rececJFgkUViuuW0F,32,9,Brock Clermont,"[""reciLuEt5I93MQMy9""]",class_oog,Vago Chin Z,"[""rechffBJYd5uBU95f"",""recoaO3hnp73CfVsU"",""rec3MWCiCIZo2sLcW"",""recWzhAof4LAZHr0A"",""recj66LMLWzXwAZwU"",""recKk2sgwiW0v70cR"",""recrs4HOJolFSwLSo"",""recCHvAtwqC6cxM2n"",""rec9UjGawtgR3NdhA""]",14,Tanner,rececJFgkUViuuW0F,"[""reczbo9B52MjihV7r"",""recCHDzOJSCmcfF8D"",""recZDAxAONTYwOS6n"",""recjo0sdsw0E4cELH"",""recxvbzrlM93EUJOx"",""rec9d2oNX6g2NauFw"",""recLBWor6xkC0nJOx"",""rec0NSJSySU5lKsqL"",""recKPimrHjDSJCbJW"",""rec05KksmIMbP4zEb"",""recEPsQgrMuuOT3X4"",""receIqLsngoO1MZ2g"",""recmG8pUBon6HR51g"",""recQFKovks5uOznMN""]",Tanner Korotkin,"[""rec072uqXZOGeYjnM"",""recpr1DXHu512wkTC"",""recopPb5O7BLi19hn"",""recvTVe1wjkzk2hyd"",""recigiKSgjuQ0lJRI"",""recq3YF8PufLJpekS"",""rec3Ki5ddqMwVd5Zv"",""recSMowfE5wcV6pqu"",""recaobAyHu7aYe5D1"",""recGTRPbiyFWGXFfT"",""recKPPbxRShj4w1HS"",""recwvHnJiHeQ6kjFj"",""recGnavBPW3qQJ2Ec"",""recfeUZ5OQOejscGE"",""recIq4wolRpvMPZqi"",""recm6uJd9ktr3Xbat"",""rec7OoZjWiOZnHtgi"",""rechOWTv6MeILO5ZR"",""recKxLRsV3heSMRSs""]","[""recyk7yDpYaUtxvSv"",""recwI3Bjm0FADcH4z"",""reczU0wB5JR2iyctJ"",""recFCUjYbkdYvWBpo"",""rec8NXMCcuM8L05o5"",""recZ4ud7WLP45Hshv"",""recR6TJnqeL6OLh69"",""rec1eJhqFc33AZm1I"",""reco9OucV8JIbdho7"",""recHHqKGVIBzPNXMh"",""rect32KznBbTik3bb"",""recFIgFMvcw8vxEFs"",""recwkjpihdathU55b"",""rectaSaWiY7gWtcCa"",""recXTGUMyEWeLwjl1"",""rec67Uhs5GP71OdVY"",""rec0LMXjTF3BZ4UwF"",""recZXt8LqQBSBHEmh"",""rec64RKY9BQx0n2Q8"",""recAfFB6A49ltxcXr"",""rechSgzBVCzo4FIkK"",""recOerz7NzxyVtUH8"",""recBkvR0BruoRrw4C"",""recJnhZomwF9vvUuK"",""rechWp1PFiGICTJAs"",""recs6WBSd0kSDQnLN"",""recXlmPZ0eiRsshwU"",""recvHjoPqlCvBTuZh"",""recseghwvhsy5cSnM"",""recHCZiPi5jGAYydf"",""recF3ZYRgyz1b0fZM"",""recxjnggUhOjkWhJB""]","[""rec90LFOuXBVQJgb8"",""recqmeyH5ZioMXWl0"",""recSvPbVVh1AvvyHU"",""recRYCRP9qhSCp1Ha"",""recGArGKGGvff1tJI"",""recwE80SK2NEBuQ0g"",""recRfCvoopfJIysre"",""recP3PQArxD4Tvc2u"",""rec3c7ZH8sZFeKJFI"",""recsxVxqgVUNJjvb2"",""recR5xuqyM7dTM1x9"",""rec3I9jr95GmQPfyi"",""recQET6bE27KKYyhQ"",""rec78OqD5qyWhM4gG"",""recyrdvxmpcjkyVmM"",""recL8OkkdkjbJfQpX"",""rechA7jYiiL6fyLsb"",""reca6mOceLj9j9o48"",""recFGAu9WXhct08y9"",""recOrY5XFxa1YVM6C"",""recaAKT7AgKusWO5T"",""recD0Wv9mkI0cdiNp"",""rec2rLKdslbcineGL"",""recJXpgHtCx7nfhBb"",""recBzaGh0vNdOFJ1I"",""reckHrI3AFsslsR6s"",""recnTChWBVv7nDghc"",""reciuOAoHsZGu1OIQ"",""recLzfDGfDCYxEADh"",""recT4PieIgfPfYG2q"",""recNdp2tJR8ozNSPl"",""recLK3HLF6t34AGqK""]","[""reccPqzZMkaeKcQ1F"",""rectbTsSnmRHGqwbx"",""rec1lITZDEzvBPWov"",""rec4eAOzBYo3GobsM"",""rec8KzLmn6Q9F81ln"",""recD7pfoaSp2QIFls"",""recDl5FAgsOqLPneE"",""recFjrgwHyBA9km87"",""recGktQyKGZgPdEEE"",""recMuLnN6z4ndpQMd"",""recOpPnhh7xklkifh"",""recQWDZkVxaMnH8pe"",""recdhicVozqEph1Y4"",""reclEISXCY77qdhNc"",""recyJqmjZmWp6zGWj"",""rec7aUy9LZLSi4x4M"",""recLm4bIWsCwKtsOn"",""recM3iEQkS1nFLPKH"",""recvQacAs9Cb1jG2L""]","[""rec76FNWfk9hIU17K"",""rec5OflVpqSlMVxel""]",true
receh6wzaOvbbOtxr,0,2,Juan M. Bolanos,"[""reciQqSfWbMiP5zxf""]",class_oog,Kadar Hbc,"[""recaGjhF16wLvFnTe"",""recfmPoR4SW87P0Ni""]",1,Simon,receh6wzaOvbbOtxr,"[""recT9pmUhPadagTou""]",Simon Arango,,,,,,
recejZEU2nOrxsEbI,0,1,Courtney de Hechavarria,"[""recv85dMm1vEE8kec""]",class_oog,Howie Do It,"[""recEca3dY4K2WdByh""]",0,Claire,recejZEU2nOrxsEbI,,Claire de Hechavarria,,,,,,
recejsmKqHfknNq9t,0,2,Derek Van Der Burgh,"[""recw2AcufXB3OnYyW""]",class_oog,Mattador,"[""recC8R2n0Nt7vCCZX"",""rec6JB2dXpm5ALnlU""]",2,Allison,recejsmKqHfknNq9t,"[""recr0Gm2CqKg25ilW"",""recvHB0yjIYO7QtDx""]",Allison Beck,,,,,,
recenZm3fZa4dmtCi,0,3,H Dougl Schreiber,"[""reckydHWVV9YphkZt""]",class_oog,North Shore Hal,"[""recD8jCi0q5mMW8MU"",""recqoCHpOouHIL3L0"",""rec0nPoh2WUGFBey4""]",3,H,recenZm3fZa4dmtCi,"[""rect4ecy9WO592VH5"",""recn6pSL8Dii9COa7"",""recmJGAQaVFIet5vD""]",H Dougl Schreiber,,,,,,
recesupg2Pf1wqO3M,0,1,Heather Froehlich Cortell,"[""recYYSG3rW61gLanZ""]",class_oog,Clearville,"[""recmnv8k5XqrqvKba""]",1,Emily,recesupg2Pf1wqO3M,"[""recuEGBoV7kKfnAh0""]",Emily Kowit,,,,,,
receuTpQmC2SBCNfl,0,2,Daniela Roy,"[""rec2F4zRJZGDzG0M2""]",class_oog,Global Van T Braunerthof,"[""recZ6GeD3Q8Fn0VQ3"",""recjDejLtkc1RGo3W""]",2,Tatjana,receuTpQmC2SBCNfl,"[""recpnCzQhA8RBpccs"",""recPn4rsgZJufengs""]",Tatjana Almeida,,,,,,
recevtp2XSKUsSb00,0,1,Jake Evans,"[""recSXiCPwDmQ76cuQ""]",class_oog,Menlo Park,"[""recf89AQE1qtvd8FY""]",0,Margot,recevtp2XSKUsSb00,,Margot Hirsch,,,,,,
recf8UPoJAute0lLH,0,2,Andrew C. Welles,"[""rectc0mHofDhAxAVA""]",class_oog,Dorchester,"[""rec6i0GjQGwBoQN2q"",""recnQCHBCJ0H6rae3""]",3,Nora,recf8UPoJAute0lLH,"[""recxQELeISHzsdFNx"",""recbNkeX7Ld3HWbxU"",""recfojdF7DYTJjZnH""]",Nora Nauss,,,,,,
recfFEe6i6PAEJnMn,0,4,Taylor St Jacques,"[""rec7yDpRrnFHdpEyR""]",class_oog,Hopefull Menjoulet,"[""recDJymEDEhi1CpfZ"",""recBAfxAXTEQ2vfZ2"",""recjEn1VUe6rmsJ6l"",""recLVfTqAUfqSa8cw""]",5,Taylor,recfFEe6i6PAEJnMn,"[""recMVxMSrs3FRRYBF"",""rec7enZTdsncgJQcM"",""recnQKa2UumXaPD1u"",""recPmzZUk6IzAwcX0"",""recMJsHMWsRj3ORHk""]",Taylor St Jacques,,,,,,
recfR9BJNbGmRzfY2,0,1,Juan M. Bolanos,"[""reciQqSfWbMiP5zxf""]",class_oog,Pedro Molino,"[""rec4vpSFQURa0PYoY""]",0,Ember,recfR9BJNbGmRzfY2,,Ember Litteken,,,,,,
recfX9tkRPqafsgqM,0,1,Debra L. Ward,"[""recp8AfepuIJngrGM""]",class_oog,Rosmel's Silver Rose,"[""reccF3ty9Y02b2rfe""]",1,Madelyn,recfX9tkRPqafsgqM,"[""recndAQc2jxNEagYU""]",Madelyn Oster,,,,,,
recfayC1CCrR4NV8W,8,0,,,,,,0,Kaitlyn,recfayC1CCrR4NV8W,,Kaitlyn Sheerahamed,"[""recptqtIbZh7vGTDX"",""recGkaexFyaHkO23a"",""recQuaAPJ6EujjBMq"",""recjUP1rQsVhOknhK"",""recLo7GkrewP2AqKk""]","[""recjtAy4dy9ytoKgq"",""reczfnkpX7oMH7aW1"",""recq496mCIlPsrv9B"",""recH2darrwjQEyVia"",""recdFI2NsmhJgnPfM"",""rect4vY9woFzHDqWA""]","[""recTXwBbGLK2jwkrf"",""recCYqmWpOcyMc3WB"",""rec4WLR5Nnk0lL6Ic"",""rec2yhPOvTpQtLi6b"",""rec5lLLSUj5bqYoLs"",""recnbj1nWU1s8sdmV"",""recfd3bibI9mxqdaK"",""recSJoETbIjxAVvav""]","[""recDyHlXwAap2WDwL"",""rec37MjBjfNxvgkA4"",""recN1gEQWYCMdONfk"",""recMgIIqNebADfe93"",""recSDeVOEDOreiTiA""]",,
recfeMZuv1V7kRVao,0,1,Jared P. Petersen,"[""recWoImYqrWG0E1xh""]",class_oog,Kalahari Na,"[""rec3bI2YMOnhZQEQb""]",1,Katie,recfeMZuv1V7kRVao,"[""rec6QjeebNQzoD5RS""]",Katie Drummond,,,,,,
recfhXiw51cMvZnpT,0,1,Patrick R. Wilcher,"[""recU1AQcmSYuCkBtn""]",class_oog,Ballyforan,"[""recGW7jYrtptrUNcd""]",1,Teresa,recfhXiw51cMvZnpT,"[""rec26u95qyoi4Zpdx""]",Teresa Martinoli,,,,,,
recflgCvkeR6BJO47,0,1,Juan M. Bolanos,"[""reciQqSfWbMiP5zxf""]",class_oog,Pedro Molino,"[""rec4vpSFQURa0PYoY""]",1,Kristen,recflgCvkeR6BJO47,"[""recefpyK3hQv6P795""]",Kristen Litteken,,,,,,
recfmpHccsWBBEZ8A,0,6,Kyle Dewar,"[""recVsz59iVCmUI0Nu""]",class_oog,Chacoons Gisa Blue Z,"[""recRTaTNSsdMYwqIV"",""recM5N0CztIrnQiSg"",""recPOmhL9CtpGkz58"",""recS2o8qfCeKsnW8n"",""recYdWPZJPzjnH6Uf"",""reclxV5tOMKvXUoeT""]",6,Kyle,recfmpHccsWBBEZ8A,"[""rec9eOiAQ8imcv9Oj"",""recSO5TNcUacuQlT1"",""recGdLYbzVtS8Q2ji"",""recY76HaZ6xNxQMVd"",""recsx8UsBHNLe7SDS"",""recp93phGinm0I9vG""]",Kyle Dewar,,,,,,
recfn31wbWzRswJJ1,0,1,Lauren E. Hough,"[""recHOKa6KSlvHuryw""]",class_oog.php,Isla De Coco,"[""recgEUtWn3Fw94C4d""]",0,Anne,recfn31wbWzRswJJ1,,Anne W. Eldridge,,,,,,
recfrrrCvA6xEVPB3,0,1,Stephanie Free,"[""recBVRfeR9i4COiwE""]",class_oog,Code Of Honor,"[""rechyqbsJIh4HgKCN""]",1,Sofia,recfrrrCvA6xEVPB3,"[""recLOo5SvdDQeT0uL""]",Sofia Parise,,,,,,
recg59HBxOm9PG0aB,0,2,David Cameron,"[""recV9UeEpcw6UDEM9""]",class_oog,Renkum Corsair,"[""recrwSZSMRb44S5uQ"",""recUMsicKyzbPX0gM""]",2,Molly,recg59HBxOm9PG0aB,"[""recWnEvzuG97LP2dX"",""recG7ZESHapLjzCLG""]",Molly Adams,,,,,,
recgDIs2S8W0GaeCz,0,1,Morgan Taylor,"[""rec0wCs5ZzmAW8kSL""]",class_oog.php,"Pays Bas V, Sublime, Billy Adorable","[""recSAm7W6nYfSQB4U""]",1,Sophie,recgDIs2S8W0GaeCz,"[""rec2hsK2SEMEvJsQF""]",Sophie Smith,,,,,,
recgWS0eomDZ0KN96,0,1,Stephen Dicarlo,"[""recupQMhsCpx3otEi""]",class_oog,Ziggy Stardust,"[""recvb5lkfvnh4qeZv""]",1,Bowers,recgWS0eomDZ0KN96,"[""recVZOhdcpfeBfzV8""]",Bowers A. Cone,,,,,,
recgdnXFKviBsM1pd,0,1,Benjamin J. Meredith,"[""reccRPUdMRZMCiJuf""]",class_oog,Caballa Ps,"[""recpJzyZSVuBaeQob""]",1,Madison,recgdnXFKviBsM1pd,"[""recvMGPH0clJ6e919""]",Madison Cohen,,,,,,
recgkygxy7DBOBH3M,0,2,Stephanie King,"[""recZ63wDzSxekmuT7""]",class_oog,Play Maker,"[""rec6t3JY3PYLXefAE"",""recWGeYRurpHN6Pte""]",2,Stephanie,recgkygxy7DBOBH3M,"[""recLWMPYe8N5YKlMb"",""recMNRHUI8kmJGhnW""]",Stephanie King,,,,,,
recgr1j4YRVMWvW1P,0,1,Juan M. Bolanos,"[""reciQqSfWbMiP5zxf""]",class_oog,Riskana Ls La Silla,"[""recECNgADOjF7MXOO""]",1,Maria,recgr1j4YRVMWvW1P,"[""recIMKGigHqeqWAOa""]",Maria Balleza,,,,,,
recgvL9zCVq8cPEyZ,0,1,Wendy J. Hechler,"[""rec1I0IvFKaYQa6K4""]",class_oog,Lucky Lakota,"[""rec89MeFFkOvodxoK""]",1,Guiliana,recgvL9zCVq8cPEyZ,"[""rec04G5QautLKroO5""]",Guiliana Itzo,,,,,,
recgwMtX6ewmLIDvH,0,1,Daniela Roy,"[""rec2F4zRJZGDzG0M2""]",class_oog,Quinta Van De Helle Z,"[""recxFnv0MGp93JTAo""]",1,Susannah,recgwMtX6ewmLIDvH,"[""recvUkJmo2MpUJzWH""]",Susannah Cooper,,,,,,
rech5IrfxPETA39wn,0,2,Michael J. Mccormick,"[""recNsOB5RbtRbnQ37""]",class_oog,S&l Protector,"[""recL9tIAr3W6lEa7m"",""recPyvX2CZdQN23Ow""]",2,Ciaran,rech5IrfxPETA39wn,"[""recM4F3aWl3O07VeU"",""recs7PhIVX66MFcNR""]",Ciaran Flynn,,,,,,
rech7TFqfgZVXf3mn,0,1,Abby Strohmeyer,"[""recHr7nRG7cRW4hq4""]",class_oog,Marty Mcfly,"[""recyq1Gg56Suwi23T""]",1,Abby,rech7TFqfgZVXf3mn,"[""recblspk3KEWqGdwI""]",Abby Strohmeyer,,,,,,
rechCNEEWI9jQDhjW,0,1,Justine Raven,"[""rec0bJCjAgTlhNspi""]",class_oog,Kingston,"[""recKxLdINw32R5wt4""]",1,Tomas,rechCNEEWI9jQDhjW,"[""recpIloT88g3wW465""]",Tomas Yofre,,,,,,
rechDlKMAvhUM4Mji,0,1,Kelsey Duffy,"[""recJe0LFDSWmZkYs4""]",class_oog,Absolutely,"[""rechoMd4aICwNL7ih""]",1,Kelsey,rechDlKMAvhUM4Mji,"[""receHMwvoy2idZQiI""]",Kelsey Duffy,,,,,,
rechI5JK3oX8sujyd,0,1,Juan A. Rodriguez Silva,"[""reclu4ZfxeCUoDgLA""]",class_oog,Vdl Liantha,"[""recG7SKDs4mcP2CYx""]",1,Camille,rechI5JK3oX8sujyd,"[""rechBh5Yev9JRyn1u""]",Camille Gabrie,,,,,,
rechMaBOPshWSbNGK,0,1,Mike Holtkamp,"[""recSXI5qNI2oXZ7rL""]",class_oog,Nielson Wh,"[""recFxKJ6AVT5FhQuY""]",1,Margaret,rechMaBOPshWSbNGK,"[""rec9nDSYoFWGwzGAh""]",Margaret L. Swanson,,,,,,
rechOpyPKMOuBZwv4,0,1,Morgan Taylor,"[""rec0wCs5ZzmAW8kSL""]",class_oog,Kicks And Giggles W.e.c.,"[""recqMoyYpK3eExijU""]",1,Ella,rechOpyPKMOuBZwv4,"[""reccydfziSmL8Nnrd""]",Ella Boutilier,,,,,,
rechnWuL5DdqOxT4V,0,1,Stephanie Free,"[""recBVRfeR9i4COiwE""]",class_oog,Just A Gentleman,"[""recsiWMC8ERjkzsor""]",1,Brittany,rechnWuL5DdqOxT4V,"[""recjpVv2M9RZcpiim""]",Brittany G. Wyatt,,,,,,
rechp7Vc1sVhhq9q4,0,1,Brian Murphy,"[""rec6UiZPMcNsltg3J""]",class_oog,Glenara Chacco Dp,"[""recTfQComcsRMvBYN""]",1,Brian,rechp7Vc1sVhhq9q4,"[""recsqOkaczV6jKDvC""]",Brian Murphy,,,,,,
rechqgzesv0gfUZwq,0,2,Juan A. Rodriguez Silva,"[""reclu4ZfxeCUoDgLA""]",class_oog,L.v. Valdrumer,"[""recLj5EaBtHWkjsa2"",""reca0IEMDAmS3AqYR""]",2,Nicole,rechqgzesv0gfUZwq,"[""recbLGzVtUzPM0ehq"",""rec04dA4WFyLCjXNw""]",Nicole Presa Tejada,,,,,,
rechuzUPNLOsASgzX,0,4,Anne L. Bingler,"[""rec3S9KikkQrKgX8L""]",class_oog,Roundthorn Odara,"[""recNZ1x4zczsBbzlg"",""rec7xAGggwkuB2iuH"",""recYcjfuToIDFnZ8k"",""rectRnnwj6xwJANwa""]",4,Anne,rechuzUPNLOsASgzX,"[""recarEx7mlbqpeP8N"",""rec5U7pN8TJHOvcg6"",""rec3FAchzIv5xBucH"",""reckDFumqtxbWhdn2""]",Anne L. Bingler,,,,,,
rechwnqfyZjTTKeIr,0,2,Andres A. Correa,"[""recl4930Uvn00qNs0""]",class_oog,Bluebelle,"[""recZP6wgonkpwI9SZ"",""recRSfdJcMIkb0qi3""]",2,Andres,rechwnqfyZjTTKeIr,"[""reckWRVtlbUj1NWlr"",""recZzqcKYNFbxV7Pp""]",Andres A. Correa,,,,,,
rechzGJ6nB5ZniPYe,0,3,Benjamin J. Meredith,"[""reccRPUdMRZMCiJuf""]",class_oog,Maleficent Ht,"[""rec6PWBeeW8h4Exaz"",""recRENV43srEl09Ur"",""receQSLUSbhC7tCeD""]",4,Hector,rechzGJ6nB5ZniPYe,"[""recec81GNG4x3ieVX"",""recyQRsugfqFd7Hlq"",""recgkh1Xq8PkiNLhc"",""rec4g5rjcJW2YzDAg""]",Hector Florentino,,,,,,
rechztYIkKPPbsQzF,0,1,Darragh Kerins,"[""recOdyCszUe4VTxPo""]",class_oog,Lissino,"[""reckkGnx82VPHVYaX""]",0,Darragh,rechztYIkKPPbsQzF,,Darragh Kerins,,,,,,
reciBZ8QpFwqIA4Ew,0,1,Katie Rudnick,"[""rec6npIsj2ldcOqWZ""]",class_oog,Forget Me Not,"[""recTChszlN7lVqyT3""]",1,Annaliz,reciBZ8QpFwqIA4Ew,"[""recp4Js48OsSdHJ1k""]",Annaliz Alberts,,,,,,
reciFnFY2wXYdozii,0,3,Antonio J. Martinez,"[""recoIakTck18pHikM""]",class_oog,Itos S,"[""recEPT41M7QgVeNUp"",""recdHJrkbKoZcZoiN"",""recT6XlOY4pkM6XAq""]",3,Noemi,reciFnFY2wXYdozii,"[""recW3ACUzfPxwrYxR"",""recZHr1YLaKCu8owF"",""reclbFTgTXXRks9ji""]",Noemi Koziol,,,,,,
reciLpQETY1uEIqrJ,0,1,Taylor St Jacques,"[""rec7yDpRrnFHdpEyR""]",class_oog,Green Book,"[""recz6zQwDRKkudHmo""]",1,Madison,reciLpQETY1uEIqrJ,"[""recrI0ZFUd7suGMKJ""]",Madison Olvert,,,,,,
reciYNTcLBgGxIdBQ,0,1,Laura Gaither,"[""rec0OHl8PfuMKFsyt""]",class_oog,Surely,"[""recXCgJbFKBbLp1Jk""]",1,Audrey,reciYNTcLBgGxIdBQ,"[""rec5DPfOVGzqUDCig""]",Audrey Turner,,,,,,
recing1PXwupaqjba,0,1,Daniela Roy,"[""rec2F4zRJZGDzG0M2""]",class_oog,Chess,"[""recz8hrVI6FArE7iO""]",1,Lourdes,recing1PXwupaqjba,"[""recK2qgLZ3lQcZgqJ""]",Lourdes Lopez,,,,,,
recip657fGkaQRua3,0,1,Antonio J. Martinez,"[""recoIakTck18pHikM""]",class_oog,Ravina 22,"[""recTLjdvOgxqoPF2Z""]",1,Valentina,recip657fGkaQRua3,"[""recRwcC3j4fTkRYts""]",Valentina Autiero,,,,,,
recipdUIV44DeFGfq,0,7,Sharn L. Wordley,"[""recqmThVFmsIM6E8t""]",class_oog,Conto Blanco 4,"[""recme05G47qNmBPHN"",""rec2EdRNcRBa1bzua"",""rec4D5KaOr9DvzH4M"",""recItD8viIbf6aEov"",""recc2jd3xZhT62Ocy"",""recenYAJ2LG7KglKz"",""rec3JKGcTNmBm8f3y""]",7,Sharn,recipdUIV44DeFGfq,"[""recvJUwvnGNi2qyFG"",""rec0sEBbL6j23F5Gs"",""rec6hj42NmyzUpTvg"",""recFb6XxY2PYTnFAi"",""rec5pmCjObhKYYuY4"",""recWbhpCskGQ80Mdw"",""recq1R812rInQp3yE""]",Sharn L. Wordley,,,,,,
recir0Emss79Ih2b9,0,1,Megan Wexler,"[""recbDjphoL8qMtSeW""]",class_oog,Confidentially,"[""recy5hDHL2y6FpWWh""]",0,Charlotte,recir0Emss79Ih2b9,,Charlotte Mack,,,,,,
recirL4qXIi9KcD3P,0,1,Lisa Hasenbeck,"[""recSN0eF04okgAD8J""]",class_oog,Winterfells Castle Black,"[""recvCGTMcpB6GIFQn""]",0,Janet,recirL4qXIi9KcD3P,,Janet Dannenhoffer,,,,,,
recisB6O1frXIGQpJ,0,1,Robert Mendoza,"[""recc7BtlSMC456iwd""]",class_oog,Callisto De Fetan Z,"[""rect5JgaBN9a7OqIH""]",0,Katherine,recisB6O1frXIGQpJ,,Katherine Standley,,,,,,
recivIS48AouxAUBQ,0,1,Daniela Roy,"[""rec2F4zRJZGDzG0M2""]",class_oog,Face The Stars,"[""rec1sxECv59okPl0g""]",1,Abigail,recivIS48AouxAUBQ,"[""recPs89Jz6WyzBvdm""]",Abigail Sterling,,,,,,
reciw6rXmSt6wROlN,0,1,Dana Ventrice,"[""rect7nOXb9JImTCcP""]",class_oog,United's Choice,"[""rec8wn8t29fBjKEVL""]",1,Dana,reciw6rXmSt6wROlN,"[""rec2alpWgee7dQAmr""]",Dana Ventrice,,,,,,
reciwY4N97nHnfqdX,0,1,Wendy J. Hechler,"[""rec1I0IvFKaYQa6K4""]",class_oog,Voyageur,"[""recIk2I6bQCTUdCuQ""]",1,Marie,reciwY4N97nHnfqdX,"[""rec4dXlqCDnn7yZkr""]",Marie Lawlor,,,,,,
reciwzeQGkjyILquI,0,1,Kyle Dewar,"[""recVsz59iVCmUI0Nu""]",class_oog,London Star,"[""recUK5VTFNxAlUG81""]",1,Barbara,reciwzeQGkjyILquI,"[""rec4FOlB92FMkKz2z""]",Barbara H. Center,,,,,,
recj0huhTEnvjmgCe,0,4,Kirk Webby,"[""recAQw955LG6uVCeK""]",class_oog,Cameron 38,"[""recsNgxhTd41Ps8ZF"",""recxJb6VhttLUK5V9"",""reccztB3ED4aPj15l"",""recGnNupa4d13lGyT""]",3,Kirk,recj0huhTEnvjmgCe,"[""recIknyTzybO0tSwd"",""recU0Bf1mF8h8yM7G"",""recxdKZ1k90OnH1tC""]",Kirk Webby,,,,,,
recj6C9Do5xzRdjbN,0,2,Wendy J. Hechler,"[""rec1I0IvFKaYQa6K4""]",class_oog,Camden Street,"[""recbT2euR7P1bjp6i"",""recDaX9AIGXi2opkI""]",2,Phillipa,recj6C9Do5xzRdjbN,"[""rec7Op9ou8Hbrpp8I"",""recmxAqtZ4KLikEmy""]",Phillipa Greenberg,,,,,,
recjIhYtwuar8948X,0,1,Daniela Roy,"[""rec2F4zRJZGDzG0M2""]",class_oog,Kalibra S,"[""recER7eS5z5aEPFDL""]",1,Frances,recjIhYtwuar8948X,"[""rec6iwnGhNhMivPK5""]",Frances Derrer,,,,,,
recjIl9wzfSQdxVf5,0,1,Megan Wexler,"[""recbDjphoL8qMtSeW""]",class_oog,Kobalt Des Vk,"[""recPADxrKRR5LZEFV""]",1,Mackenzie,recjIl9wzfSQdxVf5,"[""rec3zr0DE8MzOsdpK""]",Mackenzie R. McGehee,,,,,,
recjKv2e3jfgm3H8j,0,1,Daniela Roy,"[""rec2F4zRJZGDzG0M2""]",class_oog,Carrizal,"[""recoJJN0uvoxenvVi""]",1,Alexandria,recjKv2e3jfgm3H8j,"[""recJhRHASG3TyEeHK""]",Alexandria Gonzalez,,,,,,
recjL9YTEPKBmsA7A,0,1,Antonio J. Martinez,"[""recoIakTck18pHikM""]",class_oog,Picobella De Pot,"[""recNaENSfxvG0UMVu""]",1,Khloe,recjL9YTEPKBmsA7A,"[""recKW4U4oeowAzAG0""]",Khloe Brinkmann,,,,,,
recjLOY1OsaNDXlCt,0,1,Javier Camargo,"[""recrxvCY429zqmage""]",class_oog,Mr. Magoo,"[""recYKiWeTl63OBops""]",1,Finley,recjLOY1OsaNDXlCt,"[""recGFkkceS45C6uQC""]",Finley Hilson,,,,,,
recjObU6v016KjDEF,0,1,August Torsilieri,"[""recel7Tui1CFiT95R""]",class_oog,Dicaprio,"[""recAlAuF50JlUkb8B""]",1,Emily,recjObU6v016KjDEF,"[""recourNzdMD1KelT0""]",Emily F. H. Buxton,,,,,,
recjVUwSgfYOO7TXn,0,1,Jenny Miller,"[""recUyPOPB2XxAGJpk""]",class_oog,Katch Can-Do,"[""recX5rhtmoEUmqPfB""]",1,Olivia,recjVUwSgfYOO7TXn,"[""recCWibIx9ZSSHJwS""]",Olivia Israel,,,,,,
recjYzZcxgGjI5pgc,0,3,Chloe D. Reid,"[""recuU297BOg1dPG6Q""]",class_oog,Dragonball,"[""recF6Guy7FFaenUfX"",""recJ5Q3eTX32eABbT"",""recBqHQ7LvA6qZXba""]",3,Chloe,recjYzZcxgGjI5pgc,"[""reczhiIjkBSlMXNrB"",""recFTySYGOjzn9lnR"",""rec434ZDnG5z2s5yF""]",Chloe D. Reid,,,,,,
recjcDG5Oqd7HV3jC,0,1,Daniela Roy,"[""rec2F4zRJZGDzG0M2""]",class_oog,Costacalvo,"[""rec3ff1KdVWsMGbFm""]",1,Emma,recjcDG5Oqd7HV3jC,"[""recX78rajRi4FZjoP""]",Emma Ecarius,,,,,,
recjcj45sBhpQrs0F,0,1,Kacey Conway,"[""recYF9eSOEpYZn4Ko""]",class_oog,Cinderella's Boyfriend,"[""recjykw949MhxYIBp""]",1,Lindsay,recjcj45sBhpQrs0F,"[""recDeEoTJnJUvD3nI""]",Lindsay Woinarowicz,,,,,,
recjdOKFVTEQpA1oS,0,1,Grace Dreyer,"[""recmEHqV9uMzGpVKb""]",class_oog,Spin Art,"[""recpGbXyxVCLub6qY""]",1,Ramsey,recjdOKFVTEQpA1oS,"[""recf62hHvI2xUVoy2""]",Ramsey Wise,,,,,,
recjgIY4F0kPfUp55,0,1,Lindsay Standley,"[""rech8z7SrtfRDMN0j""]",class_oog,Dylan Odf,"[""recZPZsGiWaZHsyx4""]",1,Lindsay,recjgIY4F0kPfUp55,"[""recn03qKoP5fKW5eC""]",Lindsay Standley,,,,,,
recjjPMDbFyKkl8lN,0,1,Luciano Dome,"[""recjYsJmAKVPUAG2i""]",class_oog,Anthem L.a. Z,"[""recGDKWcPo8Ro3vCx""]",0,Luciano,recjjPMDbFyKkl8lN,,Luciano Dome,,,,,,
recjlTvTCF5JyyZhz,0,5,Bibby F. Hill,"[""rechIeLAeG0AY6zFc""]",class_oog,Magical Powers,"[""recmym5IiKEcJCwNe"",""recAotPYSEsSn12HE"",""rec8Goer4IVkOC4h7"",""recV5qdKDuRxh7JQt"",""recaddMCpQ7UtcHRL""]",7,Katherine,recjlTvTCF5JyyZhz,"[""recvGTmncdJsfGqa8"",""recY1yX8JfuDCrmCx"",""recqVh52mOV5zCfP5"",""recv8nlDjgvbvp6ZJ"",""recMR6m9Bk1EksRAk"",""recWHpJIOYcFDetXH"",""rechWFudM5B9xmSx2""]",Katherine Addington,,,,,,
recjmkO8nfWJ8eRTr,0,2,Ryan Michael Genn,"[""rec1uM1UghdnlA4Hq""]",class_oog,Kereen Cobra,"[""recMEa7UtJl2MPmiG"",""recAWz5tOQQ2B2IlN""]",2,Kitt,recjmkO8nfWJ8eRTr,"[""recQisO5xtuWBm2O6"",""recfqL62ibBDvEmQn""]",Kitt Ritter,,,,,,
recjw1We9NSeCvXYA,0,1,Jessica Collins,"[""recNpo5pbhuzTKAIi""]",class_oog,Bakham Du Very Z,"[""reczGhUK7dw3yyyAT""]",1,Blythe,recjw1We9NSeCvXYA,"[""recskrY2ERXLInXy1""]",Blythe Novick,,,,,,
reck2Oohvt2yj474g,0,1,Derek Van Der Burgh,"[""recw2AcufXB3OnYyW""]",class_oog,Raja J,"[""recsQ2DEH1KUaCMDJ""]",1,Morgan,reck2Oohvt2yj474g,"[""recxycCAxrV17fAzz""]",Morgan Cusick,,,,,,
reck7CWVqseCHyMVg,0,3,Juan Benítez,"[""reccVab1jS62QQ5la""]",class_oog,Heroine De Kerglenn,"[""recGLtX4301LzejXu"",""recqd51to40fpLity"",""recdWSYqlNgH2vMhL""]",3,Rita,reck7CWVqseCHyMVg,"[""recGFiJ6cMzhPin8q"",""recLjMKKG4rDvPOy3"",""reczwdDElfctF7Vz4""]",Rita de Goes,,,,,,
reckMRVODtVnrCtbb,0,5,Juan M. Bolanos,"[""reciQqSfWbMiP5zxf""]",class_oog,Arezzo Z,"[""recvUoq0yPK0NiND5"",""rec7c9RGVvgUKcK1S"",""recVVNfB9ljJk8D1E"",""recf0spNEdr6FSGha"",""recjbIYwzhUnnaeHt""]",5,Juan,reckMRVODtVnrCtbb,"[""recmnSL3EzVstxiPe"",""recS99fXzDcO0MRWs"",""recn8aUhLr2zY5e2X"",""recPiy0rzjsL2Rsre"",""recHRio76gkDwcBrS""]",Juan M. Bolanos,,,,,,
reckR5d1FrfCNnjWe,0,2,Erica Robson,"[""recMir2WcmMLTzpZq""]",class_oog,Ciemusic Z,"[""recMeCRZGKxfjGSeW"",""recERIl5sMgyTd53w""]",1,Kathryn,reckR5d1FrfCNnjWe,"[""recedrYSb4A4mDbzy""]",Kathryn Camunas,,,,,,
reckTX8q1hHSEHPSA,0,1,Tony Doran,"[""rec5aqepy6NAiz9DN""]",class_oog,Frozie,"[""rectCkxFM4x840mhI""]",1,Claire,reckTX8q1hHSEHPSA,"[""recVDOlZqvn378Rhs""]",Claire Doran,,,,,,
reckUXCBVWgpOAhP8,0,1,Alison Jones,"[""reccPpBL4rQYdBMJP""]",class_oog,Changes In Latitude,"[""recUOPrPt8hqx9T2P""]",1,Ava,reckUXCBVWgpOAhP8,"[""recp9HI8GRrjfLTJU""]",Ava Parker,,,,,,
reckWIEgC8AtVzK5d,3,1,Alan Korotkin,"[""recFIHTcArQhILyAc""]",class_oog,Fort Knox,"[""recMRUv1KUA8IsQEy""]",0,Jessica,reckWIEgC8AtVzK5d,,Jessica Heap,"[""recU3gOw3Cj2cFMm5"",""reclPpJtPgkzk6h1Q"",""recDR7zQomtbHh02L""]","[""rec1X7AZHVURk9WjV"",""recpoR5Tze6HMdrjj"",""recCjCjl66aoieb9R"",""recRkSreGnXgWYpgf"",""recNDMQudSjrC3eZ9"",""rec7NHIGm8PO2bQWT"",""recRv4wlev5py3aU3"",""recLLcekNjLL2Wbwb"",""recf4KT3WmfQH1AAr""]","[""rec3EPDtYZpjF7pLT"",""recMkeLwL5p1p5oww"",""rec4F8YRELZtcqt0O""]","[""rec6tuxEgmYCzAZBq"",""recP9TFH3sYkjyYm3"",""rec7uNS2W8yM6T3Ql""]","[""recMe8kA8gdqHkyRP"",""reczcaDzfyQFzsY2g"",""recRcwx2NUyGns6Z8""]",true
reckjg3dLSRWJr9kX,0,1,Luciano Dome,"[""recjYsJmAKVPUAG2i""]",class_oog,Hairo,"[""reccgbLiz8TcTL2zv""]",0,Ana,reckjg3dLSRWJr9kX,,Ana Elena Armas,,,,,,
reckyoekd19RylkMS,0,3,Ben Taylor,"[""recmTGLWfZLnyH6TK""]",class_oog,Balou's Captain,"[""recKE5MgJIcemJBBK"",""recLu7bJoBjTCyslm"",""reczhHu0Z7mkdGUE6""]",3,Kinser,reckyoekd19RylkMS,"[""recpb9eX1g9FU54id"",""recpxFnECH9oYoLgn"",""recYgMJVcEQNPuJOv""]",Kinser Vale,,,,,,
recl8qN4avWdxvdcJ,0,1,Stephen Dicarlo,"[""recupQMhsCpx3otEi""]",class_oog,Mtm Silhouette,"[""recP2OfCrJJQ5mJjT""]",1,Leslie,recl8qN4avWdxvdcJ,"[""recuinxSmvH1u9KHl""]",Leslie S. Prinz,,,,,,
reclIcIUWajd0pWG3,0,3,Lindsay Haselden,"[""rec6D1SUrQr1IYJyM""]",class_oog,Orchard Hills Best Dressed,"[""reclItPl83WpTBG0B"",""recApU9lrIEBS8F9M"",""recmjSQYwCEQUThfj""]",3,Ryan,reclIcIUWajd0pWG3,"[""recLTmLCPw5lgjbVj"",""recFilGQOdQJWtF4n"",""recF8OUcyPZuRkfxm""]",Ryan Haselden,,,,,,
reclLfj1GjA4bZwOH,0,1,Bryce P. Richardson,"[""rectIwXBJfkrEAaOG""]",class_oog,Boleybawn Rolo,"[""recDToNbMNma9p8mG""]",0,Molly,reclLfj1GjA4bZwOH,,Molly A. Kenney,,,,,,
reclSOb4GWH74Vfnm,0,1,Darragh Kerins,"[""recOdyCszUe4VTxPo""]",class_oog,Sunset's Pirouette,"[""recyU1972ri6tQv5D""]",1,Ada,reclSOb4GWH74Vfnm,"[""recNmPji96bx60SCQ""]",Ada Rose Walker,,,,,,
reclT1ePqkZKMN7nA,0,2,Erica Robson,"[""recMir2WcmMLTzpZq""]",class_oog,Quesera K Van't Kattenheye,"[""recSFpqdvfYwyxwMe"",""rec4QqdclnrUCVdiD""]",1,Chloe,reclT1ePqkZKMN7nA,"[""recxKkGj8JrPQSHJA""]",Chloe Peterson,,,,,,
reclWXLaY1toeG4F0,0,1,Alison Jones,"[""reccPpBL4rQYdBMJP""]",class_oog,Over Ruled,"[""rectcXl4IsH5z4yo7""]",1,Isabella,reclWXLaY1toeG4F0,"[""rec2C8xe0wSoPWTi8""]",Isabella Keyman,,,,,,
reclZ2ykwhfdNmr2p,0,1,Matthew Le Master,"[""recN9E8BVaEfvKU1x""]",class_oog,Princeton Mk,"[""rectmJGqLMNFrXHew""]",1,Olivia,reclZ2ykwhfdNmr2p,"[""rec1v4wlYLNcNIVGe""]",Olivia Gaul,,,,,,
reclZp0eQIJMvkdeG,0,2,Benjamin J. Meredith,"[""reccRPUdMRZMCiJuf""]",class_oog,Curioso Van Maarle Z,"[""recpwBbv1DK6OHP6I"",""recsB7WBTOhoiZ7Fm""]",2,Miley,reclZp0eQIJMvkdeG,"[""recd2i8o2VFvqHaXj"",""rec08Bcdiirsd0shr""]",Miley Davidyan,,,,,,
recljNPWmSNvK6A9m,0,2,Taylor St Jacques,"[""rec7yDpRrnFHdpEyR""]",class_oog,Onyx,"[""recRxZDoYeiHSkZG9"",""recBSllePMOSowevO""]",2,Elle,recljNPWmSNvK6A9m,"[""recgCHJBPI61TTWw5"",""recDwpje2NX8oFmje""]",Elle Bassion,,,,,,
reclpKfaEvwZJnMfX,0,1,Morgan Taylor,"[""rec0wCs5ZzmAW8kSL""]",class_oog,Vhf Vegas,"[""reclP1RPVHw9ZOOvC""]",1,Amelia,reclpKfaEvwZJnMfX,"[""rec900wy3a31okVGL""]",Amelia Khan,,,,,,
reclqAXTrl6kfnVrM,0,1,Lauren Schweppe,"[""recWb8kIRsV2w5Zj9""]",class_oog,Gladstone,"[""recnFYzfVfD7OLV4O""]",1,Shelby,reclqAXTrl6kfnVrM,"[""recKz5mZ1p6WVaQrA""]",Shelby Heyer,,,,,,
reclzewcZLj2VWKNz,0,1,August Torsilieri,"[""recel7Tui1CFiT95R""]",class_oog,Remix De Ganad,"[""reczGNyixcrHeEGRz""]",1,Wendell,reclzewcZLj2VWKNz,"[""recbbC4cEx63PP1dA""]",Wendell Abraham,,,,,,
recm5LlH0tNXEDJT0,0,1,Pamela Gomez,"[""recD8d72oDpyNe2Hi""]",class_oog,Catoki's Fly Girl,"[""recwyLEjorQH3PAo5""]",1,Campbell,recm5LlH0tNXEDJT0,"[""recHazRoKQXJgpW96""]",Campbell Lear,,,,,,
recm5bS9waZAZiTYu,0,2,Juan E. Hidalgo,"[""recWm4nXbUtPYpLCL""]",class_oog,Emyr De Launay,"[""rect9cXUJgK0Ixi8C"",""rec3jIZ1ZztAMABaX""]",0,Carlota,recm5bS9waZAZiTYu,,Carlota Padron,,,,,,
recmKdF508Few61hD,0,1,Luciano Dome,"[""recjYsJmAKVPUAG2i""]",class_oog,Neisha,"[""rec911JSQBdvmEcZU""]",1,Sarah,recmKdF508Few61hD,"[""recPT54BMP2hZ2LYD""]",Sarah Kraemer,,,,,,
recmZ39r1B0a9zA3p,0,1,Kimberly Nadler-Russo,"[""rec1yq40bnU1koghd""]",class_oog,Icandy,"[""recgUbzjjuWYQbHed""]",0,Ariel,recmZ39r1B0a9zA3p,,Ariel J. Fletcher,,,,,,
recmb5vK1TYiSD47T,0,1,Anna Christina Gansauer,"[""rect1laGmQRq2wmFo""]",class_oog,Donna Lucardie Z,"[""recV7TArveHbk3902""]",1,Francesca,recmb5vK1TYiSD47T,"[""recrjgn1n26XhdPsI""]",Francesca Chiatti,,,,,,
recmbNX4piYJQ41A7,0,1,Juan Benítez,"[""reccVab1jS62QQ5la""]",class_oog,Défi De La Roque,"[""recYi8600g3Kjc1Sq""]",1,Juan,recmbNX4piYJQ41A7,"[""recMhBycg7yN8Y4g2""]",Juan Benítez,,,,,,
recme1lRJQRYS9wIB,0,1,Rileigh Amorginos,"[""recsPLowZbvHYk4Z9""]",class_oog,Nova Rain,"[""recqc6bgOPMKQ7Oub""]",1,Lilly,recme1lRJQRYS9wIB,"[""recCY7zbeSXS3tfDd""]",Lilly Bradish,,,,,,
recmkwpSa6JYJNHCD,0,1,Taylor Manning,"[""recdHGo38u6gzbP2H""]",class_oog,Limerick,"[""recetc9kQtuflj67j""]",2,Taylor,recmkwpSa6JYJNHCD,"[""rectwreYfKfGgUoW4"",""recVWFdI1DsDCkv3m""]",Taylor Manning,,,,,,
recmwUUHA0wfJfA8y,0,1,Debra L. Ward,"[""recp8AfepuIJngrGM""]",class_oog,Tavish,"[""recA1M889R2eXkTtW""]",0,Cinthia,recmwUUHA0wfJfA8y,,Cinthia Ane' Mcgreevy,,,,,,
recmy93tzMkYZukPY,0,5,Bryce P. Richardson,"[""rectIwXBJfkrEAaOG""]",class_oog,D'Or E'cureuil,"[""recubqQL0uQIwSTxp"",""recBjz5bfMTj6Kszj"",""recDToNbMNma9p8mG"",""recalUO9JWVQ9R4oD"",""recW0GoCQ4adET3oP""]",4,Bryce,recmy93tzMkYZukPY,"[""rec3MT7xCq5XAhkoB"",""reczI8T7J4s9G4bdJ"",""recAlA8aDSqItWKLd"",""recbKbRy6uWOYVoxn""]",Bryce P. Richardson,,,,,,
recn0NKepR3DQJiul,0,1,Pamela Gomez,"[""recD8d72oDpyNe2Hi""]",class_oog,Lucas 274,"[""recBR3esuqrcgEdbZ""]",1,Valeska,recn0NKepR3DQJiul,"[""recKi6qUvYh12cWYj""]",Valeska Furlong,,,,,,
recn0cD6aeT6wfqk1,0,2,Ryan Michael Genn,"[""rec1uM1UghdnlA4Hq""]",class_oog,Conlando 55,"[""recTnId0UeHKnUWU7"",""recP7qIG6WE3TdbL7""]",2,John,recn0cD6aeT6wfqk1,"[""recl8AF6ygtIXoyFP"",""recKvCPQXpkZxHALi""]",John M. Struzzieri,,,,,,
recnA20IykjkAhaF3,0,1,Rob Billings,"[""recHNjiHOpvxP5N0r""]",class_oog,Jolita,"[""reczIdfmLplrXpAaG""]",0,Rob,recnA20IykjkAhaF3,,Rob Billings,,,,,,
recnHmk4TDLEAymHK,0,1,Daniela Roy,"[""rec2F4zRJZGDzG0M2""]",class_oog,Out Of The Blue,"[""reclEAQfewD0vwoWG""]",0,Daniela,recnHmk4TDLEAymHK,,Daniela Roy,,,,,,
recnQD0owI3kUe0KE,0,2,Grant Seger,"[""recHqozruF4gofU4W""]",class_oog,Kunigunde,"[""rec53tkcNQCCfVzWy"",""recmEzthPtDrDagrd""]",2,Grant,recnQD0owI3kUe0KE,"[""recSzFNwry2qPWwVo"",""receaM2LKpNAV1WIS""]",Grant Seger,,,,,,
recnWmZ9TpWY6ilZ6,0,1,Cristobal Castro,"[""recXyfjbTanYPcKpl""]",class_oog,Joaquin Daloubet,"[""recKlZ3FPc3vEr5AR""]",0,Cristobal,recnWmZ9TpWY6ilZ6,,Cristobal Castro,,,,,,
recnaYU8vPhsPNIdN,0,1,Dawn Hersey,"[""recXocXm551bESpPa""]",class_oog,The Getaway Car,"[""recn8gYamWYp8ozlT""]",1,Anna,recnaYU8vPhsPNIdN,"[""recIypiFssfzPh7qm""]",Anna Scott Ault,,,,,,
recnfQrsqInUBQK5e,0,1,Ben Taylor,"[""recmTGLWfZLnyH6TK""]",class_oog,Jason Brown,"[""recBwBJO5n5suc2QO""]",1,Flavio,recnfQrsqInUBQK5e,"[""rec7Xhy1diC2mfn1j""]",Flavio Montenegro,,,,,,
recnnh5mz9woQxU4M,0,1,Matt Martin,"[""recRnYU8EgCMCN4Tl""]",class_oog,Lagoya Du Trefle,"[""recuMLwBWLETsRHXU""]",0,Hannah,recnnh5mz9woQxU4M,,Hannah Eddlemon,,,,,,
recnpNZ5EJQ6vUwD4,0,1,Kathryn Delaney,"[""recpwhIril531ls02""]",class_oog,Kennedy,"[""recJVg3nk3gtSYaoh""]",0,Brooklin,recnpNZ5EJQ6vUwD4,,Brooklin Hernandez,,,,,,
recnq0SxsppmltiqF,0,5,Addison Reed,"[""recRlcCb6UzGjsfM8""]",class_oog,Goliath,"[""recZcsDc9yOj8N5YQ"",""recQZMEffGo1OFwVA"",""recZsIGQ0PoTXc8ed"",""reciI926KiVz5gnZS"",""reczMCXVX6itjFoKW""]",6,Addison,recnq0SxsppmltiqF,"[""rec5WKbSvvNAIspHS"",""recw6zyhFDji5ixp0"",""recyvOQBUftNZ9zAB"",""recslqd83nSNdxImJ"",""recckZ7igwuvZmixO"",""rec0on3YwJxmy4UfE""]",Addison Reed,,,,,,
recnzaHCIumNpAjr4,0,1,Daniela Roy,"[""rec2F4zRJZGDzG0M2""]",class_oog,Celine Db Z,"[""reclqu43uXHbMrx2f""]",1,Mia,recnzaHCIumNpAjr4,"[""recQUJzVTnwF3CiJW""]",Mia Felipe,,,,,,
reco40AZFnYO1VXuv,0,2,Juan A. Rodriguez Silva,"[""reclu4ZfxeCUoDgLA""]",class_oog,Maestro B,"[""reczlO7zt5p3c8Oln"",""recjEvH2m9ExFKVtu""]",2,Diego,reco40AZFnYO1VXuv,"[""reccwbe0M6JlsdOvR"",""recAvz0vP9muqD2vt""]",Diego Loria,,,,,,
recoCynxHbGtrr4vn,0,1,Jake Evans,"[""recSXiCPwDmQ76cuQ""]",class_oog,Casino Royale,"[""recjGrn0NQ8IWILKN""]",1,Jessin,recoCynxHbGtrr4vn,"[""reck7F7nbuJr5D50O""]",Jessin Blossom,,,,,,
recoEG978VWcbWV8X,0,4,Lauren E. Hough,"[""recHOKa6KSlvHuryw""]",class_oog,Isla De Coco,"[""recgEUtWn3Fw94C4d"",""recLFC3oXN6C15kPh"",""rechCAfXsR3JC802Q"",""recdcAISh4VE45m8T""]",4,Lauren,recoEG978VWcbWV8X,"[""reccII7BFSPqJETYJ"",""recJJuRLOBAHL5kcg"",""reczYd1rBRl9hCVoM"",""recS0Uh8pIAsXEauR""]",Lauren E. Hough,,,,,,
recoIRjDD1WpA7gR6,0,3,Pamela Gomez,"[""recD8d72oDpyNe2Hi""]",class_oog,Hollywood V,"[""recgYzE3cfeu2zM0T"",""recKPwMo65WuklKYc"",""rechmrDoDDBkCePGk""]",3,Amanda,recoIRjDD1WpA7gR6,"[""recYPwPcWiti4adUl"",""reccTSAFpxDh2s7Ho"",""recg8icWIBxr0wkbY""]",Amanda Gomez,,,,,,
recoNEIuUpTxc4I4q,0,1,Daniela Roy,"[""rec2F4zRJZGDzG0M2""]",class_oog,La Fe Frontera,"[""recGIs38pm2C2QgQ5""]",1,Cat,recoNEIuUpTxc4I4q,"[""rec1b3XnJ0xwpUVVO""]",Cat Zampieri,,,,,,
recoNjZbKwEyCsnDR,0,2,Linda J. Grover,"[""recHszNt2lKTJ3vFH""]",class_oog,Grand Colbert Rtg,"[""rec6qDvTz921w3o0j"",""rec00Fj6xlDAaiNAv""]",2,Ariane,recoNjZbKwEyCsnDR,"[""recHyHhVdVkhcmkRB"",""recGUgEWq3kKZIevT""]",Ariane Harris,,,,,,
recoZrUYI8oPw5BWZ,0,1,Matt Martin,"[""recRnYU8EgCMCN4Tl""]",class_oog,Joylon Gb,"[""recMmwA2xAw6AoAk9""]",0,Eva,recoZrUYI8oPw5BWZ,,Eva Bernstein,,,,,,
recoi16CYNCvdlZJc,0,1,Katlynn Butler,"[""recmCyrv5t0l7hgsj""]",class_oog,Mugano D'augustijn Z,"[""rece0DhytDlw4e0sY""]",1,Chiara,recoi16CYNCvdlZJc,"[""reclDGIaFrwuPh5vb""]",Chiara Zuccolotto,,,,,,
recoplw0C0H8tom54,0,1,David Cameron,"[""recV9UeEpcw6UDEM9""]",class_oog,Global Ph Cocofino,"[""reccKdWlsiElejWlP""]",2,Tyla,recoplw0C0H8tom54,"[""rec0toyPx9achffXl"",""recAJVmuF07Cg84od""]",Tyla Hackett,,,,,,
recpClmYzvicJYruv,0,1,Mari Gromkowski,"[""recQexushi8p8Xgll""]",class_oog,Khan Of Ballmore,"[""recsfWRQp1NAMI84S""]",1,Mari,recpClmYzvicJYruv,"[""recMHkHP94rBg1MfE""]",Mari Gromkowski,,,,,,
recpHNIIZeH8CbPqR,0,3,Stephanie Frey,"[""recGQXJ8M2eFcl9W7""]",class_oog,Hello Sunshine,"[""recVE5kGhU5yMjfLG"",""recUvD1yESiPqktoj"",""recrg7jvbqnlTihd2""]",4,Stephanie,recpHNIIZeH8CbPqR,"[""recAh6G3L98CK7aqL"",""recAAbnrLYYBRf9jM"",""rec7HGhhxy0VcsvHr"",""recC2byGBYCvuxEuU""]",Stephanie Frey,,,,,,
recpSVfbFbwfpYVBj,0,1,Gonzalo Guevara,"[""recz26WUGKrF94984""]",class_oog,Ewsz Omega,"[""recpEbQzKb7dtqXA1""]",1,Gonzalo,recpSVfbFbwfpYVBj,"[""rec9OpY0lz1fUBcMR""]",Gonzalo Guevara,,,,,,
recpd7J1VrCuAvmcO,0,1,Antonio J. Martinez,"[""recoIakTck18pHikM""]",class_oog,Rondalla Ls,"[""recy8VGxB6nnff0YY""]",1,Victoria,recpd7J1VrCuAvmcO,"[""recEYzAWJtKTMKxhT""]",Victoria Fazio,,,,,,
recpgVv0PoTAjefFa,0,1,Anne L. Bingler,"[""rec3S9KikkQrKgX8L""]",class_oog,Airway Semilly,"[""reccYIQBX3mYMUiWX""]",1,Ella,recpgVv0PoTAjefFa,"[""recc51YkKZgpedrZ0""]",Ella Walker,,,,,,
recpjb54dkhaQrJ0b,0,1,Terry Gonzalez,"[""reci3OiwSw0ssqcKI""]",class_oog,Cecilija,"[""recDd5py01cZ4e59W""]",1,Tyra,recpjb54dkhaQrJ0b,"[""recFWVWeiAyXXNZ1q""]",Tyra Cleary,,,,,,
recpk7RlPXXrhJUrR,0,1,Katie Moniz Floyd,"[""recPMskDVL2pcUFPb""]",class_oog.php,Sensation Of The North,"[""reciEQm0pcA5QOO2R""]",1,Janice,recpk7RlPXXrhJUrR,"[""rec0k3WZoyAveK1JI""]",Janice Varandas,,,,,,
recprk8Tvo9TV0dFe,0,2,Robert P. Stucky,"[""reclHVeeKHQlhkXJF""]",class_oog,Outlaw,"[""recxnIYbYxrikzrhd"",""reczWdmIcfyHmfZR9""]",2,Robert,recprk8Tvo9TV0dFe,"[""rec3bLIGAk2dqZnDe"",""recs4QUdI17DyVMJz""]",Robert P. Stucky,,,,,,
recps55oii224WXAJ,0,1,Robert P. Stucky,"[""reclHVeeKHQlhkXJF""]",class_oog,Outlaw,"[""recscHPErwaxpSmXZ""]",1,Isabella,recps55oii224WXAJ,"[""recIlgMW1ejpGgIE3""]",Isabella Agliano,,,,,,
recq3Kwj7QfrgwWtt,0,1,Matthew Le Master,"[""recN9E8BVaEfvKU1x""]",class_oog,Comme Il Hero Z,"[""recRQAnDUUMqYpinp""]",0,Cathy,recq3Kwj7QfrgwWtt,,Cathy Kubacak,,,,,,
recqHIOykXcWkBlKs,0,1,Sydney Rowland,"[""recFsMRQIqS8lWRWR""]",class_oog,Ici,"[""recCmoVpLN0IM1Tfx""]",1,Jake,recqHIOykXcWkBlKs,"[""recxfeSSIkc6ZVnCZ""]",Jake Endicott,,,,,,
recqOxxtUOYT72PUN,0,1,Stephen Dicarlo,"[""recupQMhsCpx3otEi""]",class_oog,Himalaya,"[""recZwdr1WNsoE1roP""]",1,Kimberley,recqOxxtUOYT72PUN,"[""reco5YOoGE2hQYgsK""]",Kimberley Pickens,,,,,,
recqbxVBgZQBatkFP,0,2,Dawn Hersey,"[""recXocXm551bESpPa""]",class_oog,Childhood Dream,"[""recHwsdhFA15JNAKv"",""recoS14KkrnhCVPtY""]",1,Jackie,recqbxVBgZQBatkFP,"[""rectPDx3d1SOQkKUB""]",Jackie Sawyer,,,,,,
recqkcALf0KGMSP5o,0,1,Lindsay Barrack,"[""recHOVfz50z5VV3gG""]",class_oog,Caans Navy Blues,"[""recJRQhx8aHH6mW4q""]",1,Maddie,recqkcALf0KGMSP5o,"[""recXBVUKO7zxFbwbX""]",Maddie Yarborough,,,,,,
recqsQJCmH0zsgQee,0,1,Kim E. Burnette,"[""recq5CHnS6h3E8w58""]",class_oog,Carli De Sabette,"[""recmByhMYQnxjwoVz""]",1,Vannakay,recqsQJCmH0zsgQee,"[""recxrdRq2KHam1QlL""]",Vannakay Hurnevich,,,,,,
recqv4i5FTWrNGQSF,0,1,Stacey L. Reser,"[""recdxilKHsN0qZ3Fz""]",class_oog,Missy Vd Vosberg,"[""recbSG4mvquviY4nI""]",0,Stacey,recqv4i5FTWrNGQSF,,Stacey L. Reser,,,,,,
recqv8mkyhPNuHHzH,0,1,Lia Screnci,"[""rec0eBWOxYRez99HS""]",class_oog,Clear Advantage,"[""recooivIxvDUGq9un""]",0,Andrea,recqv8mkyhPNuHHzH,,Andrea Hirsch,,,,,,
recr07kSQUFbPxfgq,0,2,Juan M. Bolanos,"[""reciQqSfWbMiP5zxf""]",class_oog,Oakland,"[""rectJ4Kl2U9bg4i6N"",""recgWglFhSMUK66Pk""]",2,Belen,recr07kSQUFbPxfgq,"[""recp6b51kUAbyMUJm"",""recIhMfEjFOm4OBbI""]",Belen Guarderas,,,,,,
recrBFGCYWQJ3r8F0,0,1,Kris Killam,"[""recu6ryZgZnbr8Vbq""]",class_oog,Cicero Hs,"[""reccfkrXWlVOJsDCJ""]",1,Audrey,recrBFGCYWQJ3r8F0,"[""recPkfOIzHbqYJLLy""]",Audrey Muscari,,,,,,
recrFCA3KOnHIR0dX,0,1,Kimberly Nadler-Russo,"[""rec1yq40bnU1koghd""]",class_oog,Lance Van't Roosakker,"[""rec7U6MZ2RuK9M4Ni""]",1,Lola,recrFCA3KOnHIR0dX,"[""rec8dxdOus0dlQQON""]",Lola Reardon,,,,,,
recrHYQZEkbg68kV9,1,2,Alan Korotkin,"[""recFIHTcArQhILyAc""]",class_oog,Curtis 89,"[""recunj24PlGBaPYhL"",""recD3ADwwji0FNRtM""]",2,Josephine,recrHYQZEkbg68kV9,"[""rec8djTKCR8X4DavJ"",""recqPmHb1W2pXL1PF""]",Josephine Demmo,"[""recUPiFxRV5IwTSfo""]","[""recifl2YGh8xWuX9n"",""recN2vhwD1KUrCMSv"",""recDctGZg2fgZ7HXL""]","[""recGCI5hHyLRdjFl5""]","[""recJrnZsZVka7MfbC""]","[""reccMU1QmTRnLdELe""]",true
recrRxrDU3Bbz5Yce,0,1,Mario Garcia,"[""recgLDs1PX5pujyno""]",class_oog,Gossip Girl,"[""recYPkFgga1tlZ3bX""]",0,Kelly,recrRxrDU3Bbz5Yce,,Kelly Saporito,,,,,,
recrV61WHjIJdaJga,0,5,Jelmer Hoekstra,"[""recqI6AanH1zv5CGV""]",class_oog,Delando De St Leger,"[""rec2x3QeQSxKezjPQ"",""recErv7pTR8z8H9yo"",""recKwNe2RY4I0QT0f"",""recN3lMWufee0zhr2"",""recRIudmPRp5zfskQ""]",5,Dorothy,recrV61WHjIJdaJga,"[""receQTRxo3VWVmZvb"",""rectj1icJwe5T3DsL"",""recRJcobFH0FGTx45"",""recAGLH2rzPGwpBsz"",""recNfeoH2LrS54hVE""]",Dorothy Douglas,,,,,,
recrVgVphGg6JJy1k,0,4,Juan A. Rodriguez Silva,"[""reclu4ZfxeCUoDgLA""]",class_oog,Vdl Friedakilly R Z,"[""recBOgKghLw1CwsWm"",""reczFaiEy9Uvkjecl"",""receM8cfoXelxadIa"",""recXm58xwl7RlaWX5""]",4,Ana,recrVgVphGg6JJy1k,"[""recLtTlkSqGBDbkyM"",""recEtrgSLDlku4M8H"",""recJQOMHixtKzkxGz"",""recL79rQFdXMiytEa""]",Ana Sofia Rodriguez,,,,,,
recrf7PgKC15AUlP3,0,1,Morgan Taylor,"[""rec0wCs5ZzmAW8kSL""]",class_oog,Quido,"[""rec8d4baTtu7H8kBN""]",1,Reya,recrf7PgKC15AUlP3,"[""rec2ycsr5WvP5uEld""]",Reya Popat,,,,,,
recrkiIsEe2KF5z4b,0,1,Kaleigh Holroyd,"[""recYHLnLkBMV7NSqx""]",class_oog,Jim,"[""recqYnDZ1ONuBv3OS""]",1,Kaleigh,recrkiIsEe2KF5z4b,"[""recoy0U7Ey6vMbpPP""]",Kaleigh Holroyd,,,,,,
recrnFLPKd1yT29th,0,5,Troy Linback,"[""recuRmh8EsUEag8cU""]",class_oog,Khinula Wb,"[""recFPMUKEJTA0OzQq"",""rechtnG0yLtLq7VwU"",""rec32RCk5pszC9arn"",""recL88Bbs4q2A0mt8"",""recYVyYHDs2ANF8Gk""]",5,Laura,recrnFLPKd1yT29th,"[""recEoFwhtXkzQI3E6"",""recrOYFqsYdfrWENu"",""recsNZqumTeVwS3r6"",""recfrkI5ncUSGzaDn"",""rec54UCrRRaZybrzs""]",Laura Linback,,,,,,
recroSHpES6tulq9z,0,3,Lukene Arenas,"[""recIkAyumy88qaBpt""]",class_oog,Una Beretta,"[""recVghcz9REYH8ST0"",""recJHkuPSZoICp8ZB"",""recjR2N3SPxNow8pS""]",3,Lukene,recroSHpES6tulq9z,"[""recCKsDYIvnhxHHYi"",""recewHW8INK4Tj9yE"",""reclWybHblGXd0Tm1""]",Lukene Arenas,,,,,,
recruAjwKHbVtAngD,0,1,Gianni Gabrielli,"[""recBAzsT29cV74CnZ""]",class_oog,Unstoppable,"[""recB7ZuvjdCfzUk9x""]",1,Brielle,recruAjwKHbVtAngD,"[""recY5sI1UZ86CydL8""]",Brielle Watkins,,,,,,
recrvwnO1g9OSNswQ,0,2,August Torsilieri,"[""recel7Tui1CFiT95R""]",class_oog,Excel Star Fair Play,"[""rectHBnH1Nu3Ww60X"",""recgceKiO39pf6cFr""]",2,Alexandra,recrvwnO1g9OSNswQ,"[""recINCGddD6yZMriD"",""rec1RAmQjCfnJ2wyW""]",Alexandra Hird,,,,,,
recrxStYnnbtC31mN,0,4,Selcuk Koksalan,"[""recuv8jdRvTVv1a9Z""]",class_oog,Montecristo,"[""recspXJh5ZmHvnhFj"",""recaQ8dhzivxw7nNi"",""recdKo4lxtGydm0Wa"",""recwbK8BKyykjODJ7""]",4,Selcuk,recrxStYnnbtC31mN,"[""recPqk1gcpeR3OmWa"",""recVbTvLpQcgnDCW8"",""recJ2N6GUDzAQ66R5"",""recqvsikbAFYAqlpk""]",Selcuk Koksalan,,,,,,
recs2gLHCw8SRWe3a,0,1,Declan Egan,"[""recGOZOt71dcEAmvp""]",class_oog,Fleurescent,"[""recUda8OFNW9JzrXa""]",1,Christine,recs2gLHCw8SRWe3a,"[""receyJ4kFtolZYR1u""]",Christine M. Reilly,,,,,,
recs9meILMT15Y84h,0,1,Jacqueline Steffens Daly,"[""rec3YjZUNtuqDJ0nC""]",class_oog,Wineham,"[""recy0wCuJO1oDY3l0""]",1,Danae,recs9meILMT15Y84h,"[""rec7TuJvn6kKhK8Rb""]",Danae Oliveri,,,,,,
recsO1C4R1X36JbFl,0,3,Conan Conway,"[""recS9EfEO0iZet31e""]",class_oog,It Is West,"[""recSHkoqwTDCG2atQ"",""recjifjHem7ahuGkr"",""recvvgvQ5dYB54Hir""]",3,Rebecca,recsO1C4R1X36JbFl,"[""recxVD0nzlj8GuBu7"",""recPerTCQD2I9qkKg"",""recuSzIZFy4vBG8jp""]",Rebecca Conway,,,,,,
recsOmoDFyGYzdjTp,0,1,Alyssa Amberge,"[""recbHXO4TfreVzAVE""]",class_oog,Kilenka Gl,"[""rec8WmfMN2mlzEC3P""]",1,Alyssa,recsOmoDFyGYzdjTp,"[""recKzDfntCx1MMtAY""]",Alyssa Amberge,,,,,,
recsZWzfb3MPtdoRj,0,1,Ben Taylor,"[""recmTGLWfZLnyH6TK""]",class_oog,Norton Vdl,"[""reckSqNZefX2hmsOE""]",1,Abby,recsZWzfb3MPtdoRj,"[""recvmrYoAgi0HWS1H""]",Abby Grabowski,,,,,,
recsfAA9iVQUzRFfI,0,2,Danielle Platt,"[""recZ3kmzycB7xwLfv""]",class_oog,Excel Star Herald,"[""recq8vnN5j0kLEtlM"",""rectXMsn4mDd9e0d5""]",2,Danielle,recsfAA9iVQUzRFfI,"[""recdWBkutEkpHaYZ3"",""rec8dMmNDSdG203Mw""]",Danielle Platt,,,,,,
recsnjYEp1bn5r3eT,0,2,Kyle Dewar,"[""recVsz59iVCmUI0Nu""]",class_oog,Scenorrado Vd Hunters Z,"[""reca2XVJh3iFLh3PL"",""recyC7ydh4ywKEoD5""]",2,Madison,recsnjYEp1bn5r3eT,"[""recKZtBqdXWSfdJP3"",""recRpw1ZxUCf8j6jG""]",Madison Wayda Smith,,,,,,
recsoGpzF7G0PjVs0,0,1,Raishun Burch,"[""rec5VNiNYnXVAnanj""]",class_oog,Neon Spotlight Z,"[""recSZXzYo2rEIrwR9""]",1,Ameera,recsoGpzF7G0PjVs0,"[""recoiKpT2bIqQtXt6""]",Ameera Chin,,,,,,
recsqboni2em23Dth,0,4,Clark Montgomery,"[""recXxIrcwPWBKHaoC""]",class_oog,Online,"[""recHRYBwO3bICm8zy"",""recDFUDVH3lI7ARxv"",""recEAtZEa8uNj2U9E"",""receNGgJSb6mqPb61""]",4,Clark,recsqboni2em23Dth,"[""recJK0GVhpxF0XD36"",""recKahgfXa7xbeZ1t"",""recOj7oe5IWRqLGu4"",""recSOPFK4Hu983pbP""]",Clark Montgomery,,,,,,
rect03lMQpTFAs8ti,0,1,Patrick R. Wilcher,"[""recU1AQcmSYuCkBtn""]",class_oog,Psj Hana 6,"[""recdRWGWP6pPjT9Vv""]",2,Elin,rect03lMQpTFAs8ti,"[""recJ4NWtwjlgWB5Zp"",""recNKgqZa5hxOLbfq""]",Elin Mossberg,,,,,,
rect52uOzyzLMjX4S,0,1,Spencer Brittan,"[""recqByBk0EpjI9rLn""]",class_oog,Fc Sensational,"[""reczPLJAzsLXLKSjW""]",1,Bianca,rect52uOzyzLMjX4S,"[""recfOfSlCckrsYl0H""]",Bianca Renard Roth,,,,,,
rectBTk6pw8bsCI9z,0,1,Gianni Gabrielli,"[""recBAzsT29cV74CnZ""]",class_oog,Charme Z,"[""rec4o1gsPCeD8j1G5""]",1,Elizabeth,rectBTk6pw8bsCI9z,"[""recNx8OaYNInxl0xh""]",Elizabeth Epstein,,,,,,
rectCb1wW269hD03a,0,1,Maisie Wagner,"[""recWddmd29X3mTMwN""]",class_oog,Changes In Latitude,"[""recUOPrPt8hqx9T2P""]",1,Clara,rectCb1wW269hD03a,"[""rec07FCmE0osOA0Z0""]",Clara Sipple,,,,,,
rectHI2mQe5r1di42,0,1,Kimberly Nadler-Russo,"[""rec1yq40bnU1koghd""]",class_oog,Icandy,"[""recgUbzjjuWYQbHed""]",0,Sophia,rectHI2mQe5r1di42,,Sophia Myers,,,,,,
rectJZmU38sTYCk2K,0,1,Camille Maynard,"[""receCZCsNdOQDE9z9""]",class_oog,Billy Snowdonia,"[""recmAyvq0naXRkh8r""]",0,Gabriella,rectJZmU38sTYCk2K,,Gabriella Rivera,,,,,,
rectLFrMEjn7PuMvr,0,1,Katie Moniz Floyd,"[""recPMskDVL2pcUFPb""]",class_oog,Kalipso,"[""reciDl1LwDLLI8xUE""]",1,Katie,rectLFrMEjn7PuMvr,"[""recb9c821crhAUlDV""]",Katie Moniz Floyd,,,,,,
rectP0g6k2KgWDlqi,0,1,Juan Benítez,"[""reccVab1jS62QQ5la""]",class_oog,Cobalou 3,"[""recAkwy9NCpBgDMK8""]",1,Stephanie,rectP0g6k2KgWDlqi,"[""recHCgUvTLCR9Vd64""]",Stephanie Ezzo,,,,,,
rectQMRKMJcOriLlq,0,1,Juan A. Rodriguez Silva,"[""reclu4ZfxeCUoDgLA""]",class_oog,Harmonie,"[""recVImaiqCuKmMvlj""]",1,Tiffany,rectQMRKMJcOriLlq,"[""rectDIaOKW17DJty7""]",Tiffany Townson,,,,,,
recteKVeDnmWYvJOn,0,1,Laura Gaither,"[""rec0OHl8PfuMKFsyt""]",class_oog,Geisha D'agenais,"[""recZUPNBMf7ebTNd4""]",0,Andie,recteKVeDnmWYvJOn,,Andie Ulrich,,,,,,
rectjEJjeGHseZX7L,0,2,Jelmer Hoekstra,"[""recqI6AanH1zv5CGV""]",class_oog,Lady Castle,"[""rectwJW7XizJzICCx"",""recSuGiwpmYEjdjVJ""]",2,Emma,rectjEJjeGHseZX7L,"[""recO1lIzShqVic8Dq"",""reclctOBnLLxmyn46""]",Emma Brody,,,,,,
rectkaEQRoM6ggO0b,0,1,Jessica Cross,"[""recUpaBE2IKFd0lXw""]",class_oog,Naton Wi Ro Z,"[""recBmww7UNikgcKTQ""]",0,Jessica,rectkaEQRoM6ggO0b,,Jessica Cross,,,,,,
rectmEwV3h7WWAyp8,0,1,Bibby F. Hill,"[""rechIeLAeG0AY6zFc""]",class_oog,Crown,"[""rec6WumYeeHe2GHQM""]",1,Sofia,rectmEwV3h7WWAyp8,"[""rec4xJM8MrD8yzusL""]",Sofia Fayad,,,,,,
rectoBj1C2z2vZ4HO,0,2,Michael J. Mccormick,"[""recNsOB5RbtRbnQ37""]",class_oog,Mtm Drop The Mic,"[""rec1EOByWSknpJYZS"",""recbURFrtTX0bnncK""]",0,Michael,rectoBj1C2z2vZ4HO,,Michael J. Mccormick,,,,,,
rectqhcQlWXJdiaxl,0,1,Antonio J. Martinez,"[""recoIakTck18pHikM""]",class_oog,Vaillant Fz Rwb,"[""recs9DSv3Tk1IG7fM""]",1,Katherine,rectqhcQlWXJdiaxl,"[""recLruOIbdzzznMUu""]",Katherine Brinkmann,,,,,,
recttOL5rZHf8hkjV,0,1,Jennifer Strickland,"[""rechnMyqDMI94XcqU""]",class_oog.php,Relevé,"[""reciOoxxjbSENoZqK""]",1,Katelyn,recttOL5rZHf8hkjV,"[""recYJFZqSSjmkiNKU""]",Katelyn Martin,,,,,,
rectvNxnKQSB98E47,0,1,Stephen Dicarlo,"[""recupQMhsCpx3otEi""]",class_oog,Verdi,"[""recjiqR65uJS9vQeJ""]",1,Scarlett,rectvNxnKQSB98E47,"[""recjrSjFsAkrG0f5H""]",Scarlett Yana,,,,,,
rectxPJhIjLqzZXeE,0,1,Benjamin J. Meredith,"[""reccRPUdMRZMCiJuf""]",class_oog,Splendid,"[""recjFOM7ncwsETAOi""]",1,Mila,rectxPJhIjLqzZXeE,"[""recTnAc0xDieqSDlZ""]",Mila Meredith,,,,,,
recu08MrN0g4FlTr5,0,1,Daniela Roy,"[""rec2F4zRJZGDzG0M2""]",class_oog,Izitop Aaa,"[""recwnV4YzCQeFpteN""]",1,Mia,recu08MrN0g4FlTr5,"[""recpF7BQH9k4kO7Cg""]",Mia Baez,,,,,,
recu4LT4UbFIY5xsX,0,1,Shannon Y. Clifford,"[""recUlyG8wMwlKopQw""]",class_oog,Hpf Melania,"[""recQmtI5ZsAOeLXtp""]",1,Francisco,recu4LT4UbFIY5xsX,"[""recg1bdKplpiMn6CM""]",Francisco Vaca,,,,,,
recuB93tp86huMHOF,0,4,Brittni A. Raflowitz,"[""recU3IaijfKlg4V10""]",class_oog,Kankan,"[""recNTIir4T2KGDC39"",""rec8PeVMdZkMCMLS5"",""recq7zGeSM734iPDV"",""recXG32TVrmw8DGO0""]",4,Brittni,recuB93tp86huMHOF,"[""recbyeHnj0OT9sByX"",""rec50DCvX5MF21Jf5"",""recrBjQEKkSDgWttF"",""recpfvulZdiy5IQvn""]",Brittni A. Raflowitz,,,,,,
recuCjfT3Zi0PZ7TV,0,1,Jenny Miller,"[""recUyPOPB2XxAGJpk""]",class_oog,Fpf First Edition,"[""rec71PSXk9xhzorfN""]",2,Jenny,recuCjfT3Zi0PZ7TV,"[""recaDBKCxqYv7GOz2"",""recGKqV4V8wQLmIO4""]",Jenny Miller,,,,,,
recuHd7x3ghIfNhky,0,3,Sydney Rowland,"[""recFsMRQIqS8lWRWR""]",class_oog,Greta De La Dinais,"[""recFAVetiObiBXgqy"",""recsZhLDABzLyVMKg"",""recJmFTzxdJjOLIDx""]",3,Erynn,recuHd7x3ghIfNhky,"[""recAf5xbq5TLnFkW9"",""recB0RNekTiukvqCp"",""recTQQUiSBgycx0XQ""]",Erynn L. Ballard,,,,,,
recuLEaHKZQRPR6B6,0,3,Katey Grau,"[""recWymhFUK9NTB49o""]",class_oog,Ascott,"[""recXMgU3zzkFu9BYa"",""rectvnMKMZPUabxbK"",""reczZkZRSnTcHpeqf""]",3,Currie,recuLEaHKZQRPR6B6,"[""recrU2ek0zMbrnuce"",""recVhSxn2uPUOlIcp"",""recmjA8gjfJK5IuQR""]",Currie Cooper,,,,,,
recuOmyiBbHhkiEJK,0,1,Juan A. Rodriguez Silva,"[""reclu4ZfxeCUoDgLA""]",class_oog,Seattle,"[""recvLuCl2DAoUGBYI""]",1,Ana,recuOmyiBbHhkiEJK,"[""recIXCj7zFo3EnV4p""]",Ana Sofia Perez,,,,,,
recuRfqCXumIZugTG,0,1,Rebecca Warth,"[""rec456G3R5wbsgOk8""]",class_oog,Cento Forever,"[""rec0C9LNIc1wwIMtL""]",1,Pamela,recuRfqCXumIZugTG,"[""recxloaG3vDKK6KgS""]",Pamela Mattel,,,,,,
recuXMRmQaiViYiGM,0,1,Elizabeth D. Blaisdell,"[""recYw9kALEWzAkVln""]",class_oog,San Cristobal,"[""reccptd0LAteUiUok""]",1,Ella,recuXMRmQaiViYiGM,"[""recOlVHFYzhGze1e4""]",Ella Jane Blaisdell,,,,,,
recudKxq4aIcwHDSV,0,1,Carlos Aguirre,"[""rec1FgPVFDZY2PmXP""]",class_oog,Caltitza,"[""rechpvf5DyOyKP52h""]",1,Francisco,recudKxq4aIcwHDSV,"[""rectDB55uRU4HAI9U""]",Francisco E. Toro,,,,,,
recukBaoFzRGru2uh,0,1,Alison Jones,"[""reccPpBL4rQYdBMJP""]",class_oog,Going For Broke,"[""reczfZP6RVJ109fPM""]",1,Emma,recukBaoFzRGru2uh,"[""recmPbUNYeendKqzd""]",Emma Parker,,,,,,
reculOoDct2P25DGc,0,3,Kelsey Duffy,"[""recJe0LFDSWmZkYs4""]",class_oog,London Boy,"[""recW3Pxwyy8BD3Zx8"",""recMUmnQNuijsAcR7"",""recjitrbF6SGS36R7""]",2,Audrey,reculOoDct2P25DGc,"[""recRproOFAZVL30I8"",""recVIe471MSnlYhTy""]",Audrey Haywood,,,,,,
recumIAMi7sP2aloJ,0,1,Katie Rudnick,"[""rec6npIsj2ldcOqWZ""]",class_oog,Never Ending Story,"[""recXxxSduyhYIdVk7""]",0,Tzofi,recumIAMi7sP2aloJ,,Tzofi Horner Brown,,,,,,
recusKsOvT8TWWQd6,0,1,Daniel Michan,"[""receaA0lDaK9CffNz""]",class_oog,Cozumel,"[""recg41TYGjWFbfHel""]",1,Hailey,recusKsOvT8TWWQd6,"[""reckKVHNZ1Ip1GNg7""]",Hailey Royce,,,,,,
recusXJB2e7ym5WkL,0,1,Daniela Roy,"[""rec2F4zRJZGDzG0M2""]",class_oog,Cajou Mm,"[""recBU3FB99fptTovp""]",1,Gabriela,recusXJB2e7ym5WkL,"[""rec15E164n3x0AA8E""]",Gabriela Mccloskey,,,,,,
recuuXZuhtdqgphBs,0,3,Darragh Kerins,"[""recOdyCszUe4VTxPo""]",class_oog,Colbert Q,"[""rec0eYyxy9JljHkqO"",""recYURLSHbLWax0Uw"",""recybeuQqxLpdwgyc""]",3,Sarah,recuuXZuhtdqgphBs,"[""rechTSL0KCt5yYk7Z"",""recugWgvDfNb66AlQ"",""recL5WOVEUlD6bwan""]",Sarah Kerins,,,,,,
recuwXlsiu8fGpzYP,0,1,Madison Daughdrill,"[""recQXTpW29gQ8CQhu""]",class_oog,Under The Sea,"[""recznac4jn7lvQvlR""]",1,Kennedy,recuwXlsiu8fGpzYP,"[""recE3kUkNcZeNsPCh""]",Kennedy Miller,,,,,,
recuyfo3nv68HVefs,0,6,Heather Dayner,"[""rectbL4oLPTwFxdNp""]",class_oog,Quick Moon,"[""recO21RxslYAowmYX"",""rec2vOhNZaYaDdTNa"",""recQokOYTH4zuZbGa"",""reclZjisJ7k5Vw6w6"",""recbGbnNN0aVytpdY"",""rec2NxJKUDKEnYhiR""]",5,Evana,recuyfo3nv68HVefs,"[""recWOHzb2SxrbXnLA"",""recmVUp383DmNilwm"",""recK4fk5IS1EPZ4z1"",""recFn1mUqnRymx1oy"",""recKvJQ41PmPPNBFi""]",Evana Somareddy,,,,,,
recv2Qp5YXU9QbViB,0,1,Heather Dayner,"[""rectbL4oLPTwFxdNp""]",class_oog,Mystery Man,"[""recfjvpOEk2sDZL0u""]",1,Schuyler,recv2Qp5YXU9QbViB,"[""recEI0YkmBLtGklD6""]",Schuyler Dayner,,,,,,
recvD6KL2dqqPvN0v,0,4,Justine L. Dutton Barnard,"[""recU7zogAuLVNKIfQ""]",class_oog,Rhubarb And Custard Os,"[""reczCi2jQ4o9sXJkG"",""recnOAwFVoDeQUamZ"",""rec82ZXx3k3BZs95n"",""recLXYgdhRzs0rEdm""]",4,Justine,recvD6KL2dqqPvN0v,"[""recFErNmkCCvUfXDw"",""recnjnyY9UT59zeAn"",""recdM6wDRahirh7oO"",""recj76r3HlyuTM8ji""]",Justine L. Dutton Barnard,,,,,,
recvDuOEe724R4dAX,0,1,Pablo J. Barrios,"[""recotkhuiB65Mp1KD""]",class_oog,Clyde Va,"[""recr27W5RANfUWlAm""]",1,Maggie,recvDuOEe724R4dAX,"[""recYXTtfrpAJ3Nvvm""]",Maggie Jacobs,,,,,,
recvGTTxZSbHtC8Ym,0,3,Vicente Guillen,"[""recCbBJMoJvofncZW""]",class_oog,Evolene De Carles,"[""recGcKkdCOho6Pt6R"",""recC3oy4u30kAUXpX"",""rec740v4uyei3qRrI""]",3,Vicente,recvGTTxZSbHtC8Ym,"[""rec01fcLz3gBaOuCk"",""recul9Pr69tRlOjOC"",""reccyRIzHp9ugs8vK""]",Vicente Guillen,,,,,,
recvPEe5AM3OgbEpI,0,2,Jennifer Tate,"[""recvbfeJr2qBsQo29""]",class_oog,Debonair,"[""recJA2F2U0w9TUwpo"",""rec2JkZ4Yg119HiD5""]",2,Jennifer,recvPEe5AM3OgbEpI,"[""recwcHiK4uHqobZog"",""rectiPuYi4cnJuWhY""]",Jennifer Tate,,,,,,
recvPk4behpKl5tTy,0,1,Robert Mendoza,"[""recc7BtlSMC456iwd""]",class_oog,Quintana Viii,"[""recmCVxgUCTwD9Znb""]",1,Jessica,recvPk4behpKl5tTy,"[""recnbrWUy8MyJer3G""]",Jessica L. Roth Thomas,,,,,,
recvQT9BbjlLzBWkJ,0,1,Madison Daughdrill,"[""recQXTpW29gQ8CQhu""]",class_oog,Blue Magic,"[""reccwK3wNlr8Gr3b5""]",1,Anslee,recvQT9BbjlLzBWkJ,"[""recbN9hcuwyHaXSOt""]",Anslee Bell,,,,,,
recvZYIJFRTfwCpkw,0,3,Juan M. Bolanos,"[""reciQqSfWbMiP5zxf""]",class_oog,Fraxinus Des Coeuries,"[""rec6u2I3D3MMwwvpg"",""rec6sdc0Zpp1zj6Gy"",""recwBrV6oveu4Br6E""]",3,Juan,recvZYIJFRTfwCpkw,"[""rectB3iiD9s1xf55m"",""recgEoMjHrZ4zO91e"",""rec4pOaYgAZalZMzo""]",Juan J. Bancalari,,,,,,
recvmzNpRJ5NWadPh,0,1,Kelsey Duffy,"[""recJe0LFDSWmZkYs4""]",class_oog,Wrenwood Blue Dream,"[""rechslNRnxcpCkLaB""]",0,Robert,recvmzNpRJ5NWadPh,,Robert Levendorf,,,,,,
recvrmp3sgOmigpg4,0,2,Darragh Kerins,"[""recOdyCszUe4VTxPo""]",class_oog,Carlina,"[""rec9hBrpaI6DR0pVH"",""recV5aEPG4wisxE3B""]",2,Nadine,recvrmp3sgOmigpg4,"[""receAni6UqAZEBEMR"",""recF2g68sPDG6VP8g""]",Nadine Beck,,,,,,
recvvZ2Rt9VyNxKue,0,1,Elizabeth Solomon,"[""recjs9szuz6Ll0w50""]",class_oog,Comme II Reality,"[""rec0K4kCMgbTICRTE""]",1,Elizabeth,recvvZ2Rt9VyNxKue,"[""recn1unfGymTEIZEv""]",Elizabeth Solomon,,,,,,
recvwXGNJIXVgfeMV,0,1,Juan A. Rodriguez Silva,"[""reclu4ZfxeCUoDgLA""]",class_oog,Business Concept Z,"[""reco6BRjrhRfYu7XT""]",1,Catalina,recvwXGNJIXVgfeMV,"[""recDrDugMSrjj5r70""]",Catalina Arzu,,,,,,
recvxuvEt674Zkc3J,0,1,Bryce P. Richardson,"[""rectIwXBJfkrEAaOG""]",class_oog,Smooth Sailing,"[""recK8Cx4IgRHsFiPG""]",1,Claire,recvxuvEt674Zkc3J,"[""rec0oK3MXB6M3HAF2""]",Claire Arnold,,,,,,
recvzY7VV91XCa5aH,0,1,Wendy J. Hechler,"[""rec1I0IvFKaYQa6K4""]",class_oog,Sweeter Than Fiction,"[""recZN8KskZlEeRp96""]",1,Addy,recvzY7VV91XCa5aH,"[""recG4NPYs6LUAyjtd""]",Addy Dewalt,,,,,,
recw0WGQE7cSRXkqe,0,2,Todd D. Minikus,"[""rec17fXVv4zXio64e""]",class_oog,Edita,"[""recUhB6bLHbrbMKIF"",""recIOsp7jhIlRPGDe""]",2,Katie,recw0WGQE7cSRXkqe,"[""recJXyicG8Vx1pmCH"",""recwxhnQFuwUfaehT""]",Katie M. Savarise,,,,,,
recw1RkTLz6AB4VfY,0,2,Priscilla Broger,"[""rec4DXi4PILWoXlnx""]",class_oog,Icare Chavannais,"[""recfOl7ZkyUoojeeo"",""recdO9dtC5jzQT3w6""]",2,Priscilla,recw1RkTLz6AB4VfY,"[""rec7IRQCJhcQjYSyL"",""rec5BCZ11djG4ijhg""]",Priscilla Broger,,,,,,
recw1lC5ChTZacpJT,0,1,Matthias Hollberg,"[""rec1WjmrNr6i9f42W""]",class_oog,Douglas,"[""recK2MOfvbDLsYgF3""]",1,Adina,recw1lC5ChTZacpJT,"[""recTjZf2U9rwRh5lj""]",Adina Gesthalter,,,,,,
recwAwQ18eeOC9QU4,0,1,Stephanie Free,"[""recBVRfeR9i4COiwE""]",class_oog.php,Phantom,"[""recFiayID2d01JkEQ""]",1,Adelyn,recwAwQ18eeOC9QU4,"[""rec3YkBAt3T7g2M9W""]",Adelyn Miller,,,,,,
recwXqtaxLJy9JnT1,0,1,George J. Bessette,"[""recXKfhF5qV7KjRHI""]",class_oog,Center Stage,"[""recBeIt2QJKxKBR0i""]",2,Kirsten,recwXqtaxLJy9JnT1,"[""recw15cQ3GOGZLo0a"",""recXz6aFV8UtHxxo5""]",Kirsten L. Malacarne,,,,,,
recwapWJfltFf6kxX,0,1,Sydney Rowland,"[""recFsMRQIqS8lWRWR""]",class_oog,Sanella 6,"[""reclysmJt9Jf6DU7r""]",1,Mary,recwapWJfltFf6kxX,"[""recCn1vBgRO4HmWDo""]",Mary Frances Looke,,,,,,
recweHlv4BRsQoksS,0,1,Mario Garcia,"[""recgLDs1PX5pujyno""]",class_oog,Odaya,"[""recXgFBKZ5FRbXDxP""]",1,Anna,recweHlv4BRsQoksS,"[""rec07T9tJS4DHWlU0""]",Anna Mazor-Allhusen,,,,,,
recwg7qokrsfkrqNT,0,2,Juan A. Rodriguez Silva,"[""reclu4ZfxeCUoDgLA""]",class_oog,Katja,"[""rec0wH9QT0spAYWK9"",""rectXKZJ2uS9ebTXx""]",2,Natalia,recwg7qokrsfkrqNT,"[""rec3AjH1MdATg46Lv"",""recgMKpUgxDJ06pWU""]",Natalia Perez,,,,,,
recwj9P1QCrZn1Tfd,0,2,Rob Billings,"[""recHNjiHOpvxP5N0r""]",class_oog,Steely Dan,"[""recSbt4OEcCbJFJu6"",""recZMNkH63rp0M1zp""]",2,Kendall,recwj9P1QCrZn1Tfd,"[""recKsME2eoH8BD2JB"",""recrrANhwcT5xhNy7""]",Kendall Crowell,,,,,,
recwnV5ZrH6yg5bA2,0,2,Kimberly Nadler-Russo,"[""rec1yq40bnU1koghd""]",class_oog,Fletcher W,"[""recp0oZhraItqrQzg"",""recteSUNrBahQGXUw""]",1,Shelby,recwnV5ZrH6yg5bA2,"[""rechgoOSG1jAOreGN""]",Shelby Romp,,,,,,
recxDhjsFLj5GbY1X,0,2,Lynn M. Reed,"[""recVgcYuvsyU3zc15""]",class_oog,Frf Marquis,"[""recVr4mlVg0qg99Mq"",""recw36gcBqoExUts8""]",2,Lynn,recxDhjsFLj5GbY1X,"[""recaWvN0eKTl3rKul"",""recTI0WpyrK2n4Kj9""]",Lynn M. Reed,,,,,,
recxHoEIFUSL0yeKt,0,2,Thea N. Stinnett,"[""recfWYHJT3O9VG1TG""]",class_oog,Storiall Blue,"[""recIBWWm8xC3UjODO"",""recWiHSj6xkgVGl1t""]",2,Stella,recxHoEIFUSL0yeKt,"[""reckxC9woEmMfLJsu"",""rec54726T3NJ6SoIz""]",Stella Stinnett,,,,,,
recxILKo5fImj0Xlg,0,1,Daniela Roy,"[""rec2F4zRJZGDzG0M2""]",class_oog,Interkalen V.d.o,"[""recaqAahuWUuGII4P""]",1,Camila,recxILKo5fImj0Xlg,"[""recg2q8fBl6zY3Mak""]",Camila Inestroza,,,,,,
recxLjC7HUMdCYgIG,0,1,Carlos Aguirre,"[""rec1FgPVFDZY2PmXP""]",class_oog,Jet Setter,"[""recdoTrdHp6vzz5uX""]",1,Jana,recxLjC7HUMdCYgIG,"[""recbjLwlo9lhPfYJN""]",Jana Schwartzberg,,,,,,
recxNEqG5Syb1Sa3u,0,1,Todd D. Minikus,"[""rec17fXVv4zXio64e""]",class_oog,Chacoons Bellis Z,"[""recPO35JA7d1y6oYZ""]",1,Todd,recxNEqG5Syb1Sa3u,"[""recNSanExf7hcOBoM""]",Todd D. Minikus,,,,,,
recxXib2W6xrD6opu,0,1,Addison Benio,"[""recwGTdczW4oDNNIS""]",class_oog,Beast Mode,"[""recbJNJzpCeFabem3""]",1,Addison,recxXib2W6xrD6opu,"[""rec5OBdFACbnwaG76""]",Addison Benio,,,,,,
recxZJzN67B3dP2k5,0,1,Rob Billings,"[""recHNjiHOpvxP5N0r""]",class_oog,Jolita,"[""reczIdfmLplrXpAaG""]",1,Grace,recxZJzN67B3dP2k5,"[""recAj54jGkp8UD0u9""]",Grace Everhart,,,,,,
recxatpI8UXNwRwnp,0,2,Jake Evans,"[""recSXiCPwDmQ76cuQ""]",class_oog,Kandoo Pj,"[""recej7833yHmLYG1d"",""recMCnJ5J4qhgZ3iq""]",2,Maurah,recxatpI8UXNwRwnp,"[""recx5V5UYxIPodNVd"",""reclHZtWCBDKaidMf""]",Maurah Burkholder,,,,,,
recxclfcUZPGKeFde,0,1,Daniela Roy,"[""rec2F4zRJZGDzG0M2""]",class_oog,Out Of The Blue,"[""reclEAQfewD0vwoWG""]",0,Alma,recxclfcUZPGKeFde,,Alma Bettant,,,,,,
recxdi1hJSSi7n9QQ,0,1,Marissa Creviston,"[""recUr6Fi772oNLJ5v""]",class_oog,Follow Me,"[""recUQ7hl3dhqBAlIH""]",0,Lindsey,recxdi1hJSSi7n9QQ,,Lindsey Mohr,,,,,,
recxgbLwO4GonAr53,0,1,Sydney Rowland,"[""recFsMRQIqS8lWRWR""]",class_oog,Gucci,"[""rec75vZjBWwbTd4Gl""]",1,Della,recxgbLwO4GonAr53,"[""recQ8smWGjQ46Uxma""]",Della White,,,,,,
recxoNeIVLQ2TXQhe,0,1,Sarah Gordon,"[""recvco5SyVPeCmXTR""]",class_oog,Uphoria Di June,"[""recod3qQD5KoBkjTK""]",1,Sarah,recxoNeIVLQ2TXQhe,"[""recMGucKzTW2VvRV4""]",Sarah Gordon,,,,,,
recxq3x3oKp3xoKiz,0,2,Juan A. Rodriguez Silva,"[""reclu4ZfxeCUoDgLA""]",class_oog,Balou De Revel,"[""rechgSYQRQw5Od3P3"",""recgGHyIM6AGlx7iG""]",2,Emilio,recxq3x3oKp3xoKiz,"[""recn8FQD4z3GHLeRo"",""recbgWWvdLtzPxRIW""]",Emilio Medina,,,,,,
recxzzbGbfXwvPmbw,0,6,Ryan Michael Genn,"[""rec1uM1UghdnlA4Hq""]",class_oog,Venezia D'austral Z,"[""recVN874Q98zEWIta"",""rec3hjxkKORztNcvG"",""rec6hlLugT5cf84pr"",""recMAuWjmb6Ae7iB7"",""recdwSoPWFOXJFw5k"",""rec8MV3OeY9y3RdK0""]",6,Ryan,recxzzbGbfXwvPmbw,"[""recjoa5HxFvEF8f0H"",""recQgzW00V8UL9jDG"",""recP6lQmxUMAGVJMs"",""recbMUxRpLNLEqBal"",""rec4sYbf6VrE4Gdck"",""recIH6NTGqFpovgsh""]",Ryan Michael Genn,,,,,,
recyB7G0HT109oTGz,0,2,Declan Egan,"[""recGOZOt71dcEAmvp""]",class_oog,Onetta Vd Fruitkorf Z,"[""rec8FJLMG4nFMBNat"",""rec2LDi1Up6xCZpSR""]",2,Bailey,recyB7G0HT109oTGz,"[""rec5pU13zfWM743CN"",""rec2SnUDTF5XK7afR""]",Bailey P. Tims-Ferira,,,,,,
recyCRNKIwxuHWSZm,0,1,Maisie Wagner,"[""recWddmd29X3mTMwN""]",class_oog,Unbridled Bond,"[""recJ4kIXPcFhtNdIq""]",1,Ainsley,recyCRNKIwxuHWSZm,"[""recEffmo1q5bLQKId""]",Ainsley Colvin,,,,,,
recyChuS0cEcXAyR5,0,1,Kathleen A. Rice,"[""recCKrp47ssN1kRIV""]",class_oog,Much Adoo,"[""recH0S0gOoOCWUKnP""]",0,Kathleen,recyChuS0cEcXAyR5,,Kathleen A. Rice,,,,,,
recyG2L0F5ju9AGky,0,1,Lauren Schweppe,"[""recWb8kIRsV2w5Zj9""]",class_oog,Rio Mccoy,"[""recSIVm9mzXtZVo8Z""]",1,Brittany,recyG2L0F5ju9AGky,"[""recqrDljxlnEyCaVN""]",Brittany Doughty,,,,,,
recyGVYLmZDyh1vIT,0,1,Anne L. Bingler,"[""rec3S9KikkQrKgX8L""]",class_oog,Glamour Van De Kakebeek,"[""recg2Sv2ezJQLIeI7""]",1,Annalise,recyGVYLmZDyh1vIT,"[""recCke5DtPAUI7Pty""]",Annalise Kapsokavathis,,,,,,
recyJaFvQ2RYfJpTw,0,1,Emily Plante,"[""recXVR08ixMVy2UwY""]",class_oog,Techon Master Bronze,"[""recX6BoezsTX78euf""]",1,Jolene,recyJaFvQ2RYfJpTw,"[""recjfkDHSe8wbBSCq""]",Jolene Plante,,,,,,
recyQ8PVWq12G0typ,0,1,Juan E. Hidalgo,"[""recWm4nXbUtPYpLCL""]",class_oog.php,Emyr De Launay,"[""rect9cXUJgK0Ixi8C""]",1,Mauricio,recyQ8PVWq12G0typ,"[""reccmBs7OIEJDnVJB""]",Mauricio Gruener,,,,,,
recyZ1h5oigC6Gysp,0,1,Heather Froehlich Cortell,"[""recYYSG3rW61gLanZ""]",class_oog,Delisa Gp,"[""recHgVNnMbV0sNKWs""]",0,Elaina,recyZ1h5oigC6Gysp,,Elaina Davis,,,,,,
recyZIUbNSKQsUStt,0,2,August Torsilieri,"[""recel7Tui1CFiT95R""]",class_oog,A La Quattro S,"[""recjDiaacloQEn7xH"",""rec1kBWgR4afctQ7V""]",2,Vivian,recyZIUbNSKQsUStt,"[""rec3W1m1CRMqKtOku"",""recSza5wPNL92sOLn""]",Vivian Heyer,,,,,,
recyd1akfUaUasyyP,0,1,Christine Davis,"[""recARZMqQrFq9nlEp""]",class_oog,Haymar's Scho Me Dragons,"[""recFcNzxzXWQQkMgX""]",0,Ella,recyd1akfUaUasyyP,,Ella Davis,,,,,,
recyeNVotnVgNhjjo,0,1,Dawn Hersey,"[""recXocXm551bESpPa""]",class_oog,Roncevert,"[""recCxBXhiqmeolR7k""]",0,Lila,recyeNVotnVgNhjjo,,Lila Isaac,,,,,,
recygw9bvT3ZSiJEC,0,1,Stephen Dicarlo,"[""recupQMhsCpx3otEi""]",class_oog,Herlich,"[""recZqQU2PI0V6OJrt""]",1,Kennedy,recygw9bvT3ZSiJEC,"[""recCWzEeFLRL2YGDr""]",Kennedy Callis,,,,,,
recyyfu2HOLFiJ5za,0,1,Jenny Miller,"[""recUyPOPB2XxAGJpk""]",class_oog,Going Global,"[""recgDxmw0ekKbzKcA""]",0,Lindsay,recyyfu2HOLFiJ5za,,Lindsay Meyer,,,,,,
recz2I8wN6TVGLg4t,0,1,Derek Van Der Burgh,"[""recw2AcufXB3OnYyW""]",class_oog,Argento 2,"[""recvCoKhuuJgXRxT5""]",1,Aubrey,recz2I8wN6TVGLg4t,"[""recYeQd4oCVSWM9nf""]",Aubrey Frank,,,,,,
recz2JaMEL3nVN0Tv,0,1,Sydney Rowland,"[""recFsMRQIqS8lWRWR""]",class_oog,Ganesh Des Till,"[""recFoVE0gTs7NyOHL""]",1,Sofia,recz2JaMEL3nVN0Tv,"[""recl9BBW73Kxkrm33""]",Sofia Popescu,,,,,,
reczCzo5iiSfHV7ul,0,1,Andras Szieberth,"[""recIKurBKhyE9TxmA""]",class_oog,Gabriella T,"[""recPSF3nOcnXpjVjX""]",1,Mary,reczCzo5iiSfHV7ul,"[""recOy3ctcaxKys2cW""]",Mary Collier Pope,,,,,,
reczNEv98kgm9cPGM,0,1,Scott Diffey,"[""recNr3QsitBPL9Xil""]",class_oog,Crush,"[""recghA3yX8fyJbiX3""]",1,Scott,reczNEv98kgm9cPGM,"[""recCcWOumf0LuMidU""]",Scott Diffey,,,,,,
reczNxdkVce2RRYW0,0,1,Mario Garcia,"[""recgLDs1PX5pujyno""]",class_oog,Gossip Girl,"[""recYPkFgga1tlZ3bX""]",1,Hannah,reczNxdkVce2RRYW0,"[""rece95JcAhAVDDtRR""]",Hannah Morejon,,,,,,
reczVFHP2jM0E4cX6,1,1,Alan Korotkin,"[""recFIHTcArQhILyAc""]",class_oog,Fanfan Boy,"[""recwctlw2A47WeG8P""]",0,Josselyn,reczVFHP2jM0E4cX6,,Josselyn Mersereau,"[""recwNqmrIvUEVqqjC""]",,"[""recR7m2NMOlFhhVdI""]","[""recYQctImqCLyRKhH""]",,
reczXM3prGmBnwRWV,0,2,Meghan Green,"[""recY4IG5M0Ub1eRP6""]",class_oog,Perry Girl,"[""rec7wlOHrfCBS7FPW"",""recOaoxVxEUEpUogh""]",2,Frederica,reczXM3prGmBnwRWV,"[""rechSSLCfmY0qzoCf"",""recfTISFDwyJLZnkA""]",Frederica Alcalay,,,,,,
reczaezaIlujYbict,0,1,Juan M. Bolanos,"[""reciQqSfWbMiP5zxf""]",class_oog,Comeback De La Manade,"[""recL9s2dmd5f6zb7Z""]",1,Graciela,reczaezaIlujYbict,"[""recRUZRcJvzoor1Iu""]",Graciela Bolanos,,,,,,
reczdYNCGFEUyxVMl,0,2,Matt Martin,"[""recRnYU8EgCMCN4Tl""]",class_oog,Ibalia,"[""rec2WJAkQ2lK9xu1t"",""recSjDS9eaqyUZlj9""]",2,Debbie,reczdYNCGFEUyxVMl,"[""recysJxjwgm0Tj0rd"",""rechZbNQ92TC1QapY""]",Debbie Smith,,,,,,
reczfPsdP8FSWYkKZ,0,1,Megan Wexler,"[""recbDjphoL8qMtSeW""]",class_oog,Gof Perle D'amour,"[""recVPnWO7QarhJfpu""]",1,Allison,reczfPsdP8FSWYkKZ,"[""recCwmz5hAOJ9DEol""]",Allison Donahue,,,,,,
reczxBmF34jQEchbp,0,1,Lindsay Barrack,"[""recHOVfz50z5VV3gG""]",class_oog,Getthe Muny Bernie,"[""recJTZoUeteSbNHJv""]",1,Carrie,reczxBmF34jQEchbp,"[""rec6u2HTz330ZyOm3""]",Carrie Riddle,,,,,,
